<?xml version="1.0" encoding="utf-8"?>
<COLLADA xmlns="http://www.collada.org/2005/11/COLLADASchema" version="1.4.1">
  <asset>
    <contributor>
      <author>Blender User</author>
      <authoring_tool>Blender 2.79.0</authoring_tool>
    </contributor>
    <created>2021-01-10T22:49:01</created>
    <modified>2021-01-10T22:49:01</modified>
    <unit name="meter" meter="1"/>
    <up_axis>Z_UP</up_axis>
  </asset>
  <library_cameras>
    <camera id="Camera-camera" name="Camera">
      <optics>
        <technique_common>
          <perspective>
            <xfov sid="xfov">49.13434</xfov>
            <aspect_ratio>1.777778</aspect_ratio>
            <znear sid="znear">0.1</znear>
            <zfar sid="zfar">100</zfar>
          </perspective>
        </technique_common>
      </optics>
      <extra>
        <technique profile="blender">
          <shiftx sid="shiftx" type="float">0</shiftx>
          <shifty sid="shifty" type="float">0</shifty>
          <YF_dofdist sid="YF_dofdist" type="float">0</YF_dofdist>
        </technique>
      </extra>
    </camera>
  </library_cameras>
  <library_lights>
    <light id="Lamp-light" name="Lamp">
      <technique_common>
        <point>
          <color sid="color">1 1 1</color>
          <constant_attenuation>1</constant_attenuation>
          <linear_attenuation>0</linear_attenuation>
          <quadratic_attenuation>0.00111109</quadratic_attenuation>
        </point>
      </technique_common>
      <extra>
        <technique profile="blender">
          <type sid="type" type="int">0</type>
          <flag sid="flag" type="int">0</flag>
          <mode sid="mode" type="int">8192</mode>
          <gamma sid="blender_gamma" type="float">1</gamma>
          <red sid="red" type="float">1</red>
          <green sid="green" type="float">1</green>
          <blue sid="blue" type="float">1</blue>
          <shadow_r sid="blender_shadow_r" type="float">0</shadow_r>
          <shadow_g sid="blender_shadow_g" type="float">0</shadow_g>
          <shadow_b sid="blender_shadow_b" type="float">0</shadow_b>
          <energy sid="blender_energy" type="float">1</energy>
          <dist sid="blender_dist" type="float">29.99998</dist>
          <spotsize sid="spotsize" type="float">75</spotsize>
          <spotblend sid="spotblend" type="float">0.15</spotblend>
          <halo_intensity sid="blnder_halo_intensity" type="float">1</halo_intensity>
          <att1 sid="att1" type="float">0</att1>
          <att2 sid="att2" type="float">1</att2>
          <falloff_type sid="falloff_type" type="int">2</falloff_type>
          <clipsta sid="clipsta" type="float">1.000799</clipsta>
          <clipend sid="clipend" type="float">30.002</clipend>
          <bias sid="bias" type="float">1</bias>
          <soft sid="soft" type="float">3</soft>
          <compressthresh sid="compressthresh" type="float">0.04999995</compressthresh>
          <bufsize sid="bufsize" type="int">2880</bufsize>
          <samp sid="samp" type="int">3</samp>
          <buffers sid="buffers" type="int">1</buffers>
          <filtertype sid="filtertype" type="int">0</filtertype>
          <bufflag sid="bufflag" type="int">0</bufflag>
          <buftype sid="buftype" type="int">2</buftype>
          <ray_samp sid="ray_samp" type="int">1</ray_samp>
          <ray_sampy sid="ray_sampy" type="int">1</ray_sampy>
          <ray_sampz sid="ray_sampz" type="int">1</ray_sampz>
          <ray_samp_type sid="ray_samp_type" type="int">0</ray_samp_type>
          <area_shape sid="area_shape" type="int">1</area_shape>
          <area_size sid="area_size" type="float">0.1</area_size>
          <area_sizey sid="area_sizey" type="float">0.1</area_sizey>
          <area_sizez sid="area_sizez" type="float">1</area_sizez>
          <adapt_thresh sid="adapt_thresh" type="float">0.000999987</adapt_thresh>
          <ray_samp_method sid="ray_samp_method" type="int">1</ray_samp_method>
          <shadhalostep sid="shadhalostep" type="int">0</shadhalostep>
          <sun_effect_type sid="sun_effect_type" type="int">0</sun_effect_type>
          <skyblendtype sid="skyblendtype" type="int">1</skyblendtype>
          <horizon_brightness sid="horizon_brightness" type="float">1</horizon_brightness>
          <spread sid="spread" type="float">1</spread>
          <sun_brightness sid="sun_brightness" type="float">1</sun_brightness>
          <sun_size sid="sun_size" type="float">1</sun_size>
          <backscattered_light sid="backscattered_light" type="float">1</backscattered_light>
          <sun_intensity sid="sun_intensity" type="float">1</sun_intensity>
          <atm_turbidity sid="atm_turbidity" type="float">2</atm_turbidity>
          <atm_extinction_factor sid="atm_extinction_factor" type="float">1</atm_extinction_factor>
          <atm_distance_factor sid="atm_distance_factor" type="float">1</atm_distance_factor>
          <skyblendfac sid="skyblendfac" type="float">1</skyblendfac>
          <sky_exposure sid="sky_exposure" type="float">1</sky_exposure>
          <sky_colorspace sid="sky_colorspace" type="int">0</sky_colorspace>
        </technique>
      </extra>
    </light>
  </library_lights>
  <library_images/>
  <library_geometries>
    <geometry id="nano_jetson-mesh" name="nano jetson">
      <mesh>
        <source id="nano_jetson-mesh-positions">
          <float_array id="nano_jetson-mesh-positions-array" count="0"/>
          <technique_common>
            <accessor source="#nano_jetson-mesh-positions-array" count="0" stride="3">
              <param name="X" type="float"/>
              <param name="Y" type="float"/>
              <param name="Z" type="float"/>
            </accessor>
          </technique_common>
        </source>
        <source id="nano_jetson-mesh-normals">
          <float_array id="nano_jetson-mesh-normals-array" count="0"/>
          <technique_common>
            <accessor source="#nano_jetson-mesh-normals-array" count="0" stride="3">
              <param name="X" type="float"/>
              <param name="Y" type="float"/>
              <param name="Z" type="float"/>
            </accessor>
          </technique_common>
        </source>
        <vertices id="nano_jetson-mesh-vertices">
          <input semantic="POSITION" source="#nano_jetson-mesh-positions"/>
        </vertices>
      </mesh>
    </geometry>
    <geometry id="arduino_uno-mesh" name="arduino uno">
      <mesh>
        <source id="arduino_uno-mesh-positions">
          <float_array id="arduino_uno-mesh-positions-array" count="14739">-147.3278 -22.64513 -233.6692 -147.3278 -17.64513 -233.6692 -147.482 -17.64513 -232.4984 -147.482 -22.64513 -232.4984 -147.5335 -17.64513 -231.3186 -147.5335 -22.64513 -231.3186 -147.482 -22.64513 -230.1387 -147.482 -17.64513 -230.1387 -133.9964 -22.64513 -244.8556 -133.9964 -17.64513 -244.8556 -135.1763 -17.64513 -244.8041 -135.1763 -22.64513 -244.8041 -147.3278 -22.64513 -228.9679 -147.3278 -17.64513 -228.9679 -136.3471 -22.64513 -244.6499 -136.3471 -17.64513 -244.6499 -147.0722 -17.64513 -227.8149 -147.0722 -22.64513 -227.8149 -137.5001 -22.64513 -244.3943 -137.5001 -17.64513 -244.3943 -146.7171 -22.64513 -226.6886 -146.7171 -17.64513 -226.6886 -138.6264 -22.64513 -244.0392 -138.6264 -17.64513 -244.0392 -146.2652 -22.64513 -225.5976 -146.2652 -17.64513 -225.5976 -139.7174 -22.64513 -243.5873 -139.7174 -17.64513 -243.5873 -145.7198 -22.64513 -224.5501 -145.7198 -17.64513 -224.5501 -140.7649 -17.64513 -243.042 -140.7649 -22.64513 -243.042 -145.0853 -22.64513 -223.554 -145.0853 -17.64513 -223.554 -141.761 -17.64513 -242.4075 -141.761 -22.64513 -242.4075 -144.3664 -22.64513 -222.6171 -144.3664 -17.64513 -222.6171 -142.6979 -17.64513 -241.6885 -142.6979 -22.64513 -241.6885 -143.5686 -22.64513 -221.7464 -143.5686 -17.64513 -221.7464 -143.5686 -17.64513 -240.8907 -143.5686 -22.64513 -240.8907 -142.6979 -22.64513 -220.9486 -142.6979 -17.64513 -220.9486 -144.3664 -17.64513 -240.02 -144.3664 -22.64513 -240.02 -141.761 -22.64513 -220.2297 -141.761 -17.64513 -220.2297 -145.0853 -17.64513 -239.0831 -145.0853 -22.64513 -239.0831 -140.7649 -22.64513 -219.5952 -140.7649 -17.64513 -219.5952 -139.7174 -17.64513 -219.0498 -145.7198 -17.64513 -238.0871 -145.7198 -22.64513 -238.0871 -139.7174 -22.64513 -219.0498 -138.6264 -17.64513 -218.5979 -146.2652 -17.64513 -237.0396 -146.2652 -22.64513 -237.0396 -138.6264 -22.64513 -218.5979 -137.5001 -17.64513 -218.2428 -146.7171 -17.64513 -235.9485 -137.5001 -22.64513 -218.2428 -146.7171 -22.64513 -235.9485 -136.3471 -17.64513 -217.9872 -147.0722 -17.64513 -234.8222 -136.3471 -22.64513 -217.9872 -147.0722 -22.64513 -234.8222 -135.1763 -17.64513 -217.833 -135.1763 -22.64513 -217.833 -133.9964 -17.64513 -217.7815 -133.9964 -22.64513 -217.7815 -157.8621 -22.64513 184.6897 -157.8621 -17.64513 184.6897 -157.9175 -17.64513 185.888 -157.9175 -22.64513 185.888 -157.8621 -17.64513 187.0862 -157.8621 -22.64513 187.0862 -157.6964 -22.64513 188.2743 -157.6964 -17.64513 188.2743 -144.9308 -22.64513 172.9012 -144.9308 -17.64513 172.9012 -146.1291 -17.64513 172.9566 -146.1291 -22.64513 172.9566 -157.4217 -22.64513 189.4419 -157.4217 -17.64513 189.4419 -147.3171 -22.64513 173.1224 -147.3171 -17.64513 173.1224 -157.0405 -22.64513 190.5793 -157.0405 -17.64513 190.5793 -148.4848 -22.64513 173.397 -148.4848 -17.64513 173.397 -156.556 -22.64513 191.6766 -156.556 -17.64513 191.6766 -149.6221 -22.64513 173.7782 -149.6221 -17.64513 173.7782 -155.9723 -22.64513 192.7246 -155.9723 -17.64513 192.7246 -150.7195 -22.64513 174.2627 -150.7195 -17.64513 174.2627 -155.2944 -22.64513 193.7142 -155.2944 -17.64513 193.7142 -151.7674 -22.64513 174.8464 -151.7674 -17.64513 174.8464 -154.5281 -22.64513 194.637 -154.5281 -17.64513 194.637 -152.757 -17.64513 175.5243 -152.757 -22.64513 175.5243 -153.6799 -22.64513 195.4852 -153.6799 -17.64513 195.4852 -153.6799 -17.64513 176.2906 -153.6799 -22.64513 176.2906 -152.757 -22.64513 196.2516 -152.757 -17.64513 196.2516 -154.5281 -17.64513 177.1389 -151.7674 -22.64513 196.9295 -151.7674 -17.64513 196.9295 -154.5281 -22.64513 177.1389 -155.2944 -17.64513 178.0617 -150.7195 -22.64513 197.5132 -150.7195 -17.64513 197.5132 -155.2944 -22.64513 178.0617 -155.9723 -17.64513 179.0513 -149.6221 -22.64513 197.9977 -149.6221 -17.64513 197.9977 -155.9723 -22.64513 179.0513 -156.556 -17.64513 180.0993 -148.4848 -22.64513 198.3789 -148.4848 -17.64513 198.3789 -156.556 -22.64513 180.0993 -147.3171 -17.64513 198.6535 -157.0405 -17.64513 181.1966 -147.3171 -22.64513 198.6535 -157.0405 -22.64513 181.1966 -146.1291 -17.64513 198.8193 -146.1291 -22.64513 198.8193 -157.4217 -17.64513 182.334 -144.9308 -17.64513 198.8747 -144.9308 -22.64513 198.8747 -157.4217 -22.64513 182.334 -157.6964 -17.64513 183.5016 -157.6964 -22.64513 183.5016 -194.4079 1.637398 138.6316 -194.4079 2.273712 137.2936 -291.4079 1.637398 138.6316 -194.4079 6.729004 163.1337 -291.4079 6.729004 163.1337 -291.4079 7.845688 164.1074 -291.4079 2.273712 137.2936 -194.4079 7.845688 164.1074 -194.4079 1.093872 140.0099 -291.4079 1.093872 140.0099 -291.4079 9.026223 165.0027 -194.4079 9.026223 165.0027 -194.4079 0.645668 141.422 -291.4079 0.645668 141.422 -291.4079 10.2651 165.8152 -194.4079 21.53902 125.5781 -291.4079 21.53902 125.5781 -291.4079 20.05829 125.6287 -194.4079 10.2651 165.8152 -194.4079 20.05829 125.6287 -194.4079 0.2948837 142.8615 -291.4079 0.2948837 142.8615 -291.4079 11.55653 166.5414 -291.4079 18.58447 125.7802 -194.4079 11.55653 166.5414 -194.4079 18.58447 125.7802 -194.4079 0.04314422 144.3215 -291.4079 0.04314422 144.3215 -291.4079 12.89452 167.1777 -194.4079 12.89452 167.1777 -291.4079 17.12444 126.0319 -194.4079 17.12444 126.0319 -194.4079 -0.1083679 145.7953 -291.4079 -0.1083679 145.7953 -291.4079 14.27281 167.7212 -194.4079 14.27281 167.7212 -291.4079 15.68497 126.3827 -194.4079 15.68497 126.3827 -194.4079 -0.1589508 147.2761 -291.4079 -0.1589508 147.2761 -291.4079 15.68497 168.1694 -194.4079 15.68497 168.1694 -291.4079 14.27281 126.8309 -194.4079 14.27281 126.8309 -194.4079 -0.1083679 148.7568 -291.4079 -0.1083679 148.7568 -291.4079 17.12444 168.5202 -194.4079 17.12444 168.5202 -291.4079 12.89452 127.3745 -194.4079 12.89452 127.3745 -291.4079 18.58447 168.7719 -194.4079 0.04314422 150.2306 -291.4079 0.04314422 150.2306 -194.4079 18.58447 168.7719 -291.4079 11.55653 128.0108 -291.4079 20.05829 168.9234 -194.4079 11.55653 128.0108 -194.4079 20.05829 168.9234 -291.4079 0.2948837 151.6906 -194.4079 0.2948837 151.6906 -291.4079 21.53902 168.974 -194.4079 21.53902 168.974 -291.4079 10.2651 128.7369 -194.4079 10.2651 128.7369 -291.4079 0.645668 153.1301 -194.4079 0.645668 153.1301 -291.4079 9.026223 129.5495 -194.4079 9.026223 129.5495 -291.4079 1.093872 154.5423 -194.4079 1.093872 154.5423 -291.4079 7.845688 130.4447 -194.4079 7.845688 130.4447 -291.4079 1.637398 155.9206 -194.4079 1.637398 155.9206 -291.4079 6.729004 131.4184 -194.4079 6.729004 131.4184 -291.4079 2.273712 157.2585 -194.4079 2.273712 157.2585 -291.4079 5.681358 132.4661 -194.4079 5.681358 132.4661 -291.4079 2.999855 158.55 -194.4079 2.999855 158.55 -291.4079 4.707657 133.5827 -194.4079 4.707657 133.5827 -291.4079 3.812431 159.7888 -194.4079 3.812431 159.7888 -291.4079 3.812431 134.7633 -194.4079 3.812431 134.7633 -291.4079 4.707657 160.9694 -194.4079 4.707657 160.9694 -291.4079 2.999855 136.0021 -194.4079 2.999855 136.0021 -291.4079 5.681358 162.0861 -194.4079 5.681358 162.0861 -198.5253 12.35487 -219.5951 -198.6774 15.35487 -220.7502 -198.5253 15.35487 -219.5951 -198.6774 12.35487 -220.7502 -198.4745 12.35487 -218.4312 -198.4745 15.35487 -218.4312 -198.5253 12.35487 -217.2672 -198.5253 15.35487 -217.2672 -210.6654 12.35487 -231.7353 -211.8294 15.35487 -231.7861 -210.6654 15.35487 -231.7353 -211.8294 12.35487 -231.7861 -198.6774 12.35487 -216.1121 -198.6774 15.35487 -216.1121 -209.5103 12.35487 -231.5832 -209.5103 15.35487 -231.5832 -198.9295 12.35487 -214.9747 -198.9295 15.35487 -214.9747 -208.3729 12.35487 -231.331 -208.3729 15.35487 -231.331 -199.2799 12.35487 -213.8635 -199.2799 15.35487 -213.8635 -207.2617 12.35487 -230.9807 -207.2617 15.35487 -230.9807 -199.7257 12.35487 -212.7872 -199.7257 15.35487 -212.7872 -206.1854 12.35487 -230.5348 -206.1854 15.35487 -230.5348 -200.2637 12.35487 -211.7537 -200.2637 15.35487 -211.7537 -205.1519 12.35487 -229.9969 -205.1519 15.35487 -229.9969 -200.8897 12.35487 -210.7711 -200.8897 15.35487 -210.7711 -204.1693 12.35487 -229.3709 -204.1693 15.35487 -229.3709 -201.5989 12.35487 -209.8468 -201.5989 15.35487 -209.8468 -203.245 12.35487 -228.6616 -203.245 15.35487 -228.6616 -202.386 12.35487 -208.9878 -202.386 15.35487 -208.9878 -202.386 12.35487 -227.8745 -202.386 15.35487 -227.8745 -203.245 12.35487 -208.2007 -203.245 15.35487 -208.2007 -201.5989 12.35487 -227.0155 -201.5989 15.35487 -227.0155 -204.1693 12.35487 -207.4915 -204.1693 15.35487 -207.4915 -200.8897 12.35487 -226.0912 -200.8897 15.35487 -226.0912 -205.1519 12.35487 -206.8655 -205.1519 15.35487 -206.8655 -206.1854 12.35487 -206.3275 -200.2637 12.35487 -225.1086 -200.2637 15.35487 -225.1086 -206.1854 15.35487 -206.3275 -199.7257 12.35487 -224.0752 -199.7257 15.35487 -224.0752 -207.2617 12.35487 -205.8817 -207.2617 15.35487 -205.8817 -208.3729 12.35487 -205.5313 -199.2799 12.35487 -222.9988 -208.3729 15.35487 -205.5313 -199.2799 15.35487 -222.9988 -209.5103 12.35487 -205.2792 -209.5103 15.35487 -205.2792 -198.9295 12.35487 -221.8877 -198.9295 15.35487 -221.8877 -210.6654 12.35487 -205.1271 -210.6654 15.35487 -205.1271 -211.8294 12.35487 -205.0763 -211.8294 15.35487 -205.0763 -69.11727 24.25266 139.7945 -70.22258 24.35487 139.4785 -69.58798 24.35487 140.5435 -69.66008 22.13133 159.8563 -70.53697 21.35487 160.8777 -69.58515 21.35487 159.9259 -68.90511 24.25266 140.174 -70.65825 22.13133 160.8506 -68.96685 23.95296 138.6581 -68.49066 23.95296 139.4328 -67.95259 23.4762 139.1221 -68.44669 23.4762 138.3183 -71.18413 23.4762 160.2793 -72.26395 23.4762 161.1939 -71.97112 22.85487 161.5701 -70.86124 22.85487 160.6301 -69.61226 22.13133 135.5609 -68.70713 21.35487 136.4599 -69.58515 21.35487 135.4397 -68.65622 22.13133 136.6897 -73.08998 24.25266 160.1326 -73.5669 24.35487 159.5199 -74.57587 24.35487 160.2403 -74.15119 24.25266 160.8903 -73.75543 23.95296 161.496 -72.64557 23.95296 160.7036 -69.26895 23.4762 137.1666 -68.04756 22.85487 138.0575 -68.89273 22.85487 136.8738 -69.87978 22.85487 159.6525 -69.57256 24.25266 139.0539 -68.78704 22.13133 158.8418 -68.70713 21.35487 158.9056 -69.83277 22.85487 135.7639 -71.60494 23.95296 159.8222 -69.75926 23.95296 137.5482 -70.22927 23.4762 159.3282 -70.60651 22.13133 134.5628 -70.53697 21.35487 134.4878 -70.18352 23.4762 136.0868 -69.02135 22.85487 158.655 -72.09499 24.25266 159.2899 -72.62087 24.35487 158.7186 -70.33025 24.25266 137.9927 -70.94298 24.35487 138.4696 -67.99225 22.13133 157.7649 -67.90779 21.35487 157.8225 -70.81035 22.85487 134.7825 -70.68473 23.95296 158.9056 -71.621 22.13133 133.6897 -71.55727 21.35487 133.6098 -70.64064 23.95296 136.5076 -69.39409 23.4762 158.3577 -68.23987 22.85487 157.5961 -71.13463 23.4762 135.132 -71.21512 24.25266 158.4135 -71.74422 24.35487 157.842 -71.80786 22.85487 133.924 -67.28015 22.13133 156.6316 -67.19162 21.35487 156.6828 -71.17296 24.25266 136.9977 -69.87987 23.95296 157.9703 -71.74422 24.35487 137.5235 -72.69791 22.13133 132.8949 -72.64032 21.35487 132.8105 -67.03946 22.13133 156.2012 -66.56264 21.35487 155.4927 -71.55724 23.95296 135.5874 -68.63379 23.4762 157.3275 -72.10512 23.4762 134.2968 -67.53971 22.85487 156.4818 -72.86673 22.85487 133.1425 -70.44556 24.25266 157.5192 -70.94298 24.35487 156.896 -72.04936 24.25266 136.1178 -72.62087 24.35487 136.6469 -66.65474 22.13133 155.4483 -73.83119 22.13133 132.1828 -73.78008 21.35487 132.0943 -67.30304 22.85487 156.0585 -72.49251 23.95296 134.7825 -69.14714 23.95296 156.9775 -74.26169 22.13133 131.9421 -74.97017 21.35487 131.4653 -67.95259 23.4762 156.2434 -73.1353 23.4762 133.5365 -66.38977 22.13133 154.8722 -66.02436 21.35487 154.2589 -73.98105 22.85487 132.4424 -66.92476 22.85487 155.3183 -72.94362 24.25266 135.3482 -67.72234 23.4762 155.8316 -73.5669 24.35487 135.8457 -69.74497 24.25266 156.57 -75.01453 22.13133 131.5574 -70.22258 24.35487 155.887 -74.40433 22.85487 132.2057 -66.11951 22.13133 154.2216 -68.49066 23.95296 155.9328 -73.48531 23.95296 134.0498 -66.66423 22.85487 154.7518 -74.21942 23.4762 132.8553 -67.35431 23.4762 155.1114 -75.59062 22.13133 131.2924 -76.20395 21.35487 130.927 -68.26877 23.95296 155.5359 -75.14456 22.85487 131.8274 -65.85205 22.13133 153.4942 -65.57978 21.35487 152.9884 -74.63124 23.4762 132.625 -66.3985 22.85487 154.1121 -73.89289 24.25266 134.6476 -74.57587 24.35487 135.1253 -69.11727 24.25266 155.571 -69.58798 24.35487 154.822 -76.24129 22.13133 131.0222 -67.10083 23.4762 154.5603 -74.53008 23.95296 133.3933 -65.67746 22.13133 152.9582 -75.71102 22.85487 131.5669 -67.9141 23.95296 154.8418 -75.35143 23.4762 132.257 -68.90511 24.25266 155.1915 -74.92696 23.95296 133.1714 -66.13552 22.85487 153.3968 -76.96869 22.13133 130.7547 -77.47449 21.35487 130.4824 -66.8423 23.4762 153.9379 -76.35079 22.85487 131.3012 -67.66982 23.95296 154.3107 -74.89186 24.25266 134.02 -75.64087 24.35487 134.4907 -65.42998 22.13133 152.0764 -65.23139 21.35487 151.6881 -75.90253 23.4762 132.0035 -65.96384 22.85487 152.8699 -77.50463 22.13133 130.5801 -75.621 23.95296 132.8168 -68.56598 24.25266 154.5279 -69.04349 24.35487 153.7082 -75.27132 24.25266 133.8078 -65.33104 22.13133 151.6654 -66.58644 23.4762 153.242 -77.066 22.85487 131.0382 -76.52497 23.4762 131.745 -67.42067 23.95296 153.7109 -68.33243 24.25266 154.0201 -76.15212 23.95296 132.5725 -65.72051 22.85487 152.0028 -78.38645 22.13133 130.3327 -78.77471 21.35487 130.1341 -66.41942 23.4762 152.7294 -77.59296 22.85487 130.8665 -75.93494 24.25266 133.4687 -65.62323 22.85487 151.5987 -76.75466 24.35487 133.9462 -78.79746 22.13133 130.2337 -67.17411 23.95296 153.0403 -77.2208 23.4762 131.4891 -65.12641 22.13133 150.6286 -64.98113 21.35487 150.3655 -68.0942 24.25266 153.4465 -76.75196 23.95296 132.3233 -68.59282 24.35487 152.5532 -66.18267 23.4762 151.8858 -76.44275 24.25266 133.2351 -67.01314 23.95296 152.5462 -78.46001 22.85487 130.6232 -66.08803 23.4762 151.4926 -77.73349 23.4762 131.3221 -67.85845 24.25266 152.8054 -78.86414 22.85487 130.5259 -65.42203 22.85487 150.5793 -77.42255 23.95296 132.0768 -66.78498 23.95296 151.7333 -79.8342 22.13133 130.0291 -80.09732 21.35487 129.8838 -67.70453 24.25266 152.333 -77.0163 24.25266 132.9969 -68.23908 24.35487 151.365 -64.94344 22.13133 149.1607 -64.83042 21.35487 149.0279 -77.90959 24.35487 133.4955 -78.57704 23.4762 131.0854 -66.69377 23.95296 151.3544 -77.91663 23.95296 131.9158 -65.89228 23.4762 150.5008 -78.97023 23.4762 130.9907 -82.78008 22.13133 129.785 -81.43494 21.35487 129.7331 -82.78008 21.35487 129.6828 -67.48638 24.25266 151.5557 -77.65747 24.25266 132.7611 -65.24211 22.85487 149.136 -79.88353 22.85487 130.3247 -67.39917 24.25266 151.1934 -67.98467 24.35487 150.1517 -66.50513 23.95296 150.3986 -78.72957 23.95296 131.6876 -78.12989 24.25266 132.6072 -64.88231 22.13133 147.6828 -64.78008 21.35487 147.6828 -79.0978 24.35487 133.1417 -81.3021 22.13133 129.8461 -65.71724 23.4762 149.0966 -79.10849 23.95296 131.5965 -67.2188 24.25266 150.2795 -81.44258 22.13133 165.5305 -82.78008 21.35487 165.6828 -81.43494 21.35487 165.6324 -82.78008 22.13133 165.5805 -79.96201 23.4762 130.7949 -81.46498 22.85487 165.2316 -65.18201 22.85487 147.6828 -82.78008 22.85487 165.2808 -78.9072 24.25266 132.3891 -64.93236 22.13133 146.3453 -64.83042 21.35487 146.3376 -80.11257 22.13133 165.3806 -81.32685 22.85487 130.1448 -82.78008 22.85487 130.0847 -80.09732 21.35487 165.4817 -66.33644 23.95296 149.0453 -81.50061 23.4762 164.7562 -82.78008 23.4762 164.8041 -79.26949 24.25266 132.3018 -80.31116 24.35487 132.8873 -80.15723 22.85487 165.0843 -65.65877 23.4762 147.6828 -80.06427 23.95296 131.4078 -81.36621 23.4762 130.6199 -82.78008 23.4762 130.5614 -65.23122 22.85487 146.3677 -78.79746 22.13133 165.1318 -78.77471 21.35487 165.2315 -67.05751 24.25266 148.9856 -67.83132 24.35487 148.9214 -81.54705 23.95296 164.1366 -80.18337 24.25266 132.1215 -82.78008 23.95296 164.1828 -78.38645 22.13133 165.0329 -81.41753 23.95296 131.2391 -65.08222 22.13133 145.0152 -64.98113 21.35487 145 -82.78008 23.95296 131.1828 -77.47449 21.35487 164.8831 -81.47728 24.25266 131.9602 -80.22829 23.4762 164.6128 -66.28008 23.95296 147.6828 -82.78008 24.25266 131.9063 -65.70664 23.4762 146.4033 -82.78008 24.35487 132.6828 -81.5414 24.35487 132.734 -78.86414 22.85487 164.8396 -65.37856 22.85487 145.0599 -81.60111 24.25266 163.4151 -81.5414 24.35487 162.6315 -82.78008 24.35487 162.6828 -67.00363 24.25266 147.6828 -82.78008 24.25266 163.4592 -67.78008 24.35487 147.6828 -65.33104 22.13133 143.7001 -77.50463 22.13133 164.7854 -65.23139 21.35487 143.6774 -78.46001 22.85487 164.7423 -66.32622 23.95296 146.4497 -80.32089 23.95296 163.9985 -65.42998 22.13133 143.2891 -65.57978 21.35487 142.3772 -76.96869 22.13133 164.6108 -76.20395 21.35487 164.4385 -65.84999 23.4762 145.131 -78.97023 23.4762 164.3748 -65.62323 22.85487 143.7668 -77.59296 22.85487 164.499 -78.57704 23.4762 164.2802 -67.04775 24.25266 146.5038 -67.83132 24.35487 146.4441 -80.42873 24.25266 163.283 -80.31116 24.35487 162.4782 -65.67746 22.13133 142.4073 -76.24129 22.13133 164.3433 -65.72051 22.85487 143.3627 -77.066 22.85487 164.3273 -66.46437 23.95296 145.2236 -79.10849 23.95296 163.7691 -65.85205 22.13133 141.8714 -66.02436 21.35487 141.1066 -66.08803 23.4762 143.8729 -77.73349 23.4762 164.0434 -65.96384 22.85487 142.4956 -78.72957 23.95296 163.6779 -75.59062 22.13133 164.0731 -66.18267 23.4762 143.4797 -74.97017 21.35487 163.9002 -67.17984 24.25266 145.3314 -76.35079 22.85487 164.0644 -67.98467 24.35487 145.2138 -77.2208 23.4762 163.8764 -66.11951 22.13133 141.144 -79.26949 24.25266 163.0637 -66.13552 22.85487 141.9687 -79.0978 24.35487 162.2238 -75.01453 22.13133 163.8081 -66.69377 23.95296 144.0112 -77.91663 23.95296 163.4497 -66.41942 23.4762 142.6362 -78.9072 24.25266 162.9765 -66.78498 23.95296 143.6323 -75.71102 22.85487 163.7986 -66.38977 22.13133 140.4933 -66.56264 21.35487 139.8729 -66.3985 22.85487 141.2535 -76.52497 23.4762 163.6205 -66.58644 23.4762 142.1235 -77.42255 23.95296 163.2888 -74.26169 22.13133 163.4234 -67.39917 24.25266 144.1722 -73.78008 21.35487 163.2712 -68.23908 24.35487 144.0005 -75.14456 22.85487 163.5381 -66.65474 22.13133 139.9172 -78.12989 24.25266 162.7583 -77.90959 24.35487 161.87 -67.01314 23.95296 142.8193 -75.90253 23.4762 163.362 -67.48638 24.25266 143.8099 -73.83119 22.13133 163.1827 -66.66423 22.85487 140.6137 -76.75196 23.95296 163.0422 -66.8423 23.4762 141.4276 -77.65747 24.25266 162.6044 -67.17411 23.95296 142.3252 -74.40433 22.85487 163.1598 -67.03946 22.13133 139.1644 -67.19162 21.35487 138.6828 -66.92476 22.85487 140.0472 -75.35143 23.4762 163.1085 -67.70453 24.25266 143.0326 -76.15212 23.95296 162.793 -68.59282 24.35487 142.8123 -67.10083 23.4762 140.8052 -73.98105 22.85487 162.9231 -67.28015 22.13133 138.7339 -72.99092 22.13133 162.6662 -72.64032 21.35487 162.5551 -67.42067 23.95296 141.6546 -77.0163 24.25266 162.3686 -76.75466 24.35487 161.4194 -74.63124 23.4762 162.7405 -67.85845 24.25266 142.5601 -67.30304 22.85487 139.307 -75.621 23.95296 162.5487 -76.44275 24.25266 162.1304 -67.35431 23.4762 140.2541 -67.66982 23.95296 141.0548 -74.21942 23.4762 162.5103 -73.15485 22.85487 162.4153 -67.53971 22.85487 138.8837 -74.92696 23.95296 162.1941 -67.79666 22.13133 137.8936 -67.90779 21.35487 137.543 -71.78704 22.13133 161.8066 -71.55727 21.35487 161.7557 -68.0942 24.25266 141.919 -69.04349 24.35487 141.6573 -67.72234 23.4762 139.5339 -75.93494 24.25266 161.8969 -75.64087 24.35487 160.8749 -74.53008 23.95296 161.9722 -67.9141 23.95296 140.5237 -68.33243 24.25266 141.3454 -73.41561 23.4762 162.0162 -75.27132 24.25266 161.5577 -68.26877 23.95296 139.8296 -74.89186 24.25266 161.3456 -68.56598 24.25266 140.8376 -109.1173 24.25266 139.7945 -110.2226 24.35487 139.4785 -109.588 24.35487 140.5435 -109.6601 22.13133 159.8563 -110.537 21.35487 160.8777 -109.5851 21.35487 159.9259 -108.9051 24.25266 140.174 -110.6583 22.13133 160.8506 -108.9668 23.95296 138.6581 -108.4907 23.95296 139.4328 -107.9526 23.4762 139.1221 -108.4467 23.4762 138.3183 -111.1841 23.4762 160.2793 -112.2639 23.4762 161.1939 -111.9711 22.85487 161.5701 -110.8612 22.85487 160.6301 -109.6123 22.13133 135.5609 -108.7071 21.35487 136.4599 -109.5851 21.35487 135.4397 -108.6562 22.13133 136.6897 -113.09 24.25266 160.1326 -113.5669 24.35487 159.5199 -114.5759 24.35487 160.2403 -114.1512 24.25266 160.8903 -113.7554 23.95296 161.496 -112.6456 23.95296 160.7036 -109.269 23.4762 137.1666 -108.0476 22.85487 138.0575 -108.8927 22.85487 136.8738 -109.8798 22.85487 159.6525 -109.5726 24.25266 139.0539 -108.787 22.13133 158.8418 -108.7071 21.35487 158.9056 -109.8328 22.85487 135.7639 -111.6049 23.95296 159.8222 -109.7593 23.95296 137.5482 -110.2293 23.4762 159.3282 -110.6065 22.13133 134.5628 -110.537 21.35487 134.4878 -110.1835 23.4762 136.0868 -109.0214 22.85487 158.655 -112.095 24.25266 159.2899 -112.6209 24.35487 158.7186 -110.3302 24.25266 137.9927 -110.943 24.35487 138.4696 -107.9923 22.13133 157.7649 -107.9078 21.35487 157.8225 -110.8104 22.85487 134.7825 -110.6847 23.95296 158.9056 -111.621 22.13133 133.6897 -111.5573 21.35487 133.6098 -110.6406 23.95296 136.5076 -109.3941 23.4762 158.3577 -108.2399 22.85487 157.5961 -111.1346 23.4762 135.132 -111.2151 24.25266 158.4135 -111.7442 24.35487 157.842 -111.8079 22.85487 133.924 -107.2802 22.13133 156.6316 -107.1916 21.35487 156.6828 -111.173 24.25266 136.9977 -109.8799 23.95296 157.9703 -111.7442 24.35487 137.5235 -112.6979 22.13133 132.8949 -112.6403 21.35487 132.8105 -107.0395 22.13133 156.2012 -106.5626 21.35487 155.4927 -111.5572 23.95296 135.5874 -108.6338 23.4762 157.3275 -112.1051 23.4762 134.2968 -107.5397 22.85487 156.4818 -112.8667 22.85487 133.1425 -110.4456 24.25266 157.5192 -110.943 24.35487 156.896 -112.0494 24.25266 136.1178 -112.6209 24.35487 136.6469 -106.6547 22.13133 155.4483 -113.8312 22.13133 132.1828 -113.7801 21.35487 132.0943 -107.303 22.85487 156.0585 -112.4925 23.95296 134.7825 -109.1471 23.95296 156.9775 -114.2617 22.13133 131.9421 -114.9702 21.35487 131.4653 -107.9526 23.4762 156.2434 -113.1353 23.4762 133.5365 -106.3898 22.13133 154.8722 -106.0244 21.35487 154.2589 -113.9811 22.85487 132.4424 -106.9248 22.85487 155.3183 -112.9436 24.25266 135.3482 -107.7223 23.4762 155.8316 -113.5669 24.35487 135.8457 -109.745 24.25266 156.57 -115.0145 22.13133 131.5574 -110.2226 24.35487 155.887 -114.4043 22.85487 132.2057 -106.1195 22.13133 154.2216 -108.4907 23.95296 155.9328 -113.4853 23.95296 134.0498 -106.6642 22.85487 154.7518 -114.2194 23.4762 132.8553 -107.3543 23.4762 155.1114 -115.5906 22.13133 131.2924 -116.204 21.35487 130.927 -108.2688 23.95296 155.5359 -115.1446 22.85487 131.8274 -105.8521 22.13133 153.4942 -105.5798 21.35487 152.9884 -114.6312 23.4762 132.625 -106.3985 22.85487 154.1121 -113.8929 24.25266 134.6476 -114.5759 24.35487 135.1253 -109.1173 24.25266 155.571 -109.588 24.35487 154.822 -116.2413 22.13133 131.0222 -107.1008 23.4762 154.5603 -114.5301 23.95296 133.3933 -105.6775 22.13133 152.9582 -115.711 22.85487 131.5669 -107.9141 23.95296 154.8418 -115.3514 23.4762 132.257 -108.9051 24.25266 155.1915 -114.927 23.95296 133.1714 -106.1355 22.85487 153.3968 -116.9687 22.13133 130.7547 -117.4745 21.35487 130.4824 -106.8423 23.4762 153.9379 -116.3508 22.85487 131.3012 -107.6698 23.95296 154.3107 -114.8919 24.25266 134.02 -115.6409 24.35487 134.4907 -105.43 22.13133 152.0764 -105.2314 21.35487 151.6881 -115.9025 23.4762 132.0035 -105.9638 22.85487 152.8699 -117.5046 22.13133 130.5801 -115.621 23.95296 132.8168 -108.566 24.25266 154.5279 -109.0435 24.35487 153.7082 -115.2713 24.25266 133.8078 -105.331 22.13133 151.6654 -106.5864 23.4762 153.242 -117.066 22.85487 131.0382 -116.525 23.4762 131.745 -107.4207 23.95296 153.7109 -108.3324 24.25266 154.0201 -116.1521 23.95296 132.5725 -105.7205 22.85487 152.0028 -118.3864 22.13133 130.3327 -118.7747 21.35487 130.1341 -106.4194 23.4762 152.7294 -117.593 22.85487 130.8665 -115.9349 24.25266 133.4687 -105.6232 22.85487 151.5987 -116.7547 24.35487 133.9462 -118.7975 22.13133 130.2337 -107.1741 23.95296 153.0403 -117.2208 23.4762 131.4891 -105.1264 22.13133 150.6286 -104.9811 21.35487 150.3655 -108.0942 24.25266 153.4465 -116.752 23.95296 132.3233 -108.5928 24.35487 152.5532 -106.1827 23.4762 151.8858 -116.4428 24.25266 133.2351 -107.0131 23.95296 152.5462 -118.46 22.85487 130.6232 -106.088 23.4762 151.4926 -117.7335 23.4762 131.3221 -107.8584 24.25266 152.8054 -118.8641 22.85487 130.5259 -105.422 22.85487 150.5793 -117.4225 23.95296 132.0768 -106.785 23.95296 151.7333 -119.8342 22.13133 130.0291 -120.0973 21.35487 129.8838 -107.7045 24.25266 152.333 -117.0163 24.25266 132.9969 -108.2391 24.35487 151.365 -104.9434 22.13133 149.1607 -104.8304 21.35487 149.0279 -117.9096 24.35487 133.4955 -118.577 23.4762 131.0854 -106.6938 23.95296 151.3544 -117.9166 23.95296 131.9158 -105.8923 23.4762 150.5008 -118.9702 23.4762 130.9907 -122.7801 22.13133 129.785 -121.4349 21.35487 129.7331 -122.7801 21.35487 129.6828 -107.4864 24.25266 151.5557 -117.6575 24.25266 132.7611 -105.2421 22.85487 149.136 -119.8835 22.85487 130.3247 -107.3992 24.25266 151.1934 -107.9847 24.35487 150.1517 -106.5051 23.95296 150.3986 -118.7296 23.95296 131.6876 -118.1299 24.25266 132.6072 -104.8823 22.13133 147.6828 -104.7801 21.35487 147.6828 -119.0978 24.35487 133.1417 -121.3021 22.13133 129.8461 -105.7172 23.4762 149.0966 -119.1085 23.95296 131.5965 -107.2188 24.25266 150.2795 -121.4426 22.13133 165.5305 -122.7801 21.35487 165.6828 -121.4349 21.35487 165.6324 -122.7801 22.13133 165.5805 -119.962 23.4762 130.7949 -121.465 22.85487 165.2316 -105.182 22.85487 147.6828 -122.7801 22.85487 165.2808 -118.9072 24.25266 132.3891 -104.9324 22.13133 146.3453 -104.8304 21.35487 146.3376 -120.1126 22.13133 165.3806 -121.3268 22.85487 130.1448 -122.7801 22.85487 130.0847 -120.0973 21.35487 165.4817 -106.3364 23.95296 149.0453 -121.5006 23.4762 164.7562 -122.7801 23.4762 164.8041 -119.2695 24.25266 132.3018 -120.3112 24.35487 132.8873 -120.1572 22.85487 165.0843 -105.6588 23.4762 147.6828 -120.0643 23.95296 131.4078 -121.3662 23.4762 130.6199 -122.7801 23.4762 130.5614 -105.2312 22.85487 146.3677 -118.7975 22.13133 165.1318 -118.7747 21.35487 165.2315 -107.0575 24.25266 148.9856 -107.8313 24.35487 148.9214 -121.547 23.95296 164.1366 -120.1834 24.25266 132.1215 -122.7801 23.95296 164.1828 -118.3864 22.13133 165.0329 -121.4175 23.95296 131.2391 -105.0822 22.13133 145.0152 -104.9811 21.35487 145 -122.7801 23.95296 131.1828 -117.4745 21.35487 164.8831 -121.4773 24.25266 131.9602 -120.2283 23.4762 164.6128 -106.2801 23.95296 147.6828 -122.7801 24.25266 131.9063 -105.7066 23.4762 146.4033 -122.7801 24.35487 132.6828 -121.5414 24.35487 132.734 -118.8641 22.85487 164.8396 -105.3786 22.85487 145.0599 -121.6011 24.25266 163.4151 -121.5414 24.35487 162.6315 -122.7801 24.35487 162.6828 -107.0036 24.25266 147.6828 -122.7801 24.25266 163.4592 -107.7801 24.35487 147.6828 -105.331 22.13133 143.7001 -117.5046 22.13133 164.7854 -105.2314 21.35487 143.6774 -118.46 22.85487 164.7423 -106.3262 23.95296 146.4497 -120.3209 23.95296 163.9985 -105.43 22.13133 143.2891 -105.5798 21.35487 142.3772 -116.9687 22.13133 164.6108 -116.204 21.35487 164.4385 -105.85 23.4762 145.131 -118.9702 23.4762 164.3748 -105.6232 22.85487 143.7668 -117.593 22.85487 164.499 -118.577 23.4762 164.2802 -107.0477 24.25266 146.5038 -107.8313 24.35487 146.4441 -120.4287 24.25266 163.283 -120.3112 24.35487 162.4782 -105.6775 22.13133 142.4073 -116.2413 22.13133 164.3433 -105.7205 22.85487 143.3627 -117.066 22.85487 164.3273 -106.4644 23.95296 145.2236 -119.1085 23.95296 163.7691 -105.8521 22.13133 141.8714 -106.0244 21.35487 141.1066 -106.088 23.4762 143.8729 -117.7335 23.4762 164.0434 -105.9638 22.85487 142.4956 -118.7296 23.95296 163.6779 -115.5906 22.13133 164.0731 -106.1827 23.4762 143.4797 -114.9702 21.35487 163.9002 -107.1798 24.25266 145.3314 -116.3508 22.85487 164.0644 -107.9847 24.35487 145.2138 -117.2208 23.4762 163.8764 -106.1195 22.13133 141.144 -119.2695 24.25266 163.0637 -106.1355 22.85487 141.9687 -119.0978 24.35487 162.2238 -115.0145 22.13133 163.8081 -106.6938 23.95296 144.0112 -117.9166 23.95296 163.4497 -106.4194 23.4762 142.6362 -118.9072 24.25266 162.9765 -106.785 23.95296 143.6323 -115.711 22.85487 163.7986 -106.3898 22.13133 140.4933 -106.5626 21.35487 139.8729 -106.3985 22.85487 141.2535 -116.525 23.4762 163.6205 -106.5864 23.4762 142.1235 -117.4225 23.95296 163.2888 -114.2617 22.13133 163.4234 -107.3992 24.25266 144.1722 -113.7801 21.35487 163.2712 -108.2391 24.35487 144.0005 -115.1446 22.85487 163.5381 -106.6547 22.13133 139.9172 -118.1299 24.25266 162.7583 -117.9096 24.35487 161.87 -107.0131 23.95296 142.8193 -115.9025 23.4762 163.362 -107.4864 24.25266 143.8099 -113.8312 22.13133 163.1827 -106.6642 22.85487 140.6137 -116.752 23.95296 163.0422 -106.8423 23.4762 141.4276 -117.6575 24.25266 162.6044 -107.1741 23.95296 142.3252 -114.4043 22.85487 163.1598 -107.0395 22.13133 139.1644 -107.1916 21.35487 138.6828 -106.9248 22.85487 140.0472 -115.3514 23.4762 163.1085 -107.7045 24.25266 143.0326 -116.1521 23.95296 162.793 -108.5928 24.35487 142.8123 -107.1008 23.4762 140.8052 -113.9811 22.85487 162.9231 -107.2802 22.13133 138.7339 -112.9909 22.13133 162.6662 -112.6403 21.35487 162.5551 -107.4207 23.95296 141.6546 -117.0163 24.25266 162.3686 -116.7547 24.35487 161.4194 -114.6312 23.4762 162.7405 -107.8584 24.25266 142.5601 -107.303 22.85487 139.307 -115.621 23.95296 162.5487 -116.4428 24.25266 162.1304 -107.3543 23.4762 140.2541 -107.6698 23.95296 141.0548 -114.2194 23.4762 162.5103 -113.1548 22.85487 162.4153 -107.5397 22.85487 138.8837 -114.927 23.95296 162.1941 -107.7967 22.13133 137.8936 -107.9078 21.35487 137.543 -111.787 22.13133 161.8066 -111.5573 21.35487 161.7557 -108.0942 24.25266 141.919 -109.0435 24.35487 141.6573 -107.7223 23.4762 139.5339 -115.9349 24.25266 161.8969 -115.6409 24.35487 160.8749 -114.5301 23.95296 161.9722 -107.9141 23.95296 140.5237 -108.3324 24.25266 141.3454 -113.4156 23.4762 162.0162 -115.2713 24.25266 161.5577 -108.2688 23.95296 139.8296 -114.8919 24.25266 161.3456 -108.566 24.25266 140.8376 -65.57978 -15.64513 142.3772 -74.97017 -15.64513 163.9002 -73.78008 -15.64513 163.2712 -66.02436 -15.64513 141.1066 -76.20395 -15.64513 164.4385 -65.23139 -15.64513 143.6774 -77.47449 -15.64513 164.8831 -64.98113 -15.64513 145 -81.43494 -15.64513 129.7331 -82.78008 -15.64513 129.6828 -78.77471 -15.64513 165.2315 -64.83042 -15.64513 146.3376 -80.09732 -15.64513 129.8838 -80.09732 -15.64513 165.4817 -64.78008 -15.64513 147.6828 -78.77471 -15.64513 130.1341 -81.43494 -15.64513 165.6324 -64.83042 -15.64513 149.0279 -82.78008 -15.64513 165.6828 -77.47449 -15.64513 130.4824 -64.98113 -15.64513 150.3655 -76.20395 -15.64513 130.927 -65.23139 -15.64513 151.6881 -74.97017 -15.64513 131.4653 -65.57978 -15.64513 152.9884 -73.78008 -15.64513 132.0943 -66.02436 -15.64513 154.2589 -72.64032 -15.64513 132.8105 -66.56264 -15.64513 155.4927 -71.55727 -15.64513 133.6098 -67.19162 -15.64513 156.6828 -70.53697 -15.64513 134.4878 -67.90779 -15.64513 157.8225 -69.58515 -15.64513 135.4397 -68.70713 -15.64513 158.9056 -68.70713 -15.64513 136.4599 -69.58515 -15.64513 159.9259 -67.90779 -15.64513 137.543 -70.53697 -15.64513 160.8777 -67.19162 -15.64513 138.6828 -71.55727 -15.64513 161.7557 -66.56264 -15.64513 139.8729 -72.64032 -15.64513 162.5551 -105.5798 -15.64513 142.3772 -114.9702 -15.64513 163.9002 -113.7801 -15.64513 163.2712 -106.0244 -15.64513 141.1066 -116.204 -15.64513 164.4385 -105.2314 -15.64513 143.6774 -117.4745 -15.64513 164.8831 -104.9811 -15.64513 145 -121.4349 -15.64513 129.7331 -122.7801 -15.64513 129.6828 -118.7747 -15.64513 165.2315 -104.8304 -15.64513 146.3376 -120.0973 -15.64513 129.8838 -120.0973 -15.64513 165.4817 -104.7801 -15.64513 147.6828 -118.7747 -15.64513 130.1341 -121.4349 -15.64513 165.6324 -104.8304 -15.64513 149.0279 -122.7801 -15.64513 165.6828 -117.4745 -15.64513 130.4824 -104.9811 -15.64513 150.3655 -116.204 -15.64513 130.927 -105.2314 -15.64513 151.6881 -114.9702 -15.64513 131.4653 -105.5798 -15.64513 152.9884 -113.7801 -15.64513 132.0943 -106.0244 -15.64513 154.2589 -112.6403 -15.64513 132.8105 -106.5626 -15.64513 155.4927 -111.5573 -15.64513 133.6098 -107.1916 -15.64513 156.6828 -110.537 -15.64513 134.4878 -107.9078 -15.64513 157.8225 -109.5851 -15.64513 135.4397 -108.7071 -15.64513 158.9056 -108.7071 -15.64513 136.4599 -109.5851 -15.64513 159.9259 -107.9078 -15.64513 137.543 -110.537 -15.64513 160.8777 -107.1916 -15.64513 138.6828 -111.5573 -15.64513 161.7557 -106.5626 -15.64513 139.8729 -112.6403 -15.64513 162.5551 -84.71323 -17.64513 -141.8883 -86.00731 -14.64513 -142.0586 -84.71323 -14.64513 -141.8883 -86.00731 -17.64513 -142.0586 -83.50731 -17.64513 -141.3887 -83.50731 -14.64513 -141.3887 -82.47179 -17.64513 -140.5942 -82.47179 -14.64513 -140.5942 -81.67719 -17.64513 -139.5586 -81.67719 -14.64513 -139.5586 -81.17769 -17.64513 -138.3527 -81.17769 -14.64513 -138.3527 -81.00731 -17.64513 -137.0586 -81.00731 -14.64513 -137.0586 -81.17769 -17.64513 -135.7645 -81.17769 -14.64513 -135.7645 -81.67719 -17.64513 -134.5586 -81.67719 -14.64513 -134.5586 -82.47179 -17.64513 -133.5231 -82.47179 -14.64513 -133.5231 -83.50731 -17.64513 -132.7285 -83.50731 -14.64513 -132.7285 -84.71323 -17.64513 -132.229 -84.71323 -14.64513 -132.229 -86.00731 -17.64513 -132.0586 -86.00731 -14.64513 -132.0586 -106.203 -17.64513 -141.8883 -107.4971 -14.64513 -142.0586 -106.203 -14.64513 -141.8883 -107.4971 -17.64513 -142.0586 -104.9971 -17.64513 -141.3887 -104.9971 -14.64513 -141.3887 -103.9616 -17.64513 -140.5942 -103.9616 -14.64513 -140.5942 -103.167 -17.64513 -139.5586 -103.167 -14.64513 -139.5586 -102.6675 -17.64513 -138.3527 -102.6675 -14.64513 -138.3527 -102.4971 -17.64513 -137.0586 -102.4971 -14.64513 -137.0586 -102.6675 -17.64513 -135.7645 -102.6675 -14.64513 -135.7645 -103.167 -17.64513 -134.5586 -103.167 -14.64513 -134.5586 -103.9616 -17.64513 -133.5231 -103.9616 -14.64513 -133.5231 -104.9971 -17.64513 -132.7285 -104.9971 -14.64513 -132.7285 -106.203 -17.64513 -132.229 -106.203 -14.64513 -132.229 -107.4971 -17.64513 -132.0586 -107.4971 -14.64513 -132.0586 -84.80333 -17.64513 -163.8436 -86.09743 -14.64513 -164.014 -84.80333 -14.64513 -163.8436 -86.09743 -17.64513 -164.014 -83.59743 -17.64513 -163.3441 -83.59743 -14.64513 -163.3441 -82.56189 -17.64513 -162.5495 -82.56189 -14.64513 -162.5495 -81.76731 -17.64513 -161.514 -81.76731 -14.64513 -161.514 -81.26779 -17.64513 -160.3081 -81.26779 -14.64513 -160.3081 -81.09743 -17.64513 -159.014 -81.09743 -14.64513 -159.014 -81.26779 -17.64513 -157.7199 -81.26779 -14.64513 -157.7199 -81.76731 -17.64513 -156.514 -81.76731 -14.64513 -156.514 -82.56189 -17.64513 -155.4784 -82.56189 -14.64513 -155.4784 -83.59743 -17.64513 -154.6838 -83.59743 -14.64513 -154.6838 -84.80333 -17.64513 -154.1843 -84.80333 -14.64513 -154.1843 -86.09743 -17.64513 -154.014 -86.09743 -14.64513 -154.014 -106.0995 -17.64513 -163.8436 -107.3936 -14.64513 -164.014 -106.0995 -14.64513 -163.8436 -107.3936 -17.64513 -164.014 -104.8936 -17.64513 -163.3441 -104.8936 -14.64513 -163.3441 -103.8581 -17.64513 -162.5495 -103.8581 -14.64513 -162.5495 -103.0635 -17.64513 -161.514 -103.0635 -14.64513 -161.514 -102.564 -17.64513 -160.3081 -102.564 -14.64513 -160.3081 -102.3936 -17.64513 -159.014 -102.3936 -14.64513 -159.014 -102.564 -17.64513 -157.7199 -102.564 -14.64513 -157.7199 -103.0635 -17.64513 -156.514 -103.0635 -14.64513 -156.514 -103.8581 -17.64513 -155.4784 -103.8581 -14.64513 -155.4784 -104.8936 -17.64513 -154.6838 -104.8936 -14.64513 -154.6838 -106.0995 -17.64513 -154.1843 -106.0995 -14.64513 -154.1843 -107.3936 -17.64513 -154.014 -107.3936 -14.64513 -154.014 -95.83766 -17.64513 -206.1728 -95.89632 -2.645126 -205.1282 -95.83766 -2.645126 -206.1728 -95.89632 -17.64513 -205.1282 -95.6624 -17.64513 -207.2043 -95.6624 -2.645126 -207.2043 -95.37274 -17.64513 -208.2097 -95.37274 -2.645126 -208.2097 -94.97235 -17.64513 -209.1764 -94.97235 -2.645126 -209.1764 -94.46623 -17.64513 -210.0921 -94.46623 -2.645126 -210.0921 -93.86077 -17.64513 -210.9454 -93.86077 -2.645126 -210.9454 -93.16358 -17.64513 -211.7256 -93.16358 -2.645126 -211.7256 -92.38341 -17.64513 -212.4228 -92.38341 -2.645126 -212.4228 -91.53009 -17.64513 -213.0282 -91.53009 -2.645126 -213.0282 -90.61435 -17.64513 -213.5344 -90.61435 -2.645126 -213.5344 -89.64771 -17.64513 -213.9348 -89.64771 -2.645126 -213.9348 -88.64229 -17.64513 -214.2244 -88.64229 -2.645126 -214.2244 -87.61078 -17.64513 -214.3997 -87.61078 -2.645126 -214.3997 -86.56613 -17.64513 -214.4584 -86.56613 -2.645126 -214.4584 -117.3377 -17.64513 -206.1728 -117.3963 -2.645126 -205.1282 -117.3377 -2.645126 -206.1728 -117.3963 -17.64513 -205.1282 -117.1624 -17.64513 -207.2043 -117.1624 -2.645126 -207.2043 -116.8727 -17.64513 -208.2097 -116.8727 -2.645126 -208.2097 -116.4724 -17.64513 -209.1764 -116.4724 -2.645126 -209.1764 -115.9662 -17.64513 -210.0921 -115.9662 -2.645126 -210.0921 -115.3608 -17.64513 -210.9454 -115.3608 -2.645126 -210.9454 -114.6636 -17.64513 -211.7256 -114.6636 -2.645126 -211.7256 -113.8834 -17.64513 -212.4228 -113.8834 -2.645126 -212.4228 -113.0301 -17.64513 -213.0282 -113.0301 -2.645126 -213.0282 -112.1144 -17.64513 -213.5344 -112.1144 -2.645126 -213.5344 -111.1477 -17.64513 -213.9348 -111.1477 -2.645126 -213.9348 -110.1423 -17.64513 -214.2244 -110.1423 -2.645126 -214.2244 -109.1108 -17.64513 -214.3997 -109.1108 -2.645126 -214.3997 -108.0661 -17.64513 -214.4584 -108.0661 -2.645126 -214.4584 -138.8376 -17.64513 -206.1728 -138.8963 -2.645126 -205.1282 -138.8376 -2.645126 -206.1728 -138.8963 -17.64513 -205.1282 -138.6624 -17.64513 -207.2043 -138.6624 -2.645126 -207.2043 -138.3727 -17.64513 -208.2097 -138.3727 -2.645126 -208.2097 -137.9723 -17.64513 -209.1764 -137.9723 -2.645126 -209.1764 -137.4662 -17.64513 -210.0921 -137.4662 -2.645126 -210.0921 -136.8608 -17.64513 -210.9454 -136.8608 -2.645126 -210.9454 -136.1636 -17.64513 -211.7256 -136.1636 -2.645126 -211.7256 -135.3834 -17.64513 -212.4228 -135.3834 -2.645126 -212.4228 -134.5301 -17.64513 -213.0282 -134.5301 -2.645126 -213.0282 -133.6143 -17.64513 -213.5344 -133.6143 -2.645126 -213.5344 -132.6477 -17.64513 -213.9348 -132.6477 -2.645126 -213.9348 -131.6423 -17.64513 -214.2244 -131.6423 -2.645126 -214.2244 -130.6108 -17.64513 -214.3997 -130.6108 -2.645126 -214.3997 -129.5661 -17.64513 -214.4584 -129.5661 -2.645126 -214.4584 6.470093 27.35487 68.51245 6.190704 27.35487 67.54262 6.470093 32.35487 68.51245 6.856323 32.35487 69.44489 6.856323 27.35487 69.44489 7.344513 32.35487 70.32823 7.344513 27.35487 70.32823 14.96506 27.35487 56.53993 14.96506 32.35487 56.53993 13.95737 32.35487 56.59653 13.95737 27.35487 56.59653 7.928558 32.35487 71.15135 7.928558 27.35487 71.15135 12.96234 27.35487 56.76558 12.96234 32.35487 56.76558 8.601075 32.35487 71.9039 8.601075 27.35487 71.9039 11.99252 27.35487 57.04498 11.99252 32.35487 57.04498 9.353638 32.35487 72.57642 9.353638 27.35487 72.57642 11.06009 27.35487 57.43121 11.06009 32.35487 57.43121 10.17676 32.35487 73.16046 10.17676 27.35487 73.16046 10.17676 27.35487 57.91942 10.17676 32.35487 57.91942 11.06009 27.35487 73.64865 11.06009 32.35487 73.64865 9.353638 27.35487 58.50345 9.353638 32.35487 58.50345 11.99252 27.35487 74.03488 11.99252 32.35487 74.03488 8.601075 27.35487 59.17598 8.601075 32.35487 59.17598 12.96234 27.35487 74.31429 12.96234 32.35487 74.31429 13.95737 27.35487 74.48336 13.95737 32.35487 74.48336 7.928558 27.35487 59.92853 7.928558 32.35487 59.92853 14.96506 32.35487 74.53993 14.96506 27.35487 74.53993 7.344513 27.35487 60.75165 7.344513 32.35487 60.75165 6.856323 27.35487 61.63498 6.856323 32.35487 61.63498 6.470093 32.35487 62.56743 6.470093 27.35487 62.56743 6.190704 32.35487 63.53725 6.190704 27.35487 63.53725 6.021637 32.35487 64.53226 6.021637 27.35487 64.53226 5.965057 32.35487 65.53993 5.965057 27.35487 65.53993 6.021637 32.35487 66.54763 6.021637 27.35487 66.54763 6.190704 32.35487 67.54262 224.7588 27.35487 68.51245 224.4794 27.35487 67.54262 224.7588 32.35487 68.51245 225.145 32.35487 69.44489 225.145 27.35487 69.44489 225.6332 32.35487 70.32823 225.6332 27.35487 70.32823 233.2538 27.35487 56.53993 233.2538 32.35487 56.53993 232.2461 32.35487 56.59653 232.2461 27.35487 56.59653 226.2173 32.35487 71.15135 226.2173 27.35487 71.15135 231.2511 27.35487 56.76558 231.2511 32.35487 56.76558 226.8898 32.35487 71.9039 226.8898 27.35487 71.9039 230.2812 27.35487 57.04498 230.2812 32.35487 57.04498 227.6424 32.35487 72.57642 227.6424 27.35487 72.57642 229.3488 27.35487 57.43121 229.3488 32.35487 57.43121 228.4655 32.35487 73.16046 228.4655 27.35487 73.16046 228.4655 27.35487 57.91942 228.4655 32.35487 57.91942 229.3488 27.35487 73.64865 229.3488 32.35487 73.64865 227.6424 27.35487 58.50345 227.6424 32.35487 58.50345 230.2812 27.35487 74.03488 230.2812 32.35487 74.03488 226.8898 27.35487 59.17598 226.8898 32.35487 59.17598 231.2511 27.35487 74.31429 231.2511 32.35487 74.31429 232.2461 27.35487 74.48336 232.2461 32.35487 74.48336 226.2173 27.35487 59.92853 226.2173 32.35487 59.92853 233.2538 32.35487 74.53993 233.2538 27.35487 74.53993 225.6332 27.35487 60.75165 225.6332 32.35487 60.75165 225.145 27.35487 61.63498 225.145 32.35487 61.63498 224.7588 32.35487 62.56743 224.7588 27.35487 62.56743 224.4794 32.35487 63.53725 224.4794 27.35487 63.53725 224.3104 32.35487 64.53226 224.3104 27.35487 64.53226 224.2538 32.35487 65.53993 224.2538 27.35487 65.53993 224.3104 32.35487 66.54763 224.3104 27.35487 66.54763 224.4794 32.35487 67.54262 285.6333 27.35487 49.23724 285.6333 32.35487 49.23724 284.4652 32.35487 49.39102 284.4652 27.35487 49.39102 283.3767 27.35487 49.8419 283.3767 32.35487 49.8419 282.442 27.35487 50.55914 282.442 32.35487 50.55914 281.7247 27.35487 51.49385 281.7247 32.35487 51.49385 281.2739 27.35487 52.58237 281.2739 32.35487 52.58237 281.1201 27.35487 53.75047 281.1201 32.35487 53.75047 281.2739 27.35487 54.91858 281.2739 32.35487 54.91858 281.7247 27.35487 56.00708 281.7247 32.35487 56.00708 282.442 27.35487 56.9418 282.442 32.35487 56.9418 283.3767 27.35487 57.65904 283.3767 32.35487 57.65904 284.4652 27.35487 58.10991 284.4652 32.35487 58.10991 285.6333 27.35487 58.2637 285.6333 32.35487 58.2637 233.2484 -17.64513 -8.023377 271.6716 -17.64513 -5.147766 271.2225 -17.64513 -6.097153 276.0649 -17.64513 -0.7544403 294.7783 -17.64513 42.12402 277.0143 -17.64513 -0.3054199 -120.5109 -17.64513 -230.1387 -114.5945 -17.64513 -220.4247 -120.4594 -17.64513 -231.3186 -132.4493 -17.64513 -168.9638 -112.3267 -17.64513 -138.3527 -131.506 -17.64513 -168.711 -120.4699 -17.64513 -207.2043 270.8688 -17.64513 -7.085968 -120.7595 -17.64513 -208.2097 -266.4079 -17.64513 208.557 -111.8272 -17.64513 -139.5586 -130.5414 -17.64513 -168.5582 278.0031 -17.64513 0.04838562 -79.63245 -17.64513 -171.5942 -80.32302 -17.64513 -170.9036 -133.7311 -17.64513 3.496246 -112.4542 -17.64513 41.41058 -73.30963 -17.64513 3.496246 -86.05658 -17.64513 41.41058 270.6136 -17.64513 -8.104722 -71.80599 -17.64513 3.442551 -70.31003 -17.64513 3.281708 -173.1348 -17.64513 -159.0306 -138.6924 -17.64513 -175.8975 -138.8452 -17.64513 -176.8621 -98.7946 -17.64513 -206.1728 -98.96987 -17.64513 -207.2043 -86.05658 -17.64513 59.24678 -55.6534 -17.64513 95.07373 -26.84042 -17.64513 45.12402 279.0219 -17.64513 0.3035736 -51.1569 -17.64513 95.07373 -26.84042 -17.64513 112.7553 -68.82933 -17.64513 3.014572 -129.5661 -17.64513 -168.5072 -26.73821 -17.64513 44.34758 270.4595 -17.64513 -9.14357 -67.37148 -17.64513 2.642471 -128.2754 -17.64513 -219.0498 -127.49 -17.64513 -214.2244 -127.2279 -17.64513 -219.5952 -174.1703 -17.64513 -159.8252 -138.8963 -17.64513 -177.8373 242.2231 -17.64513 -73.04558 270.6136 -17.64513 -58.28032 270.8688 -17.64513 -59.29906 280.0607 -17.64513 0.4576721 -185.6534 -17.64513 -199.9607 -126.4846 -17.64513 -213.9348 281.1097 -17.64513 -22.4908 281.1097 -17.64513 -20.89423 308.2207 -17.64513 -22.4908 -185.6534 -17.64513 -236.9016 308.2207 -17.64513 -20.89423 -65.94388 -17.64513 2.167328 -26.43851 -17.64513 43.62402 281.1097 -17.64513 0.5092011 270.408 -17.64513 -10.19252 -64.55382 -17.64513 1.591537 -121.1599 -17.64513 -209.1764 -79.01786 -17.64513 -172.3532 271.2225 -17.64513 -60.28789 270.4595 -17.64513 -11.24147 -63.20837 -17.64513 0.9180603 -25.96175 -17.64513 43.00271 270.6136 -17.64513 -12.28032 -61.91441 -17.64513 0.1503143 -99.25952 -17.64513 -208.2097 -60.6785 -17.64513 -0.7077942 -25.34042 -17.64513 42.52595 270.8688 -17.64513 -13.29906 -90.33745 -17.64513 -134.5586 -59.50697 -17.64513 -1.651871 271.2225 -17.64513 -14.28789 -89.54285 -17.64513 -133.5231 -88.50731 -17.64513 -132.7285 -108.1573 -17.64513 -105.8244 309.2696 -17.64513 -20.8427 309.2696 -17.64513 -22.54233 -58.40576 -17.64513 -2.677124 233.2484 -17.64513 -34.94742 -111.0326 -17.64513 -140.5942 -109.9971 -17.64513 -141.3887 -110.9291 -17.64513 -155.4784 -170.6998 -17.64513 172.2761 -24.61688 -17.64513 42.22626 -57.38051 -17.64513 -3.778336 -108.7912 -17.64513 -141.8883 -109.8936 -17.64513 -154.6838 -125.5179 -17.64513 -213.5344 -126.2319 -17.64513 -220.2297 -111.7237 -17.64513 -156.514 -266.4079 -17.64513 172.2761 -266.4079 -17.64513 189.7761 -121.666 -17.64513 -210.0921 -78.48595 -17.64513 -173.1722 -56.43642 -17.64513 -4.949875 -55.57832 -17.64513 -6.185776 -90.83695 -17.64513 -135.7645 -23.84042 -17.64513 42.12402 -54.81058 -17.64513 -7.479752 -87.30141 -17.64513 -132.229 -78.08713 -17.64513 -105.8244 -128.5909 -17.64513 -168.5582 -112.2232 -17.64513 -157.7199 -127.6263 -17.64513 -168.711 -122.2715 -17.64513 -210.9454 -108.6877 -17.64513 -154.1843 -54.13708 -17.64513 -8.825196 -125.295 -17.64513 -220.9486 -91.00731 -17.64513 -137.0586 -53.56131 -17.64513 -10.21526 242.2231 -17.64513 -102.0456 308.2207 -17.64513 -66.89424 296.7635 -17.64513 -220.4247 119.3341 -17.64513 -220.4247 225.4976 -17.64513 -102.0456 -124.6022 -17.64513 -213.0282 315.0098 -17.64513 -64.46504 315.7879 -17.64513 -63.75978 314.1662 -17.64513 -65.09066 313.2655 -17.64513 -65.6306 312.3161 -17.64513 -66.07961 311.3272 -17.64513 -66.43343 310.3085 -17.64513 -66.68862 309.2696 -17.64513 -66.8427 -101.823 -17.64513 -170.9036 -92.80925 -17.64513 -170.9036 -101.1324 -17.64513 -171.5942 -93.49982 -17.64513 -171.5942 119.3341 -17.64513 -243.255 296.7635 -17.64513 -243.255 327.5921 -17.64513 -253.443 271.6716 -17.64513 -61.23726 318.1077 -17.64513 -60.28789 318.4616 -17.64513 -59.29906 317.6588 -17.64513 -61.23726 317.1188 -17.64513 -62.13808 316.4932 -17.64513 -62.98161 310.3085 -17.64513 -20.6886 310.3085 -17.64513 -22.69643 327.5921 -17.64513 208.557 -143.7325 -17.64513 198.8193 -33.55484 -17.64513 197.5494 143.9832 -17.64513 197.5494 159.8027 -17.64513 197.5494 318.9224 -17.64513 -10.19252 318.8709 -17.64513 -9.14357 318.7167 -17.64513 -8.104722 -53.08615 -17.64513 -11.64285 318.4616 -17.64513 -7.085968 318.9224 -17.64513 -33.19252 318.9224 -17.64513 -56.19252 318.8709 -17.64513 -57.24147 -126.6829 -17.64513 -168.9638 -112.3936 -17.64513 -159.014 318.7167 -17.64513 -58.28032 -125.7712 -17.64513 -169.3138 -100.5179 -17.64513 -172.3532 -94.11441 -17.64513 -172.3532 -266.4079 -17.64513 -253.443 -132.8166 -17.64513 -244.8041 -114.5945 -17.64513 -243.255 105.8608 -17.64513 -243.255 -104.8336 -17.64513 105.7529 -142.7801 -17.64513 127.7311 -62.78007 -17.64513 127.7311 -92.51558 -17.64513 175.14 -62.78007 -17.64513 167.6344 -142.7801 -17.64513 167.6344 220.1943 -17.64513 -8.023377 159.8027 -17.64513 175.9101 297.7783 -17.64513 112.7553 143.9832 -17.64513 175.9101 -90.83695 -17.64513 -138.3527 105.8608 -17.64513 -220.4247 -85.52149 -17.64513 -214.3997 -84.48996 -17.64513 -214.2244 -52.71406 -17.64513 -13.10071 -83.48456 -17.64513 -213.9348 -92.05028 -17.64513 -170.289 -82.51792 -17.64513 -213.5344 -81.60218 -17.64513 -213.0282 -80.74886 -17.64513 -212.4228 -79.96869 -17.64513 -211.7256 -90.42755 -17.64513 -161.514 -79.27149 -17.64513 -210.9454 -78.66603 -17.64513 -210.0921 -78.15991 -17.64513 -209.1764 -77.75952 -17.64513 -208.2097 -77.46987 -17.64513 -207.2043 -78.04257 -17.64513 -174.0424 -104.9846 -17.64513 -213.9348 -52.44691 -17.64513 -14.58139 -122.9687 -17.64513 -211.7256 -77.6926 -17.64513 -174.9541 -99.65991 -17.64513 -209.1764 -124.901 -17.64513 -169.7572 -112.2232 -17.64513 -160.3081 -124.082 -17.64513 -170.289 -99.98595 -17.64513 -173.1722 -94.64632 -17.64513 -173.1722 -52.28609 -17.64513 -16.07736 -139.1421 -17.64513 174.2627 -138.0942 -17.64513 174.8464 -52.23237 -17.64513 -17.58099 -140.2395 -17.64513 173.7782 -141.3768 -17.64513 173.397 -142.5445 -17.64513 173.1224 -143.7325 -17.64513 172.9566 -89.63297 -17.64513 -162.5495 -91.23123 -17.64513 -169.7572 -137.1045 -17.64513 175.5243 -136.1817 -17.64513 176.2906 -53.56131 -17.64513 -24.94673 220.1943 -17.64513 -34.94742 225.4976 -17.64513 -73.04558 -266.4079 -17.64513 104.7761 -266.4079 -17.64513 122.2761 -202.6658 -17.64513 90.93595 -170.6998 -17.64513 122.2761 -90.33745 -17.64513 -139.5586 -99.54257 -17.64513 -174.0424 -95.08969 -17.64513 -174.0424 -141.3768 -17.64513 198.3789 -142.5445 -17.64513 198.6535 -92.51558 -17.64513 192.4008 -140.2395 -17.64513 197.9977 -139.1421 -17.64513 197.5132 -138.0942 -17.64513 196.9295 -137.1045 -17.64513 196.2516 -136.1817 -17.64513 195.4852 -135.3335 -17.64513 194.637 -134.5672 -17.64513 193.7142 -133.8893 -17.64513 192.7246 -133.3056 -17.64513 191.6766 -132.8211 -17.64513 190.5793 -132.4398 -17.64513 189.4419 273.5424 -17.64513 -17.75977 274.3206 -17.64513 -18.46506 274.3206 -17.64513 -24.91998 -132.1652 -17.64513 188.2743 -124.4243 -17.64513 -221.7464 273.5424 -17.64513 -25.62526 -131.9995 -17.64513 187.0862 -131.9441 -17.64513 185.888 272.8371 -17.64513 -16.98161 272.8371 -17.64513 -26.40343 -131.9995 -17.64513 184.6897 -88.59743 -17.64513 -163.3441 -90.36107 -17.64513 -169.3138 -52.28609 -17.64513 -19.08463 272.2115 -17.64513 -16.13808 272.2115 -17.64513 -27.24696 -182.4225 -17.64513 90.93595 275.1641 -17.64513 -24.29437 -123.323 -17.64513 -170.9036 -111.7237 -17.64513 -161.514 -132.1652 -17.64513 183.5016 -123.7489 -17.64513 -212.4228 -132.4398 -17.64513 182.334 275.1641 -17.64513 -19.09067 -132.8211 -17.64513 181.1966 -133.3056 -17.64513 180.0993 311.3272 -17.64513 -20.43343 311.3272 -17.64513 -22.95162 -133.8893 -17.64513 179.0513 -134.5672 -17.64513 178.0617 -135.3335 -17.64513 177.1389 -202.6658 -17.64513 60.35573 272.2115 -17.64513 -62.13808 -33.55484 -17.64513 175.9101 -226.4414 -17.64513 8.064255 -68.02384 -17.64513 192.4008 271.6716 -17.64513 -15.23727 271.6716 -17.64513 -28.14777 -89.54285 -17.64513 -140.5942 312.3161 -17.64513 -20.07961 312.3161 -17.64513 -23.30542 -68.02384 -17.64513 175.14 276.0649 -17.64513 -23.75444 -52.44691 -17.64513 -20.5806 276.0649 -17.64513 -19.63059 -182.4225 -17.64513 60.35573 -207.6098 -17.64513 8.064255 271.2225 -17.64513 -29.09715 -113.2645 -17.64513 105.7529 277.0143 -17.64513 -23.30542 -235.4005 -17.64513 -236.9016 272.8371 -17.64513 -62.98161 225.4976 -17.64513 -94.04558 225.4976 -17.64513 -91.54558 242.2231 -17.64513 -94.04558 -113.2645 -17.64513 95.07373 277.0143 -17.64513 -20.07961 -99.1926 -17.64513 -174.9541 -95.43967 -17.64513 -174.9541 242.2231 -17.64513 -91.54558 -266.4079 -17.64513 -64.17967 -226.4414 -17.64513 -24.32614 313.2655 -17.64513 -19.63059 313.2655 -17.64513 -23.75444 -135.2347 -17.64513 -38.60454 -133.7311 -17.64513 -38.65823 -108.1573 -17.64513 -76.87831 -136.7307 -17.64513 -38.44369 -73.30963 -17.64513 -38.65823 -171.6703 -17.64513 -69.17967 -89.44933 -17.64513 -168.9638 -82.07021 -17.64513 100.4133 270.8688 -17.64513 -30.08597 -104.8336 -17.64513 95.07373 -207.6098 -17.64513 -24.32614 -195.7744 -17.64513 -13.72591 242.2231 -17.64513 -81.04558 273.5424 -17.64513 -63.75978 -82.07021 -17.64513 95.07373 278.0031 -17.64513 -22.95162 -71.95313 -17.64513 100.4133 314.1662 -17.64513 -19.09067 314.1662 -17.64513 -24.29437 -112.4542 -17.64513 59.24678 278.0031 -17.64513 -20.43343 270.6136 -17.64513 -31.10472 274.3206 -17.64513 -64.46504 -195.7744 -17.64513 -24.32614 -181.9918 -17.64513 -13.72591 279.0219 -17.64513 -22.69643 -55.6534 -17.64513 105.7529 -100.166 -17.64513 -210.0921 279.0219 -17.64513 -20.6886 -51.1569 -17.64513 105.7529 315.0098 -17.64513 -18.46506 315.0098 -17.64513 -24.91998 -71.95313 -17.64513 95.07373 275.1641 -17.64513 -65.09066 242.2231 -17.64513 -83.54558 -148.6349 -17.64513 -2.677124 -147.5337 -17.64513 -1.651871 280.0607 -17.64513 -22.54233 -149.6602 -17.64513 -3.778336 -150.6042 -17.64513 -4.949875 280.0607 -17.64513 -20.8427 270.4595 -17.64513 -32.14357 -266.4079 -17.64513 -160.4951 -235.4005 -17.64513 -199.9607 -241.5573 -17.64513 -212.2744 -146.3622 -17.64513 -0.7077942 -87.39153 -17.64513 -163.8436 -88.50598 -17.64513 -168.711 315.7879 -17.64513 -17.75977 315.7879 -17.64513 -25.62526 -95.69243 -17.64513 -175.8975 -98.93982 -17.64513 -175.8975 -151.4624 -17.64513 -6.185776 276.0649 -17.64513 -65.6306 -145.1263 -17.64513 0.1503143 270.408 -17.64513 -33.19252 -143.8323 -17.64513 0.9180603 -152.2301 -17.64513 -7.479752 316.4932 -17.64513 -16.98161 316.4932 -17.64513 -26.40343 270.4595 -17.64513 -34.24147 -142.4869 -17.64513 1.591537 -98.78705 -17.64513 -176.8621 -95.84522 -17.64513 -176.8621 270.6136 -17.64513 -35.28032 -152.9036 -17.64513 -8.825196 277.0143 -17.64513 -66.07961 -141.0968 -17.64513 2.167328 -87.5414 -17.64513 -168.5582 225.4976 -17.64513 -81.04558 -153.4794 -17.64513 -10.21526 317.1188 -17.64513 -16.13808 317.1188 -17.64513 -27.24696 -139.6692 -17.64513 2.642471 270.8688 -17.64513 -36.29906 308.2207 -17.64513 0.5092011 -153.9545 -17.64513 -11.64285 295.5547 -17.64513 42.22626 296.2783 -17.64513 42.52595 -86.56613 -17.64513 -168.5072 278.0031 -17.64513 -66.43343 -154.3266 -17.64513 -13.10071 271.2225 -17.64513 -37.28789 309.2696 -17.64513 0.4576721 -138.2113 -17.64513 3.014572 -98.73593 -17.64513 -177.8373 -95.89632 -17.64513 -177.8373 296.8995 -17.64513 43.00271 279.0219 -17.64513 -66.68862 317.6588 -17.64513 -15.23727 317.6588 -17.64513 -28.14777 -136.7307 -17.64513 3.281708 -154.5938 -17.64513 -14.58139 280.0607 -17.64513 -66.8427 -122.6324 -17.64513 -171.5942 -114.3093 -17.64513 -170.9036 310.3085 -17.64513 0.3035736 -114.9998 -17.64513 -171.5942 311.3272 -17.64513 0.04838562 318.1077 -17.64513 -14.28789 318.1077 -17.64513 -29.09715 -135.2347 -17.64513 3.442551 297.3763 -17.64513 43.62402 -154.7546 -17.64513 -16.07736 -85.59087 -17.64513 -168.5582 -122.0179 -17.64513 -172.3532 -115.6144 -17.64513 -172.3532 312.3161 -17.64513 -0.3054199 -113.5503 -17.64513 -170.289 -121.486 -17.64513 -173.1722 -116.1463 -17.64513 -173.1722 281.1097 -17.64513 -66.89424 318.4616 -17.64513 -30.08597 -110.9291 -17.64513 -162.5495 -112.7312 -17.64513 -169.7572 318.4616 -17.64513 -13.29906 -154.8083 -17.64513 -17.58099 313.2655 -17.64513 -0.7544403 297.676 -17.64513 44.34758 -84.62627 -17.64513 -168.711 -181.9918 -17.64513 -24.32614 -154.7546 -17.64513 -19.08463 318.7167 -17.64513 -31.10472 318.7167 -17.64513 -12.28032 -121.0426 -17.64513 -174.0424 -116.5897 -17.64513 -174.0424 318.8709 -17.64513 -32.14357 -154.5938 -17.64513 -20.5806 314.1662 -17.64513 -1.294373 318.8709 -17.64513 -11.24147 -111.8611 -17.64513 -169.3138 -154.3266 -17.64513 -22.06128 -123.6265 -17.64513 -222.6171 -122.9076 -17.64513 -223.554 -122.273 -17.64513 -224.5501 -121.7277 -17.64513 -225.5976 315.0098 -17.64513 -1.919983 -121.2758 -17.64513 -226.6886 297.7783 -17.64513 45.12402 -132.8166 -17.64513 -217.833 -153.9545 -17.64513 -23.51914 -153.4794 -17.64513 -24.94673 -100.7715 -17.64513 -210.9454 -83.68294 -17.64513 -168.9638 -101.4687 -17.64513 -211.7256 281.1097 -17.64513 -43.89422 308.2207 -17.64513 -43.89422 308.2207 -17.64513 -45.4908 281.1097 -17.64513 -45.4908 300.3177 -17.64513 197.5494 315.7879 -17.64513 -2.625259 -102.2489 -17.64513 -212.4228 -235.4005 -17.64513 -212.2744 -152.9036 -17.64513 -26.33679 -103.1022 -17.64513 -213.0282 -176.6703 -17.64513 -160.4951 -120.6926 -17.64513 -174.9541 -116.9397 -17.64513 -174.9541 -120.9207 -17.64513 -227.8149 -104.0179 -17.64513 -213.5344 -110.9493 -17.64513 -168.9638 -152.2301 -17.64513 -27.68224 -131.6457 -17.64513 -217.9872 -109.8936 -17.64513 -163.3441 316.4932 -17.64513 -3.403427 309.2696 -17.64513 -45.54233 309.2696 -17.64513 -43.8427 300.3177 -17.64513 175.9101 -82.7712 -17.64513 -169.3138 -151.4624 -17.64513 -28.97621 -241.5573 -17.64513 -224.3417 317.1188 -17.64513 -4.246963 -171.6703 -17.64513 -155.4951 -107.0215 -17.64513 -214.3997 -78.08713 -17.64513 -76.87831 -150.6042 -17.64513 -30.21211 -58.40576 -17.64513 -32.48485 -57.38051 -17.64513 -31.38365 -59.50697 -17.64513 -33.51012 -60.6785 -17.64513 -34.45419 -61.91441 -17.64513 -35.3123 -63.20837 -17.64513 -36.08005 -64.55382 -17.64513 -36.75352 -65.94388 -17.64513 -37.32931 -67.37148 -17.64513 -37.80446 -68.82933 -17.64513 -38.17656 -70.31003 -17.64513 -38.44369 -71.80599 -17.64513 -38.60454 -235.4005 -17.64513 -224.3417 -175.3762 -17.64513 -160.3247 -105.99 -17.64513 -214.2244 272.8371 -17.64513 -39.98161 273.5424 -17.64513 -40.75976 272.8371 -17.64513 -49.40343 -111.0326 -17.64513 -133.5231 -111.8272 -17.64513 -134.5586 -110.006 -17.64513 -168.711 -108.6877 -17.64513 -163.8436 273.5424 -17.64513 -48.62526 -109.9971 -17.64513 -132.7285 -120.5109 -17.64513 -232.4984 274.3206 -17.64513 -41.46506 274.3206 -17.64513 -47.91997 -120.6651 -17.64513 -233.6692 -120.9207 -17.64513 -234.8222 -112.3267 -17.64513 -135.7645 -121.2758 -17.64513 -235.9485 -121.7277 -17.64513 -237.0396 -122.273 -17.64513 -238.0871 -122.9076 -17.64513 -239.0831 272.2115 -17.64513 -39.13808 272.2115 -17.64513 -50.24696 -123.6265 -17.64513 -240.02 -124.4243 -17.64513 -240.8907 -120.4398 -17.64513 -175.8975 -117.1924 -17.64513 -175.8975 -125.295 -17.64513 -241.6885 -108.7912 -17.64513 -132.229 -126.2319 -17.64513 -242.4075 -127.2279 -17.64513 -243.042 310.3085 -17.64513 -43.6886 310.3085 -17.64513 -45.69643 -128.2754 -17.64513 -243.5873 -129.3665 -17.64513 -244.0392 -130.4928 -17.64513 -244.3943 -131.6457 -17.64513 -244.6499 -120.6651 -17.64513 -228.9679 -120.2359 -17.64513 -177.8373 -117.3963 -17.64513 -177.8373 275.1641 -17.64513 -42.09067 275.1641 -17.64513 -47.29437 -112.4971 -17.64513 -137.0586 -120.2871 -17.64513 -176.8621 -117.3452 -17.64513 -176.8621 -120.2359 -17.64513 -205.1282 -109.0414 -17.64513 -168.5582 -176.6703 -17.64513 -64.17967 -130.4928 -17.64513 -218.2428 -108.0661 -17.64513 -168.5072 317.6588 -17.64513 -5.147766 271.6716 -17.64513 -51.14775 271.6716 -17.64513 -38.23727 276.0649 -17.64513 -46.75444 -56.43642 -17.64513 -30.21211 -55.57832 -17.64513 -28.97621 276.0649 -17.64513 -42.63058 -107.0909 -17.64513 -168.5582 -149.6602 -17.64513 -31.38365 -175.3762 -17.64513 -64.35002 -81.90103 -17.64513 -169.7572 271.2225 -17.64513 -52.09715 277.0143 -17.64513 -46.30542 277.0143 -17.64513 -43.0796 -106.1263 -17.64513 -168.711 -98.73593 -17.64513 -205.1282 -148.6349 -17.64513 -32.48485 -147.5337 -17.64513 -33.51012 -174.1703 -17.64513 -64.84954 -105.1829 -17.64513 -168.9638 270.8688 -17.64513 -53.08598 311.3272 -17.64513 -43.43342 311.3272 -17.64513 -45.95161 -104.2712 -17.64513 -169.3138 278.0031 -17.64513 -43.43342 278.0031 -17.64513 -45.95161 312.3161 -17.64513 -43.0796 312.3161 -17.64513 -46.30542 313.2655 -17.64513 -46.75444 318.1077 -17.64513 -6.097153 -146.3622 -17.64513 -34.45419 -145.1263 -17.64513 -35.3123 -173.1348 -17.64513 -65.64412 -89.63297 -17.64513 -155.4784 313.2655 -17.64513 -42.63058 314.1662 -17.64513 -47.29437 -88.59743 -17.64513 -154.6838 -88.50731 -17.64513 -141.3887 -90.42755 -17.64513 -156.514 314.1662 -17.64513 -42.09067 270.6136 -17.64513 -54.10472 279.0219 -17.64513 -43.6886 279.0219 -17.64513 -45.69643 315.0098 -17.64513 -47.91997 -171.8407 -17.64513 -156.7892 -136.4998 -17.64513 -171.5942 315.0098 -17.64513 -41.46506 -103.401 -17.64513 -169.7572 315.7879 -17.64513 -48.62526 -143.8323 -17.64513 -36.08005 -142.4869 -17.64513 -36.75352 -172.3402 -17.64513 -66.67967 -135.8092 -17.64513 -170.9036 -171.8407 -17.64513 -67.88558 -137.1144 -17.64513 -172.3532 -90.92705 -17.64513 -157.7199 315.7879 -17.64513 -40.75976 316.4932 -17.64513 -49.40343 -135.0503 -17.64513 -170.289 -87.39153 -17.64513 -154.1843 -87.30141 -17.64513 -141.8883 -137.6463 -17.64513 -173.1722 316.4932 -17.64513 -39.98161 -172.3402 -17.64513 -157.9951 317.1188 -17.64513 -50.24696 280.0607 -17.64513 -45.54233 -141.0968 -17.64513 -37.32931 280.0607 -17.64513 -43.8427 -134.2312 -17.64513 -169.7572 -102.582 -17.64513 -170.289 -120.2946 -17.64513 -206.1728 317.1188 -17.64513 -39.13808 317.6588 -17.64513 -51.14775 270.4595 -17.64513 -55.14357 -81.08199 -17.64513 -170.289 317.6588 -17.64513 -38.23727 -139.6692 -17.64513 -37.80446 318.1077 -17.64513 -52.09715 -91.09743 -17.64513 -159.014 225.4976 -17.64513 -83.54558 -77.2946 -17.64513 -206.1728 -77.23593 -17.64513 -205.1282 318.1077 -17.64513 -37.28789 318.4616 -17.64513 -53.08598 -77.23593 -17.64513 -177.8373 -54.13708 -17.64513 -26.33679 -54.81058 -17.64513 -27.68224 -133.3611 -17.64513 -169.3138 -77.43982 -17.64513 -175.8975 -77.28705 -17.64513 -176.8621 318.4616 -17.64513 -36.29906 318.7167 -17.64513 -54.10472 -138.0897 -17.64513 -174.0424 -129.3665 -17.64513 -218.5979 -90.92705 -17.64513 -160.3081 270.408 -17.64513 -56.19252 318.7167 -17.64513 -35.28032 318.8709 -17.64513 -55.14357 -138.2113 -17.64513 -38.17656 -128.5215 -17.64513 -214.3997 318.8709 -17.64513 -34.24147 -52.71406 -17.64513 -22.06128 -53.08615 -17.64513 -23.51914 270.4595 -17.64513 -57.24147 -138.4397 -17.64513 -174.9541 273.5424 -17.64513 -2.625259 272.8371 -17.64513 -3.403427 274.3206 -17.64513 -1.919983 272.2115 -17.64513 -4.246963 275.1641 -17.64513 -1.294373 -266.4079 -22.64513 189.7761 -266.4079 -22.64513 208.557 -266.4079 -22.64513 -253.443 -266.4079 -22.64513 104.7761 -8.275574 37.35487 192.0207 -33.55484 37.35487 175.9101 -33.55484 37.35487 197.5494 -8.275574 37.35487 181.1859 3.575104 37.35487 181.1859 3.575104 37.35487 192.0207 13.72443 37.35487 192.0207 13.72443 37.35487 181.1859 35.72443 37.35487 192.0207 25.5751 37.35487 181.1859 25.5751 37.35487 192.0207 35.72443 37.35487 181.1859 57.72443 37.35487 192.0207 47.5751 37.35487 181.1859 47.5751 37.35487 192.0207 57.72443 37.35487 181.1859 79.72443 37.35487 192.0207 69.57511 37.35487 181.1859 69.57511 37.35487 192.0207 79.72443 37.35487 181.1859 101.7244 37.35487 192.0207 91.57511 37.35487 181.1859 91.57511 37.35487 192.0207 101.7244 37.35487 181.1859 123.7244 37.35487 192.0207 113.5751 37.35487 181.1859 113.5751 37.35487 192.0207 123.7244 37.35487 181.1859 143.9832 37.35487 175.9101 135.5751 37.35487 181.1859 135.5751 37.35487 192.0207 143.9832 37.35487 197.5494 123.7244 -12.64513 181.1859 135.5751 -12.64513 181.1859 123.7244 -12.64513 192.0207 135.5751 -12.64513 192.0207 101.7244 -12.64513 181.1859 113.5751 -12.64513 181.1859 101.7244 -12.64513 192.0207 113.5751 -12.64513 192.0207 79.72443 -12.64513 181.1859 91.57511 -12.64513 181.1859 79.72443 -12.64513 192.0207 91.57511 -12.64513 192.0207 57.72443 -12.64513 181.1859 69.57511 -12.64513 181.1859 57.72443 -12.64513 192.0207 69.57511 -12.64513 192.0207 35.72443 -12.64513 181.1859 47.5751 -12.64513 181.1859 35.72443 -12.64513 192.0207 47.5751 -12.64513 192.0207 13.72443 -12.64513 181.1859 25.5751 -12.64513 181.1859 13.72443 -12.64513 192.0207 25.5751 -12.64513 192.0207 -8.275574 -12.64513 192.0207 -8.275574 -12.64513 181.1859 3.575104 -12.64513 192.0207 3.575104 -12.64513 181.1859 327.5921 -22.64513 -253.443 327.5921 -22.64513 208.557 -129.3665 -22.64513 -218.5979 -140.2395 -22.64513 173.7782 -130.4928 -22.64513 -218.2428 -128.2754 -22.64513 -219.0498 -139.1421 -22.64513 174.2627 -138.0942 -22.64513 174.8464 -127.2279 -22.64513 -219.5952 -137.1045 -22.64513 175.5243 -126.2319 -22.64513 -220.2297 -136.1817 -22.64513 176.2906 -125.295 -22.64513 -220.9486 -135.3335 -22.64513 177.1389 -124.4243 -22.64513 -221.7464 -134.5672 -22.64513 178.0617 -133.8893 -22.64513 179.0513 -123.6265 -22.64513 -222.6171 -133.3056 -22.64513 180.0993 -132.8211 -22.64513 181.1966 -132.4398 -22.64513 182.334 -132.1652 -22.64513 183.5016 -131.9995 -22.64513 184.6897 -131.9441 -22.64513 185.888 -131.9995 -22.64513 187.0862 -132.1652 -22.64513 188.2743 -132.4398 -22.64513 189.4419 -132.8211 -22.64513 190.5793 -133.3056 -22.64513 191.6766 -133.8893 -22.64513 192.7246 -134.5672 -22.64513 193.7142 -135.3335 -22.64513 194.637 -136.1817 -22.64513 195.4852 -137.1045 -22.64513 196.2516 -138.0942 -22.64513 196.9295 -139.1421 -22.64513 197.5132 -140.2395 -22.64513 197.9977 -141.3768 -22.64513 198.3789 -129.3665 -22.64513 -244.0392 -130.4928 -22.64513 -244.3943 -128.2754 -22.64513 -243.5873 -127.2279 -22.64513 -243.042 -126.2319 -22.64513 -242.4075 -125.295 -22.64513 -241.6885 -124.4243 -22.64513 -240.8907 -123.6265 -22.64513 -240.02 -122.9076 -22.64513 -239.0831 -122.273 -22.64513 -238.0871 -121.7277 -22.64513 -237.0396 -121.2758 -22.64513 -235.9485 -120.9207 -22.64513 -234.8222 -120.6651 -22.64513 -233.6692 -120.5109 -22.64513 -232.4984 -120.4594 -22.64513 -231.3186 -120.5109 -22.64513 -230.1387 -120.6651 -22.64513 -228.9679 -120.9207 -22.64513 -227.8149 -121.2758 -22.64513 -226.6886 -121.7277 -22.64513 -225.5976 -122.273 -22.64513 -224.5501 -122.9076 -22.64513 -223.554 -132.8166 -22.64513 -244.8041 -131.6457 -22.64513 -244.6499 -143.7325 -22.64513 198.8193 -142.5445 -22.64513 198.6535 -143.7325 -22.64513 172.9566 -142.5445 -22.64513 173.1224 -132.8166 -22.64513 -217.833 -131.6457 -22.64513 -217.9872 -141.3768 -22.64513 173.397 168.1826 37.35487 192.0207 159.8027 37.35487 175.9101 159.8027 37.35487 197.5494 168.1826 37.35487 181.1859 179.3866 37.35487 181.1859 190.1826 37.35487 181.1859 179.3866 37.35487 192.0207 190.1826 37.35487 192.0207 212.1826 37.35487 192.0207 201.3866 37.35487 181.1859 201.3866 37.35487 192.0207 212.1826 37.35487 181.1859 234.1826 37.35487 192.0207 223.3866 37.35487 181.1859 223.3866 37.35487 192.0207 234.1826 37.35487 181.1859 256.1826 37.35487 192.0207 245.3866 37.35487 181.1859 245.3866 37.35487 192.0207 256.1826 37.35487 181.1859 278.1826 37.35487 192.0207 267.3866 37.35487 181.1859 267.3866 37.35487 192.0207 278.1826 37.35487 181.1859 300.3177 37.35487 175.9101 289.3866 37.35487 181.1859 289.3866 37.35487 192.0207 300.3177 37.35487 197.5494 278.1826 -12.64513 181.1859 289.3866 -12.64513 181.1859 278.1826 -12.64513 192.0207 289.3866 -12.64513 192.0207 256.1826 -12.64513 181.1859 267.3866 -12.64513 181.1859 256.1826 -12.64513 192.0207 267.3866 -12.64513 192.0207 234.1826 -12.64513 181.1859 245.3866 -12.64513 181.1859 234.1826 -12.64513 192.0207 245.3866 -12.64513 192.0207 212.1826 -12.64513 181.1859 223.3866 -12.64513 181.1859 212.1826 -12.64513 192.0207 223.3866 -12.64513 192.0207 190.1826 -12.64513 181.1859 201.3866 -12.64513 181.1859 190.1826 -12.64513 192.0207 201.3866 -12.64513 192.0207 168.1826 -12.64513 192.0207 168.1826 -12.64513 181.1859 179.3866 -12.64513 192.0207 179.3866 -12.64513 181.1859 13.25153 37.35487 -225.1878 105.8608 37.35487 -220.4247 23.31516 37.35487 -225.1878 35.25152 37.35487 -225.1878 45.31515 37.35487 -225.1878 57.25152 37.35487 -225.1878 -114.5945 37.35487 -220.4247 -52.74849 37.35487 -225.1878 -64.68483 37.35487 -225.1878 105.8608 37.35487 -243.255 -114.5945 37.35487 -243.255 67.31516 37.35487 -239.1901 57.25152 37.35487 -239.1901 45.31515 37.35487 -239.1901 35.25152 37.35487 -239.1901 23.31516 37.35487 -239.1901 13.25153 37.35487 -239.1901 1.315155 37.35487 -239.1901 -8.748475 37.35487 -239.1901 -20.68483 37.35487 -239.1901 -30.74849 37.35487 -239.1901 -42.68483 37.35487 -239.1901 -52.74849 37.35487 -239.1901 -64.68483 37.35487 -239.1901 -42.68483 37.35487 -225.1878 -20.68483 37.35487 -225.1878 -30.74849 37.35487 -225.1878 1.315155 37.35487 -225.1878 -8.748475 37.35487 -225.1878 67.31516 37.35487 -225.1878 79.25153 37.35487 -239.1901 89.31516 37.35487 -239.1901 101.2515 37.35487 -239.1901 89.31516 37.35487 -225.1878 79.25153 37.35487 -225.1878 101.2515 37.35487 -225.1878 89.31516 -12.64513 -239.1901 101.2515 -12.64513 -239.1901 89.31516 -12.64513 -225.1878 101.2515 -12.64513 -225.1878 67.31516 -12.64513 -239.1901 79.25153 -12.64513 -239.1901 67.31516 -12.64513 -225.1878 79.25153 -12.64513 -225.1878 45.31515 -12.64513 -239.1901 57.25152 -12.64513 -239.1901 45.31515 -12.64513 -225.1878 57.25152 -12.64513 -225.1878 23.31516 -12.64513 -239.1901 35.25152 -12.64513 -239.1901 23.31516 -12.64513 -225.1878 35.25152 -12.64513 -225.1878 1.315155 -12.64513 -239.1901 13.25153 -12.64513 -239.1901 1.315155 -12.64513 -225.1878 13.25153 -12.64513 -225.1878 -20.68483 -12.64513 -239.1901 -8.748475 -12.64513 -239.1901 -20.68483 -12.64513 -225.1878 -8.748475 -12.64513 -225.1878 -42.68483 -12.64513 -239.1901 -30.74849 -12.64513 -239.1901 -42.68483 -12.64513 -225.1878 -30.74849 -12.64513 -225.1878 -64.68483 -12.64513 -225.1878 -64.68483 -12.64513 -239.1901 -52.74849 -12.64513 -225.1878 -52.74849 -12.64513 -239.1901 119.3341 37.35487 -220.4247 233.9996 37.35487 -225.1878 222.5425 37.35487 -225.1878 211.9996 37.35487 -225.1878 200.5425 37.35487 -225.1878 189.9996 37.35487 -225.1878 178.5425 37.35487 -225.1878 167.9996 37.35487 -225.1878 156.5425 37.35487 -225.1878 296.7635 37.35487 -243.255 119.3341 37.35487 -243.255 145.9996 37.35487 -239.1901 156.5425 37.35487 -239.1901 167.9996 37.35487 -239.1901 178.5425 37.35487 -239.1901 189.9996 37.35487 -239.1901 200.5425 37.35487 -239.1901 211.9996 37.35487 -239.1901 222.5425 37.35487 -239.1901 233.9996 37.35487 -239.1901 134.5425 37.35487 -239.1901 123.9996 37.35487 -239.1901 244.5425 37.35487 -239.1901 255.9996 37.35487 -239.1901 123.9996 37.35487 -225.1878 134.5425 37.35487 -225.1878 145.9996 37.35487 -225.1878 255.9996 37.35487 -225.1878 244.5425 37.35487 -225.1878 277.9996 37.35487 -225.1878 277.9996 37.35487 -239.1901 266.5426 37.35487 -239.1901 266.5426 37.35487 -225.1878 288.5426 37.35487 -239.1901 288.5426 37.35487 -225.1878 296.7635 37.35487 -220.4247 277.9996 -12.64513 -239.1901 288.5426 -12.64513 -239.1901 277.9996 -12.64513 -225.1878 288.5426 -12.64513 -225.1878 255.9996 -12.64513 -239.1901 266.5426 -12.64513 -239.1901 255.9996 -12.64513 -225.1878 266.5426 -12.64513 -225.1878 233.9996 -12.64513 -239.1901 244.5425 -12.64513 -239.1901 233.9996 -12.64513 -225.1878 244.5425 -12.64513 -225.1878 211.9996 -12.64513 -239.1901 222.5425 -12.64513 -239.1901 211.9996 -12.64513 -225.1878 222.5425 -12.64513 -225.1878 189.9996 -12.64513 -239.1901 200.5425 -12.64513 -239.1901 189.9996 -12.64513 -225.1878 200.5425 -12.64513 -225.1878 167.9996 -12.64513 -239.1901 178.5425 -12.64513 -239.1901 167.9996 -12.64513 -225.1878 178.5425 -12.64513 -225.1878 145.9996 -12.64513 -239.1901 156.5425 -12.64513 -239.1901 145.9996 -12.64513 -225.1878 156.5425 -12.64513 -225.1878 123.9996 -12.64513 -225.1878 123.9996 -12.64513 -239.1901 134.5425 -12.64513 -225.1878 134.5425 -12.64513 -239.1901 166.6015 7.354874 107.7553 166.6015 7.354874 97.75534 154.6015 7.354874 97.75534 154.6015 7.354874 107.7553 -13.39851 7.354874 107.7553 -13.39851 7.354874 97.75534 -26.84042 7.354874 97.75534 -26.84042 7.354874 112.7553 186.6015 7.354874 107.7553 186.6015 7.354874 97.75534 174.6015 7.354874 97.75534 -5.398499 7.354874 107.7553 174.6015 7.354874 107.7553 6.601501 7.354874 107.7553 6.601501 7.354874 97.75534 -5.398499 7.354874 97.75534 206.6015 7.354874 107.7553 206.6015 7.354874 97.75534 194.6015 7.354874 97.75534 194.6015 7.354874 107.7553 14.6015 7.354874 107.7553 26.6015 7.354874 107.7553 26.6015 7.354874 97.75534 14.6015 7.354874 97.75534 226.6015 7.354874 107.7553 226.6015 7.354874 97.75534 214.6015 7.354874 97.75534 214.6015 7.354874 107.7553 246.6015 7.354874 107.7553 246.6015 7.354874 97.75534 234.6015 7.354874 97.75534 234.6015 7.354874 107.7553 46.6015 7.354874 107.7553 46.6015 7.354874 97.75534 34.6015 7.354874 97.75534 34.6015 7.354874 107.7553 266.6015 7.354874 107.7553 266.6015 7.354874 97.75534 254.6015 7.354874 97.75534 254.6015 7.354874 107.7553 66.6015 7.354874 107.7553 66.6015 7.354874 97.75534 54.6015 7.354874 97.75534 54.6015 7.354874 107.7553 286.6015 7.354874 107.7553 286.6015 7.354874 97.75534 274.6015 7.354874 97.75534 274.6015 7.354874 107.7553 86.6015 7.354874 107.7553 86.6015 7.354874 97.75534 74.6015 7.354874 97.75534 74.6015 7.354874 107.7553 294.6015 7.354874 107.7553 297.7783 7.354874 97.75534 294.6015 7.354874 97.75534 297.7783 7.354874 112.7553 106.6015 7.354874 107.7553 106.6015 7.354874 97.75534 94.6015 7.354874 97.75534 94.6015 7.354874 107.7553 146.6015 7.354874 107.7553 134.6015 7.354874 107.7553 126.6015 7.354874 107.7553 114.6015 7.354874 107.7553 126.6015 7.354874 97.75534 114.6015 7.354874 97.75534 146.6015 7.354874 97.75534 134.6015 7.354874 97.75534 114.6015 22.35487 97.75534 126.6015 22.35487 97.75534 294.6015 22.35487 97.75534 94.6015 22.35487 97.75534 106.6015 22.35487 97.75534 297.7783 32.35487 97.75534 286.6015 22.35487 97.75534 274.6015 22.35487 97.75534 74.6015 22.35487 97.75534 86.6015 22.35487 97.75534 266.6015 22.35487 97.75534 254.6015 22.35487 97.75534 54.6015 22.35487 97.75534 66.6015 22.35487 97.75534 246.6015 22.35487 97.75534 34.6015 22.35487 97.75534 46.6015 22.35487 97.75534 234.6015 22.35487 97.75534 14.6015 22.35487 97.75534 26.6015 22.35487 97.75534 214.6015 22.35487 97.75534 226.6015 22.35487 97.75534 -5.398499 22.35487 97.75534 6.601501 22.35487 97.75534 194.6015 22.35487 97.75534 206.6015 22.35487 97.75534 -13.39851 22.35487 97.75534 -26.84042 32.35487 97.75534 174.6015 22.35487 97.75534 186.6015 22.35487 97.75534 166.6015 22.35487 97.75534 154.6015 22.35487 97.75534 146.6015 22.35487 97.75534 134.6015 22.35487 97.75534 -26.84042 32.35487 45.12402 297.7783 32.35487 45.12402 294.7783 32.35487 42.12402 -23.84042 32.35487 42.12402 23.96506 32.35487 65.53993 23.90845 32.35487 66.54763 289.5419 32.35487 56.00708 289.9927 32.35487 54.91858 -24.61688 32.35487 42.22626 -25.34042 32.35487 42.52595 -25.96175 32.35487 43.00271 -26.43851 32.35487 43.62402 -26.73821 32.35487 44.34758 286.8014 32.35487 58.10991 287.8899 32.35487 57.65904 288.8246 32.35487 56.9418 240.8743 32.35487 70.32823 234.2614 32.35487 74.48336 235.2565 32.35487 74.31429 236.2263 32.35487 74.03488 23.73938 32.35487 67.54262 237.1587 32.35487 73.64865 238.042 32.35487 73.16046 238.8652 32.35487 72.57642 239.6177 32.35487 71.9039 240.2902 32.35487 71.15135 16.96774 32.35487 56.76558 17.93756 32.35487 57.04498 18.87 32.35487 57.43121 17.93756 32.35487 74.03488 18.87 32.35487 73.64865 23.45999 32.35487 68.51245 15.97272 32.35487 74.48336 23.07376 32.35487 69.44489 22.58557 32.35487 70.32823 16.96774 32.35487 74.31429 15.97272 32.35487 56.59653 22.00153 32.35487 71.15135 21.32901 32.35487 71.9039 20.57645 32.35487 72.57642 19.75333 32.35487 73.16046 237.1587 32.35487 57.43121 238.042 32.35487 57.91942 236.2263 32.35487 57.04498 238.8652 32.35487 58.50345 239.6177 32.35487 59.17598 235.2565 32.35487 56.76558 240.2902 32.35487 59.92853 240.8743 32.35487 60.75165 241.3625 32.35487 61.63498 241.7487 32.35487 62.56743 242.0281 32.35487 63.53725 242.1972 32.35487 64.53226 286.8014 32.35487 49.39102 234.2614 32.35487 56.59653 242.2538 32.35487 65.53993 242.1972 32.35487 66.54763 287.8899 32.35487 49.8419 288.8246 32.35487 50.55914 21.32901 32.35487 59.17598 22.00153 32.35487 59.92853 20.57645 32.35487 58.50345 242.0281 32.35487 67.54262 241.7487 32.35487 68.51245 22.58557 32.35487 60.75165 19.75333 32.35487 57.91942 241.3625 32.35487 69.44489 23.07376 32.35487 61.63498 23.45999 32.35487 62.56743 289.5419 32.35487 51.49385 289.9927 32.35487 52.58237 297.676 32.35487 44.34758 297.3763 32.35487 43.62402 296.8995 32.35487 43.00271 296.2783 32.35487 42.52595 295.5547 32.35487 42.22626 23.73938 32.35487 63.53725 23.90845 32.35487 64.53226 290.1465 32.35487 53.75047 -13.39851 19.35487 107.7553 -13.39851 20.13133 107.6531 -13.39851 22.35487 104.7553 -13.39851 20.85487 107.3534 -13.39851 21.4762 106.8767 -13.39851 21.95296 106.2553 -13.39851 22.25266 105.5318 -5.398499 22.35487 104.7553 -5.398499 19.35487 107.7553 -5.398499 22.25266 105.5318 -5.398499 21.4762 106.8767 -5.398499 21.95296 106.2553 -5.398499 20.85487 107.3534 -5.398499 20.13133 107.6531 6.601501 19.35487 107.7553 6.601501 20.13133 107.6531 6.601501 22.35487 104.7553 6.601501 20.85487 107.3534 6.601501 21.4762 106.8767 6.601501 21.95296 106.2553 6.601501 22.25266 105.5318 14.6015 22.35487 104.7553 14.6015 19.35487 107.7553 14.6015 22.25266 105.5318 14.6015 21.4762 106.8767 14.6015 21.95296 106.2553 14.6015 20.85487 107.3534 14.6015 20.13133 107.6531 26.6015 19.35487 107.7553 26.6015 20.13133 107.6531 26.6015 22.35487 104.7553 26.6015 20.85487 107.3534 26.6015 21.4762 106.8767 26.6015 21.95296 106.2553 26.6015 22.25266 105.5318 34.6015 22.35487 104.7553 34.6015 19.35487 107.7553 34.6015 22.25266 105.5318 34.6015 21.4762 106.8767 34.6015 21.95296 106.2553 34.6015 20.85487 107.3534 34.6015 20.13133 107.6531 46.6015 19.35487 107.7553 46.6015 20.13133 107.6531 46.6015 22.35487 104.7553 46.6015 20.85487 107.3534 46.6015 21.4762 106.8767 46.6015 21.95296 106.2553 46.6015 22.25266 105.5318 54.6015 22.35487 104.7553 54.6015 19.35487 107.7553 54.6015 22.25266 105.5318 54.6015 21.4762 106.8767 54.6015 21.95296 106.2553 54.6015 20.85487 107.3534 54.6015 20.13133 107.6531 66.6015 19.35487 107.7553 66.6015 20.13133 107.6531 66.6015 22.35487 104.7553 66.6015 20.85487 107.3534 66.6015 21.4762 106.8767 66.6015 21.95296 106.2553 66.6015 22.25266 105.5318 74.6015 22.35487 104.7553 74.6015 19.35487 107.7553 74.6015 22.25266 105.5318 74.6015 21.4762 106.8767 74.6015 21.95296 106.2553 74.6015 20.85487 107.3534 74.6015 20.13133 107.6531 86.6015 19.35487 107.7553 86.6015 20.13133 107.6531 86.6015 22.35487 104.7553 86.6015 20.85487 107.3534 86.6015 21.4762 106.8767 86.6015 21.95296 106.2553 86.6015 22.25266 105.5318 94.6015 22.35487 104.7553 94.6015 19.35487 107.7553 94.6015 22.25266 105.5318 94.6015 21.4762 106.8767 94.6015 21.95296 106.2553 94.6015 20.85487 107.3534 94.6015 20.13133 107.6531 106.6015 19.35487 107.7553 106.6015 20.13133 107.6531 106.6015 22.35487 104.7553 106.6015 20.85487 107.3534 106.6015 21.4762 106.8767 106.6015 21.95296 106.2553 106.6015 22.25266 105.5318 114.6015 22.35487 104.7553 114.6015 19.35487 107.7553 114.6015 22.25266 105.5318 114.6015 21.4762 106.8767 114.6015 21.95296 106.2553 114.6015 20.85487 107.3534 114.6015 20.13133 107.6531 126.6015 19.35487 107.7553 126.6015 20.13133 107.6531 126.6015 22.35487 104.7553 126.6015 20.85487 107.3534 126.6015 21.4762 106.8767 126.6015 21.95296 106.2553 126.6015 22.25266 105.5318 134.6015 22.35487 104.7553 134.6015 19.35487 107.7553 134.6015 22.25266 105.5318 134.6015 21.4762 106.8767 134.6015 21.95296 106.2553 134.6015 20.85487 107.3534 134.6015 20.13133 107.6531 146.6015 19.35487 107.7553 146.6015 20.13133 107.6531 146.6015 22.35487 104.7553 146.6015 20.85487 107.3534 146.6015 21.4762 106.8767 146.6015 21.95296 106.2553 146.6015 22.25266 105.5318 154.6015 22.35487 104.7553 154.6015 19.35487 107.7553 154.6015 22.25266 105.5318 154.6015 21.4762 106.8767 154.6015 21.95296 106.2553 154.6015 20.85487 107.3534 154.6015 20.13133 107.6531 166.6015 19.35487 107.7553 166.6015 20.13133 107.6531 166.6015 22.35487 104.7553 166.6015 20.85487 107.3534 166.6015 21.4762 106.8767 166.6015 21.95296 106.2553 166.6015 22.25266 105.5318 174.6015 22.35487 104.7553 174.6015 19.35487 107.7553 174.6015 22.25266 105.5318 174.6015 21.4762 106.8767 174.6015 21.95296 106.2553 174.6015 20.85487 107.3534 174.6015 20.13133 107.6531 186.6015 19.35487 107.7553 186.6015 20.13133 107.6531 186.6015 22.35487 104.7553 186.6015 20.85487 107.3534 186.6015 21.4762 106.8767 186.6015 21.95296 106.2553 186.6015 22.25266 105.5318 194.6015 22.35487 104.7553 194.6015 19.35487 107.7553 194.6015 22.25266 105.5318 194.6015 21.4762 106.8767 194.6015 21.95296 106.2553 194.6015 20.85487 107.3534 194.6015 20.13133 107.6531 206.6015 19.35487 107.7553 206.6015 20.13133 107.6531 206.6015 22.35487 104.7553 206.6015 20.85487 107.3534 206.6015 21.4762 106.8767 206.6015 21.95296 106.2553 206.6015 22.25266 105.5318 214.6015 22.35487 104.7553 214.6015 19.35487 107.7553 214.6015 22.25266 105.5318 214.6015 21.4762 106.8767 214.6015 21.95296 106.2553 214.6015 20.85487 107.3534 214.6015 20.13133 107.6531 226.6015 19.35487 107.7553 226.6015 20.13133 107.6531 226.6015 22.35487 104.7553 226.6015 20.85487 107.3534 226.6015 21.4762 106.8767 226.6015 21.95296 106.2553 226.6015 22.25266 105.5318 234.6015 22.35487 104.7553 234.6015 19.35487 107.7553 234.6015 22.25266 105.5318 234.6015 21.4762 106.8767 234.6015 21.95296 106.2553 234.6015 20.85487 107.3534 234.6015 20.13133 107.6531 246.6015 19.35487 107.7553 246.6015 20.13133 107.6531 246.6015 22.35487 104.7553 246.6015 20.85487 107.3534 246.6015 21.4762 106.8767 246.6015 21.95296 106.2553 246.6015 22.25266 105.5318 254.6015 22.35487 104.7553 254.6015 19.35487 107.7553 254.6015 22.25266 105.5318 254.6015 21.4762 106.8767 254.6015 21.95296 106.2553 254.6015 20.85487 107.3534 254.6015 20.13133 107.6531 266.6015 19.35487 107.7553 266.6015 20.13133 107.6531 266.6015 22.35487 104.7553 266.6015 20.85487 107.3534 266.6015 21.4762 106.8767 266.6015 21.95296 106.2553 266.6015 22.25266 105.5318 274.6015 22.35487 104.7553 274.6015 19.35487 107.7553 274.6015 22.25266 105.5318 274.6015 21.4762 106.8767 274.6015 21.95296 106.2553 274.6015 20.85487 107.3534 274.6015 20.13133 107.6531 286.6015 19.35487 107.7553 286.6015 20.13133 107.6531 286.6015 22.35487 104.7553 286.6015 20.85487 107.3534 286.6015 21.4762 106.8767 286.6015 21.95296 106.2553 286.6015 22.25266 105.5318 294.6015 22.35487 104.7553 294.6015 19.35487 107.7553 294.6015 22.25266 105.5318 294.6015 21.4762 106.8767 294.6015 21.95296 106.2553 294.6015 20.85487 107.3534 294.6015 20.13133 107.6531 286.8014 27.35487 58.10991 287.8899 27.35487 57.65904 288.8246 27.35487 56.9418 289.5419 27.35487 56.00708 289.9927 27.35487 54.91858 290.1465 27.35487 53.75047 289.9927 27.35487 52.58237 289.5419 27.35487 51.49385 288.8246 27.35487 50.55914 287.8899 27.35487 49.8419 286.8014 27.35487 49.39102 241.7487 27.35487 62.56743 242.0281 27.35487 63.53725 241.3625 27.35487 61.63498 240.8743 27.35487 60.75165 234.2614 27.35487 74.48336 240.2902 27.35487 59.92853 235.2565 27.35487 74.31429 239.6177 27.35487 59.17598 236.2263 27.35487 74.03488 238.8652 27.35487 58.50345 237.1587 27.35487 73.64865 238.042 27.35487 57.91942 238.042 27.35487 73.16046 237.1587 27.35487 57.43121 238.8652 27.35487 72.57642 236.2263 27.35487 57.04498 239.6177 27.35487 71.9039 235.2565 27.35487 56.76558 234.2614 27.35487 56.59653 240.2902 27.35487 71.15135 240.8743 27.35487 70.32823 241.3625 27.35487 69.44489 241.7487 27.35487 68.51245 242.0281 27.35487 67.54262 242.1972 27.35487 66.54763 242.2538 27.35487 65.53993 242.1972 27.35487 64.53226 23.45999 27.35487 62.56743 23.73938 27.35487 63.53725 23.07376 27.35487 61.63498 22.58557 27.35487 60.75165 15.97272 27.35487 74.48336 22.00153 27.35487 59.92853 16.96774 27.35487 74.31429 21.32901 27.35487 59.17598 17.93756 27.35487 74.03488 20.57645 27.35487 58.50345 18.87 27.35487 73.64865 19.75333 27.35487 57.91942 19.75333 27.35487 73.16046 18.87 27.35487 57.43121 20.57645 27.35487 72.57642 17.93756 27.35487 57.04498 21.32901 27.35487 71.9039 16.96774 27.35487 56.76558 15.97272 27.35487 56.59653 22.00153 27.35487 71.15135 22.58557 27.35487 70.32823 23.07376 27.35487 69.44489 23.45999 27.35487 68.51245 23.73938 27.35487 67.54262 23.90845 27.35487 66.54763 23.96506 27.35487 65.53993 23.90845 27.35487 64.53226 305.7207 2.354874 -58.4362 308.2207 2.354874 -66.89424 281.1097 2.354874 -66.89424 305.7207 2.354874 -53.94884 283.6097 2.354874 -58.4362 283.6097 2.354874 -53.94884 310.7207 2.354874 -58.4362 315.7879 2.354874 -63.75978 315.0098 2.354874 -64.46504 314.1662 2.354874 -65.09066 313.2655 2.354874 -65.6306 312.3161 2.354874 -66.07961 311.3272 2.354874 -66.43343 310.3085 2.354874 -66.68862 309.2696 2.354874 -66.8427 316.4932 2.354874 -62.98161 317.1188 2.354874 -62.13808 317.6588 2.354874 -61.23726 318.1077 2.354874 -60.28789 318.4616 2.354874 -59.29906 318.7167 2.354874 -58.28032 278.6097 2.354874 -58.4362 280.0607 2.354874 -66.8427 279.0219 2.354874 -66.68862 278.0031 2.354874 -66.43343 318.8709 2.354874 -57.24147 277.0143 2.354874 -66.07961 318.9224 2.354874 -56.19252 310.7207 2.354874 -53.94884 276.0649 2.354874 -65.6306 275.1641 2.354874 -65.09066 274.3206 2.354874 -64.46504 273.5424 2.354874 -63.75978 272.8371 2.354874 -62.98161 308.2207 2.354874 -45.4908 281.1097 2.354874 -45.4908 272.2115 2.354874 -62.13808 271.6716 2.354874 -61.23726 271.2225 2.354874 -60.28789 270.8688 2.354874 -59.29906 270.6136 2.354874 -58.28032 270.4595 2.354874 -57.24147 318.8709 2.354874 -55.14357 270.408 2.354874 -56.19252 309.2696 2.354874 -45.54233 318.7167 2.354874 -54.10472 310.3085 2.354874 -45.69643 278.6097 2.354874 -53.94884 270.4595 2.354874 -55.14357 318.4616 2.354874 -53.08598 270.6136 2.354874 -54.10472 311.3272 2.354874 -45.95161 270.8688 2.354874 -53.08598 271.2225 2.354874 -52.09715 271.6716 2.354874 -51.14775 272.2115 2.354874 -50.24696 272.8371 2.354874 -49.40343 312.3161 2.354874 -46.30542 273.5424 2.354874 -48.62526 318.1077 2.354874 -52.09715 313.2655 2.354874 -46.75444 317.6588 2.354874 -51.14775 274.3206 2.354874 -47.91997 314.1662 2.354874 -47.29437 275.1641 2.354874 -47.29437 317.1188 2.354874 -50.24696 276.0649 2.354874 -46.75444 315.0098 2.354874 -47.91997 316.4932 2.354874 -49.40343 277.0143 2.354874 -46.30542 315.7879 2.354874 -48.62526 278.0031 2.354874 -45.95161 279.0219 2.354874 -45.69643 280.0607 2.354874 -45.54233 283.6097 37.35487 -53.94884 283.6097 37.35487 -58.4362 278.6097 37.35487 -58.4362 278.6097 37.35487 -53.94884 310.7207 37.35487 -53.94884 310.7207 37.35487 -58.4362 305.7207 37.35487 -58.4362 305.7207 37.35487 -53.94884 305.7207 2.354874 -35.43619 308.2207 2.354874 -43.89422 281.1097 2.354874 -43.89422 305.7207 2.354874 -30.94885 283.6097 2.354874 -35.43619 283.6097 2.354874 -30.94885 310.7207 2.354874 -35.43619 315.7879 2.354874 -40.75976 315.0098 2.354874 -41.46506 314.1662 2.354874 -42.09067 313.2655 2.354874 -42.63058 312.3161 2.354874 -43.0796 311.3272 2.354874 -43.43342 310.3085 2.354874 -43.6886 309.2696 2.354874 -43.8427 316.4932 2.354874 -39.98161 317.1188 2.354874 -39.13808 317.6588 2.354874 -38.23727 318.1077 2.354874 -37.28789 318.4616 2.354874 -36.29906 318.7167 2.354874 -35.28032 278.6097 2.354874 -35.43619 280.0607 2.354874 -43.8427 279.0219 2.354874 -43.6886 278.0031 2.354874 -43.43342 318.8709 2.354874 -34.24147 277.0143 2.354874 -43.0796 308.2207 2.354874 -22.4908 281.1097 2.354874 -22.4908 276.0649 2.354874 -42.63058 275.1641 2.354874 -42.09067 274.3206 2.354874 -41.46506 310.7207 2.354874 -30.94885 273.5424 2.354874 -40.75976 272.8371 2.354874 -39.98161 272.2115 2.354874 -39.13808 271.6716 2.354874 -38.23727 318.9224 2.354874 -33.19252 271.2225 2.354874 -37.28789 270.8688 2.354874 -36.29906 270.6136 2.354874 -35.28032 270.4595 2.354874 -34.24147 309.2696 2.354874 -22.54233 270.408 2.354874 -33.19252 318.8709 2.354874 -32.14357 310.3085 2.354874 -22.69643 318.7167 2.354874 -31.10472 318.4616 2.354874 -30.08597 278.6097 2.354874 -30.94885 270.4595 2.354874 -32.14357 270.6136 2.354874 -31.10472 270.8688 2.354874 -30.08597 271.2225 2.354874 -29.09715 271.6716 2.354874 -28.14777 272.2115 2.354874 -27.24696 311.3272 2.354874 -22.95162 272.8371 2.354874 -26.40343 312.3161 2.354874 -23.30542 318.1077 2.354874 -29.09715 273.5424 2.354874 -25.62526 313.2655 2.354874 -23.75444 317.6588 2.354874 -28.14777 274.3206 2.354874 -24.91998 314.1662 2.354874 -24.29437 275.1641 2.354874 -24.29437 317.1188 2.354874 -27.24696 276.0649 2.354874 -23.75444 315.0098 2.354874 -24.91998 316.4932 2.354874 -26.40343 277.0143 2.354874 -23.30542 315.7879 2.354874 -25.62526 278.0031 2.354874 -22.95162 279.0219 2.354874 -22.69643 280.0607 2.354874 -22.54233 283.6097 37.35487 -30.94885 283.6097 37.35487 -35.43619 278.6097 37.35487 -35.43619 278.6097 37.35487 -30.94885 310.7207 37.35487 -30.94885 310.7207 37.35487 -35.43619 305.7207 37.35487 -35.43619 305.7207 37.35487 -30.94885 305.7207 2.354874 -12.43619 308.2207 2.354874 -20.89423 281.1097 2.354874 -20.89423 305.7207 2.354874 -7.948853 283.6097 2.354874 -12.43619 283.6097 2.354874 -7.948853 310.7207 2.354874 -12.43619 315.7879 2.354874 -17.75977 315.0098 2.354874 -18.46506 314.1662 2.354874 -19.09067 313.2655 2.354874 -19.63059 312.3161 2.354874 -20.07961 311.3272 2.354874 -20.43343 310.3085 2.354874 -20.6886 309.2696 2.354874 -20.8427 316.4932 2.354874 -16.98161 317.1188 2.354874 -16.13808 317.6588 2.354874 -15.23727 318.1077 2.354874 -14.28789 318.4616 2.354874 -13.29906 318.7167 2.354874 -12.28032 278.6097 2.354874 -12.43619 280.0607 2.354874 -20.8427 279.0219 2.354874 -20.6886 278.0031 2.354874 -20.43343 318.8709 2.354874 -11.24147 277.0143 2.354874 -20.07961 318.9224 2.354874 -10.19252 310.7207 2.354874 -7.948853 276.0649 2.354874 -19.63059 275.1641 2.354874 -19.09067 274.3206 2.354874 -18.46506 273.5424 2.354874 -17.75977 272.8371 2.354874 -16.98161 308.2207 2.354874 0.5092011 281.1097 2.354874 0.5092011 272.2115 2.354874 -16.13808 271.6716 2.354874 -15.23727 271.2225 2.354874 -14.28789 270.8688 2.354874 -13.29906 270.6136 2.354874 -12.28032 270.4595 2.354874 -11.24147 318.8709 2.354874 -9.14357 270.408 2.354874 -10.19252 309.2696 2.354874 0.4576721 318.7167 2.354874 -8.104722 310.3085 2.354874 0.3035736 278.6097 2.354874 -7.948853 270.4595 2.354874 -9.14357 318.4616 2.354874 -7.085968 270.6136 2.354874 -8.104722 311.3272 2.354874 0.04838562 270.8688 2.354874 -7.085968 271.2225 2.354874 -6.097153 271.6716 2.354874 -5.147766 272.2115 2.354874 -4.246963 272.8371 2.354874 -3.403427 312.3161 2.354874 -0.3054199 273.5424 2.354874 -2.625259 318.1077 2.354874 -6.097153 313.2655 2.354874 -0.7544403 317.6588 2.354874 -5.147766 274.3206 2.354874 -1.919983 314.1662 2.354874 -1.294373 275.1641 2.354874 -1.294373 317.1188 2.354874 -4.246963 276.0649 2.354874 -0.7544403 315.0098 2.354874 -1.919983 316.4932 2.354874 -3.403427 277.0143 2.354874 -0.3054199 315.7879 2.354874 -2.625259 278.0031 2.354874 0.04838562 279.0219 2.354874 0.3035736 280.0607 2.354874 0.4576721 283.6097 37.35487 -7.948853 283.6097 37.35487 -12.43619 278.6097 37.35487 -12.43619 278.6097 37.35487 -7.948853 310.7207 37.35487 -7.948853 310.7207 37.35487 -12.43619 305.7207 37.35487 -12.43619 305.7207 37.35487 -7.948853 233.2484 -9.645127 -8.023377 233.2484 -9.645127 -34.94742 220.1943 -9.645127 -34.94742 220.1943 -9.645127 -8.023377 225.4976 -9.645127 -102.0456 225.4976 -9.645127 -94.04558 242.2231 -9.645127 -94.04558 242.2231 -9.645127 -102.0456 225.4976 -9.645127 -91.54558 225.4976 -9.645127 -83.54558 242.2231 -9.645127 -83.54558 242.2231 -9.645127 -91.54558 225.4976 -9.645127 -81.04558 225.4976 -9.645127 -73.04558 242.2231 -9.645127 -73.04558 242.2231 -9.645127 -81.04558 -120.2871 -2.645126 -176.8621 -120.2359 -2.645126 -177.8373 -127.1691 -2.645126 -175.3373 -128.5909 -2.645126 -168.5582 -129.5661 -2.645126 -168.5072 -131.9631 -2.645126 -207.6282 -120.4398 -2.645126 -175.8975 -127.6263 -2.645126 -168.711 -120.6926 -2.645126 -174.9541 -126.6829 -2.645126 -168.9638 -121.0426 -2.645126 -174.0424 -127.1691 -2.645126 -207.6282 -123.7489 -2.645126 -212.4228 -124.6022 -2.645126 -213.0282 -125.7712 -2.645126 -169.3138 -125.5179 -2.645126 -213.5344 -126.4846 -2.645126 -213.9348 -127.49 -2.645126 -214.2244 -121.486 -2.645126 -173.1722 -128.5215 -2.645126 -214.3997 -124.901 -2.645126 -169.7572 -122.9687 -2.645126 -211.7256 -122.0179 -2.645126 -172.3532 -131.9631 -2.645126 -202.6282 -122.2715 -2.645126 -210.9454 -124.082 -2.645126 -170.289 -122.6324 -2.645126 -171.5942 -121.666 -2.645126 -210.0921 -121.1599 -2.645126 -209.1764 -123.323 -2.645126 -170.9036 -120.7595 -2.645126 -208.2097 -120.4699 -2.645126 -207.2043 -120.2946 -2.645126 -206.1728 -120.2359 -2.645126 -205.1282 -127.1691 -2.645126 -202.6282 -131.9631 -2.645126 -180.3373 -138.8963 -2.645126 -177.8373 -127.1691 -2.645126 -180.3373 -131.9631 -2.645126 -175.3373 -138.8452 -2.645126 -176.8621 -138.6924 -2.645126 -175.8975 -138.4397 -2.645126 -174.9541 -138.0897 -2.645126 -174.0424 -137.6463 -2.645126 -173.1722 -137.1144 -2.645126 -172.3532 -136.4998 -2.645126 -171.5942 -135.8092 -2.645126 -170.9036 -135.0503 -2.645126 -170.289 -134.2312 -2.645126 -169.7572 -133.3611 -2.645126 -169.3138 -132.4493 -2.645126 -168.9638 -131.506 -2.645126 -168.711 -130.5414 -2.645126 -168.5582 -127.1691 32.35487 -202.6282 -127.1691 32.35487 -207.6282 -131.9631 32.35487 -207.6282 -131.9631 32.35487 -202.6282 -127.1691 32.35487 -175.3373 -127.1691 32.35487 -180.3373 -131.9631 32.35487 -180.3373 -131.9631 32.35487 -175.3373 -98.78705 -2.645126 -176.8621 -98.73593 -2.645126 -177.8373 -105.6691 -2.645126 -175.3373 -107.0909 -2.645126 -168.5582 -108.0661 -2.645126 -168.5072 -110.4631 -2.645126 -207.6282 -98.93982 -2.645126 -175.8975 -106.1263 -2.645126 -168.711 -99.1926 -2.645126 -174.9541 -105.1829 -2.645126 -168.9638 -99.54257 -2.645126 -174.0424 -105.6691 -2.645126 -207.6282 -102.2489 -2.645126 -212.4228 -103.1022 -2.645126 -213.0282 -104.2712 -2.645126 -169.3138 -104.0179 -2.645126 -213.5344 -104.9846 -2.645126 -213.9348 -105.99 -2.645126 -214.2244 -99.98595 -2.645126 -173.1722 -107.0215 -2.645126 -214.3997 -103.401 -2.645126 -169.7572 -101.4687 -2.645126 -211.7256 -100.5179 -2.645126 -172.3532 -110.4631 -2.645126 -202.6282 -100.7715 -2.645126 -210.9454 -102.582 -2.645126 -170.289 -101.1324 -2.645126 -171.5942 -100.166 -2.645126 -210.0921 -99.65991 -2.645126 -209.1764 -101.823 -2.645126 -170.9036 -99.25952 -2.645126 -208.2097 -98.96987 -2.645126 -207.2043 -98.7946 -2.645126 -206.1728 -98.73593 -2.645126 -205.1282 -105.6691 -2.645126 -202.6282 -110.4631 -2.645126 -180.3373 -117.3963 -2.645126 -177.8373 -105.6691 -2.645126 -180.3373 -110.4631 -2.645126 -175.3373 -117.3452 -2.645126 -176.8621 -117.1924 -2.645126 -175.8975 -116.9397 -2.645126 -174.9541 -116.5897 -2.645126 -174.0424 -116.1463 -2.645126 -173.1722 -115.6144 -2.645126 -172.3532 -114.9998 -2.645126 -171.5942 -114.3093 -2.645126 -170.9036 -113.5503 -2.645126 -170.289 -112.7312 -2.645126 -169.7572 -111.8611 -2.645126 -169.3138 -110.9493 -2.645126 -168.9638 -110.006 -2.645126 -168.711 -109.0414 -2.645126 -168.5582 -105.6691 32.35487 -202.6282 -105.6691 32.35487 -207.6282 -110.4631 32.35487 -207.6282 -110.4631 32.35487 -202.6282 -105.6691 32.35487 -175.3373 -105.6691 32.35487 -180.3373 -110.4631 32.35487 -180.3373 -110.4631 32.35487 -175.3373 -77.28705 -2.645126 -176.8621 -77.23593 -2.645126 -177.8373 -84.16913 -2.645126 -175.3373 -85.59087 -2.645126 -168.5582 -86.56613 -2.645126 -168.5072 -88.96314 -2.645126 -207.6282 -77.43982 -2.645126 -175.8975 -84.62627 -2.645126 -168.711 -77.6926 -2.645126 -174.9541 -83.68294 -2.645126 -168.9638 -78.04257 -2.645126 -174.0424 -84.16913 -2.645126 -207.6282 -80.74886 -2.645126 -212.4228 -81.60218 -2.645126 -213.0282 -82.7712 -2.645126 -169.3138 -82.51792 -2.645126 -213.5344 -83.48456 -2.645126 -213.9348 -84.48996 -2.645126 -214.2244 -78.48595 -2.645126 -173.1722 -85.52149 -2.645126 -214.3997 -81.90103 -2.645126 -169.7572 -79.96869 -2.645126 -211.7256 -79.01786 -2.645126 -172.3532 -88.96314 -2.645126 -202.6282 -79.27149 -2.645126 -210.9454 -81.08199 -2.645126 -170.289 -79.63245 -2.645126 -171.5942 -78.66603 -2.645126 -210.0921 -78.15991 -2.645126 -209.1764 -80.32302 -2.645126 -170.9036 -77.75952 -2.645126 -208.2097 -77.46987 -2.645126 -207.2043 -77.2946 -2.645126 -206.1728 -77.23593 -2.645126 -205.1282 -84.16913 -2.645126 -202.6282 -88.96314 -2.645126 -180.3373 -95.89632 -2.645126 -177.8373 -84.16913 -2.645126 -180.3373 -88.96314 -2.645126 -175.3373 -95.84522 -2.645126 -176.8621 -95.69243 -2.645126 -175.8975 -95.43967 -2.645126 -174.9541 -95.08969 -2.645126 -174.0424 -94.64632 -2.645126 -173.1722 -94.11441 -2.645126 -172.3532 -93.49982 -2.645126 -171.5942 -92.80925 -2.645126 -170.9036 -92.05028 -2.645126 -170.289 -91.23123 -2.645126 -169.7572 -90.36107 -2.645126 -169.3138 -89.44933 -2.645126 -168.9638 -88.50598 -2.645126 -168.711 -87.5414 -2.645126 -168.5582 -84.16913 32.35487 -202.6282 -84.16913 32.35487 -207.6282 -88.96314 32.35487 -207.6282 -88.96314 32.35487 -202.6282 -84.16913 32.35487 -175.3373 -84.16913 32.35487 -180.3373 -88.96314 32.35487 -180.3373 -88.96314 32.35487 -175.3373 -108.6877 -14.64513 -154.1843 -109.8936 -14.64513 -154.6838 -110.9291 -14.64513 -155.4784 -111.7237 -14.64513 -156.514 -112.2232 -14.64513 -157.7199 -112.3936 -14.64513 -159.014 -112.2232 -14.64513 -160.3081 -111.7237 -14.64513 -161.514 -110.9291 -14.64513 -162.5495 -109.8936 -14.64513 -163.3441 -108.6877 -14.64513 -163.8436 -87.39153 -14.64513 -154.1843 -88.59743 -14.64513 -154.6838 -89.63297 -14.64513 -155.4784 -90.42755 -14.64513 -156.514 -90.92705 -14.64513 -157.7199 -91.09743 -14.64513 -159.014 -90.92705 -14.64513 -160.3081 -90.42755 -14.64513 -161.514 -89.63297 -14.64513 -162.5495 -88.59743 -14.64513 -163.3441 -87.39153 -14.64513 -163.8436 -108.7912 -14.64513 -132.229 -109.9971 -14.64513 -132.7285 -111.0326 -14.64513 -133.5231 -111.8272 -14.64513 -134.5586 -112.3267 -14.64513 -135.7645 -112.4971 -14.64513 -137.0586 -112.3267 -14.64513 -138.3527 -111.8272 -14.64513 -139.5586 -111.0326 -14.64513 -140.5942 -109.9971 -14.64513 -141.3887 -108.7912 -14.64513 -141.8883 -87.30141 -14.64513 -132.229 -88.50731 -14.64513 -132.7285 -89.54285 -14.64513 -133.5231 -90.33745 -14.64513 -134.5586 -90.83695 -14.64513 -135.7645 -91.00731 -14.64513 -137.0586 -90.83695 -14.64513 -138.3527 -90.33745 -14.64513 -139.5586 -89.54285 -14.64513 -140.5942 -88.50731 -14.64513 -141.3887 -87.30141 -14.64513 -141.8883 -108.1573 -13.64513 -105.8244 -108.1573 -13.64513 -76.87831 -78.08713 -13.64513 -76.87831 -78.08713 -13.64513 -105.8244 -152.9036 20.35487 -8.825196 -146.3622 20.35487 -34.45419 -153.4794 20.35487 -10.21526 -145.1263 20.35487 -35.3123 -153.9545 20.35487 -11.64285 -143.8323 20.35487 -36.08005 -154.3266 20.35487 -13.10071 -133.7311 20.35487 3.496246 -142.4869 20.35487 -36.75352 -135.2347 20.35487 3.442551 -141.0968 20.35487 -37.32931 -154.5938 20.35487 -14.58139 -136.7307 20.35487 3.281708 -139.6692 20.35487 -37.80446 -154.7546 20.35487 -16.07736 -138.2113 20.35487 3.014572 -138.2113 20.35487 -38.17656 -154.8083 20.35487 -17.58099 -139.6692 20.35487 2.642471 -136.7307 20.35487 -38.44369 -154.7546 20.35487 -19.08463 -135.2347 20.35487 -38.60454 -141.0968 20.35487 2.167328 -133.7311 20.35487 -38.65823 -154.5938 20.35487 -20.5806 -142.4869 20.35487 1.591537 -154.3266 20.35487 -22.06128 -143.8323 20.35487 0.9180603 -153.9545 20.35487 -23.51914 -145.1263 20.35487 0.1503143 -153.4794 20.35487 -24.94673 -146.3622 20.35487 -0.7077942 -152.9036 20.35487 -26.33679 -147.5337 20.35487 -1.651871 -152.2301 20.35487 -27.68224 -148.6349 20.35487 -2.677124 -151.4624 20.35487 -28.97621 -149.6602 20.35487 -3.778336 -150.6042 20.35487 -30.21211 -150.6042 20.35487 -4.949875 -149.6602 20.35487 -31.38365 -151.4624 20.35487 -6.185776 -148.6349 20.35487 -32.48485 -152.2301 20.35487 -7.479752 -147.5337 20.35487 -33.51012 -73.30963 20.35487 3.496246 -54.13708 20.35487 -26.33679 -60.6785 20.35487 -0.7077942 -53.56131 20.35487 -24.94673 -61.91441 20.35487 0.1503143 -53.08615 20.35487 -23.51914 -63.20837 20.35487 0.9180603 -52.71406 20.35487 -22.06128 -73.30963 20.35487 -38.65823 -64.55382 20.35487 1.591537 -71.80599 20.35487 -38.60454 -65.94388 20.35487 2.167328 -52.44691 20.35487 -20.5806 -70.31003 20.35487 -38.44369 -67.37148 20.35487 2.642471 -52.28609 20.35487 -19.08463 -68.82933 20.35487 -38.17656 -68.82933 20.35487 3.014572 -52.23237 20.35487 -17.58099 -67.37148 20.35487 -37.80446 -70.31003 20.35487 3.281708 -52.28609 20.35487 -16.07736 -71.80599 20.35487 3.442551 -65.94388 20.35487 -37.32931 -52.44691 20.35487 -14.58139 -64.55382 20.35487 -36.75352 -52.71406 20.35487 -13.10071 -63.20837 20.35487 -36.08005 -53.08615 20.35487 -11.64285 -61.91441 20.35487 -35.3123 -53.56131 20.35487 -10.21526 -60.6785 20.35487 -34.45419 -54.13708 20.35487 -8.825196 -59.50697 20.35487 -33.51012 -54.81058 20.35487 -7.479752 -58.40576 20.35487 -32.48485 -55.57832 20.35487 -6.185776 -57.38051 20.35487 -31.38365 -56.43642 20.35487 -4.949875 -56.43642 20.35487 -30.21211 -57.38051 20.35487 -3.778336 -55.57832 20.35487 -28.97621 -58.40576 20.35487 -2.677124 -54.81058 20.35487 -27.68224 -59.50697 20.35487 -1.651871 -143.2697 20.35487 -1.059616 -144.4777 20.35487 -1.818634 -71.88399 20.35487 1.442902 -70.46631 20.35487 1.283173 -54.28572 20.35487 -16.15535 -54.44546 20.35487 -14.73767 -142.0084 20.35487 -0.3929901 -69.06455 20.35487 1.017944 -140.7007 20.35487 0.1775054 -54.71069 20.35487 -13.33591 -146.7069 20.35487 -31.5656 -147.7157 20.35487 -30.55681 -145.6255 20.35487 -32.49618 -139.3542 20.35487 0.6486969 -148.6462 20.35487 -29.47546 -144.4777 20.35487 -33.34335 -149.4934 20.35487 -28.32759 -143.2697 20.35487 -34.10237 -137.9761 20.35487 1.017944 -150.2524 20.35487 -27.11961 -150.9191 20.35487 -25.85829 -142.0084 20.35487 -34.769 -136.5744 20.35487 1.283173 -67.68651 20.35487 0.6486969 -140.7007 20.35487 -35.33949 -55.07992 20.35487 -11.95787 -151.4896 20.35487 -24.55069 -135.1567 20.35487 1.442902 -139.3542 20.35487 -35.81068 -151.9608 20.35487 -23.2041 -152.33 20.35487 -21.82608 -133.7311 20.35487 1.496246 -73.30963 20.35487 -36.65823 -133.7311 20.35487 -36.65823 -137.9761 20.35487 -36.17993 -71.88399 20.35487 -36.60489 -152.5952 20.35487 -20.4243 -70.46631 20.35487 -36.44516 -69.06455 20.35487 -36.17993 -67.68651 20.35487 -35.81068 -66.33992 20.35487 -35.33949 -136.5744 20.35487 -36.44516 -65.03232 20.35487 -34.769 -63.77099 20.35487 -34.10237 -152.755 20.35487 -19.00664 -62.56303 20.35487 -33.34335 -61.41516 20.35487 -32.49618 -135.1567 20.35487 -36.60489 -60.3338 20.35487 -31.5656 -59.32501 20.35487 -30.55681 -58.39444 20.35487 -29.47546 -152.8083 20.35487 -17.58099 -66.33992 20.35487 0.1775054 -57.54727 20.35487 -28.32759 -55.55112 20.35487 -10.6113 -65.03232 20.35487 -0.3929901 -152.755 20.35487 -16.15535 -56.78825 20.35487 -27.11961 -56.12163 20.35487 -9.303681 -56.78825 20.35487 -8.042374 -56.12163 20.35487 -25.85829 -63.77099 20.35487 -1.059616 -62.56303 20.35487 -1.818634 -152.5952 20.35487 -14.73767 -55.55112 20.35487 -24.55069 -57.54727 20.35487 -6.834396 -58.39444 20.35487 -5.686523 -61.41516 20.35487 -2.665802 -60.3338 20.35487 -3.59639 -55.07992 20.35487 -23.2041 -59.32501 20.35487 -4.605179 -152.33 20.35487 -13.33591 -54.71069 20.35487 -21.82608 -151.9608 20.35487 -11.95787 -54.44546 20.35487 -20.4243 -151.4896 20.35487 -10.6113 -54.28572 20.35487 -19.00664 -150.9191 20.35487 -9.303681 -150.2524 20.35487 -8.042374 -54.23237 20.35487 -17.58099 -149.4934 20.35487 -6.834396 -73.30963 20.35487 1.496246 -148.6462 20.35487 -5.686523 -147.7157 20.35487 -4.605179 -146.7069 20.35487 -3.59639 -145.6255 20.35487 -2.665802 -143.2697 22.35487 -34.10237 -151.4896 22.35487 -10.6113 -151.9608 22.35487 -11.95787 -142.0084 22.35487 -34.769 -140.7007 22.35487 -35.33949 -152.33 22.35487 -13.33591 -133.7311 22.35487 1.496246 -152.5952 22.35487 -14.73767 -139.3542 22.35487 -35.81068 -135.1567 22.35487 1.442902 -137.9761 22.35487 -36.17993 -152.755 22.35487 -16.15535 -136.5744 22.35487 1.283173 -136.5744 22.35487 -36.44516 -152.8083 22.35487 -17.58099 -135.1567 22.35487 -36.60489 -137.9761 22.35487 1.017944 -133.7311 22.35487 -36.65823 -152.755 22.35487 -19.00664 -139.3542 22.35487 0.6486969 -152.5952 22.35487 -20.4243 -140.7007 22.35487 0.1775054 -152.33 22.35487 -21.82608 -142.0084 22.35487 -0.3929901 -151.9608 22.35487 -23.2041 -143.2697 22.35487 -1.059616 -151.4896 22.35487 -24.55069 -144.4777 22.35487 -1.818634 -150.9191 22.35487 -25.85829 -145.6255 22.35487 -2.665802 -150.2524 22.35487 -27.11961 -146.7069 22.35487 -3.59639 -149.4934 22.35487 -28.32759 -147.7157 22.35487 -4.605179 -148.6462 22.35487 -29.47546 -148.6462 22.35487 -5.686523 -147.7157 22.35487 -30.55681 -149.4934 22.35487 -6.834396 -146.7069 22.35487 -31.5656 -150.2524 22.35487 -8.042374 -145.6255 22.35487 -32.49618 -150.9191 22.35487 -9.303681 -144.4777 22.35487 -33.34335 -73.30963 22.35487 1.496246 -63.77099 22.35487 -1.059616 -55.55112 22.35487 -24.55069 -55.07992 22.35487 -23.2041 -65.03232 22.35487 -0.3929901 -66.33992 22.35487 0.1775054 -54.71069 22.35487 -21.82608 -73.30963 22.35487 -36.65823 -54.44546 22.35487 -20.4243 -67.68651 22.35487 0.6486969 -71.88399 22.35487 -36.60489 -69.06455 22.35487 1.017944 -54.28572 22.35487 -19.00664 -70.46631 22.35487 -36.44516 -70.46631 22.35487 1.283173 -54.23237 22.35487 -17.58099 -71.88399 22.35487 1.442902 -69.06455 22.35487 -36.17993 -54.28572 22.35487 -16.15535 -67.68651 22.35487 -35.81068 -54.44546 22.35487 -14.73767 -66.33992 22.35487 -35.33949 -54.71069 22.35487 -13.33591 -65.03232 22.35487 -34.769 -55.07992 22.35487 -11.95787 -63.77099 22.35487 -34.10237 -55.55112 22.35487 -10.6113 -62.56303 22.35487 -33.34335 -56.12163 22.35487 -9.303681 -61.41516 22.35487 -32.49618 -56.78825 22.35487 -8.042374 -60.3338 22.35487 -31.5656 -57.54727 22.35487 -6.834396 -59.32501 22.35487 -30.55681 -58.39444 22.35487 -5.686523 -58.39444 22.35487 -29.47546 -59.32501 22.35487 -4.605179 -57.54727 22.35487 -28.32759 -60.3338 22.35487 -3.59639 -56.78825 22.35487 -27.11961 -61.41516 22.35487 -2.665802 -56.12163 22.35487 -25.85829 -62.56303 22.35487 -1.818634 -112.4542 -14.64513 41.41058 -112.4542 -14.64513 59.24678 -86.05658 -14.64513 59.24678 -86.05658 -14.64513 41.41058 -113.2645 -14.64513 95.07373 -113.2645 -14.64513 105.7529 -104.8336 -14.64513 105.7529 -104.8336 -14.64513 95.07373 -82.07021 -14.64513 95.07373 -82.07021 -14.64513 100.4133 -71.95313 -14.64513 100.4133 -71.95313 -14.64513 95.07373 -55.6534 -14.64513 95.07373 -55.6534 -14.64513 105.7529 -51.1569 -14.64513 105.7529 -51.1569 -14.64513 95.07373 -142.7801 -15.64513 127.7311 -142.7801 -15.64513 167.6344 -62.78007 -15.64513 167.6344 -62.78007 -15.64513 127.7311 -91.78008 -15.64513 132.0943 -92.91985 -15.64513 132.8105 -98.36855 -15.64513 138.6828 -97.65238 -15.64513 137.543 -135.975 -15.64513 135.4397 -135.0232 -15.64513 134.4878 -134.0029 -15.64513 133.6098 -92.91985 -15.64513 162.5551 -94.0029 -15.64513 161.7557 -136.853 -15.64513 136.4599 -132.9198 -15.64513 132.8105 -90.59 -15.64513 131.4653 -137.6524 -15.64513 137.543 -131.7801 -15.64513 132.0943 -98.99753 -15.64513 139.8729 -138.3685 -15.64513 138.6828 -130.59 -15.64513 131.4653 -138.9975 -15.64513 139.8729 -134.0029 -15.64513 161.7557 -135.0232 -15.64513 160.8777 -129.3562 -15.64513 130.927 -124.1252 -15.64513 165.6324 -125.4628 -15.64513 165.4817 -139.5358 -15.64513 141.1066 -128.0857 -15.64513 130.4824 -139.9804 -15.64513 142.3772 -91.78008 -15.64513 163.2712 -126.7855 -15.64513 130.1341 -140.3288 -15.64513 143.6774 -140.579 -15.64513 145 -132.9198 -15.64513 162.5551 -89.35622 -15.64513 130.927 -125.4628 -15.64513 129.8838 -99.53582 -15.64513 141.1066 -100.3288 -15.64513 151.6881 -100.579 -15.64513 150.3655 -88.08568 -15.64513 130.4824 -124.1252 -15.64513 129.7331 -90.59 -15.64513 163.9002 -140.7297 -15.64513 146.3376 -99.9804 -15.64513 142.3772 -99.9804 -15.64513 152.9884 -131.7801 -15.64513 163.2712 -140.7801 -15.64513 147.6828 -100.7298 -15.64513 149.0279 -100.7801 -15.64513 147.6828 -99.53582 -15.64513 154.2589 -89.35622 -15.64513 164.4385 -130.59 -15.64513 163.9002 -98.99753 -15.64513 155.4927 -86.78546 -15.64513 130.1341 -100.3288 -15.64513 143.6774 -88.08568 -15.64513 164.8831 -98.36855 -15.64513 156.6828 -129.3562 -15.64513 164.4385 -84.12523 -15.64513 165.6324 -85.46285 -15.64513 165.4817 -86.78546 -15.64513 165.2315 -84.12523 -15.64513 129.7331 -85.46285 -15.64513 129.8838 -97.65238 -15.64513 157.8225 -100.579 -15.64513 145 -96.85305 -15.64513 158.9056 -128.0857 -15.64513 164.8831 -126.7855 -15.64513 165.2315 -95.97502 -15.64513 159.9259 -100.7298 -15.64513 146.3376 -95.0232 -15.64513 160.8777 -95.97502 -15.64513 135.4397 -95.0232 -15.64513 134.4878 -94.0029 -15.64513 133.6098 -96.85305 -15.64513 136.4599 -140.7297 -15.64513 149.0279 -140.579 -15.64513 150.3655 -140.3288 -15.64513 151.6881 -139.9804 -15.64513 152.9884 -139.5358 -15.64513 154.2589 -138.9975 -15.64513 155.4927 -138.3685 -15.64513 156.6828 -137.6524 -15.64513 157.8225 -136.853 -15.64513 158.9056 -135.975 -15.64513 159.9259 -139.5358 21.35487 154.2589 -139.9804 21.35487 152.9884 -131.7801 21.35487 132.0943 -130.59 21.35487 131.4653 -140.3288 21.35487 151.6881 -129.3562 21.35487 130.927 -128.0857 21.35487 130.4824 -140.579 21.35487 150.3655 -124.1252 21.35487 165.6324 -126.7855 21.35487 130.1341 -140.7297 21.35487 149.0279 -125.4628 21.35487 165.4817 -125.4628 21.35487 129.8838 -140.7801 21.35487 147.6828 -126.7855 21.35487 165.2315 -124.1252 21.35487 129.7331 -140.7297 21.35487 146.3376 -128.0857 21.35487 164.8831 -140.579 21.35487 145 -129.3562 21.35487 164.4385 -140.3288 21.35487 143.6774 -130.59 21.35487 163.9002 -139.9804 21.35487 142.3772 -131.7801 21.35487 163.2712 -139.5358 21.35487 141.1066 -132.9198 21.35487 162.5551 -138.9975 21.35487 139.8729 -134.0029 21.35487 161.7557 -138.3685 21.35487 138.6828 -135.0232 21.35487 160.8777 -137.6524 21.35487 137.543 -135.975 21.35487 159.9259 -136.853 21.35487 136.4599 -136.853 21.35487 158.9056 -135.975 21.35487 135.4397 -137.6524 21.35487 157.8225 -135.0232 21.35487 134.4878 -138.3685 21.35487 156.6828 -134.0029 21.35487 133.6098 -138.9975 21.35487 155.4927 -132.9198 21.35487 132.8105 -124.0188 24.35487 132.734 -125.249 24.35487 132.8873 -126.4624 24.35487 133.1417 -127.6506 24.35487 133.4955 -128.8055 24.35487 133.9462 -129.9193 24.35487 134.4907 -130.9843 24.35487 135.1253 -131.9933 24.35487 135.8457 -132.9393 24.35487 136.6469 -133.8159 24.35487 137.5235 -134.6172 24.35487 138.4696 -135.3376 24.35487 139.4785 -135.9722 24.35487 140.5435 -136.5167 24.35487 141.6573 -136.9673 24.35487 142.8123 -137.3211 24.35487 144.0005 -137.5755 24.35487 145.2138 -137.7288 24.35487 146.4441 -137.7801 24.35487 147.6828 -137.7288 24.35487 148.9214 -137.5755 24.35487 150.1517 -137.3211 24.35487 151.365 -136.9673 24.35487 152.5532 -136.5167 24.35487 153.7082 -135.9722 24.35487 154.822 -135.3376 24.35487 155.887 -134.6172 24.35487 156.896 -133.8159 24.35487 157.842 -132.9393 24.35487 158.7186 -131.9933 24.35487 159.5199 -130.9843 24.35487 160.2403 -129.9193 24.35487 160.8749 -128.8055 24.35487 161.4194 -127.6506 24.35487 161.87 -126.4624 24.35487 162.2238 -125.249 24.35487 162.4782 -124.0188 24.35487 162.6315 -99.53582 21.35487 154.2589 -99.9804 21.35487 152.9884 -91.78008 21.35487 132.0943 -90.59 21.35487 131.4653 -100.3288 21.35487 151.6881 -89.35622 21.35487 130.927 -88.08568 21.35487 130.4824 -100.579 21.35487 150.3655 -84.12523 21.35487 165.6324 -86.78546 21.35487 130.1341 -100.7298 21.35487 149.0279 -85.46285 21.35487 165.4817 -85.46285 21.35487 129.8838 -100.7801 21.35487 147.6828 -86.78546 21.35487 165.2315 -84.12523 21.35487 129.7331 -100.7298 21.35487 146.3376 -88.08568 21.35487 164.8831 -100.579 21.35487 145 -89.35622 21.35487 164.4385 -100.3288 21.35487 143.6774 -90.59 21.35487 163.9002 -99.9804 21.35487 142.3772 -91.78008 21.35487 163.2712 -99.53582 21.35487 141.1066 -92.91985 21.35487 162.5551 -98.99753 21.35487 139.8729 -94.0029 21.35487 161.7557 -98.36855 21.35487 138.6828 -95.0232 21.35487 160.8777 -97.65238 21.35487 137.543 -95.97502 21.35487 159.9259 -96.85305 21.35487 136.4599 -96.85305 21.35487 158.9056 -95.97502 21.35487 135.4397 -97.65238 21.35487 157.8225 -95.0232 21.35487 134.4878 -98.36855 21.35487 156.6828 -94.0029 21.35487 133.6098 -98.99753 21.35487 155.4927 -92.91985 21.35487 132.8105 -84.01877 24.35487 132.734 -85.24901 24.35487 132.8873 -86.46237 24.35487 133.1417 -87.65058 24.35487 133.4955 -88.80551 24.35487 133.9462 -89.9193 24.35487 134.4907 -90.9843 24.35487 135.1253 -91.99327 24.35487 135.8457 -92.9393 24.35487 136.6469 -93.81595 24.35487 137.5235 -94.61719 24.35487 138.4696 -95.33759 24.35487 139.4785 -95.97219 24.35487 140.5435 -96.51668 24.35487 141.6573 -96.96735 24.35487 142.8123 -97.32109 24.35487 144.0005 -97.5755 24.35487 145.2138 -97.72885 24.35487 146.4441 -97.78008 24.35487 147.6828 -97.72885 24.35487 148.9214 -97.5755 24.35487 150.1517 -97.32109 24.35487 151.365 -96.96735 24.35487 152.5532 -96.51668 24.35487 153.7082 -95.97219 24.35487 154.822 -95.33759 24.35487 155.887 -94.61719 24.35487 156.896 -93.81595 24.35487 157.842 -92.9393 24.35487 158.7186 -91.99327 24.35487 159.5199 -90.9843 24.35487 160.2403 -89.9193 24.35487 160.8749 -88.80551 24.35487 161.4194 -87.65058 24.35487 161.87 -86.46237 24.35487 162.2238 -85.24901 24.35487 162.4782 -84.01877 24.35487 162.6315 -135.9001 22.13133 135.5092 -136.4429 24.25266 155.571 -134.9019 22.13133 134.5149 -136.6551 24.25266 155.1915 -136.5933 23.95296 156.7074 -137.6076 23.4762 156.2434 -137.1135 23.4762 157.0472 -137.0695 23.95296 155.9328 -134.376 23.4762 135.0862 -133.589 22.85487 133.7954 -134.6989 22.85487 134.7354 -133.2962 23.4762 134.1716 -135.9479 22.13133 159.8046 -136.9039 22.13133 158.6758 -132.4702 24.25266 135.2329 -131.8047 23.95296 133.8695 -132.9146 23.95296 134.662 -131.409 24.25266 134.4752 -136.2912 23.4762 158.1989 -137.5126 22.85487 157.308 -135.6804 22.85487 135.713 -136.6674 22.85487 158.4917 -135.9876 24.25266 156.3117 -136.7731 22.13133 136.5237 -135.7274 22.85487 159.6016 -133.9552 23.95296 135.5433 -135.8009 23.95296 157.8173 -135.3309 23.4762 136.0373 -134.9537 22.13133 160.8028 -136.5388 22.85487 136.7105 -135.3766 23.4762 159.2787 -133.4652 24.25266 136.0756 -135.2299 24.25266 157.3729 -137.5679 22.13133 137.6006 -134.7498 22.85487 160.5831 -133.9392 22.13133 161.6758 -134.8754 23.95296 136.4599 -134.9195 23.95296 158.8579 -136.1661 23.4762 137.0078 -137.3203 22.85487 137.7694 -134.4255 23.4762 160.2336 -134.345 24.25266 136.9521 -133.7523 22.85487 161.4415 -138.28 22.13133 138.7339 -134.3872 24.25266 158.3679 -135.6803 23.95296 137.3952 -132.8623 22.13133 162.4706 -138.5207 22.13133 139.1644 -134.0029 23.95296 159.7781 -136.9264 23.4762 138.038 -133.455 23.4762 161.0688 -138.0205 22.85487 138.8837 -132.6934 22.85487 162.223 -135.1146 24.25266 137.8463 -133.5108 24.25266 159.2477 -138.9054 22.13133 139.9172 -131.729 22.13133 163.1827 -138.2571 22.85487 139.307 -133.0677 23.95296 160.583 -136.413 23.95296 138.388 -131.2985 22.13133 163.4234 -137.6076 23.4762 139.1221 -132.4249 23.4762 161.8291 -139.1704 22.13133 140.4933 -131.5791 22.85487 162.9231 -138.6354 22.85487 140.0472 -132.6165 24.25266 160.0173 -137.8378 23.4762 139.5339 -135.8152 24.25266 138.7956 -130.5456 22.13133 163.8081 -131.1558 22.85487 163.1598 -139.4406 22.13133 141.144 -137.0695 23.95296 139.4328 -132.0749 23.95296 161.3157 -138.8959 22.85487 140.6137 -131.3407 23.4762 162.5103 -138.2059 23.4762 140.2541 -129.9695 22.13133 164.0731 -137.2914 23.95296 139.8296 -130.4156 22.85487 163.5381 -139.7081 22.13133 141.8714 -130.9289 23.4762 162.7405 -139.1617 22.85487 141.2535 -131.6673 24.25266 160.7179 -136.4429 24.25266 139.7945 -129.3189 22.13133 164.3433 -138.4593 23.4762 140.8052 -131.0301 23.95296 161.9722 -139.8827 22.13133 142.4073 -129.8491 22.85487 163.7986 -137.6461 23.95296 140.5237 -130.2087 23.4762 163.1085 -136.6551 24.25266 140.174 -130.6332 23.95296 162.1941 -139.4246 22.85487 141.9687 -128.5915 22.13133 164.6108 -138.7179 23.4762 141.4276 -129.2094 22.85487 164.0644 -137.8903 23.95296 141.0548 -130.6683 24.25266 161.3456 -140.1302 22.13133 143.2891 -129.6576 23.4762 163.362 -139.5963 22.85487 142.4956 -128.0555 22.13133 164.7854 -136.9942 24.25266 140.8376 -129.9392 23.95296 162.5487 -130.2888 24.25266 161.5577 -140.2291 22.13133 143.7001 -128.4942 22.85487 164.3273 -138.9737 23.4762 142.1235 -129.0352 23.4762 163.6205 -138.1395 23.95296 141.6546 -137.2277 24.25266 141.3454 -129.408 23.95296 162.793 -127.1737 22.13133 165.0329 -139.8397 22.85487 143.3627 -127.9672 22.85487 164.499 -139.1407 23.4762 142.6362 -129.6252 24.25266 161.8969 -139.9369 22.85487 143.7668 -138.3861 23.95296 142.3252 -126.7627 22.13133 165.1318 -128.3394 23.4762 163.8764 -140.4337 22.13133 144.7369 -128.8082 23.95296 163.0422 -137.466 24.25266 141.919 -139.3775 23.4762 143.4797 -129.1174 24.25266 162.1304 -127.1002 22.85487 164.7423 -138.547 23.95296 142.8193 -139.4721 23.4762 143.8729 -127.8267 23.4762 164.0434 -137.7017 24.25266 142.5601 -140.1381 22.85487 144.7862 -126.696 22.85487 164.8396 -128.1376 23.95296 163.2888 -138.7752 23.95296 143.6323 -125.726 22.13133 165.3364 -137.8556 24.25266 143.0326 -128.5439 24.25266 162.3686 -140.6167 22.13133 146.2048 -126.9831 23.4762 164.2802 -138.8664 23.95296 144.0112 -127.6435 23.95296 163.4497 -139.6679 23.4762 144.8647 -126.5899 23.4762 164.3748 -138.0738 24.25266 143.8099 -127.9027 24.25266 162.6044 -140.318 22.85487 146.2295 -125.6766 22.85487 165.0408 -138.161 24.25266 144.1722 -126.8306 23.95296 163.6779 -139.055 23.95296 144.9669 -127.4303 24.25266 162.7583 -140.6779 22.13133 147.6828 -124.2581 22.13133 165.5194 -139.8429 23.4762 146.2689 -126.4517 23.95296 163.7691 -124.1176 22.13133 129.835 -138.3414 24.25266 145.086 -125.5982 23.4762 164.5706 -124.0952 22.85487 130.1339 -140.3782 22.85487 147.6828 -126.653 24.25266 162.9765 -140.6278 22.13133 149.0203 -124.2333 22.85487 165.2207 -125.4476 22.13133 129.9849 -139.2237 23.95296 146.3202 -124.0596 23.4762 130.6093 -126.2907 24.25266 163.0637 -139.9014 23.4762 147.6828 -125.4029 22.85487 130.2812 -125.4959 23.95296 163.9577 -124.194 23.4762 164.7456 -140.3289 22.85487 148.9979 -126.7627 22.13133 130.2337 -138.5027 24.25266 146.38 -124.0131 23.95296 131.2289 -125.3768 24.25266 163.244 -124.1426 23.95296 164.1264 -140.478 22.13133 150.3503 -127.1737 22.13133 130.3327 -124.0829 24.25266 163.4053 -125.3319 23.4762 130.7527 -139.2801 23.95296 147.6828 -139.8535 23.4762 148.9622 -126.696 22.85487 130.5259 -140.1816 22.85487 150.3056 -123.9591 24.25266 131.9504 -138.5565 24.25266 147.6828 -140.2291 22.13133 151.6654 -128.0555 22.13133 130.5801 -127.1002 22.85487 130.6232 -139.2339 23.95296 148.9158 -125.2393 23.95296 131.3671 -140.1302 22.13133 152.0764 -128.5915 22.13133 130.7547 -139.7102 23.4762 150.2346 -126.5899 23.4762 130.9907 -139.9369 22.85487 151.5987 -127.9672 22.85487 130.8665 -138.5124 24.25266 148.8617 -126.9831 23.4762 131.0854 -125.1314 24.25266 132.0825 -139.8827 22.13133 152.9582 -129.3189 22.13133 131.0222 -139.8397 22.85487 152.0028 -128.4942 22.85487 131.0382 -139.0958 23.95296 150.142 -126.4517 23.95296 131.5965 -139.7081 22.13133 153.4942 -127.8267 23.4762 131.3221 -139.4721 23.4762 151.4926 -126.8306 23.95296 131.6876 -139.5963 22.85487 152.8699 -139.3775 23.4762 151.8858 -129.9695 22.13133 131.2924 -138.3803 24.25266 150.0341 -129.2094 22.85487 131.3012 -128.3394 23.4762 131.4891 -126.2907 24.25266 132.3018 -139.4406 22.13133 154.2216 -139.4246 22.85487 153.3968 -130.5456 22.13133 131.5574 -138.8664 23.95296 151.3544 -127.6435 23.95296 131.9158 -139.1407 23.4762 152.7294 -138.7752 23.95296 151.7333 -126.653 24.25266 132.3891 -129.8491 22.85487 131.5669 -139.1704 22.13133 154.8722 -139.1617 22.85487 154.1121 -129.0352 23.4762 131.745 -128.1376 23.95296 132.0768 -138.9737 23.4762 153.242 -131.2985 22.13133 131.9421 -138.161 24.25266 151.1934 -130.4156 22.85487 131.8274 -138.9054 22.13133 155.4483 -127.4303 24.25266 132.6072 -138.547 23.95296 152.5462 -129.6576 23.4762 132.0035 -138.0738 24.25266 151.5557 -138.8959 22.85487 154.7518 -131.729 22.13133 132.1828 -138.7179 23.4762 153.9379 -128.8082 23.95296 132.3233 -127.9027 24.25266 132.7611 -138.3861 23.95296 153.0403 -131.1558 22.85487 132.2057 -138.5207 22.13133 156.2012 -138.6354 22.85487 155.3183 -130.2087 23.4762 132.257 -137.8556 24.25266 152.333 -129.408 23.95296 132.5725 -138.4593 23.4762 154.5603 -131.5791 22.85487 132.4424 -132.5692 22.13133 132.6993 -138.28 22.13133 156.6316 -138.1395 23.95296 153.7109 -128.5439 24.25266 132.9969 -137.7017 24.25266 152.8054 -130.9289 23.4762 132.625 -138.2571 22.85487 156.0585 -129.9392 23.95296 132.8168 -129.1174 24.25266 133.2351 -138.2059 23.4762 155.1114 -131.3407 23.4762 132.8553 -137.8903 23.95296 154.3107 -132.4053 22.85487 132.9503 -138.0205 22.85487 156.4818 -130.6332 23.95296 133.1714 -137.7635 22.13133 157.4719 -137.466 24.25266 153.4465 -133.7731 22.13133 133.5589 -137.8378 23.4762 155.8316 -129.6252 24.25266 133.4687 -131.0301 23.95296 133.3933 -137.6461 23.95296 154.8418 -137.2277 24.25266 154.0201 -132.1446 23.4762 133.3494 -130.2888 24.25266 133.8078 -137.2914 23.95296 155.5359 -130.6683 24.25266 134.02 -136.9942 24.25266 154.5279 -95.90009 22.13133 135.5092 -96.4429 24.25266 155.571 -94.90192 22.13133 134.5149 -96.65506 24.25266 155.1915 -96.59333 23.95296 156.7074 -97.60758 23.4762 156.2434 -97.11348 23.4762 157.0472 -97.06951 23.95296 155.9328 -94.37604 23.4762 135.0862 -93.58905 22.85487 133.7954 -94.69893 22.85487 134.7354 -93.29622 23.4762 134.1716 -95.94791 22.13133 159.8046 -96.90395 22.13133 158.6758 -92.47019 24.25266 135.2329 -91.80474 23.95296 133.8695 -92.9146 23.95296 134.662 -91.40898 24.25266 134.4752 -96.29122 23.4762 158.1989 -97.51261 22.85487 157.308 -95.68039 22.85487 135.713 -96.66744 22.85487 158.4917 -95.98761 24.25266 156.3117 -96.77313 22.13133 136.5237 -95.7274 22.85487 159.6016 -93.95523 23.95296 135.5433 -95.80091 23.95296 157.8173 -95.3309 23.4762 136.0373 -94.95366 22.13133 160.8028 -96.53882 22.85487 136.7105 -95.37665 23.4762 159.2787 -93.46518 24.25266 136.0756 -95.22992 24.25266 157.3729 -97.56792 22.13133 137.6006 -94.74982 22.85487 160.5831 -93.93917 22.13133 161.6758 -94.87545 23.95296 136.4599 -94.91953 23.95296 158.8579 -96.16608 23.4762 137.0078 -97.3203 22.85487 137.7694 -94.42554 23.4762 160.2336 -94.34505 24.25266 136.9521 -93.75231 22.85487 161.4415 -98.28002 22.13133 138.7339 -94.38719 24.25266 158.3679 -95.6803 23.95296 137.3952 -92.86226 22.13133 162.4706 -98.52071 22.13133 139.1644 -94.00293 23.95296 159.7781 -96.92638 23.4762 138.038 -93.45505 23.4762 161.0688 -98.02046 22.85487 138.8837 -92.69344 22.85487 162.223 -95.11461 24.25266 137.8463 -93.51081 24.25266 159.2477 -98.90543 22.13133 139.9172 -91.72898 22.13133 163.1827 -98.25713 22.85487 139.307 -93.06766 23.95296 160.583 -96.41303 23.95296 138.388 -91.29848 22.13133 163.4234 -97.60758 23.4762 139.1221 -92.42487 23.4762 161.8291 -99.1704 22.13133 140.4933 -91.57912 22.85487 162.9231 -98.63541 22.85487 140.0472 -92.61655 24.25266 160.0173 -97.83783 23.4762 139.5339 -95.8152 24.25266 138.7956 -90.54564 22.13133 163.8081 -91.15584 22.85487 163.1598 -99.44066 22.13133 141.144 -97.06951 23.95296 139.4328 -92.07486 23.95296 161.3157 -98.89594 22.85487 140.6137 -91.34075 23.4762 162.5103 -98.20586 23.4762 140.2541 -89.96955 22.13133 164.0731 -97.2914 23.95296 139.8296 -90.41561 22.85487 163.5381 -99.70812 22.13133 141.8714 -90.92893 23.4762 162.7405 -99.16167 22.85487 141.2535 -91.66728 24.25266 160.7179 -96.4429 24.25266 139.7945 -89.31888 22.13133 164.3433 -98.45934 23.4762 140.8052 -91.03008 23.95296 161.9722 -99.88271 22.13133 142.4073 -89.84915 22.85487 163.7986 -97.64608 23.95296 140.5237 -90.20874 23.4762 163.1085 -96.65506 24.25266 140.174 -90.63321 23.95296 162.1941 -99.42465 22.85487 141.9687 -88.59148 22.13133 164.6108 -98.71787 23.4762 141.4276 -89.20938 22.85487 164.0644 -97.89034 23.95296 141.0548 -90.66831 24.25266 161.3456 -100.1302 22.13133 143.2891 -89.65764 23.4762 163.362 -99.59633 22.85487 142.4956 -88.05554 22.13133 164.7854 -96.99419 24.25266 140.8376 -89.93917 23.95296 162.5487 -90.28885 24.25266 161.5577 -100.2291 22.13133 143.7001 -88.49417 22.85487 164.3273 -98.97373 23.4762 142.1235 -89.0352 23.4762 163.6205 -98.1395 23.95296 141.6546 -97.22774 24.25266 141.3454 -89.40805 23.95296 162.793 -87.17372 22.13133 165.0329 -99.83966 22.85487 143.3627 -87.96721 22.85487 164.499 -99.14075 23.4762 142.6362 -89.62523 24.25266 161.8969 -99.93694 22.85487 143.7668 -98.38607 23.95296 142.3252 -86.76271 22.13133 165.1318 -88.33937 23.4762 163.8764 -100.4338 22.13133 144.7369 -88.80821 23.95296 163.0422 -97.46598 24.25266 141.919 -99.37751 23.4762 143.4797 -89.11742 24.25266 162.1304 -87.10016 22.85487 164.7423 -98.54703 23.95296 142.8193 -99.47214 23.4762 143.8729 -87.82668 23.4762 164.0434 -97.70172 24.25266 142.5601 -100.1381 22.85487 144.7862 -86.69603 22.85487 164.8396 -88.13762 23.95296 163.2888 -98.77519 23.95296 143.6323 -85.72597 22.13133 165.3364 -97.85564 24.25266 143.0326 -88.54387 24.25266 162.3686 -100.6167 22.13133 146.2048 -86.98313 23.4762 164.2802 -98.8664 23.95296 144.0112 -87.64354 23.95296 163.4497 -99.6679 23.4762 144.8647 -86.58994 23.4762 164.3748 -98.07379 24.25266 143.8099 -87.9027 24.25266 162.6044 -100.3181 22.85487 146.2295 -85.67664 22.85487 165.0408 -98.161 24.25266 144.1722 -86.8306 23.95296 163.6779 -99.05504 23.95296 144.9669 -87.43027 24.25266 162.7583 -100.6779 22.13133 147.6828 -84.25807 22.13133 165.5194 -99.84293 23.4762 146.2689 -86.45168 23.95296 163.7691 -84.11759 22.13133 129.835 -98.34137 24.25266 145.086 -85.59816 23.4762 164.5706 -84.09519 22.85487 130.1339 -100.3782 22.85487 147.6828 -86.65297 24.25266 162.9765 -100.6278 22.13133 149.0203 -84.23332 22.85487 165.2207 -85.4476 22.13133 129.9849 -99.22373 23.95296 146.3202 -84.05956 23.4762 130.6093 -86.29068 24.25266 163.0637 -99.9014 23.4762 147.6828 -85.40294 22.85487 130.2812 -85.4959 23.95296 163.9577 -84.19396 23.4762 164.7456 -100.329 22.85487 148.9979 -86.76271 22.13133 130.2337 -98.50266 24.25266 146.38 -84.01313 23.95296 131.2289 -85.3768 24.25266 163.244 -84.14264 23.95296 164.1264 -100.478 22.13133 150.3503 -87.17372 22.13133 130.3327 -84.08289 24.25266 163.4053 -85.33188 23.4762 130.7527 -99.28008 23.95296 147.6828 -99.85353 23.4762 148.9622 -86.69603 22.85487 130.5259 -100.1816 22.85487 150.3056 -83.95906 24.25266 131.9504 -98.55654 24.25266 147.6828 -100.2291 22.13133 151.6654 -88.05554 22.13133 130.5801 -87.10016 22.85487 130.6232 -99.23395 23.95296 148.9158 -85.23928 23.95296 131.3671 -100.1302 22.13133 152.0764 -88.59148 22.13133 130.7547 -99.71018 23.4762 150.2346 -86.58994 23.4762 130.9907 -99.93694 22.85487 151.5987 -87.96721 22.85487 130.8665 -98.51242 24.25266 148.8617 -86.98313 23.4762 131.0854 -85.13144 24.25266 132.0825 -99.88271 22.13133 152.9582 -89.31888 22.13133 131.0222 -99.83966 22.85487 152.0028 -88.49417 22.85487 131.0382 -99.0958 23.95296 150.142 -86.45168 23.95296 131.5965 -99.70812 22.13133 153.4942 -87.82668 23.4762 131.3221 -99.47214 23.4762 151.4926 -86.8306 23.95296 131.6876 -99.59633 22.85487 152.8699 -99.37751 23.4762 151.8858 -89.96955 22.13133 131.2924 -98.38033 24.25266 150.0341 -89.20938 22.85487 131.3012 -88.33937 23.4762 131.4891 -86.29068 24.25266 132.3018 -99.44066 22.13133 154.2216 -99.42465 22.85487 153.3968 -90.54564 22.13133 131.5574 -98.8664 23.95296 151.3544 -87.64354 23.95296 131.9158 -99.14075 23.4762 152.7294 -98.77519 23.95296 151.7333 -86.65297 24.25266 132.3891 -89.84915 22.85487 131.5669 -99.1704 22.13133 154.8722 -99.16167 22.85487 154.1121 -89.0352 23.4762 131.745 -88.13762 23.95296 132.0768 -98.97373 23.4762 153.242 -91.29848 22.13133 131.9421 -98.161 24.25266 151.1934 -90.41561 22.85487 131.8274 -98.90543 22.13133 155.4483 -87.43027 24.25266 132.6072 -98.54703 23.95296 152.5462 -89.65764 23.4762 132.0035 -98.07379 24.25266 151.5557 -98.89594 22.85487 154.7518 -91.72898 22.13133 132.1828 -98.71787 23.4762 153.9379 -88.80821 23.95296 132.3233 -87.9027 24.25266 132.7611 -98.38607 23.95296 153.0403 -91.15584 22.85487 132.2057 -98.52071 22.13133 156.2012 -98.63541 22.85487 155.3183 -90.20874 23.4762 132.257 -97.85564 24.25266 152.333 -89.40805 23.95296 132.5725 -98.45934 23.4762 154.5603 -91.57912 22.85487 132.4424 -92.56925 22.13133 132.6993 -98.28002 22.13133 156.6316 -98.1395 23.95296 153.7109 -88.54387 24.25266 132.9969 -97.70172 24.25266 152.8054 -90.92893 23.4762 132.625 -98.25713 22.85487 156.0585 -89.93917 23.95296 132.8168 -89.11742 24.25266 133.2351 -98.20586 23.4762 155.1114 -91.34075 23.4762 132.8553 -97.89034 23.95296 154.3107 -92.40532 22.85487 132.9503 -98.02046 22.85487 156.4818 -90.63321 23.95296 133.1714 -97.76351 22.13133 157.4719 -97.46598 24.25266 153.4465 -93.77313 22.13133 133.5589 -97.83783 23.4762 155.8316 -89.62523 24.25266 133.4687 -91.03008 23.95296 133.3933 -97.64608 23.95296 154.8418 -97.22774 24.25266 154.0201 -92.14456 23.4762 133.3494 -90.28885 24.25266 133.8078 -97.2914 23.95296 155.5359 -90.66831 24.25266 134.02 -96.99419 24.25266 154.5279 -92.51558 -14.64513 175.14 -92.51558 -14.64513 192.4008 -68.02384 -14.64513 192.4008 -68.02384 -14.64513 175.14 -223.6581 25.97908 -150.4951 -223.6581 -7.645126 -150.4951 -223.6581 4.240356 -134.401 -223.6581 18.65974 -134.401 -223.6581 32.52003 -132.4951 -223.6581 4.240356 -94.38716 -223.6581 -7.645126 -74.17967 -223.6581 18.65974 -94.38716 -223.6581 32.52003 -92.17967 -223.6581 25.97908 -74.17967 -303.6581 -7.645126 -69.17967 -303.6581 -17.64513 -64.17967 -303.6581 24.16216 -69.17967 -303.6581 42.35487 -64.17967 -303.6581 32.52003 -92.17967 -303.6581 -17.64513 -160.4951 -303.6581 -7.645126 -155.4951 -303.6581 24.16216 -155.4951 -303.6581 32.52003 -132.4951 -303.6581 42.35487 -160.4951 -176.6703 42.35487 -64.17967 -171.6703 37.35487 -69.17967 -171.6703 37.35487 -155.4951 -176.6703 42.35487 -160.4951 -298.6581 -7.645126 -150.4951 -298.6581 25.97908 -150.4951 -303.5155 24.59293 -154.3096 -303.056 25.02658 -153.1163 -302.366 25.38106 -152.1408 -301.5568 25.64259 -151.4211 -300.6294 25.83191 -150.9001 -299.6538 25.9427 -150.5952 -299.1495 25.97029 -150.5193 -301.7328 25.59494 -73.12255 -302.489 25.32976 -72.39281 -300.8529 25.79468 -73.6722 -303.0715 25.01608 -71.52959 -299.8067 25.9305 -74.04598 -303.4537 24.67632 -70.59459 -303.6092 24.41573 -69.87749 -298.6581 25.97908 -74.17967 -298.6581 -7.645126 -74.17967 -302.1936 -7.645126 -72.7152 -301.1581 -7.645126 -73.50978 -301.1581 -7.645126 -151.165 -302.1936 -7.645126 -151.9595 -302.9882 -7.645126 -71.67967 -302.9882 -7.645126 -152.9951 -303.4877 -7.645126 -70.47377 -303.4877 -7.645126 -154.201 -299.9522 -7.645126 -74.0093 -299.9522 -7.645126 -150.6654 -303.6581 18.65974 -94.38716 -303.6581 4.240356 -94.38716 -303.6581 18.65974 -134.401 -303.6581 4.240356 -134.401 -171.7182 38.04559 -68.48894 -171.8705 38.75546 -67.77907 -172.3274 39.83273 -66.7018 -172.8453 40.57509 -65.95946 -173.494 41.2164 -65.31813 -174.2415 41.72531 -64.80922 -175.0471 42.08409 -64.45046 -175.8692 42.29028 -64.24425 -176.1724 42.33002 -160.4702 -175.6614 42.25203 -160.3923 -174.841 42.00824 -160.1484 -173.9625 41.55821 -159.6984 -173.0946 40.84984 -158.9901 -172.3439 39.86134 -158.0016 -171.8476 38.67468 -156.8149 -235.4005 12.35487 -236.9016 -235.4005 12.35487 -224.3417 -241.5573 12.35487 -224.3417 -241.5573 12.35487 -212.2744 -235.4005 12.35487 -212.2744 -235.4005 12.35487 -199.9607 -185.6534 12.35487 -199.9607 -185.6534 12.35487 -236.9016 -221.2727 12.35487 -227.8745 -220.4138 12.35487 -228.6616 -217.4734 12.35487 -230.5348 -216.397 12.35487 -230.9807 -215.2859 12.35487 -231.331 -214.1484 12.35487 -231.5832 -219.4895 12.35487 -229.3709 -218.5068 12.35487 -229.9969 -224.7292 12.35487 -221.8877 -224.3789 12.35487 -222.9988 -223.3951 12.35487 -225.1086 -222.7691 12.35487 -226.0912 -212.9933 12.35487 -231.7353 -212.9933 12.35487 -205.1271 -221.2727 12.35487 -208.9878 -222.0598 12.35487 -209.8468 -220.4138 12.35487 -208.2007 -225.1843 12.35487 -218.4312 -225.1335 12.35487 -217.2672 -219.4895 12.35487 -207.4915 -222.7691 12.35487 -210.7711 -218.5068 12.35487 -206.8655 -223.933 12.35487 -224.0752 -223.3951 12.35487 -211.7537 -225.1335 12.35487 -219.5951 -217.4734 12.35487 -206.3275 -223.933 12.35487 -212.7872 -222.0598 12.35487 -227.0155 -216.397 12.35487 -205.8817 -224.3789 12.35487 -213.8635 -215.2859 12.35487 -205.5313 -224.9814 12.35487 -220.7502 -224.7292 12.35487 -214.9747 -224.9814 12.35487 -216.1121 -214.1484 12.35487 -205.2792 -224.9814 15.35487 -216.1121 -225.1335 15.35487 -217.2672 -225.1843 15.35487 -218.4312 -225.1335 15.35487 -219.5951 -212.9933 15.35487 -205.1271 -224.9814 15.35487 -220.7502 -214.1484 15.35487 -205.2792 -224.7292 15.35487 -221.8877 -215.2859 15.35487 -205.5313 -224.3789 15.35487 -222.9988 -216.397 15.35487 -205.8817 -223.933 15.35487 -224.0752 -217.4734 15.35487 -206.3275 -223.3951 15.35487 -225.1086 -218.5068 15.35487 -206.8655 -222.7691 15.35487 -226.0912 -219.4895 15.35487 -207.4915 -222.0598 15.35487 -227.0155 -220.4138 15.35487 -208.2007 -221.2727 15.35487 -227.8745 -221.2727 15.35487 -208.9878 -220.4138 15.35487 -228.6616 -222.0598 15.35487 -209.8468 -219.4895 15.35487 -229.3709 -222.7691 15.35487 -210.7711 -218.5068 15.35487 -229.9969 -223.3951 15.35487 -211.7537 -217.4734 15.35487 -230.5348 -216.397 15.35487 -230.9807 -223.933 15.35487 -212.7872 -224.3789 15.35487 -213.8635 -215.2859 15.35487 -231.331 -214.1484 15.35487 -231.5832 -224.7292 15.35487 -214.9747 -212.9933 15.35487 -231.7353 -266.4079 57.1887 132.057 -266.4079 69.85488 104.7761 -266.4079 58.14162 133.3868 -266.4079 59.00551 134.7761 -266.4079 37.35487 122.2761 -266.4079 59.77669 136.2188 -266.4079 60.45186 137.709 -266.4079 48.41209 124.8543 -266.4079 46.92197 124.1791 -266.4079 45.39085 123.6028 -266.4079 43.82535 123.1279 -266.4079 42.23213 122.7564 -266.4079 40.61803 122.4899 -266.4079 38.98994 122.3296 -266.4079 61.02812 139.2401 -266.4079 49.85487 125.6254 -266.4079 61.50302 140.8056 -266.4079 51.24412 126.4893 -266.4079 61.87451 142.3988 -266.4079 52.57391 127.4422 -266.4079 37.35487 172.2761 -266.4079 38.98994 172.2225 -266.4079 69.85488 189.7761 -266.4079 40.61803 172.0622 -266.4079 42.23213 171.7957 -266.4079 43.82535 171.4242 -266.4079 45.39085 170.9493 -266.4079 46.92197 170.373 -266.4079 48.41209 169.6979 -266.4079 53.83852 128.4801 -266.4079 49.85487 168.9267 -266.4079 51.24412 168.0628 -266.4079 52.57391 167.1099 -266.4079 53.83852 166.072 -266.4079 55.03255 164.9537 -266.4079 56.15086 163.7597 -266.4079 57.1887 162.4951 -266.4079 58.14162 161.1653 -266.4079 59.00551 159.7761 -266.4079 59.77669 158.3333 -266.4079 60.45186 156.8432 -266.4079 61.02812 155.3121 -266.4079 61.50302 153.7465 -266.4079 61.87451 152.1533 -266.4079 55.03255 129.5984 -266.4079 62.35487 147.2761 -266.4079 62.30134 145.641 -266.4079 62.14099 144.0129 -266.4079 62.30134 148.9111 -266.4079 62.14099 150.5392 -266.4079 56.15086 130.7924 -170.6998 37.35487 172.2761 -170.6998 37.35487 122.2761 -170.6998 38.98994 122.3296 -170.6998 55.03255 164.9537 -170.6998 40.61803 122.4899 -170.6998 42.23213 122.7564 -170.6998 43.82535 123.1279 -170.6998 45.39085 123.6028 -170.6998 46.92197 124.1791 -170.6998 48.41209 124.8543 -170.6998 49.85487 125.6254 -170.6998 51.24412 126.4893 -170.6998 52.57391 127.4422 -170.6998 53.83852 128.4801 -170.6998 55.03255 129.5984 -170.6998 56.15086 130.7924 -170.6998 57.1887 132.057 -170.6998 58.14162 133.3868 -170.6998 59.00551 134.7761 -170.6998 59.77669 136.2188 -170.6998 60.45186 137.709 -170.6998 61.02812 139.2401 -170.6998 61.50302 140.8056 -170.6998 61.87451 142.3988 -170.6998 62.14099 144.0129 -170.6998 62.30134 145.641 -170.6998 62.35487 147.2761 -170.6998 62.30134 148.9111 -170.6998 62.14099 150.5392 -170.6998 61.87451 152.1533 -170.6998 61.50302 153.7465 -170.6998 61.02812 155.3121 -170.6998 60.45186 156.8432 -170.6998 59.77669 158.3333 -170.6998 59.00551 159.7761 -170.6998 58.14162 161.1653 -170.6998 57.1887 162.4951 -170.6998 56.15086 163.7597 -170.6998 53.83852 166.072 -170.6998 52.57391 167.1099 -170.6998 51.24412 168.0628 -170.6998 49.85487 168.9267 -170.6998 48.41209 169.6979 -170.6998 46.92197 170.373 -170.6998 45.39085 170.9493 -170.6998 43.82535 171.4242 -170.6998 42.23213 171.7957 -170.6998 40.61803 172.0622 -170.6998 38.98994 172.2225 -266.4079 -25.14513 189.7761 -266.4079 -25.14513 104.7761 -288.4079 -25.14513 189.7761 -288.4079 69.85488 189.7761 -288.4079 69.85488 104.7761 -288.4079 -25.14513 104.7761 -291.4079 42.43236 141.422 -291.4079 66.85488 107.7761 -291.4079 41.98414 140.0099 -291.4079 43.03488 144.3215 -291.4079 42.78314 142.8615 -291.4079 -22.14513 107.7761 -291.4079 -22.14513 186.7761 -291.4079 66.85488 186.7761 -291.4079 23.01973 168.9234 -291.4079 24.49355 168.7719 -291.4079 25.9536 168.5202 -291.4079 27.39305 168.1694 -291.4079 28.80522 167.7212 -291.4079 30.1835 167.1777 -291.4079 31.52149 166.5414 -291.4079 32.81293 165.8152 -291.4079 34.0518 165.0027 -291.4079 35.23233 164.1074 -291.4079 36.34903 163.1337 -291.4079 37.39667 162.0861 -291.4079 38.37036 160.9694 -291.4079 39.26559 159.7888 -291.4079 40.07817 158.55 -291.4079 40.8043 157.2585 -291.4079 41.44063 155.9206 -291.4079 41.98414 154.5423 -291.4079 42.43236 153.1301 -291.4079 42.78314 151.6906 -291.4079 43.03488 150.2306 -291.4079 43.18638 148.7568 -291.4079 43.23697 147.2761 -291.4079 40.8043 137.2936 -291.4079 40.07817 136.0021 -291.4079 38.37036 133.5827 -291.4079 39.26559 134.7633 -291.4079 37.39667 132.4661 -291.4079 36.34903 131.4184 -291.4079 35.23233 130.4447 -291.4079 34.0518 129.5495 -291.4079 32.81293 128.7369 -291.4079 31.52149 128.0108 -291.4079 30.1835 127.3745 -291.4079 28.80522 126.8309 -291.4079 27.39305 126.3827 -291.4079 25.9536 126.0319 -291.4079 24.49355 125.7802 -291.4079 23.01973 125.6287 -291.4079 43.18638 145.7953 -291.4079 41.44063 138.6316 -194.4079 41.44063 155.9206 -194.4079 40.8043 157.2585 -194.4079 36.34903 131.4184 -194.4079 35.23233 130.4447 -194.4079 41.98414 154.5423 -194.4079 34.0518 129.5495 -194.4079 42.43236 153.1301 -194.4079 32.81293 128.7369 -194.4079 23.01973 168.9234 -194.4079 42.78314 151.6906 -194.4079 31.52149 128.0108 -194.4079 24.49355 168.7719 -194.4079 43.03488 150.2306 -194.4079 30.1835 127.3745 -194.4079 25.9536 168.5202 -194.4079 43.18638 148.7568 -194.4079 28.80522 126.8309 -194.4079 27.39305 168.1694 -194.4079 43.23697 147.2761 -194.4079 27.39305 126.3827 -194.4079 28.80522 167.7212 -194.4079 43.18638 145.7953 -194.4079 25.9536 126.0319 -194.4079 30.1835 167.1777 -194.4079 43.03488 144.3215 -194.4079 24.49355 125.7802 -194.4079 31.52149 166.5414 -194.4079 23.01973 125.6287 -194.4079 42.78314 142.8615 -194.4079 32.81293 165.8152 -194.4079 42.43236 141.422 -194.4079 34.0518 165.0027 -194.4079 41.98414 140.0099 -194.4079 35.23233 164.1074 -194.4079 41.44063 138.6316 -194.4079 36.34903 163.1337 -194.4079 40.8043 137.2936 -194.4079 37.39667 162.0861 -194.4079 40.07817 136.0021 -194.4079 38.37036 160.9694 -194.4079 39.26559 134.7633 -194.4079 39.26559 159.7888 -194.4079 38.37036 133.5827 -194.4079 40.07817 158.55 -194.4079 37.39667 132.4661 -288.8193 69.82653 104.8044 -288.8806 69.8174 189.7386 -289.2421 69.73656 104.8944 -289.3659 69.69782 189.619 -289.7877 69.51873 105.1122 -289.8424 69.4897 189.4109 -290.2862 69.19409 189.1153 -290.3472 69.14383 105.4871 -290.6741 68.82064 188.7418 -290.8569 68.58762 106.0433 -290.9873 68.38678 188.308 -291.2626 67.77719 106.8537 -291.2701 67.75376 187.6749 -291.375 67.29828 187.2195 -288.8193 -25.11678 104.8044 -289.2421 -25.0268 104.8944 -289.7877 -24.80898 105.1122 -290.3472 -24.43408 105.4871 -290.8569 -23.87786 106.0433 -291.2626 -23.06744 106.8537 -288.8806 -25.10764 189.7386 -289.3659 -24.98807 189.619 -289.8424 -24.77995 189.4109 -290.2862 -24.48435 189.1153 -290.6741 -24.11089 188.7418 -290.9873 -23.67704 188.308 -291.2701 -23.04401 187.6749 -291.375 -22.58852 187.2195 -226.4414 -14.64513 -24.32614 -226.4414 -14.64513 8.064255 -207.6098 -14.64513 8.064255 -207.6098 -14.64513 -24.32614 -195.7744 -14.64513 -24.32614 -195.7744 -14.64513 -13.72591 -181.9918 -14.64513 -13.72591 -181.9918 -14.64513 -24.32614 -202.6658 -14.64513 60.35573 -202.6658 -14.64513 90.93595 -182.4225 -14.64513 90.93595 -182.4225 -14.64513 60.35573</float_array>
          <technique_common>
            <accessor source="#arduino_uno-mesh-positions-array" count="4913" stride="3">
              <param name="X" type="float"/>
              <param name="Y" type="float"/>
              <param name="Z" type="float"/>
            </accessor>
          </technique_common>
        </source>
        <source id="arduino_uno-mesh-normals">
          <float_array id="arduino_uno-mesh-normals-array" count="15945">0.991445 0 0.1305254 0.9990482 0 0.04362022 0.9990482 0 -0.04362022 0.9990481 0 -0.04362201 0.04362052 0 0.9990482 0.9914457 0 -0.13052 0.991445 0 -0.1305254 0.1305301 0 0.9914444 0.9762931 0 -0.2164532 0.976295 0 -0.2164445 0.2164489 0 0.9762941 0.9537155 0 -0.3007106 0.9537155 0 -0.3007107 0.3006735 0 0.9537271 0.3007111 0 0.9537153 0.9238838 0 -0.3826732 0.9238839 0 -0.3826731 0.3826622 0 0.9238883 0.3826975 0 0.9238738 0.8870041 0 -0.4617617 0.4617555 0 0.8870073 0.461788 0 0.8869904 0.8434027 0 -0.5372821 0.5372985 0 0.8433923 0.7933541 0 -0.6087606 0.7933387 0 -0.6087806 0.6087467 0 0.7933647 0.6087727 0 0.7933447 0.7372841 0 -0.6755828 0.6755923 0 0.7372755 0.67557 0 0.737296 0.6755924 0 -0.7372754 0.6755923 0 -0.7372755 0.7372841 0 0.6755828 0.6087467 0 -0.7933647 0.7933541 0 0.6087606 0.5372985 0 -0.8433923 0.4617555 0 -0.8870073 0.8433907 0 0.5373008 0.3826975 0 -0.9238738 0.8870041 0 0.4617617 0.3826622 0 -0.9238883 0.3007111 0 -0.9537153 0.9238839 0 0.3826731 0.3006735 0 -0.9537271 0.9238838 0 0.3826732 0.2164489 0 -0.9762941 0.9537191 0 0.3006988 0.9537155 0 0.3007106 0.1305301 0 -0.9914444 0.976295 0 0.2164445 0.04362052 0 -0.9990482 0.9989327 0 0.04618889 0.9989328 0 0.04618799 0.9989328 0 -0.04618799 0.9989327 0 -0.04618889 0.9904107 0 -0.1381549 0.04618072 0 0.9989331 0.9734405 0 -0.2289403 0.9734383 0 -0.2289494 0.1381737 0 0.990408 0.1381537 0 0.9904109 0.9481587 0 -0.3177973 0.2289327 0 0.9734423 0.2289519 0 0.9734377 0.9148004 0 -0.4039064 0.9147937 0 -0.4039214 0.3177889 0 0.9481616 0.8736204 0 -0.4866082 0.4039165 0 0.9147959 0.8249933 0 -0.5651425 0.4866143 0 0.8736171 0.7693338 0 -0.638847 0.7693337 0 -0.6388472 0.5651486 0 0.8249891 0.5651209 0 0.8250081 0.7071017 0 -0.7071119 0.707112 0 -0.7071015 0.6388444 0 0.7693361 0.6388565 0 -0.7693261 0.7071018 0 0.7071117 0.5651348 0 -0.8249987 0.7071119 0 0.7071017 0.5651209 0 -0.8250081 0.7693337 0 0.6388472 0.4866143 0 -0.8736171 0.7693338 0 0.638847 0.8249999 0 0.565133 0.4039165 0 -0.9147959 0.4038995 0 -0.9148034 0.8736204 0 0.4866082 0.3178072 0 -0.9481554 0.8736156 0 0.4866169 0.3177889 0 -0.9481616 0.2289519 0 -0.9734377 0.9148004 0 0.4039064 0.9147937 0 0.4039214 0.1381338 0 -0.9904136 0.1381737 0 -0.990408 0.9481587 0 0.3177973 0.04616039 0 -0.998934 0.04620105 0 -0.9989323 0.9481607 0 0.3177912 0.9734405 0 0.2289403 0.9734383 0 0.2289494 0.9904107 0 0.1381549 0.9904103 0 0.1381576 0 0.9030753 0.4294824 0 0.6572079 -0.7537094 0 0.9030752 0.4294825 0 0.657208 -0.7537093 0 0.930278 0.3668555 0 0.6042389 -0.7968032 0 0.6042388 -0.7968033 0 0.9531446 0.3025153 0 0.5484437 -0.8361876 0 0.03414088 0.999417 0 0.5484433 -0.8361877 0 0.9531446 0.3025154 0 0.9715673 0.2367639 0 0.4901168 -0.8716568 0 0.1022636 0.9947574 0 0.4901166 -0.8716569 0 0.9854595 0.169911 0 0.4294779 -0.9030775 0 0.4294784 -0.9030773 0 0.9854595 0.1699111 0 0.1699079 0.9854601 0 0.1699076 0.9854601 0 0.9947574 0.1022636 0 0.3668569 -0.9302774 0 0.3668562 -0.9302777 0 0.2367665 0.9715667 0 0.2367663 0.9715667 0 0.9994171 0.03414124 0 0.3025137 -0.9531451 0 0.3025137 0.9531451 0 0.999417 -0.03414088 0 0.2367712 -0.9715654 0 0.999417 -0.03414088 0 0.3668518 0.9302794 0 0.3668524 0.9302793 0 0.1699026 -0.9854609 0 0.9947574 -0.1022636 0 0.1699028 -0.9854608 0 0.4294869 0.9030732 0 0.1022687 -0.9947569 0 0.4294862 0.9030734 0 0.1022687 -0.9947569 0 0.9854592 -0.1699128 0 0.03414088 -0.999417 0 0.4901087 0.8716613 0 0.4901091 0.8716611 0 0.9715673 -0.2367639 0 0.5484507 0.836183 0 0.5484509 0.8361829 0 0.9531446 -0.3025153 0 0.9531446 -0.3025154 0 0.6042389 0.7968032 0 0.6042388 0.7968033 0 0.9302793 -0.366852 0 0.6572079 0.7537094 0 0.657208 0.7537093 0 0.9030752 -0.4294825 0 0.9030753 -0.4294824 0 0.7071045 0.7071092 0 0.707104 0.7071097 0 0.8716579 -0.4901149 0 0.7537122 0.6572048 0 0.7537117 0.6572054 0 0.8361829 -0.5484507 0 0.836183 -0.5484508 0 0.7968039 0.6042382 0 0.7968041 0.6042379 0 0.7968077 -0.604233 0 0.8361827 0.548451 0 0.8361831 0.5484505 0 0.7537118 -0.6572052 0 0.7537121 -0.6572049 0 0.8716602 0.4901107 0 0.8716603 0.4901106 0 0.707104 -0.7071096 0 0.7071043 -0.7071092 0.9914454 0 -0.1305227 0.9914447 0 -0.1305272 0.9990486 0 -0.04361337 0.9990487 0 -0.04361188 0.9990486 0 0.04361337 0.04362154 0 -0.9990482 0.9914447 0 0.1305272 0.9914454 0 0.1305227 0.1305147 0 -0.9914464 0.1305148 0 -0.9914464 0.976296 0 0.2164395 0.216434 0 -0.9762973 0.2164673 0 -0.9762899 0.9537157 0 0.3007102 0.9537189 0 0.3007001 0.3007051 0 -0.9537172 0.9238809 0 0.3826803 0.9238758 0 0.3826926 0.3827045 0 -0.9238709 0.3826747 0 -0.9238833 0.8870087 0 0.461753 0.4617441 0 -0.8870133 0.8433911 0 0.5373003 0.8434012 0 0.5372843 0.5372924 0 -0.8433961 0.7933509 0 0.6087648 0.6087546 0 -0.7933586 0.6087766 0 -0.7933417 0.737273 0 0.6755949 0.737289 0 0.6755775 0.6755906 0 -0.737277 0.6755906 0 0.737277 0.737289 0 -0.6755775 0.737273 0 -0.6755949 0.6087766 0 0.7933417 0.6087546 0 0.7933586 0.7933509 0 -0.6087648 0.5372924 0 0.8433961 0.4617441 0 0.8870133 0.8434011 0 -0.5372845 0.8433911 0 -0.5373001 0.8870087 0 -0.461753 0.3826747 0 0.9238833 0.3827045 0 0.9238709 0.3007051 0 0.9537172 0.9238758 0 -0.3826926 0.9238809 0 -0.3826803 0.216434 0 0.9762973 0.2164673 0 0.9762899 0.9537189 0 -0.3007001 0.9537157 0 -0.3007102 0.1305147 0 0.9914464 0.1305148 0 0.9914464 0.04362154 0 0.9990482 0.976296 0 -0.2164395 0.1105412 0.9916868 -0.0658645 0.7010743 0.1304418 0.7010562 0.1139371 0.9914438 -0.0636999 0.6993561 0.1337571 0.7021468 0.5187416 0.793238 -0.3188742 0.5187456 0.7932376 -0.3188689 0.5129157 0.6084306 0.6055822 0.5129085 0.6084365 0.6055823 0.7517992 0.1273006 -0.6469873 0.755587 0.1398425 -0.6399472 0.07590818 0.9914311 0.1063123 0.2225219 0.9237693 0.3116638 0.2225257 0.9237662 0.3116704 0.07590645 0.9914312 0.1063131 0.6458784 0.6084335 -0.4611396 0.6458708 0.6084309 -0.4611539 0.6520696 0.3824224 0.6546438 0.3261191 0.9238292 -0.2004647 0.6520601 0.3824338 0.6546465 0.3261162 0.9238296 -0.200467 0.1112313 0.9914395 -0.06837588 0.7514907 0.1304329 0.6467217 0.7515045 0.1304197 0.6467085 0.705086 0.3824189 -0.597168 0.7050859 0.3824055 -0.5971766 0.3936493 0.7931023 0.464789 0.3936623 0.7930968 0.4647877 0.4957164 0.7930955 -0.3539277 0.5600405 0.6084656 0.5622493 0.4957091 0.7931014 -0.3539249 0.5600385 0.6084642 0.5622528 0.7010656 0.1304574 -0.701062 0.7021334 0.1337451 -0.6993719 0.6056032 0.6084172 -0.5129069 0.7003449 0.3824579 0.6026964 0.7003474 0.3824643 0.6026895 0.08442676 0.9914309 0.09968417 0.6055906 0.6084244 -0.512913 0.08442568 0.991431 0.0996837 0.3116618 0.9237693 -0.2225247 0.2475036 0.9237672 0.2922261 0.2475061 0.9237667 0.2922257 0.106316 0.9914306 -0.07590937 0.1063125 0.9914311 -0.07590728 0.3116732 0.9237636 -0.2225324 0.7977263 0.1304286 0.5887453 0.6546347 0.3824212 -0.6520794 0.7977243 0.1304341 0.588747 0.6546362 0.3824437 -0.6520646 0.4298233 0.7931224 0.4315193 0.4298154 0.7931271 0.4315184 0.6467106 0.1304378 -0.7514994 0.6467152 0.1304574 -0.7514922 0.4647839 0.7931041 -0.3936522 0.6015067 0.6084818 0.517629 0.6014935 0.6084979 0.5176253 0.743437 0.3824409 0.5486715 0.4647794 0.7931013 -0.3936631 0.562249 0.6084664 -0.5600401 0.5622443 0.6084617 -0.5600498 0.7434307 0.3824556 0.5486698 0.2702414 0.9237754 0.271309 0.09208601 0.9914843 0.09208214 0.602696 0.3824538 -0.7003476 0.09217989 0.9914323 0.09254688 0.2702356 0.9237772 0.2713088 0.6026994 0.3824469 -0.7003484 0.8394817 0.1304448 0.5274986 0.0996859 0.9914308 -0.08442628 0.2922227 0.9237658 -0.2475128 0.8394922 0.1304277 0.5274862 0.4616279 0.7931455 0.3972659 0.09968024 0.9914313 -0.08442682 0.2922359 0.9237651 -0.2475 0.4616429 0.7931386 0.397262 0.588761 0.1304361 -0.7977136 0.5887486 0.1304427 -0.7977216 0.8781692 0.1157764 0.4641279 0.4315183 0.7931177 -0.4298332 0.8653722 0.1305085 0.4838374 0.6384992 0.6084971 0.4712221 0.4315216 0.793129 -0.4298089 0.5176341 0.6084918 -0.6014921 0.517621 0.6085016 -0.6014934 0.6384946 0.608493 0.4712336 0.7823546 0.3824495 0.491583 0.7823441 0.3824601 0.4915914 0.5486816 0.3824451 -0.7434273 0.5486813 0.3824533 -0.7434235 0.2902311 0.9237878 0.2497643 0.2902439 0.9237836 0.2497652 0.09926056 0.991388 0.0854249 0.09885782 0.9915733 0.083723 0.092543 0.9914327 -0.09217989 0.2713086 0.9237762 -0.2702391 0.09208458 0.9914842 -0.09208458 0.2713202 0.9237712 -0.2702447 0.8828563 0.1304926 0.4511502 0.5274921 0.1304382 -0.8394868 0.527482 0.1304447 -0.8394922 0.8063929 0.3826633 0.4508874 0.8064009 0.3826597 0.450876 0.3972544 0.7931462 -0.4616366 0.3972718 0.7931377 -0.4616361 0.4900212 0.7931487 0.3616552 0.490031 0.7931413 0.3616582 0.4641104 0.1157847 -0.8781774 0.4838387 0.130517 -0.8653701 0.6719304 0.6084899 0.4221963 0.4712314 0.6084957 -0.6384937 0.471238 0.6084986 -0.6384859 0.6719151 0.6085083 0.422194 0.9105109 0.1147184 0.3972526 0.9007402 0.1305069 0.4142888 0.4915768 0.3824453 -0.7823604 0.4915941 0.3824642 -0.7823404 0.8227187 0.3825914 0.4204257 0.8227225 0.3825882 0.4204213 0.2497676 0.9237847 -0.2902381 0.6924699 0.60874 0.3871965 0.2497639 0.9237853 -0.2902392 0.6924983 0.6087183 0.3871799 0.08542007 0.9913882 -0.09926182 0.08372497 0.9915738 -0.09885162 0.3080942 0.9237849 0.2273756 0.3080772 0.9237896 0.2273792 0.1058368 0.9913107 0.07811474 0.4511629 0.1304954 -0.8828494 0.1050136 0.9916403 0.07497698 0.4508618 0.3826578 -0.8064098 0.4508715 0.3826602 -0.8064032 0.9156078 0.1304969 0.3803066 0.5156779 0.7931452 0.3240324 0.515684 0.7931421 0.3240304 0.3616542 0.7931473 -0.4900243 0.3616623 0.7931407 -0.4900289 0.8393692 0.3826432 0.3860616 0.8393877 0.3826165 0.3860481 0.4221997 0.608497 -0.6719219 0.4221833 0.6084999 -0.6719295 0.7065214 0.6086655 0.3610457 0.7065346 0.6086516 0.3610433 0.3972462 0.1147099 -0.9105148 0.4143066 0.1305117 -0.9007312 0.5313763 0.793327 0.2971053 0.5314348 0.7932957 0.2970842 0.4204172 0.3825861 -0.8227255 0.4204074 0.3825939 -0.8227269 0.9376137 0.1150625 0.3280875 0.9305391 0.1304941 0.3421525 0.3871583 0.6087317 -0.6924985 0.3872264 0.6087138 -0.6924762 0.8532212 0.3826401 0.3544015 0.8532269 0.3826281 0.3544002 0.227391 0.9237833 -0.3080875 0.2273774 0.9237852 -0.3080917 0.07811421 0.9913106 -0.1058374 0.07497471 0.9916409 -0.1050104 0.3242186 0.9237847 0.2037262 0.3242016 0.9237917 0.2037211 0.1117413 0.9912537 0.07021403 0.1105433 0.9916865 0.06586349 0.3803197 0.1304903 -0.9156032 0.7208225 0.6086959 0.3315182 0.7207804 0.6087356 0.3315368 0.3240293 0.7931468 -0.5156773 0.3240342 0.7931376 -0.5156886 0.9426902 0.1305173 0.3070837 0.3860751 0.3826492 -0.8393602 0.3860626 0.3826251 -0.8393771 0.5421736 0.7932711 0.2770717 0.3610521 0.608647 -0.706534 0.5422012 0.793255 0.277064 0.3610565 0.6086533 -0.7065263 0.3340616 0.9238629 0.1867625 0.3340625 0.9238626 0.1867625 0.2970603 0.793325 -0.5314045 0.1139358 0.9914436 0.06370472 0.2971499 0.7933084 -0.5313793 0.8671483 0.3826071 0.3188506 0.3280856 0.1150685 -0.9376136 0.8671492 0.3826146 0.3188392 0.3421534 0.1304915 -0.9305392 0.7327224 0.6086847 0.304337 0.7327254 0.6086796 0.3043398 0.3544154 0.3826295 -0.85322 0.3544036 0.3826412 -0.8532197 0.5531511 0.7932836 0.2544109 0.2037139 0.923785 -0.324225 0.2037246 0.9237878 -0.3242105 0.5531035 0.7933133 0.2544224 0.06586891 0.9916864 -0.110542 0.07021135 0.991254 -0.1117404 0.9593132 0.1168076 0.2570491 0.9545692 0.1304979 0.2678956 0.3315164 0.6086942 -0.7208248 0.3315243 0.6086993 -0.7208168 0.8784661 0.3826308 0.2861662 0.8784423 0.3826595 0.2862008 0.3070897 0.1305235 -0.9426874 0.2770699 0.7932697 -0.5421766 0.1154265 0.991712 0.05642831 0.2770565 0.7932681 -0.542186 0.3408258 0.9238503 0.1741791 0.116254 0.9914412 0.05940836 0.3408563 0.9238383 0.1741839 0.186782 0.9238709 -0.3340284 0.9639115 0.1305133 0.2320365 0.06370061 0.9914442 -0.1139328 0.186735 0.9238726 -0.3340501 0.7446779 0.6086706 0.2738158 0.3188335 0.3826153 -0.8671509 0.7446584 0.6086884 0.2738292 0.3188242 0.3826197 -0.8671525 0.3043549 0.6086886 -0.7327116 0.3043641 0.6086704 -0.732723 0.5622679 0.7932937 0.2335383 0.5622657 0.7932955 0.2335377 0.3477197 0.9238582 0.1599285 0.3477196 0.9238591 0.1599234 0.1185963 0.9914434 0.05454367 0.2543942 0.7932986 -0.5531374 0.8895565 0.3825727 0.2496545 0.2544084 0.7933079 -0.5531176 0.2570433 0.1168279 -0.9593123 0.2678904 0.1304937 -0.9545712 0.8895624 0.3825641 0.2496472 0.7543675 0.6087138 0.2457584 0.7543743 0.608706 0.2457569 0.2862315 0.3826528 -0.8784352 0.2861839 0.3826357 -0.8784582 0.1741881 0.923842 -0.3408438 0.8982285 0.3826655 0.2162237 0.1741854 0.9238417 -0.3408461 0.059412 0.9914409 -0.1162548 0.8982452 0.3826413 0.2161976 0.05642831 0.9917122 -0.1154246 0.2320065 0.1305267 -0.963917 0.5714566 0.7932766 0.2101188 0.571448 0.7932823 0.21012 0.2738102 0.6086702 -0.7446803 0.9726882 0.130459 0.1919846 0.9754692 0.1199661 0.1845754 0.2737857 0.6086784 -0.7446825 0.3534563 0.9238576 0.1468185 0.3534594 0.9238578 0.146811 0.2335622 0.7932956 -0.5622552 0.1205619 0.9914414 0.05008703 0.1196517 0.9917175 0.04668998 0.2335199 0.793294 -0.562275 0.7639358 0.6086328 0.2144024 0.1599175 0.9238578 -0.3477257 0.7639349 0.6086335 0.2144036 0.1599168 0.9238595 -0.3477213 0.05454367 0.9914434 -0.1185963 0.578877 0.7933076 0.1885859 0.2496632 0.3825599 -0.8895596 0.5788504 0.7933264 0.188588 0.2496321 0.382575 -0.8895618 0.7713611 0.6087187 0.1856438 0.7713572 0.6087164 0.1856676 0.2457776 0.6087135 -0.7543616 0.2457852 0.6087177 -0.7543557 0.3592335 0.9238525 0.1320907 0.122534 0.9914411 0.0450561 0.2162034 0.3826509 -0.8982397 0.3592446 0.9238492 0.1320834 0.2161821 0.3826545 -0.8982433 0.9064447 0.3825555 0.1789116 0.2101292 0.7932773 -0.5714517 0.9064469 0.3825508 0.1789104 0.2101029 0.7932827 -0.5714538 0.5862414 0.7932527 0.1645334 0.1845641 0.1199507 -0.9754732 0.5862317 0.79326 0.1645336 0.1920076 0.1304852 -0.9726802 0.363914 0.9238568 0.1185547 0.3638859 0.9238677 0.1185566 0.1241131 0.991444 0.04043465 0.1468158 0.9238511 -0.3534747 0.1232196 0.9917012 0.03668528 0.1468111 0.9238589 -0.3534561 0.0500757 0.9914422 -0.120561 0.9859787 0.1245184 0.1110916 0.04668873 0.9917169 -0.1196574 0.214367 0.6086425 -0.763938 0.982224 0.1422906 0.1224316 0.2143987 0.6086454 -0.7639268 0.5918838 0.793334 0.1424604 0.5918887 0.7933303 0.1424602 0.1885779 0.7933097 -0.5788768 0.1886087 0.7933164 -0.5788574 0.7784825 0.6085704 0.1536464 0.7784497 0.6086102 0.1536543 0.1857253 0.6087264 -0.7713354 0.1856188 0.6087484 -0.7713437 0.03704035 0.130432 -0.9907651 0.3685566 0.9238324 0.1034405 0.3685463 0.9238372 0.1034341 0.1257014 0.9914408 0.03527581 0.1320942 0.9238483 -0.3592429 0.1321028 0.9238498 -0.3592357 0.04505121 0.9914418 -0.1225306 0.9168933 0.3824175 0.1142968 0.1789274 0.3825533 -0.9064425 0.9169027 0.3823973 0.1142884 0.178919 0.382526 -0.9064557 0.372078 0.9238705 0.08956187 0.3720749 0.9238737 0.08954161 0.1260932 0.991666 0.02643948 0.1269076 0.9914441 0.03054881 0.5974125 0.7932184 0.1179111 0.1645407 0.7932432 -0.5862522 0.164525 0.7932559 -0.5862393 0.5973986 0.7932284 0.1179138 0.1185373 0.9238659 -0.3638969 0.1185712 0.9238629 -0.3638932 0.9907622 0.1304438 0.037077 0.04044401 0.9914434 -0.1241142 0.03668457 0.9917016 -0.1232172 0.9897171 0.137057 0.04093289 0.11109 0.1245091 -0.98598 0.7875034 0.6084425 0.09816414 0.1224374 0.1422705 -0.9822261 0.7875146 0.6084275 0.09816712 0.04095274 0.1370616 -0.9897156 0.1424649 0.7933287 -0.5918897 0.1424325 0.7933275 -0.5918991 0.3755797 0.9238209 0.07412934 0.03705483 0.1304257 0.9907655 0.375582 0.92382 0.07412779 0.03706282 0.1304515 0.9907617 0.128107 0.9914382 0.02528291 0.1536701 0.6085991 -0.7784553 0.1536545 0.6085839 -0.7784703 0.03453278 0.3824663 0.9233239 0.9232036 0.3824101 0.03818207 0.9232055 0.3824054 0.03818273 0.03455871 0.3824524 0.9233287 0.1034273 0.9238407 -0.3685392 0.1034289 0.9238353 -0.3685522 0.03527659 0.9914397 -0.1257104 0.9907625 0.1304419 -0.03707647 0.111042 0.1304285 0.9852198 0.1142914 0.3824128 -0.9168959 0.9907603 0.1304593 -0.03707331 0.03819614 0.3824037 -0.9232056 0.110991 0.1304284 0.9852256 0.6044176 0.7930972 0.07534134 0.114288 0.3824208 -0.916893 0.6044026 0.7931087 0.07534021 0.03816205 0.3824185 -0.9232009 0.02965086 0.6084977 0.7930015 0.03054958 0.9914449 -0.1269012 0.02643775 0.9916662 -0.1260922 0.08956897 0.923873 -0.3720701 0.02967709 0.6084878 0.7930082 0.08954316 0.9238673 -0.3720905 0.1034371 0.38247 0.9181599 0.7929304 0.6084292 0.03279334 0.7929311 0.6084284 0.03279197 0.1179262 0.7932288 -0.5973958 0.1179169 0.7932211 -0.5974076 0.1034681 0.382457 0.9181618 0.03280723 0.6084356 -0.7929248 0.9233298 0.3824504 -0.03454989 0.1843178 0.1304511 0.9741712 0.9233344 0.3824394 -0.03455042 0.1843228 0.1304286 0.9741733 0.09816712 0.6084361 -0.787508 0.1296267 0.9914312 0.01615709 0.09814685 0.6084252 -0.7875189 0.03280299 0.6084334 -0.7929268 0.3800214 0.9237639 0.04737126 0.3800187 0.9237652 0.04736864 0.02277499 0.7931446 0.6086075 0.07413566 0.9238201 -0.3755801 0.1296268 0.9914312 0.01615893 0.07412523 0.9238196 -0.3755835 0.02278012 0.7931355 0.6086192 0.02528548 0.9914377 -0.1281095 0.232007 0.1305298 0.9639164 0.02518278 0.7930909 -0.6085825 0.9852215 0.1304461 -0.1110075 0.07532167 0.7930975 -0.6044196 0.9852215 0.1304455 -0.1110078 0.025173 0.7931008 -0.60857 0.2570428 0.1168422 0.9593107 0.07534676 0.7930997 -0.6044137 0.04736757 0.9237645 -0.3800202 0.08883744 0.6084974 0.7885677 0.04737961 0.9237651 -0.3800176 0.6085732 0.7930983 0.0251767 0.01615869 0.9914308 -0.1296294 0.6085858 0.7930889 0.025168 0.08886098 0.6084879 0.7885723 0.01582753 0.9237639 -0.3826351 0.01582074 0.9237663 -0.3826297 0.7929967 0.6085034 -0.02966564 0.005396902 0.9914309 -0.1305203 0.0161553 0.9914312 -0.1296278 0.005400896 0.9914318 -0.1305145 0.1717764 0.3824423 0.9078716 0.7930066 0.60849 -0.02967387 0.9181693 0.3824453 -0.1034443 0.1717697 0.3824547 0.9078677 0.918168 0.3824462 -0.1034533 0.005367457 0.9915317 0.1297546 0.01432245 0.9237855 0.3826428 0.382628 0.923767 0.01582443 0.01431834 0.9237872 0.3826385 0.004883348 0.9914336 0.1305209 0.1305215 0.9914308 0.005396425 0.3826263 0.9237676 0.01582783 0.1305207 0.9914309 0.00539869 0.9741726 0.1304417 -0.1843168 0.2679307 0.1304712 0.954563 0.9741716 0.1304309 -0.1843299 0.2162717 0.3826473 0.8982248 0.2162016 0.3826563 0.8982378 0.6086039 0.7931475 -0.02276867 0.06820255 0.7931444 0.6052028 0.6086117 0.7931414 -0.02277588 0.06816476 0.7931445 0.605207 0.9593111 0.1168346 -0.2570447 0.9639145 0.1305068 -0.2320276 0.3280856 0.1150685 0.9376136 0.7885679 0.6084964 -0.08884268 0.3070905 0.1305044 0.9426898 0.1475363 0.6085016 0.7797172 0.7885716 0.6084899 -0.08885258 0.9078658 0.382457 -0.1717744 0.1475228 0.6084983 0.7797223 0.907871 0.3824399 -0.1717851 0.2496634 0.3825656 0.8895572 0.2496095 0.3825889 0.8895623 0.1857119 0.6087314 0.7713347 0.382631 0.9237904 -0.01431775 0.130523 0.9914333 -0.004883408 0.1856319 0.6087359 0.7713505 0.3826422 0.9237858 -0.01431858 0.1297545 0.9915317 -0.005368649 0.04286348 0.9237884 0.3804967 0.01469904 0.9913468 0.1304439 0.04287302 0.9237846 0.380505 0.01598888 0.9916095 0.128277 0.9545674 0.1304999 -0.267901 0.3421534 0.1304915 0.9305392 0.8982381 0.3826498 -0.2162119 0.8982275 0.3826707 -0.2162189 0.2862007 0.3826497 0.8784467 0.6052147 0.7931363 -0.06818968 0.6051962 0.7931506 -0.06819027 0.286246 0.3826392 0.8784365 0.1132338 0.7931419 0.5984181 0.9376139 0.1150753 -0.3280825 0.113219 0.7931461 0.5984153 0.9426869 0.1305205 -0.3070929 0.7797178 0.6085006 -0.1475372 0.2144069 0.6086437 0.7639259 0.7797234 0.6084949 -0.1475319 0.2144029 0.6086241 0.7639426 0.8895551 0.3825812 -0.2496464 0.8895605 0.3825638 -0.2496544 0.1424177 0.7933342 0.5918938 0.1424815 0.7933218 0.5918949 0.3802961 0.1304917 0.9156128 0.7713575 0.6087219 -0.1856489 0.3972577 0.1147235 0.910508 0.7713501 0.6087244 -0.1856713 0.3804892 0.9237912 -0.04286921 0.3804954 0.9237886 -0.04287213 0.3188021 0.3826111 0.8671644 0.3188359 0.3825993 0.8671572 0.1304462 0.9913464 -0.0146991 0.1282783 0.9916094 -0.01599073 0.24572 0.6087171 0.7543774 0.9305362 0.1304932 -0.3421607 0.2457769 0.6087163 0.7543596 0.02449643 0.9912799 0.1294766 0.8784652 0.3826169 -0.2861876 0.07117789 0.9237843 0.3762397 0.02644163 0.9916661 0.1260922 0.8784509 0.3826543 -0.2861816 0.07119446 0.9237852 0.3762342 0.4142814 0.1305134 0.9007425 0.5984238 0.7931384 -0.1132273 0.5984129 0.7931467 -0.1132282 0.1645362 0.7932544 0.5862383 0.7639332 0.6086409 -0.2143883 0.1645292 0.7932467 0.5862506 0.7639388 0.6086265 -0.2144095 0.08953827 0.923876 0.3720701 0.5918911 0.7933273 -0.142467 0.03053653 0.9914453 0.1269013 0.5919156 0.7933119 -0.1424505 0.0895971 0.9238675 0.3720768 0.3544173 0.3826178 0.8532246 0.9105134 0.114717 -0.3972474 0.915608 0.1304926 -0.3803076 0.3544077 0.3826175 0.8532287 0.8671531 0.3826011 -0.3188446 0.2738056 0.6086794 0.7446745 0.2738108 0.6086759 0.7446753 0.8671413 0.3826208 -0.3188533 0.7543672 0.6087111 -0.2457661 0.1885973 0.793304 0.578878 0.7543551 0.6087309 -0.2457544 0.1886113 0.793311 0.5788641 0.4511449 0.130494 0.8828588 0.3762298 0.9237881 -0.07118183 0.4641329 0.1157903 0.8781648 0.3762353 0.9237853 -0.07118892 0.129476 0.9912799 -0.02449715 0.1260932 0.991666 -0.02643948 0.3860889 0.3826201 0.8393673 0.3860263 0.3826387 0.8393876 0.9007474 0.130491 -0.414278 0.0366832 0.9917013 0.1232191 0.1034396 0.9238355 0.368549 0.5862517 0.7932459 -0.1645302 0.03528183 0.9914402 0.1257044 0.1034295 0.9238374 0.368547 0.5862206 0.7932673 -0.164537 0.3043302 0.6087038 0.7327092 0.3043541 0.6086871 0.7327133 0.372079 0.9238708 -0.08955568 0.3720741 0.9238734 -0.08954846 0.1269076 0.9914441 -0.03054881 0.4838393 0.1305196 0.8653694 0.8532251 0.382628 -0.3544049 0.853238 0.3826116 -0.3543914 0.2101144 0.7932844 0.5714473 0.2101135 0.7932847 0.5714471 0.7446855 0.6086609 -0.2738166 0.7446825 0.6086662 -0.2738128 0.04043424 0.9914438 0.1241143 0.1185397 0.9238646 0.3638992 0.1185505 0.9238662 0.3638917 0.5788661 0.7933166 -0.1885814 0.4204371 0.3825775 0.8227194 0.5788499 0.7933265 -0.1885893 0.8828466 0.1304937 -0.4511689 0.8781726 0.1157749 -0.464122 0.4204257 0.3825892 0.8227198 0.8393845 0.3826268 -0.3860447 0.3315247 0.6087002 0.7208158 0.3315426 0.6086928 0.7208139 0.8393777 0.3826331 -0.3860533 0.1257051 0.9914403 -0.03527516 0.3685451 0.9238371 -0.1034398 0.2335569 0.7932834 0.5622747 0.1232158 0.9917016 -0.03668528 0.3685567 0.9238327 -0.1034376 0.2335445 0.793294 0.5622647 0.7327084 0.6086917 -0.3043564 0.732723 0.6086848 -0.3043352 0.4508898 0.3826578 0.8063942 0.4508771 0.3826349 0.8064121 0.865363 0.1305056 -0.4838544 0.5282985 0.1182227 0.8407878 0.5191904 0.1304852 0.844639 0.5714446 0.7932832 -0.2101257 0.5714524 0.7932813 -0.2101116 0.1321047 0.9238491 0.3592374 0.04669064 0.9917168 0.1196574 0.04505127 0.991442 0.1225289 0.1320931 0.9238471 0.3592466 0.3610544 0.6086558 0.7065252 0.3639078 0.9238596 -0.1185526 0.3610294 0.6086657 0.7065295 0.1241137 0.9914439 -0.04043483 0.3638958 0.9238634 -0.1185598 0.8227197 0.3825861 -0.4204287 0.8227116 0.382596 -0.4204355 0.2544117 0.793302 0.5531246 0.2543872 0.7933101 0.5531243 0.1468152 0.9238546 0.3534659 0.05007255 0.991442 0.1205629 0.7208092 0.608716 -0.3315102 0.1468159 0.9238517 0.353473 0.7208226 0.608689 -0.3315307 0.5622661 0.793296 -0.2335343 0.5622913 0.7932769 -0.2335392 0.387228 0.6087149 0.6924744 0.387153 0.6087387 0.6924954 0.483838 0.3825629 0.7871127 0.8064076 0.3826515 -0.450871 0.8064016 0.382655 -0.4508789 0.4838063 0.3825705 0.7871286 0.2770693 0.7932583 0.5421936 0.2770473 0.7932766 0.5421782 0.8407835 0.1182211 -0.5283057 0.844636 0.1304854 -0.5191953 0.5893726 0.1220723 0.7985852 0.3592333 0.9238535 -0.1320845 0.1225349 0.9914411 -0.04505282 0.1196575 0.9917168 -0.04668992 0.3592528 0.9238454 -0.1320877 0.5749929 0.1443825 0.8053179 0.7065286 0.6086549 -0.3610493 0.1599346 0.9238559 0.3477228 0.1599144 0.9238621 0.347716 0.05643153 0.9917117 0.1154273 0.05455231 0.9914429 0.1185963 0.2971343 0.7933115 0.5313832 0.7065111 0.6086714 -0.3610557 0.2970935 0.7933206 0.5313926 0.5531126 0.7933119 -0.2544071 0.5531511 0.7932836 -0.2544109 0.3534643 0.9238555 -0.146813 0.4154884 0.6086248 0.6759774 0.4155298 0.6086056 0.6759691 0.3534615 0.9238554 -0.1468206 0.1205619 0.9914414 -0.05008703 0.6924949 0.6087206 -0.3871822 0.1741706 0.9238457 0.3408428 0.1741901 0.9238402 0.3408477 0.05940878 0.9914409 0.1162564 0.6925019 0.6087114 -0.3871844 0.5369108 0.382403 0.7519939 0.5369089 0.3824018 0.751996 0.7871182 0.3825591 -0.483832 0.7871214 0.3825472 -0.4838364 0.5421837 0.7932648 -0.2770704 0.1867642 0.9238715 0.3340367 0.5421741 0.7932718 -0.2770689 0.06370347 0.9914435 0.1139379 0.06586891 0.9916864 0.110542 0.1867709 0.9238699 0.3340375 0.3188646 0.7932371 0.5187488 0.798583 0.1220631 -0.5893775 0.8053226 0.1443733 -0.5749887 0.3188751 0.7932334 0.518748 0.6399574 0.1398534 0.7555764 0.3477144 0.9238606 -0.159926 0.3477168 0.9238603 -0.1599222 0.6469851 0.1272974 0.7518016 0.1185963 0.9914434 -0.05454367 0.1154246 0.9917122 -0.05642831 0.5313755 0.7933259 -0.29711 0.5313832 0.7933251 -0.2970979 0.4611406 0.6084379 0.6458736 0.4611468 0.6084316 0.6458752 0.6759689 0.6086172 -0.4155133 0.6759672 0.6086183 -0.4155144 0.0683766 0.9914389 0.1112367 0.2004519 0.9238342 0.3261127 0.2004747 0.9238277 0.326117 0.3408367 0.923846 -0.1741814 0.3408356 0.9238466 -0.1741802 0.5971964 0.3823913 0.7050769 0.116257 0.9914408 -0.05940991 0.5971782 0.3824032 0.7050859 0.7519871 0.3824219 -0.5369069 0.3539385 0.7930955 0.4957088 0.7519893 0.382397 -0.5369215 0.3539323 0.7930967 0.4957112 0.3340534 0.9238646 -0.1867694 0.3340585 0.9238655 -0.1867552 0.1139408 0.9914432 -0.06370198 0.5187349 0.793244 -0.3188701 0.5187413 0.7932415 -0.3188663 0.5129114 0.6084393 0.6055771 0.5129126 0.608428 0.6055873 0.7555862 0.1398505 -0.6399464 0.07590699 0.9914314 0.1063107 0.2225235 0.9237683 0.311666 0.2225242 0.9237672 0.3116683 0.07590699 0.9914311 0.106314 0.645876 0.6084225 -0.4611576 0.6520665 0.3824329 0.6546407 0.1112326 0.9914394 -0.06837666 0.3936516 0.7930997 0.4647917 0.3936537 0.793107 0.4647775 0.495715 0.7930969 -0.3539267 0.4957144 0.7930963 -0.3539287 0.5600422 0.6084573 0.5622565 0.700341 0.3824706 0.602693 0.7003552 0.3824394 0.6026962 0.6055932 0.6084201 -0.5129151 0.08442509 0.9914312 0.09968298 0.2475118 0.923762 0.2922358 0.1063105 0.9914315 -0.07590591 0.3116743 0.9237631 -0.2225332 0.6546366 0.3824422 -0.652065 0.4298183 0.793128 0.4315142 0.4298204 0.7931218 0.4315235 0.64671 0.130445 -0.7514988 0.6467158 0.1304502 -0.7514929 0.4647889 0.7930989 -0.3936565 0.6014997 0.6084938 0.517623 0.6014989 0.6084886 0.51763 0.4647768 0.7931039 -0.3936609 0.5622441 0.6084752 -0.5600353 0.5622467 0.6084572 -0.5600523 0.7434302 0.3824571 0.5486694 0.2702375 0.9237778 0.271305 0.0920853 0.9914844 0.09208142 0.2702431 0.9237728 0.2713164 0.6026981 0.3824516 -0.7003469 0.8394833 0.1304306 0.5274996 0.8394905 0.130442 0.5274851 0.4616322 0.793141 0.3972696 0.4616374 0.7931443 0.3972572 0.5887616 0.130429 -0.7977144 0.5887491 0.1304356 -0.7977223 0.865371 0.1305181 0.4838368 0.6385049 0.6084877 0.4712263 0.5176354 0.6084894 -0.6014935 0.6384887 0.6085026 0.4712292 0.7823503 0.382462 0.4915803 0.782348 0.382449 0.4915938 0.5486801 0.3824514 -0.7434253 0.2902353 0.9237854 0.2497679 0.2902373 0.9237872 0.2497594 0.0992614 0.9913879 0.08542561 0.09254229 0.9914328 -0.09217917 0.09208673 0.9914838 -0.09208673 0.2713162 0.9237735 -0.2702408 0.8828576 0.1304813 0.451151 0.5274927 0.1304302 -0.8394877 0.527481 0.130459 -0.8394904 0.8063959 0.3826549 0.4508891 0.806404 0.3826512 0.4508777 0.3972471 0.7931546 -0.4616281 0.4900273 0.7931429 0.3616597 0.4900251 0.793147 0.3616538 0.46411 0.1157919 -0.8781766 0.4838389 0.1305146 -0.8653705 0.6719244 0.6084992 0.4221925 0.6719214 0.6084987 0.4221978 0.9007401 0.1305078 0.4142888 0.8227224 0.3825814 0.4204276 0.8227152 0.3826079 0.4204175 0.692494 0.6087246 0.3871775 0.08541864 0.9913886 -0.09926021 0.08372694 0.9915733 -0.09885388 0.3080987 0.9237826 0.2273789 0.3080737 0.9237915 0.2273766 0.105012 0.9916406 0.07497584 0.9156044 0.130524 0.3803052 0.3616564 0.7931444 -0.4900272 0.3616601 0.7931436 -0.4900258 0.8393742 0.3826301 0.3860639 0.8393827 0.3826299 0.3860458 0.4221814 0.6085045 -0.6719264 0.7065305 0.6086522 0.3610503 0.7065245 0.6086663 0.3610382 0.9376105 0.1150912 0.3280864 0.9305407 0.1304817 0.3421531 0.8532256 0.3826282 0.3544033 0.2273791 0.923784 -0.3080939 0.3242136 0.9237871 0.2037231 0.3242064 0.9237895 0.2037241 0.1117423 0.9912536 0.07021462 0.38032 0.1304835 -0.915604 0.7207822 0.6087331 0.3315376 0.3240253 0.7931528 -0.5156709 0.542179 0.7932664 0.2770745 0.3610534 0.6086433 -0.7065365 0.542196 0.7932596 0.2770614 0.3610551 0.6086572 -0.7065237 0.3340592 0.9238642 0.1867606 0.8671435 0.3826193 0.3188489 0.8671575 0.3825932 0.3188423 0.3421536 0.1304884 -0.9305395 0.203717 0.9237827 -0.3242299 0.06586939 0.9916862 -0.1105428 0.9593099 0.1168362 0.2570483 0.9545705 0.1304875 0.2678959 0.8784719 0.3826161 0.2861681 0.8784371 0.3826726 0.2861992 0.2770727 0.7932651 -0.542182 0.2770591 0.7932635 -0.5421911 0.3408219 0.9238522 0.1741771 0.1162548 0.9914411 0.05940878 0.1867859 0.9238677 -0.3340353 0.963913 0.130502 0.2320369 0.1867313 0.9238758 -0.3340435 0.3188328 0.3826208 -0.8671489 0.2543908 0.7933048 -0.5531301 0.8895637 0.3825545 0.2496566 0.2544036 0.7933169 -0.553107 0.8895618 0.3825652 0.249647 0.2862325 0.3826453 -0.8784381 0.1741871 0.923843 -0.3408419 0.8982167 0.382695 0.2162208 0.1741875 0.9238398 -0.3408502 0.2320063 0.1305323 -0.9639162 0.5714506 0.7932813 0.2101165 0.5714542 0.7932773 0.2101223 0.9726882 0.1304587 0.1919845 0.9754675 0.1199803 0.1845751 0.3534512 0.92386 0.1468164 0.3534692 0.9238533 0.146815 0.233565 0.7932901 -0.5622619 0.120561 0.9914416 0.05008667 0.1196536 0.9917172 0.0466907 0.7639409 0.6086257 0.2144038 0.159915 0.9238604 -0.3477202 0.7639248 0.6086471 0.2144008 0.1599205 0.9238559 -0.3477293 0.5788662 0.7933163 0.1885824 0.2496627 0.3825645 -0.8895577 0.5788587 0.7933197 0.1885907 0.7713683 0.6087093 0.1856455 0.7713627 0.608709 0.1856689 0.3592244 0.9238565 0.1320874 0.1225323 0.9914413 0.04505544 0.2162041 0.3826435 -0.8982426 0.3592493 0.9238471 0.1320851 0.2101313 0.7932724 -0.5714576 0.1920076 0.1304841 -0.9726803 0.3639078 0.9238596 0.1185526 0.3638908 0.9238656 0.1185582 0.1241143 0.9914438 0.04043507 0.1468132 0.9238568 -0.353461 0.05007493 0.9914424 -0.1205591 0.9822258 0.1422777 0.1224318 0.5918782 0.7933384 0.142459 0.5918946 0.7933257 0.1424616 0.7784914 0.6085586 0.1536481 0.1856185 0.6087503 -0.7713423 0.3685605 0.9238306 0.1034416 0.3685473 0.9238367 0.1034344 0.1320925 0.9238504 -0.3592384 0.1321011 0.923852 -0.359231 0.9168887 0.3824285 0.1142962 0.1789271 0.3825572 -0.9064409 0.9168981 0.3824086 0.1142879 0.1789184 0.382534 -0.9064524 0.3720694 0.9238741 0.08955979 0.3720704 0.9238756 0.08954054 0.1269092 0.9914439 0.03054916 0.1645393 0.7932474 -0.586247 0.1185416 0.92386 -0.3639101 0.1185738 0.9238595 -0.363901 0.9907584 0.1304723 0.03707683 0.03668475 0.9917015 -0.1232177 0.11109 0.1245073 -0.9859802 0.7875162 0.6084257 0.09816575 0.1424646 0.7933298 -0.5918883 0.1424353 0.7933183 -0.5919109 0.03705483 0.1304275 0.9907652 0.03706282 0.1304479 0.9907622 0.9232082 0.3823989 0.03818231 0.9232102 0.3823941 0.03818297 0.03455865 0.3824555 0.9233274 0.1034277 0.9238371 -0.3685481 0.9907588 0.1304704 -0.03707629 0.111042 0.1304267 0.9852201 0.1142916 0.3824099 -0.916897 0.9907641 0.1304307 -0.03707349 0.1109909 0.1304302 0.9852254 0.6044108 0.7931025 0.0753405 0.1142881 0.3824194 -0.9168936 0.6043959 0.7931138 0.07533937 0.03816211 0.3824158 -0.923202 0.02965098 0.608493 0.7930052 0.02967697 0.6084924 0.7930047 0.7929178 0.6084457 0.03279143 0.117927 0.7932261 -0.5973992 0.1034682 0.3824555 0.9181625 0.03280711 0.60844 -0.7929216 0.1843179 0.1304475 0.9741717 0.9233294 0.3824519 -0.03455024 0.1296227 0.9914318 0.01615661 0.09814643 0.6084295 -0.7875156 0.03280311 0.6084291 -0.79293 0.3800236 0.9237631 0.0473693 0.2320069 0.1305327 0.963916 0.02518266 0.7930935 -0.6085792 0.07532221 0.7930943 -0.6044237 0.257043 0.1168351 0.9593115 0.07534635 0.7931023 -0.6044103 0.04736787 0.9237636 -0.3800227 0.08883786 0.6084927 0.7885712 0.04737931 0.9237661 -0.380015 0.6085804 0.7930929 0.025177 0.08886057 0.6084927 0.7885687 0.0161553 0.9914311 -0.1296281 0.1717761 0.3824455 0.9078703 0.1717695 0.3824579 0.9078664 0.9181731 0.3824338 -0.1034539 0.005367517 0.9915315 0.1297556 0.01432234 0.9237866 0.3826398 0.3826333 0.9237648 0.01582467 0.01431846 0.923786 0.3826414 0.004883289 0.9914339 0.1305187 0.3826213 0.9237698 0.01582765 0.1305187 0.9914312 0.005398631 0.974169 0.1304703 -0.1843162 0.9741735 0.1304166 -0.1843302 0.2162737 0.3826273 0.8982328 0.6086113 0.7931419 -0.02276897 0.608604 0.7931473 -0.02277565 0.9639159 0.1304962 -0.232028 0.7885607 0.6085057 -0.08884191 0.3070908 0.130498 0.9426906 0.1857145 0.6087166 0.7713457 0.1856291 0.608751 0.7713392 0.3826477 0.9237834 -0.01431882 0.1297565 0.9915314 -0.005368709 0.04286384 0.9237872 0.3804997 0.0146988 0.991347 0.1304417 0.01598894 0.9916094 0.1282777 0.9545688 0.1304895 -0.2679014 0.3421536 0.1304884 0.9305395 0.8982341 0.3826597 -0.216211 0.8982316 0.3826608 -0.2162199 0.6052075 0.7931421 -0.0681889 0.6052035 0.7931449 -0.06819105 0.2862464 0.3826354 0.8784378 0.9376154 0.115061 -0.328083 0.7797248 0.6084913 -0.1475386 0.889564 0.3825547 -0.2496553 0.1424201 0.7933263 0.5919036 0.1424787 0.7933312 0.5918832 0.7713645 0.6087124 -0.1856507 0.7713556 0.608717 -0.1856726 0.3805003 0.9237866 -0.04287046 0.3188366 0.3825939 0.8671593 0.1282762 0.9916096 -0.01599049 0.2457173 0.6087285 0.7543691 0.9305377 0.1304809 -0.3421612 0.2457789 0.6087079 0.7543656 0.8784659 0.382615 -0.2861878 0.07117736 0.9237855 0.3762369 0.4142812 0.1305171 0.9007421 0.5984053 0.7931524 -0.1132268 0.1645277 0.7932509 0.5862455 0.7639381 0.6086273 -0.2144093 0.08953851 0.9238756 0.3720712 0.591897 0.7933226 -0.1424685 0.59191 0.7933164 -0.1424491 0.08959931 0.9238637 0.3720858 0.9156046 0.1305198 -0.3803062 0.8671484 0.3826134 -0.3188429 0.8671371 0.3826315 -0.3188517 0.1885939 0.7933125 0.5788677 0.7543593 0.6087252 -0.2457557 0.188614 0.793304 0.5788727 0.4511452 0.1304883 0.8828595 0.3762407 0.923783 -0.07118993 0.03668338 0.9917012 0.1232196 0.5862465 0.79325 -0.1645287 0.1034284 0.923839 0.3685431 0.586226 0.7932631 -0.1645385 0.3043329 0.6086947 0.7327157 0.3043515 0.6086959 0.732707 0.3720745 0.9238727 -0.0895546 0.3720698 0.9238752 -0.08954739 0.1269092 0.9914439 -0.03054916 0.8532387 0.3826102 -0.3543916 0.2101157 0.7932796 0.5714533 0.7446914 0.6086527 -0.2738188 0.7446883 0.6086581 -0.273815 0.1185418 0.9238618 0.3639059 0.1185531 0.9238627 0.3638996 0.5788578 0.7933232 -0.1885787 0.4204381 0.3825726 0.8227213 0.5788542 0.793323 -0.1885907 0.8828492 0.130471 -0.4511702 0.4204238 0.3825992 0.8227161 0.331528 0.60869 0.7208229 0.3315395 0.6087027 0.720807 0.368541 0.9238388 -0.1034386 0.3685606 0.9238309 -0.1034387 0.2335499 0.7932833 0.5622776 0.7326958 0.6087094 -0.3043512 0.7327262 0.6086803 -0.3043365 0.8653608 0.1305251 -0.4838532 0.5282976 0.118237 0.8407863 0.5191909 0.1304767 0.8446399 0.571454 0.7932801 -0.2101122 0.04505062 0.9914422 0.1225271 0.1320948 0.923845 0.3592511 0.1241143 0.9914438 -0.04043507 0.3638942 0.9238641 -0.1185593 0.8227089 0.3826156 -0.4204232 0.8227153 0.3825861 -0.4204374 0.2544084 0.7933079 0.5531176 0.2543838 0.7933162 0.5531169 0.1468132 0.9238568 0.353461 0.7208161 0.6087061 -0.3315134 0.3872351 0.6086959 0.6924871 0.3871456 0.6087582 0.6924823 0.8064106 0.3826431 -0.4508727 0.8064047 0.3826465 -0.4508806 0.2770501 0.7932719 0.5421835 0.5893732 0.1220651 0.7985858 0.3592321 0.923854 -0.132084 0.1225332 0.9914414 -0.04505223 0.1196593 0.9917166 -0.04669064 0.3592573 0.9238434 -0.1320894 0.7065337 0.6086475 -0.3610519 0.1599372 0.9238534 0.3477284 0.2971295 0.7933192 0.5313745 0.706515 0.6086657 -0.3610578 0.2970985 0.7933126 0.5314016 0.3534594 0.9238578 -0.146811 0.4154909 0.6086184 0.6759815 0.4155285 0.6086089 0.675967 0.353464 0.9238543 -0.1468217 0.6924927 0.6087238 -0.3871811 0.1741891 0.9238411 0.3408458 0.5369095 0.3824086 0.7519919 0.5369117 0.3823905 0.7519997 0.7871184 0.3825557 -0.4838346 0.5421785 0.7932692 -0.2770677 0.5421822 0.7932649 -0.277073 0.06370204 0.9914439 0.1139354 0.06586939 0.9916862 0.1105428 0.8053203 0.1443926 -0.5749871 0.4611388 0.6084421 0.645871 0.4611478 0.6084294 0.6458765 0.06837511 0.9914392 0.1112343 0.2004498 0.9238359 0.3261093 0.3408328 0.9238478 -0.1741794 0.3408418 0.9238438 -0.1741834 0.5971933 0.3824027 0.7050733 0.1162562 0.9914408 -0.05940955 0.7519909 0.3824107 -0.5369096 0.7519898 0.3823956 -0.5369218 0.3539362 0.7930915 0.4957166 0.3340468 0.9238677 -0.1867657 0.3340551 0.9238672 -0.1867533 0.9438832 0 -0.3302797 0.4672854 0 0.8841066 0.4672547 0 0.8841228 0.3998783 0 0.9165683 0.9659284 0 -0.2588099 0.3998948 0 0.9165611 0.965927 0 -0.2588148 0.3302918 0 0.9438789 0.3302744 0 0.943885 0.9825654 0 -0.1859176 0.03739196 0 -0.9993007 0.9825648 0 -0.1859211 0.03737235 0 -0.9993015 0.258803 0 0.9659302 0.9937123 0 -0.1119642 0.2588396 0 0.9659204 0.9937125 0 -0.111962 0.1119602 0 -0.9937127 0.1119796 0 -0.9937105 0.1859008 0 0.9825686 0.9993005 0 -0.03739547 0.1859198 0 0.982565 0.9993006 0 -0.03739625 0.1859008 0 -0.9825686 0.1119796 0 0.9937105 0.1119409 0 0.9937149 0.1859198 0 -0.982565 0.9993005 0 0.03739696 0.03739196 0 0.9993007 0.03741151 0 0.9993 0.9993006 0 0.03739625 0.258803 0 -0.9659302 0.2588213 0 -0.9659252 0.9937125 0 0.111962 0.9937123 0 0.1119642 0.3302744 0 -0.943885 0.3302918 0 -0.9438789 0.9825661 0 0.185914 0.9825654 0 0.1859176 0.3998948 0 -0.9165611 0.9659258 0 0.2588197 0.965927 0 0.2588148 0.4672701 0 -0.8841148 0.4672547 0 -0.8841228 0.9438853 0 0.3302736 0.9438832 0 0.3302797 0.5320363 0 -0.8467217 0.9165632 0 0.3998901 0.5938073 0 -0.8046073 0.5938327 0 -0.8045886 0.8841145 0 0.4672707 0.8841187 0 0.4672625 0.6522766 0 -0.757981 0.6522879 0 -0.7579714 0.8467187 0 0.5320408 0.7071082 0 -0.7071055 0.707118 0 -0.7070956 0.8045921 0 0.5938279 0.8045991 0 0.5938186 0.7579773 0 -0.652281 0.7579689 0 -0.6522907 0.7579773 0 0.652281 0.8045991 0 -0.5938186 0.8045921 0 -0.5938279 0.7071082 0 0.7071055 0.8467243 0 -0.532032 0.6522766 0 0.757981 0.6522992 0 0.7579616 0.8841145 0 -0.4672707 0.5938073 0 0.8046073 0.5938327 0 0.8045886 0.9165632 0 -0.3998901 0.5320363 0 0.8467217 0.5320222 0 0.8467305 0.1305264 0 -0.9914449 0.3826863 0 -0.9238784 0.6087672 0 -0.7933489 0.7933471 0 -0.6087697 0.9238798 0 -0.382683 0.9238797 0 -0.3826832 0.9914442 0 -0.1305315 0.9914439 0 0.1305335 0.923882 0 0.3826775 0.9238819 0 0.3826777 0.7933529 0 0.6087622 0.6087672 0 0.7933489 0.3826597 0 0.9238893 0.1305417 0 0.9914428 0.1305249 0 -0.9914451 0.3826905 0 -0.9238767 0.6087616 0 -0.7933533 0.7933527 0 -0.6087623 0.9238755 0 -0.3826934 0.9238755 0 -0.3826932 0.9914457 0 -0.13052 0.9914454 0 0.130522 0.9238777 0 0.3826879 0.9238778 0 0.3826877 0.7933585 0 0.6087548 0.6087616 0 0.7933533 0.3826639 0 0.9238877 0.1305401 0 0.991443 0.1304942 0 -0.9914491 0.6087518 0 -0.7933608 0.7933642 0 -0.6087473 0.7933527 0 0.6087623 0.6087518 0 0.7933608 0.3826905 0 0.9238767 0.6087574 0 -0.7933565 0.7933586 0 -0.6087546 0.7933471 0 0.6087697 0.6087574 0 0.7933565 -0.9984274 0 -0.05606061 -0.9984276 0 -0.05605888 -0.9858699 0 -0.167513 -0.9858708 0 -0.1675078 -0.9609183 0 -0.2768324 -0.9238849 0 -0.3826706 -0.9238804 0 -0.3826816 -0.8752239 0 -0.483718 -0.8752167 0 -0.4837312 -0.8155583 0 -0.5786749 -0.8155479 0 -0.5786896 -0.7456509 0 -0.6663368 -0.745651 0 -0.6663368 -0.6663298 0 -0.7456572 -0.6663298 0 -0.7456572 -0.5786764 0 -0.8155573 -0.5786763 0 -0.8155573 -0.4837245 0 -0.8752204 -0.4837483 0 -0.8752073 -0.382678 0 -0.9238817 -0.2768292 0 -0.9609192 -0.1675061 0 -0.9858711 -0.1675062 0 -0.9858711 -0.05609452 0 -0.9984256 -0.9984258 0 -0.05608969 -0.9984259 0 -0.05608791 -0.9858723 0 -0.1674988 -0.9858732 0 -0.1674937 0.9609217 0 -0.2768203 0.9238783 0 -0.3826865 0.875232 0 -0.4837034 0.05608361 0 0.9984261 0.05607151 0 0.9984268 0.815556 0 -0.5786783 0.1674882 0 0.9858741 0.1675 0 0.9858721 0.7456393 0 -0.6663498 0.7456447 0 -0.6663438 0.2768419 0 0.9609155 0.6663412 0 -0.745647 0.6663345 0 -0.745653 0.3826865 0 0.9238783 0.5786783 0 -0.815556 0.483725 0 0.8752201 0.4837157 0 -0.8752251 0.4837065 0 -0.8752303 0.5786702 0 0.8155617 0.3826865 0 -0.9238783 0.5786622 0 0.8155674 0.6663412 0 0.745647 0.2768307 0 -0.9609187 0.6663479 0 0.745641 0.2768419 0 -0.9609155 0.1675117 0 -0.9858701 0.7456447 0 0.6663438 0.05607157 0 -0.9984268 0.05604743 0 -0.9984281 0.815556 0 0.5786783 0.8752292 0 0.4837086 0.8752263 0 0.4837137 0.9238801 0 0.3826822 0.9238819 0 0.382678 0.9609199 0 0.2768267 0.98587 0 0.1675127 0.9858697 0 0.1675147 0.9984275 0 0.05606013 0.9984275 0 0.05606085 0.9984275 0 -0.05605947 0.9858693 0 -0.1675167 0.1674932 0 0.9858733 0.1675051 0 0.9858713 0.2768338 0 0.9609179 0.2768227 0 -0.9609211 0.2768338 0 -0.9609179 0.1675167 0 -0.9858693 0.1675168 0 -0.9858693 0.1305161 0 0.9914462 0.382693 0 0.9238756 0.3826885 0 0.9238774 0.608773 0 0.7933444 0.6087763 0 0.793342 0.7933533 0 0.6087615 0.9238827 0 0.382676 0.9238842 0 0.3826724 0.9914424 0 0.1305456 0.9914422 0 0.1305469 0.9914422 0 -0.1305469 0.9238811 0 -0.3826797 0.7933611 0 -0.6087515 0.7933573 0 -0.6087565 0.6087796 0 -0.7933396 0.608773 0 -0.7933444 0.3826885 0 -0.9238774 0.3826708 0 -0.9238848 0.1305314 0 -0.9914442 0.1305212 0 -0.9914456 0 1 -6.77572e-7 0 1 -1.88924e-6 0 1 0 0 1 -5.73565e-7 0 1 -4.91478e-7 0 1 1.9523e-6 0 1 -3.75379e-7 0 1 0 0 1 1.71111e-6 0 1 -5.01299e-7 0 1 1.3905e-6 0 1 2.31606e-6 0 1 0 0 1 6.52994e-7 0 1 0 0 1 -8.76387e-7 0 1 8.52458e-7 0 1 1.7197e-6 0 1 0 0 1 -1.58188e-6 0 1 2.71753e-7 0 1 -1.14467e-6 0 1 3.09611e-6 0 1 1.71925e-7 0 1 3.47864e-7 0 1 -8.46011e-7 0 1 1.48795e-6 0 1 7.35674e-7 0 1 0 0 1 1.11149e-6 0 1 7.1625e-6 0 1 -7.10583e-7 0 1 0 0 1 -3.04597e-6 0 1 -1.6001e-7 0 1 1.60408e-6 0 1 1.33962e-6 0 1 5.45962e-7 0 1 -1.61331e-6 0 1 -1.74937e-7 0 1 -8.30947e-7 0 1 0 0 1 -1.45646e-6 0 1 9.0264e-7 0 1 -1.54998e-5 0 1 5.12818e-7 0 1 1.27741e-7 0 1 4.65826e-6 0 1 2.66347e-5 0 1 2.0957e-6 0 1 -2.83191e-6 0 1 1.47505e-6 0 1 -1.56097e-7 0 1 -2.82818e-6 0 1 3.56572e-6 0 1 -4.98644e-6 0 1 0 0 1 0 0 1 0 0 1 1.33301e-6 0 1 -2.9234e-6 0 1 -1.31734e-6 0 1 -1.03849e-6 0 1 -3.69853e-7 0 1 -1.56185e-6 0 1 7.84328e-7 0 1 -1.71995e-6 0 1 0 0 1 1.4053e-7 0 1 0 0 1 9.36119e-7 0 1 3.42604e-7 0 1 1.70848e-6 0 1 0 0 1 0 0 1 -4.95873e-7 0 1 2.76333e-7 0 1 -5.62577e-7 0 1 5.07998e-7 0 1 1.93609e-7 0 1 -1.57023e-6 0 1 -5.78977e-6 0 1 2.0259e-7 0 1 7.1684e-7 0 1 2.45131e-6 0 1 -2.13456e-7 0 1 3.39596e-7 0 1 -5.16946e-5 0 1 0 0 1 2.00539e-6 0 1 -2.87988e-5 0 1 1.61847e-6 0 1 2.90422e-7 0 1 0 0 1 6.58506e-7 0 1 -3.52764e-7 0 1 -2.27258e-6 0 1 4.80333e-6 0 1 -3.58129e-6 0 1 2.06421e-7 0 1 2.98254e-6 0 1 -2.80286e-6 0 1 -4.32275e-7 0 1 -1.30943e-6 0 1 -9.18528e-7 0 1 0 0 1 8.6443e-7 0 1 -3.53761e-7 0 1 1.06137e-6 0 1 -3.08337e-6 0 1 1.04094e-6 0 1 -2.75097e-7 0 1 -1.17568e-6 0 1 0 0 1 3.63678e-7 0 1 1.3298e-6 0 1 2.76898e-6 0 1 -5.93261e-7 0 1 -4.45284e-6 0 1 2.50813e-6 0 1 -5.20443e-6 0 1 0 0 1 1.08648e-6 0 1 5.85527e-7 0 1 4.01085e-7 0 1 1.03212e-5 0 1 -2.87349e-6 0 1 3.22929e-6 0 1 -1.28032e-7 0 1 -1.54582e-6 0 1 0 0 1 0 0 1 -2.52717e-7 0 1 -2.97396e-6 0 1 -1.97795e-7 0 1 -2.06588e-6 0 1 -8.11553e-7 0 1 0 0 1 3.32031e-7 0 1 -1.83747e-6 0 1 -1.43569e-7 0 1 1.86592e-6 0 1 0 0 1 0 0 1 1.03876e-6 0 1 9.35433e-7 0 1 -1.48344e-7 0 1 -8.28672e-7 0 1 2.07838e-6 0 1 0 0 1 2.81882e-6 0 1 0 0 1 -5.10711e-7 0 1 -3.63933e-6 0 1 0 0 1 0 0 1 2.55672e-6 0 1 -9.00047e-7 0 1 2.46879e-6 0 1 -2.0323e-7 0 1 0 0 1 1.5307e-7 0 1 -5.05173e-7 0 1 -1.17595e-6 0 1 -2.51947e-6 0 1 1.57311e-7 0 1 1.17318e-6 0 1 -6.52889e-7 0 1 -1.74086e-6 0 1 1.74645e-7 0 1 0 0 1 0 0 1 0 0 1 0 0 1 -2.6938e-7 0 1 -2.49054e-6 0 1 2.31218e-6 0 1 1.3423e-6 0 1 2.77157e-6 0 1 1.61242e-6 0 1 1.1458e-6 0 1 -6.83335e-7 0 1 -7.92005e-7 0 1 -1.60496e-6 0 1 7.34933e-7 0 1 9.13355e-7 0 1 -1.72208e-7 0 1 -4.79021e-7 0 1 -1.91697e-7 0 1 4.2154e-7 0 1 6.59233e-7 0 1 6.18347e-7 0 1 7.44187e-7 0 1 8.78839e-7 0 1 0 0 1 5.86332e-7 0 1 -2.28468e-6 0 1 -3.23583e-7 0 1 -1.0175e-6 0 1 0 0 1 4.93433e-7 0 1 1.31565e-6 0 1 -6.14277e-7 0 1 -2.90852e-7 0 1 -3.59351e-6 0 1 8.06993e-7 0 1 -9.11682e-7 0 1 0 0 1 1.97927e-6 0 1 4.90262e-6 0 1 -7.21576e-7 0 1 -3.45151e-7 0 1 7.61489e-7 0 1 -1.03655e-6 0 1 6.55429e-7 0 1 5.33371e-7 0 1 -5.73212e-7 0 1 1.4032e-6 0 1 -2.64935e-6 0 1 -5.02387e-7 0 1 3.30807e-7 0 1 -2.46121e-6 0 1 3.06445e-7 0 1 -3.34173e-7 0 1 -5.27408e-7 0 1 8.94752e-7 0 1 2.54964e-6 0 1 3.1745e-6 0 1 -1.5077e-6 0 1 0 0 1 -2.0282e-6 0 1 5.25528e-7 0 1 -3.35552e-6 0 1 -1.38533e-6 0 1 -2.06954e-7 0 1 0 0 1 -5.66407e-7 0 1 3.89453e-7 0 1 5.76598e-7 0 1 -1.64708e-6 0 1 2.49601e-6 0 1 4.43702e-6 0 1 1.74188e-7 0 1 -3.19317e-6 0 1 -8.8095e-7 0 1 -6.31304e-7 0 1 0 0 1 -6.30581e-7 0 1 -1.95391e-6 0 1 4.49846e-6 0 1 0 0 1 4.54342e-7 0 1 -1.42163e-6 0 1 4.9697e-6 0 1 -4.7514e-7 0 1 0 0 1 7.431e-7 0 1 -1.95637e-6 0 1 0 0 1 -1.24364e-6 0 1 2.1261e-6 0 1 -1.4754e-6 0 1 -6.36003e-7 0 1 0 0 1 -7.15316e-7 0 1 -7.80466e-7 0 1 0 0 1 -3.00657e-7 0 1 0 0 1 1.39094e-6 0 1 1.44062e-6 0 1 -2.92169e-6 0 1 3.08225e-6 0 1 0 0 1 -5.24324e-6 0 1 1.39913e-5 0 1 0 0 1 -6.16866e-7 0 1 2.13975e-6 0 1 4.24465e-7 0 1 0 0 1 0 0 1 0 0 1 -1.29399e-7 0 1 1.23101e-6 0 1 1.60096e-6 0 1 3.05865e-6 0 1 -2.1594e-7 0 1 3.01158e-7 0 1 0 0 1 3.42467e-7 0 1 4.31376e-7 0 1 -4.15435e-7 0 1 -3.65045e-7 0 1 1.13835e-6 0 1 0 0 1 0 0 1 -6.47419e-7 0 1 -7.77065e-7 0 1 -7.75569e-7 0 1 2.43691e-7 0 1 -2.01769e-6 0 1 1.62725e-6 0 1 3.61857e-6 0 1 0 0 1 4.67477e-7 0 1 -5.30459e-7 0 1 -4.52585e-6 0 1 6.97302e-7 0 1 -1.36635e-6 0 1 1.59825e-7 0 1 0 0 1 0 0 1 -1.89986e-6 0 1 2.08762e-6 0 1 -9.81582e-7 0 1 -6.68992e-7 0 1 -1.37203e-6 0 1 2.87209e-6 0 1 0 0 1 -2.01484e-6 0 1 -4.15404e-7 0 1 -1.07643e-6 0 1 0 0 1 0 0 1 1.43497e-6 0 1 -2.4253e-6 0 1 0 0 1 -5.17689e-7 0 1 0 0 1 5.17551e-6 0 1 -1.39108e-7 0 1 4.08501e-6 0 1 -5.04047e-6 0 1 0 0 1 -2.18845e-6 0 1 -2.00277e-6 0 1 4.07757e-7 0 1 0 0 1 5.94121e-6 0 1 -1.9218e-7 0 1 8.07732e-7 0 1 3.94083e-7 0 1 -2.10134e-7 0 1 -2.00012e-7 0 1 -9.60059e-7 -1 0 0 -1 -8.11137e-6 0 0 1 1.95245e-6 0 1 -1.86315e-6 0 1 -9.76227e-7 0 1 2.27975e-6 0 1 9.31577e-7 0 1 -2.17547e-6 0 1 2.48731e-7 0 1 6.52643e-6 0 1 -2.79473e-6 0 1 -2.17548e-6 0 1 6.52643e-6 0 1 -2.17548e-6 0 1 9.31577e-7 0 1 2.17548e-6 0 1 -6.83925e-6 0 1 2.92868e-6 0 1 -6.83924e-6 0 1 2.27975e-6 0 1 -4.88113e-6 0 1 2.27975e-6 0 0 1 1 0 0 0 0 -1 0 -1 0 0 -1 4.57605e-6 0 -1 -4.95973e-6 0 -1 -3.52557e-6 0 -1 -4.28633e-6 0 -1 0 0 -1 3.79327e-6 0 -1 0 0 -1 0 0 -1 0 0 -1 0 0 -1 0 0 -1 1.74709e-6 0 -1 0 0 -1 2.44153e-6 0 -1 -6.62959e-7 0 -1 9.99711e-7 0 -1 -2.16659e-6 0 -1 1.84731e-7 0 -1 2.12125e-6 0 -1 -2.1116e-6 0 -1 -1.82206e-7 0 -1 2.11686e-6 0 -1 -9.67141e-7 0 -1 6.34622e-7 0 -1 -2.31042e-6 0 -1 -1.63224e-6 0 -1 4.70435e-6 0 -1 -3.12183e-6 0 -1 3.42576e-6 0 -1 0 0 -1 -4.513e-6 0 -1 5.66784e-6 0 -1 -2.18439e-6 0 -1 -2.95716e-6 0 -1 -2.41085e-6 0 -1 1.18014e-5 0 -1 -5.92074e-6 0 -1 7.25295e-7 0 -1 5.33873e-7 0 -1 -3.30822e-7 0 -1 -4.17441e-6 0 -1 1.33213e-6 0 -1 1.40402e-6 0 -1 -3.3644e-6 0 -1 1.0195e-6 0 -1 1.19264e-6 0 -1 0 0 -1 -1.44889e-6 0 -1 -1.95544e-6 0 -1 1.96394e-6 0 -1 1.46782e-6 0 -1 0 0 -1 -1.23042e-6 0 -1 -1.06218e-6 0 -1 3.54263e-6 0 -1 -1.49571e-6 0 -1 -1.43796e-6 0 -1 -3.82898e-7 0 -1 5.75977e-5 0 -1 -3.93768e-6 0 -1 4.59399e-6 0 -1 -2.11511e-6 0 -1 4.4824e-6 0 -1 0 0 -1 -4.21455e-6 0 -1 -6.93491e-6 0 -1 5.97886e-6 0 -1 -6.51907e-6 0 -1 1.19585e-6 0 -1 4.12052e-6 0 -1 3.07666e-6 0 -1 -6.14881e-6 0 -1 -3.12449e-6 0 -1 3.20435e-6 0 -1 0 0 -1 0 0 -1 0 0 -1 0 0 -1 0 0 1 -1.03257e-6 0 1 2.14319e-6 0 1 9.85344e-7 0 1 -2.04517e-6 0 1 -1.0716e-6 0 1 1.02259e-6 0 1 3.94137e-6 0 1 -4.09035e-6 0 1 -9.85342e-7 0 1 4.09035e-6 0 1 2.95603e-6 0 1 -3.2933e-7 0 1 1.03258e-6 0 1 4.28638e-6 0 1 -7.22803e-6 0 1 1.03257e-6 0 1 -1.01865e-5 0 1 -1.08975e-6 0 1 -2.38721e-5 0 1 -2.01267e-5 0 1 1.19361e-5 0 1 -1.00634e-5 0 1 1.25792e-6 0 1 -1.25792e-6 0 1 -1.07353e-6 0 1 1.07353e-6 0 1 -2.54662e-6 0 1 2.03729e-5 0 1 -1.71766e-5 0 1 -7.82912e-6 0 1 2.43084e-6 0 1 1.11845e-6 0 1 -2.43084e-6 0 1 -3.35534e-6 0 1 -2.84835e-6 0 1 -1.31055e-6 0 1 9.17383e-6 0 1 8.54506e-6 0 1 -1.42418e-6 0 1 2.62109e-6 0 1 1.21542e-6 0 1 -2.23689e-6 0 1 1.42418e-6 0 1 -1.21542e-6 0 1 -3.81469e-7 0 1 7.62939e-7 0 1 1.88021e-7 0 1 -2.03451e-6 0 1 2.03451e-6 3.63253e-7 0 1 1 1.15516e-6 0 0 1 6.91845e-7 0 1 8.19639e-6 0 1 1.33352e-6 0 1 -3.0647e-6 0 1 1.13719e-5 0 1 -6.56938e-6 0 1 1.58957e-7 0 1 -4.75809e-7 0 1 0 0 1 0 0 1 1.02679e-6 0 1 -1.72356e-7 0 1 1.26953e-5 0 1 -2.47596e-6 0 1 -9.47778e-6 0 1 -3.79557e-6 0 1 -6.1116e-7 0 1 3.74049e-6 0 1 -2.24893e-7 0 1 -4.15141e-7 0 1 -8.46711e-7 0 1 3.74279e-7 0 1 -4.24801e-7 0 1 -3.38543e-5 0 1 2.28506e-5 0 1 -8.71446e-6 0 1 -1.58408e-7 0 1 2.5997e-6 0 1 3.89478e-6 0 1 0 0 1 8.92883e-6 0 1 -2.60751e-6 0 1 -2.00428e-7 0 1 2.73558e-7 0 1 -1.52857e-6 0 1 -1.05278e-6 0 1 5.47097e-6 0 1 1.98003e-5 0 1 -3.18305e-5 0 1 2.74595e-6 0 1 -5.84304e-6 0 1 -1.43026e-6 0 1 -3.56117e-7 0 1 1.81507e-6 0 1 0 0 1 4.06143e-7 0 1 3.03287e-6 0 1 1.4543e-6 0 1 7.43101e-7 0 1 -4.54141e-6 0 1 -5.71823e-6 0 1 6.18328e-6 0 1 -5.76203e-6 0 1 1.09353e-6 0 1 -1.41944e-6 0 1 5.31496e-6 0 1 -5.15655e-6 0 1 -2.47205e-6 0 1 4.19462e-6 0 1 -7.853e-7 0 1 1.10523e-6 0 1 7.0207e-6 0 1 3.40717e-6 0 1 -5.50772e-6 0 1 1.17427e-5 0 1 -2.66162e-6 0 1 2.59037e-6 0 1 1.43968e-6 0 1 3.56109e-7 0 1 2.05303e-6 0 1 2.60639e-6 0 1 3.08129e-6 0 1 -6.10329e-6 0 1 -1.81512e-6 0 1 6.57773e-6 0 1 0 0 1 -6.02136e-6 0 1 5.78428e-6 0 1 -4.41318e-6 0 1 1.53441e-6 0 1 -7.21145e-6 0 1 4.83389e-7 0 1 3.10958e-7 0 1 2.66687e-6 0 1 -1.88607e-6 0 1 -2.74324e-7 0 1 8.12345e-6 0 1 6.12182e-7 0 1 -6.92246e-7 -0.9914453 0 -0.1305232 -0.9238834 0 -0.3826745 -0.7933447 0 -0.6087727 -0.6087616 0 -0.7933533 -0.3826798 0 -0.9238811 -0.1305432 0 -0.9914426 0.1305483 0 -0.991442 0.3826661 0 -0.9238868 0.6087898 0 -0.7933316 0.7933542 0 -0.6087604 0.9238626 0 -0.3827243 0.9914428 0 -0.1305424 -1 -5.33424e-6 0 1 2.04911e-6 0 1 -5.11635e-7 0 0 0.9914456 0.1305208 0 0.9238811 0.3826798 0 0.7933495 0.6087664 0 0.793352 0.6087633 0 0.6087587 0.7933555 0 0.6087586 0.7933555 0 0.3826894 0.9238771 0 0.3826877 0.9238778 0 0.1305206 0.9914457 0 0.1305212 0.9914456 -1 2.12141e-6 0 1 -1.20152e-5 0 -1 -1.06685e-5 0 -1 -2.1337e-5 0 -1 3.39426e-5 0 -1 -3.27847e-5 0 1 3.27858e-5 0 1 -8.18615e-6 0 -1 4.26739e-5 0 -1 -3.39426e-5 0 1 9.61215e-5 0 -1 -6.78852e-5 0 1 -6.55716e-5 0 1 5.81287e-6 0 1 -6.55695e-5 0 1 -9.61215e-5 0 -1 1.31139e-4 0 -1 -2.32515e-5 0 1 1.74386e-5 0 1 -1.92243e-4 0 0 0.9914456 0.130521 0 0.9238808 0.3826804 0 0.7933514 0.6087641 0 0.7933515 0.608764 0 0.608758 0.793356 0 0.6087579 0.7933561 0 0.3826888 0.9238774 0 0.3826888 0.9238773 0 0.1305211 0.9914456 0 0.130521 0.9914456 0 0.3826887 0.9238775 0 0.6087576 0.7933564 0 0.3826893 0.9238771 0 0.6087595 0.7933549 -0.1305381 0 -0.9914433 -0.1305279 0 -0.9914447 -0.3826708 0 -0.9238848 -0.3826885 0 -0.9238774 -0.608773 0 -0.7933444 -0.6087796 0 -0.7933396 -0.7933322 0 -0.6087891 -0.793336 0 -0.6087841 -0.9238811 0 -0.3826797 -0.9914488 0 -0.130496 -0.9914488 0 0.130496 -0.991449 0 0.1304947 -0.9238842 0 0.3826724 -0.9238827 0 0.382676 -0.7933284 0 0.6087941 -0.6087763 0 0.793342 -0.608773 0 0.7933444 -0.3826885 0 0.9238774 -0.382693 0 0.9238756 -0.1305229 0 0.9914453 0 1 -7.24328e-6 0 1 1.06175e-5 0 1 5.30831e-6 0 1 9.05325e-7 0 1 -4.68698e-7 0 1 -5.89211e-7 0 1 -5.22069e-7 0 1 8.96641e-7 0 1 -8.03853e-7 0 1 -7.4912e-7 0 1 3.61799e-7 0 1 1.44721e-6 0 1 -5.61828e-7 0 1 4.01947e-7 0 1 -4.48321e-7 0 1 7.83123e-7 0 1 -2.55762e-6 0 1 -8.33294e-7 0 1 2.35693e-6 0 1 3.7491e-6 -0.9609118 0 0.2768546 -0.9238819 0 0.382678 -0.9238801 0 0.3826822 -0.8752292 0 0.4837086 -0.8752263 0 0.4837137 -0.05604904 0 -0.9984281 -0.05607318 0 -0.9984266 -0.815556 0 0.5786783 -0.1675117 0 -0.9858701 -0.7456447 0 0.6663438 -0.2768419 0 -0.9609155 -0.2768307 0 -0.9609187 -0.6663412 0 0.745647 -0.6663479 0 0.745641 -0.3826865 0 -0.9238783 -0.5786622 0 0.8155674 -0.5786702 0 0.8155617 -0.4837065 0 -0.8752303 -0.4837157 0 -0.8752251 -0.483725 0 0.8752201 -0.5786783 0 -0.815556 -0.3826865 0 0.9238783 -0.6663412 0 -0.745647 -0.2768419 0 0.9609155 -0.6663345 0 -0.745653 -0.1675 0 0.9858721 -0.7456393 0 -0.6663498 -0.1674882 0 0.9858741 -0.7456447 0 -0.6663438 -0.05607318 0 0.9984267 -0.05608528 0 0.998426 -0.815556 0 -0.5786783 -0.875232 0 -0.4837034 -0.9238783 0 -0.3826865 -0.9609137 0 -0.2768482 -0.9858743 0 -0.1674873 -0.9984257 0 -0.05608958 -0.9984257 0 0.05609095 -0.9984258 0 0.05609029 -0.9858746 0 0.1674853 -0.985875 0 0.1674833 0 1 -5.11359e-6 0 1 4.01863e-6 0 1 -1.03841e-6 0 1 7.90355e-7 0 1 -1.75095e-6 0 1 1.22382e-6 0 1 3.41029e-7 0 1 -8.73003e-7 0 1 5.05398e-7 0 1 -3.60193e-7 0 1 -3.29314e-7 0 1 3.04077e-7 0 1 5.32551e-7 0 1 2.52277e-7 0 1 -2.40787e-7 0 1 -6.94556e-7 0 1 -4.48266e-7 0 1 1.09236e-6 0 1 -6.43018e-7 0 1 -1.26987e-6 0 1 6.30923e-7 0 1 1.26188e-6 0 1 -1.48148e-6 0 1 -3.21512e-7 0 1 9.8311e-7 0 1 -4.48284e-7 0 1 -2.40798e-7 0 1 2.52262e-7 0 1 5.66687e-7 0 1 -1.36836e-6 0 1 4.93963e-7 0 1 2.52136e-6 0 1 -2.38956e-6 0 1 -1.33697e-6 0 1 3.03247e-6 0 1 1.74602e-6 0 1 -3.41023e-6 0 1 1.63183e-6 0 1 3.0014e-6 0 1 1.26468e-6 0 1 -1.66132e-6 0 1 -4.59312e-6 0 1 -5.63355e-6 0 1 1.11957e-5 0 1 3.34493e-5 0 1 -3.34493e-5 0 1 1.67936e-5 0 1 -2.81684e-6 -0.9609199 0 0.2768267 -0.9609217 0 -0.2768203 -0.9858693 0 -0.1675167 -0.9858697 0 0.1675147 -0.98587 0 0.1675127 0 1 -1.03839e-6 0 1 7.9037e-7 0 1 3.4102e-7 0 1 -8.73013e-7 0 1 5.0541e-7 0 1 -3.60194e-7 0 1 -3.29316e-7 0 1 3.0408e-7 0 1 5.32566e-7 0 1 2.5227e-7 0 1 -2.40791e-7 0 1 -1.38906e-6 0 1 1.09235e-6 0 1 -6.43016e-7 0 1 -1.26986e-6 0 1 6.30928e-7 0 1 1.26188e-6 0 1 -1.48149e-6 0 1 -3.21511e-7 0 1 9.83101e-7 0 1 -4.48288e-7 0 1 -2.40797e-7 0 1 2.52261e-7 0 1 5.66687e-7 0 1 -1.36836e-6 0 1 4.93964e-7 0 1 2.52136e-6 0 1 -2.38957e-6 0 1 -1.33697e-6 0 1 3.03246e-6 0 1 1.74602e-6 0 1 -3.41022e-6 0 1 6.00279e-6 0 1 1.26466e-6 0 1 -1.66134e-6 0 1 -4.59313e-6 0 1 -5.63369e-6 0 1 3.34538e-5 0 1 -3.34515e-5 0 1 1.6792e-5 0 1 -2.81687e-6 0 1 -1.8539e-7 0 1 0 0 1 2.47772e-7 0 1 -2.47286e-7 0 1 2.45722e-7 0 1 -4.7925e-7 0 1 0 0 1 -1.85395e-7 0 1 2.16796e-7 0 1 -2.16378e-7 0 1 1.53574e-7 0 1 -1.21571e-7 0 1 0 0 1 0 0 1 0 0 1 1.93121e-7 0 1 -1.93121e-7 0 1 0 0 1 0 0 1 0 0 1 0 0 1 1.21567e-7 0 1 -1.53579e-7 0 1 2.16378e-7 0 1 -2.47764e-7 0 1 4.7925e-7 0 1 2.47184e-7 0 1 2.47286e-7 0 1 2.47176e-7 0 1 -2.47772e-7 0 1 0 -0.9987963 0 -0.04905062 -0.9891746 0 -0.1467437 -0.9891746 0 -0.1467437 -0.9700303 0 -0.2429841 -0.9700289 0 -0.2429896 -0.04906797 0 0.9987955 -0.04906219 0 0.9987958 -0.9415578 0 -0.3368518 -0.9415603 0 -0.3368444 -0.1467232 0 0.9891776 -0.1467289 0 0.9891768 -0.9039823 0 -0.4275702 -0.2429869 0 0.9700297 -0.8577309 0 -0.5140992 -0.857737 0 -0.5140889 -0.3368893 0 0.9415443 -0.3368842 0 0.9415462 -0.8032091 0 -0.5956972 -0.4275425 0 0.9039954 -0.4275472 0 0.9039931 -0.7409333 0 -0.6715787 -0.5141282 0 0.8577134 -0.5141325 0 0.8577109 -0.671552 0 -0.7409575 -0.6715648 0 -0.7409459 -0.5956749 0 0.8032256 -0.5956786 0 0.8032229 -0.5956861 0 -0.8032174 -0.6715743 0 0.7409372 -0.5141453 0 -0.8577032 -0.7409359 0 0.6715758 -0.4275282 0 -0.9040021 -0.8032071 0 0.5957 -0.3368893 0 -0.9415443 -0.3369099 0 -0.9415369 -0.8577263 0 0.5141068 -0.2429759 0 -0.9700324 -0.2429978 0 -0.9700269 -0.8577262 0 0.5141068 -0.1467176 0 -0.9891785 -0.9039876 0 0.427559 -0.04907381 0 -0.9987952 -0.04907381 0 -0.9987952 -0.9039908 0 0.4275522 -0.9415578 0 0.3368518 -0.9415603 0 0.3368444 -0.9700289 0 0.2429896 -0.9700303 0 0.2429841 -0.9891744 0 0.1467454 -0.9891744 0 0.1467453 -0.9987963 0 0.04905062 0.9987963 0 0.04905062 0.9891744 0 0.1467454 0.9891744 0 0.1467453 0.9700289 0 0.2429896 0.9700303 0 0.2429841 0.04907381 0 -0.9987952 0.04907381 0 -0.9987952 0.9415419 0 0.336896 0.9415393 0 0.3369033 0.1467176 0 -0.9891785 0.90401 0 0.4275115 0.9040132 0 0.4275047 0.2429978 0 -0.9700269 0.2429759 0 -0.9700324 0.8577262 0 0.5141068 0.8577263 0 0.5141068 0.3369099 0 -0.9415369 0.3368893 0 -0.9415443 0.8032071 0 0.5957 0.4275282 0 -0.9040021 0.7409359 0 0.6715758 0.5141453 0 -0.8577032 0.6715743 0 0.7409372 0.5956861 0 -0.8032174 0.5956786 0 0.8032229 0.5956749 0 0.8032256 0.671552 0 -0.7409575 0.6715648 0 -0.7409459 0.5141325 0 0.8577109 0.5141282 0 0.8577134 0.7409333 0 -0.6715787 0.4275472 0 0.9039931 0.4275425 0 0.9039954 0.8032091 0 -0.5956972 0.3368842 0 0.9415462 0.3368893 0 0.9415443 0.8577309 0 -0.5140992 0.2429869 0 0.9700297 0.857737 0 -0.5140889 0.1467289 0 0.9891768 0.1467232 0 0.9891776 0.9040047 0 -0.4275227 0.04906797 0 0.9987955 0.04906219 0 0.9987958 0.9415419 0 -0.336896 0.9415393 0 -0.3369033 0.9700303 0 -0.2429841 0.9700289 0 -0.2429896 0.9891746 0 -0.1467437 0.9891746 0 -0.1467437 0.9987963 0 -0.04905062 0 1 -1.85384e-7 0 1 2.4778e-7 0 1 0 0 1 -1.85386e-7 0 1 2.16802e-7 0 1 -2.16375e-7 0 1 1.53577e-7 0 1 -1.21568e-7 0 1 0 0 1 1.9312e-7 0 1 -1.9312e-7 0 1 0 0 1 0 0 1 1.21568e-7 0 1 -1.53577e-7 0 1 2.16375e-7 0 1 4.79254e-7 -0.9891744 0 -0.1467445 -0.9891744 0 -0.1467445 -0.9700297 0 -0.2429869 -0.04906511 0 0.9987956 -0.941559 0 -0.3368481 -0.941559 0 -0.3368481 -0.1467261 0 0.9891772 -0.9039865 0 -0.4275612 -0.9039854 0 -0.4275634 -0.8577292 0 -0.5141017 -0.3368868 0 0.9415453 -0.8032071 0 -0.5957 -0.4275448 0 0.9039943 -0.7409281 0 -0.6715845 -0.7409307 0 -0.6715816 -0.5141304 0 0.8577121 -0.6715743 0 -0.7409372 -0.5956861 0 0.8032174 -0.6715663 0 0.7409445 -0.5141197 0 -0.8577185 -0.4275425 0 -0.9039954 -0.4275472 0 -0.9039931 -0.3368996 0 -0.9415407 -0.8577293 0 0.5141017 -0.2429704 0 -0.9700337 -0.8577309 0 0.5140992 -0.1467232 0 -0.9891776 -0.1467289 0 -0.9891768 -0.9039865 0 0.4275612 -0.04906219 0 -0.9987958 -0.04906797 0 -0.9987955 -0.9039854 0 0.4275634 -0.9415571 0 0.3368536 -0.9700307 0 0.2429828 -0.9891744 0 0.1467445 -0.9891744 0 0.1467445 0.9891744 0 0.1467445 0.9891744 0 0.1467445 0.9700307 0 0.2429828 0.04906219 0 -0.9987958 0.04906797 0 -0.9987955 0.9415386 0 0.3369051 0.1467289 0 -0.9891768 0.1467232 0 -0.9891776 0.9040089 0 0.4275137 0.9040079 0 0.4275159 0.2429704 0 -0.9700337 0.8577292 0 0.5141017 0.8577309 0 0.5140992 0.3368996 0 -0.9415407 0.4275472 0 -0.9039931 0.4275425 0 -0.9039954 0.5141197 0 -0.8577185 0.6715663 0 0.7409445 0.5956861 0 0.8032174 0.6715743 0 -0.7409372 0.5141304 0 0.8577121 0.7409281 0 -0.6715845 0.4275448 0 0.9039943 0.7409307 0 -0.6715816 0.8032071 0 -0.5957 0.3368868 0 0.9415453 0.8577293 0 -0.5141017 0.1467261 0 0.9891772 0.9040089 0 -0.4275137 0.04906511 0 0.9987956 0.9040079 0 -0.4275159 0.9415407 0 -0.3368996 0.9700297 0 -0.2429869 0.9891744 0 -0.1467445 0.9891744 0 -0.1467445 -0.9039859 0 -0.4275622 -0.85773 0 -0.5141004 -0.85773 0 -0.5141004 -0.7409294 0 -0.671583 -0.4275448 0 -0.9039943 -0.85773 0 0.5141004 -0.2429732 0 -0.9700331 -0.85773 0 0.5141004 -0.1467261 0 -0.9891772 -0.9039859 0 0.4275622 -0.04906511 0 -0.9987956 -0.9415574 0 0.3368527 -0.9700305 0 0.2429834 0.9700305 0 0.2429834 0.04906511 0 -0.9987956 0.9415389 0 0.3369042 0.1467261 0 -0.9891772 0.9040085 0 0.4275148 0.2429732 0 -0.9700331 0.85773 0 0.5141004 0.85773 0 0.5141004 0.4275448 0 -0.9039943 0.7409294 0 -0.671583 0.85773 0 -0.5141004 0.85773 0 -0.5141004 0.9040085 0 -0.4275148 0 1 -1.45848e-7 0 1 0 0 1 0 0 1 -1.54761e-7 0 1 0 0 1 1.55476e-7 0 1 -2.3119e-7 0 1 0 0 1 2.6548e-7 0 1 -2.59607e-7 0 1 3.06456e-7 0 1 0 0 1 -1.34396e-7 0 1 -6.14643e-7 0 1 0 0 1 -1.54762e-7 0 1 0 0 1 0 0 1 6.45978e-7 0 1 0 0 1 -3.32079e-7 0 1 3.03407e-7 0 1 -2.96694e-7 0 1 5.76858e-7 0 1 2.20132e-7 0 1 0 0 1 -4.22566e-7 0 1 0 0 1 3.22986e-7 0 1 1.23185e-7 0 1 -2.07547e-7 0 1 0 0 1 0 0.05609452 0 -0.9984256 0.1675037 0 -0.9858715 0.1675037 0 -0.9858715 0.2768331 0 -0.9609181 0.382678 0 -0.9238817 0.4837483 0 -0.8752073 0.4837245 0 -0.8752204 0.5786764 0 -0.8155573 0.5786763 0 -0.8155573 0.6663298 0 -0.7456572 0.6663298 0 -0.7456572 0.7456437 0 -0.666345 0.8155549 0 -0.5786799 0.8155653 0 -0.5786652 0.8752167 0 -0.4837312 0.8752239 0 -0.483718 0.9238804 0 -0.3826816 0.9238849 0 -0.3826706 0.9609183 0 -0.2768324 0.9858708 0 -0.1675078 0.9858699 0 -0.167513 0.9984267 0 -0.05607342 0.9984266 0 -0.05607515 -0.1564912 0 0.9876794 -0.2587866 0 0.9659345 -0.358352 0 0.9335865 -0.3583809 0 0.9335755 0.9986292 0 0.05234348 0.9986292 0 0.05234175 -0.4540082 0 0.8909976 0.987689 0 0.1564304 0.9876898 0 0.1564253 -0.5446436 0 0.8386676 -0.5446202 0 0.8386828 0.9659224 0 0.2588319 0.9659224 0 0.2588319 -0.629328 0 0.7771398 -0.6293079 0 0.7771561 0.9335849 0 0.3583564 -0.7071198 0 0.7070938 -0.7071031 0 0.7071105 0.8910019 0 0.4539996 0.8910088 0 0.4539861 -0.7771428 0 0.6293244 -0.777156 0 0.6293081 0.8386643 0 0.5446487 0.8386643 0 0.5446487 -0.8386643 0 0.5446487 -0.8386643 0 0.5446487 0.777156 0 0.6293081 0.7771429 0 0.6293244 -0.8910088 0 0.4539861 -0.8910019 0 0.4539996 -0.9335849 0 0.3583564 0.7071032 0 0.7071105 0.7071198 0 0.7070938 0.6293281 0 0.7771398 -0.9659224 0 0.2588319 -0.9659224 0 0.2588319 0.6293079 0 0.7771562 -0.9876898 0 0.1564253 -0.987689 0 0.1564304 0.5446436 0 0.8386676 -0.9986292 0 0.05234348 0.5446202 0 0.8386828 -0.9986292 0 0.05234175 0.4540082 0 0.8909976 0.3583519 0 0.9335866 0.358381 0 0.9335755 0.2587906 0 0.9659336 0.1564888 0 0.9876797 0.1564563 0 0.9876849 0.05229789 0 0.9986315 -0.05229789 0 0.9986315 -0.1564587 0 0.9876846 0 1 0 0 1 0 0 1 -1.54764e-7 0 1 0 0 1 1.55479e-7 0 1 -2.31189e-7 0 1 2.65479e-7 0 1 -2.09262e-7 0 1 0 0 1 -1.54763e-7 0 1 0 0 1 6.45975e-7 0 1 0 0 1 3.03405e-7 0 1 5.76859e-7 0 1 1.30281e-7 0 1 1.20968e-7 0 1 -5.18605e-7 0 1 3.22987e-7 0 1 1.23185e-7 0 1 0 -0.9659263 0 0.2588173 -0.9659263 0 0.2588173 -0.9876875 0 0.1564406 -0.9876866 0 0.1564457 -0.99863 0 0.05232793 -0.9986301 0 0.0523262 0 1 -1.45851e-7 0 1 0 0 1 0 0 1 -1.54761e-7 0 1 1.55478e-7 0 1 -2.31188e-7 0 1 0 0 1 2.6548e-7 0 1 -6.14642e-7 0 1 0 0 1 0 0 1 -3.32078e-7 0 1 0 0 1 3.22987e-7 -0.1305401 0 0.991443 -0.3826905 0 0.9238767 -0.6087518 0 0.7933608 -0.7933527 0 0.6087623 -0.9238777 0 0.3826879 -0.9238778 0 0.3826877 -0.9914454 0 0.130522 -0.9914457 0 -0.13052 -0.9238755 0 -0.3826934 -0.9238755 0 -0.3826932 -0.7933642 0 -0.6087473 -0.6087518 0 -0.7933608 -0.3826905 0 -0.9238767 -0.1304942 0 -0.9914491 -0.1305249 0 -0.9914451 0 1 3.27495e-7 0 1 3.05177e-7 0 1 -7.36934e-7 0 1 3.81471e-7 0 1 4.50305e-7 0 1 -5.02247e-7 0 1 -5.31714e-7 0 1 1.30243e-6 0 1 -9.60152e-7 0 1 -1.52738e-6 0 1 2.95075e-6 0 1 2.16255e-6 0 1 -3.68845e-7 0 1 1.90924e-7 0 1 -2.4004e-7 0 1 -3.65269e-7 -0.923882 0 0.3826775 -0.9238819 0 0.3826777 -0.9914439 0 0.1305335 -0.9914442 0 -0.1305315 -0.9238798 0 -0.382683 -0.9238797 0 -0.3826832 0 1 -3.27493e-7 0 1 3.05176e-7 0 1 4.42161e-7 0 1 -5.34062e-7 0 1 0 0 1 0 0 1 7.44396e-7 0 1 -7.81458e-7 0 1 1.52737e-6 0 1 -2.95072e-6 0 1 8.65142e-6 0 1 2.16278e-6 0 1 -1.10648e-6 0 1 5.72785e-7 0 1 -2.40037e-7 0 1 -4.25372e-7 0 1 3.65271e-7 -0.3826639 0 0.9238877 -0.6087672 0 0.7933489 -0.7933529 0 0.6087622 -0.7933471 0 -0.6087697 -0.6087672 0 -0.7933489 0 1 -3.27491e-7 0 1 3.05174e-7 0 1 2.94782e-7 0 1 1.47389e-7 0 1 -5.34055e-7 0 1 0 0 1 0 0 1 7.44397e-7 0 1 -2.6048e-7 0 1 -6.78946e-7 0 1 -9.60198e-7 0 1 1.52738e-6 0 1 -2.95086e-6 0 1 8.65082e-6 0 1 2.16285e-6 0 1 -1.10651e-6 0 1 5.72778e-7 0 1 -2.40036e-7 0 1 -4.25371e-7 0 1 3.6527e-7 -0.6087616 0 0.7933533 0 1 3.2749e-7 0 1 3.05175e-7 0 1 1.4739e-7 0 1 -5.34058e-7 0 1 4.50305e-7 0 1 -5.02248e-7 0 1 -9.602e-7 0 1 -1.5274e-6 0 1 8.65022e-6 0 1 2.1627e-6 0 1 -2.40042e-7 0 1 -4.25364e-7 -0.9238811 0 0.3826798 -0.5703263 0 -0.8214184 -0.9238812 0 0.3826795 -0.510267 0 -0.8600161 -0.9488242 0 0.3158047 -0.9488242 0 0.315805 -0.4476173 0 -0.8942253 -0.9689365 0 0.2473099 -0.03568786 0 0.9993631 -0.4476139 0 -0.894227 -0.382686 0 -0.9238785 -0.1069012 0 0.9942697 -0.3826897 0 -0.923877 -0.9841123 0 0.1775473 -0.9841123 0 0.1775476 -0.3157953 0 -0.9488275 -0.9942697 0 0.1069012 -0.3157991 0 -0.9488261 -0.1775475 0 0.9841123 -0.2473069 0 -0.9689373 -0.2473109 0 -0.9689363 -0.9993634 0 0.03567779 -0.9993634 0 0.03567773 -0.2473099 0 0.9689365 -0.1775469 0 -0.9841124 -0.9993634 0 -0.03567773 -0.9993634 0 -0.03567779 -0.1069017 0 -0.9942696 -0.3157957 0 0.9488272 -0.03568947 0 -0.999363 -0.9942697 0 -0.1069012 -0.3826883 0 0.9238776 -0.9841123 0 -0.1775476 -0.9841123 0 -0.1775473 -0.4476152 0 0.8942263 -0.9689364 0 -0.2473102 -0.9689366 0 -0.2473096 -0.5102674 0 0.8600159 -0.9488242 0 -0.315805 -0.9488244 0 -0.3158044 -0.5703259 0 0.8214185 -0.9238811 0 -0.3826798 -0.6274652 0 0.7786446 -0.8942226 0 -0.4476226 -0.8942217 0 -0.4476243 -0.6814191 0 0.7318935 -0.8600206 0 -0.5102595 -0.7318982 0 0.6814141 -0.8214132 0 -0.5703337 -0.8214145 0 -0.5703318 -0.7786446 0 0.6274652 -0.7786451 0 -0.6274647 -0.7786434 0 -0.6274667 -0.8214138 0 0.5703327 -0.7318935 0 -0.6814191 -0.8600203 0 0.5102599 -0.6814246 0 -0.7318884 -0.8942224 0 0.447623 -0.6274662 0 -0.7786439 -0.8942222 0 0.4476235 -0.6274636 0 -0.7786459 0.9238811 0 -0.3826798 0.5703212 0 0.8214219 0.5102719 0 0.8600132 0.9488244 0 -0.3158044 0.9488242 0 -0.315805 0.4476152 0 0.8942263 0.9689388 0 -0.2473006 0.03568911 0 -0.999363 0.968939 0 -0.2473001 0.3826883 0 0.9238776 0.1069028 0 -0.9942696 0.9841106 0 -0.1775571 0.9841105 0 -0.1775575 0.3157957 0 0.9488272 0.9942708 0 -0.1068912 0.1775452 0 -0.9841127 0.2473099 0 0.9689365 0.9993627 0 -0.03569805 0.9993627 0 -0.03569799 0.2473069 0 -0.9689373 0.2473109 0 -0.9689363 0.1775457 0 0.9841126 0.9993627 0 0.03569799 0.9993627 0 0.03569805 0.1069023 0 0.9942696 0.3157953 0 -0.9488275 0.3157991 0 -0.9488261 0.0356875 0 0.999363 0.9942708 0 0.1068912 0.382686 0 -0.9238785 0.3826897 0 -0.923877 0.9841105 0 0.1775575 0.9841106 0 0.1775571 0.4476139 0 -0.894227 0.4476173 0 -0.8942253 0.9689389 0 0.2473004 0.5102715 0 -0.8600135 0.9488242 0 0.315805 0.9488242 0 0.3158047 0.5703215 0 -0.8214217 0.9238812 0 0.3826795 0.9238811 0 0.3826798 0.6274685 0 -0.7786419 0.8942222 0 0.4476235 0.6274711 0 -0.7786399 0.8942224 0 0.447623 0.6814195 0 -0.7318931 0.8600159 0 0.5102674 0.7318935 0 -0.6814191 0.8214233 0 0.5703191 0.7786384 0 -0.6274729 0.7786397 0 0.6274713 0.7786401 0 -0.6274709 0.8214241 0 -0.5703181 0.7318982 0 0.6814141 0.8214226 0 -0.57032 0.8600161 0 -0.5102669 0.6814141 0 0.7318982 0.8942217 0 -0.4476243 0.6274701 0 0.7786406 0.8942226 0 -0.4476226 0 1 -1.32883e-6 0 1 -1.19052e-6 0 1 1.33464e-6 0 1 -8.34134e-7 0 1 1.58894e-7 0 1 1.66657e-6 0 1 -2.54231e-6 0 1 -1.27621e-6 0 1 1.27623e-6 0 1 1.331e-6 0 1 -2.6564e-6 0 1 -1.27611e-6 0 1 -6.64215e-7 0 1 1.27582e-6 0 1 -1.2758e-6 0 1 1.32883e-6 0 1 -3.33007e-7 0 1 -1.27537e-6 0 1 -6.37404e-7 0 1 -3.33008e-7 0 1 -6.3706e-7 0 1 2.66024e-6 0 1 1.33464e-6 0 1 -1.331e-6 0 1 1.27328e-6 0 1 -6.36139e-7 0 1 -2.53975e-6 0 1 3.33007e-7 0 1 1.26989e-6 0 1 3.17788e-7 0 1 9.54947e-7 0 1 -2.66195e-6 0 1 -1.27412e-6 0 1 -3.17468e-7 0 1 -6.38055e-7 0 1 -1.00098e-6 0 1 1.26988e-6 0 1 2.65632e-6 0 1 -1.27622e-6 0 1 1.27624e-6 0 1 -2.65636e-6 0 1 0 0 1 -5.54966e-7 0 1 5.54966e-7 0 1 1.33098e-6 0 1 -9.54947e-7 0 1 1.27412e-6 0 1 -1.33011e-6 0 1 -2.65762e-6 0 1 3.17468e-7 0 1 1.27539e-6 0 1 1.32938e-6 0 1 -2.65874e-6 0 1 1.32882e-6 0 1 -3.17788e-7 0 1 1.27481e-6 0 1 1.32881e-6 0 1 -1.32841e-6 0 1 -1.32816e-6 0 1 6.38055e-7 0 1 1.32818e-6 0 1 1.27623e-6 0 1 -2.55247e-6 0 1 -1.32808e-6 0 1 -1.66656e-6 0 1 2.5423e-6 0 1 8.34143e-7 0 1 -1.3301e-6 0 1 1.16916e-6 0 1 -1.3288e-6 0 1 2.55159e-6 0 1 -1.32843e-6 0 1 1.3282e-6 0 1 -2.55244e-6 0 1 -1.32806e-6 0 1 -1.16916e-6 0 1 6.64215e-7 0 1 -2.55165e-6 -0.4672675 0 -0.8841161 -0.9438822 0 0.3302823 -0.399885 0 -0.9165654 -0.965928 0 0.2588115 -0.9659278 0 0.2588118 -0.3302823 0 -0.9438822 -0.03739178 0 0.9993008 -0.9825665 0 0.1859117 -0.2588214 0 -0.9659252 -0.9937115 0 0.1119715 -0.1119621 0 0.9937126 -0.1859117 0 -0.9825665 -0.9993011 0 0.03738111 -0.1859117 0 0.9825665 -0.1119621 0 -0.9937126 -0.03739178 0 -0.9993008 -0.9993011 0 -0.03738111 -0.2588214 0 0.9659252 -0.9937113 0 -0.1119727 -0.3302823 0 0.9438822 -0.9825669 0 -0.1859098 -0.399885 0 0.9165654 -0.9659271 0 -0.2588141 -0.9659271 0 -0.2588145 -0.4672675 0 0.8841161 -0.9438834 0 -0.3302789 -0.5320299 0 0.8467257 -0.9165636 0 -0.3998889 -0.5938249 0 0.8045943 -0.8841161 0 -0.4672675 -0.6522884 0 0.7579709 -0.8467206 0 -0.532038 -0.8467209 0 -0.5320376 -0.7071068 0 0.7071068 -0.8045981 0 -0.5938199 -0.7579717 0 0.6522875 -0.7579717 0 -0.6522875 -0.8045981 0 0.5938199 -0.7071068 0 -0.7071068 -0.8467206 0 0.532038 -0.6522884 0 -0.7579709 -0.8467209 0 0.5320376 -0.8841137 0 0.4672719 -0.5938249 0 -0.8045943 -0.9165654 0 0.399885 -0.5320299 0 -0.8467257 0.4672675 0 0.8841161 0.9438834 0 -0.3302789 0.3998889 0 0.9165636 0.9659271 0 -0.2588141 0.9659271 0 -0.2588145 0.3302789 0 0.9438834 0.03739178 0 -0.9993008 0.9825669 0 -0.1859098 0.2588214 0 0.9659252 0.9937113 0 -0.1119727 0.111961 0 -0.9937127 0.1859117 0 0.9825665 0.9993008 0 -0.03739178 0.1859117 0 -0.9825665 0.111961 0 0.9937127 0.03739178 0 0.9993008 0.9993008 0 0.03739178 0.2588214 0 -0.9659252 0.9937115 0 0.1119715 0.3302789 0 -0.9438834 0.9825665 0 0.1859117 0.3998889 0 -0.9165636 0.965928 0 0.2588115 0.9659278 0 0.2588118 0.4672675 0 -0.8841161 0.9438822 0 0.3302823 0.5320346 0 -0.8467226 0.9165614 0 0.399894 0.5938199 0 -0.8045981 0.8841137 0 0.4672719 0.6522884 0 -0.7579709 0.8467257 0 0.5320299 0.7071068 0 -0.7071068 0.8045981 0 0.5938199 0.7579717 0 -0.6522875 0.7579717 0 0.6522875 0.8045981 0 -0.5938199 0.7071068 0 0.7071068 0.8467257 0 -0.5320299 0.6522884 0 0.7579709 0.8841161 0 -0.4672675 0.5938199 0 0.8045981 0.9165597 0 -0.3998979 0.5320346 0 0.8467226 0 1 -8.37577e-6 0 1 -2.50815e-5 0 1 -9.5937e-7 0 1 7.19883e-7 0 1 0 0 1 -6.08415e-6 0 1 0 0 1 1.69401e-6 0 1 7.58748e-6 0 1 -1.44258e-7 0 1 -4.19981e-6 0 1 1.46318e-7 0 1 -8.37535e-6 0 1 -2.23261e-7 0 1 0 0 1 -1.55403e-7 0 1 7.17842e-7 0 1 -8.39969e-6 0 1 -4.10696e-7 0 1 2.52924e-6 0 1 2.54586e-7 0 1 4.39904e-7 0 1 -2.43358e-6 0 1 -8.23751e-7 0 1 6.88984e-7 0 1 -1.91142e-7 0 1 1.8897e-6 0 1 -6.53392e-7 0 1 4.21676e-7 0 1 5.39647e-7 0 1 -6.68454e-7 0 1 -1.06024e-6 0 1 3.8433e-7 0 1 -2.59253e-7 0 1 1.18247e-6 0 1 5.99928e-7 0 1 -1.859e-6 0 1 2.00355e-6 0 1 -2.33835e-7 0 1 -1.48085e-6 0 1 4.19001e-7 0 1 -5.60041e-7 0 1 1.13569e-6 0 1 -8.38012e-7 0 1 5.269e-7 0 1 2.69965e-6 0 1 1.26128e-7 0 1 -1.72833e-6 0 1 0 0 1 -1.21176e-6 0 1 -3.34214e-7 0 1 0 0 1 2.39842e-6 0 1 5.00865e-7 0 1 -5.22706e-6 0 1 1.43971e-6 0 1 0 0 1 9.18658e-7 0 1 3.65043e-6 0 1 1.69729e-7 0 1 -3.38822e-6 0 1 5.05842e-6 0 1 -4.32161e-6 0 1 1.45269e-6 0 1 -2.662e-6 0 1 -2.37473e-6 0 1 8.47409e-7 0 1 1.25704e-6 0 1 7.57741e-7 0 1 -1.45272e-6 0 1 4.3217e-6 0 1 4.24986e-6 0 1 -1.63483e-6 0 1 4.76519e-7 0 1 -1.02953e-6 0 1 2.62076e-6 0 1 2.62767e-6 0 1 -4.02155e-7 0 1 -1.30992e-7 0 1 2.37476e-6 0 1 1.25705e-6 0 1 -1.2967e-7 0 1 3.47042e-7 0 1 -5.96121e-6 0 1 2.39602e-6 0 1 1.22612e-6 0 1 1.49607e-7 0 1 -2.62767e-6 0 1 -1.69482e-6 0 1 7.26589e-7 0 1 -1.05028e-6 0 1 4.86443e-6 0 1 -3.71866e-6 0 1 4.38624e-7 0 1 -3.80383e-7 0 1 5.93695e-7 0 1 -8.55131e-7 0 1 7.5775e-7 0 1 4.14207e-7 0 1 2.78213e-7 0 1 1.42376e-7 0 1 -6.28521e-7 0 1 3.40522e-7 0 1 -4.73593e-7 0 1 0 0 1 1.31854e-7 0 1 5.15786e-7 0 1 1.35138e-6 0 1 2.31839e-6 0 1 2.21907e-7 0 1 -2.60515e-5 0 1 7.62451e-6 0 1 -2.35686e-6 0 1 -1.93605e-7 0 1 6.75801e-7 0 1 -2.31821e-6 0 1 -2.21907e-7 0 1 2.60486e-5 0 1 -7.62452e-6 0 1 -4.71279e-6 0 1 5.96094e-6 0 1 -1.4742e-6 0 1 -2.39591e-6 0 1 1.48564e-7 0 1 -2.10549e-6 0 1 -1.92296e-6 0 1 2.59139e-6 0 1 -5.21595e-7 0 1 8.55131e-7 0 1 -5.93688e-7 0 1 3.80383e-7 0 1 -4.38635e-7 0 1 3.71866e-6 0 1 -4.86417e-6 0 1 1.05037e-6 0 1 2.35575e-6 0 1 -1.61955e-6 0 1 -2.24041e-6 0 1 1.97997e-6 0 1 -6.45839e-7 0 1 -3.15408e-7 0 1 2.1977e-6 0 1 2.662e-6 0 1 -1.71722e-7 0 1 -4.24989e-6 0 1 -1.97994e-6 0 1 2.24037e-6 0 1 1.32932e-7 0 1 -1.93598e-7 0 1 5.15827e-7 0 1 -3.29637e-7 0 1 3.27241e-7 0 1 -4.73597e-7 0 1 3.40511e-7 0 1 -6.28515e-7 0 1 1.42373e-7 0 1 2.78216e-7 -0.9438832 0 0.3302797 -0.4672747 0 -0.8841122 -0.4672594 0 -0.8841203 -0.9438853 0 0.3302736 -0.3998948 0 -0.9165611 -0.9659242 0 0.2588254 -0.9659228 0 0.2588303 -0.3302918 0 -0.9438789 -0.3302744 0 -0.943885 -0.9825675 0 0.1859066 -0.03741109 0 0.9993 -0.9825682 0 0.185903 -0.03739148 0 0.9993007 -0.2588213 0 -0.9659252 -0.9937123 0 0.1119642 -0.258803 0 -0.9659302 -0.9937125 0 0.111962 -0.1119409 0 0.9937149 -0.1119796 0 0.9937105 -0.1859198 0 -0.982565 -0.9993006 0 0.03739625 -0.1859008 0 -0.9825686 -0.9993005 0 0.03739696 -0.1859198 0 0.982565 -0.1119796 0 -0.9937105 -0.1119602 0 -0.9937127 -0.1859008 0 0.9825686 -0.9993006 0 -0.03739625 -0.03739148 0 -0.9993007 -0.03737193 0 -0.9993015 -0.9993005 0 -0.03739547 -0.2588396 0 0.9659204 -0.258803 0 0.9659302 -0.9937125 0 -0.111962 -0.9937123 0 -0.1119642 -0.3302744 0 0.943885 -0.3302918 0 0.9438789 -0.9825668 0 -0.1859102 -0.9825675 0 -0.1859066 -0.3998783 0 0.9165683 -0.3998948 0 0.9165611 -0.9659242 0 -0.2588254 -0.9659255 0 -0.2588205 -0.4672901 0 0.8841041 -0.4672594 0 0.8841203 -0.9438832 0 -0.3302797 -0.5320311 0 0.8467249 -0.5320171 0 0.8467337 -0.9165632 0 -0.3998901 -0.5938073 0 0.8046073 -0.5938327 0 0.8045886 -0.8841145 0 -0.4672707 -0.6522766 0 0.757981 -0.6522992 0 0.7579616 -0.8467243 0 -0.532032 -0.7071082 0 0.7071055 -0.804599 0 -0.5938186 -0.8045922 0 -0.5938279 -0.7579773 0 0.652281 -0.7579773 0 -0.652281 -0.7579689 0 -0.6522907 -0.8045922 0 0.5938279 -0.804599 0 0.5938186 -0.7071082 0 -0.7071055 -0.707118 0 -0.7070956 -0.8467187 0 0.5320408 -0.6522766 0 -0.757981 -0.6522879 0 -0.7579714 -0.8841145 0 0.4672707 -0.8841187 0 0.4672625 -0.5938073 0 -0.8046073 -0.5938327 0 -0.8045886 -0.9165632 0 0.3998901 -0.5320311 0 -0.8467249 0 1 -4.91694e-6 0 1 1.73796e-6 0 1 -2.21405e-6 0 1 2.03593e-6 0 1 -6.07283e-6 0 1 1.00762e-5 0 1 -1.00418e-5 0 1 3.00553e-5 0 1 -5.02008e-6 0 1 7.55667e-6 0 1 -4.55517e-6 0 1 -1.01801e-6 0 1 2.19637e-6 0 1 1.3838e-7 0 1 -1.14058e-6 0 1 9.21896e-7 0 1 0 0 1 -7.35998e-7 0 1 2.10496e-7 0 1 5.49502e-7 0 1 -4.8408e-7 0 1 1.43693e-7 0 1 -2.58371e-7 0 1 1.82693e-7 0 1 -3.4065e-7 0 1 3.19399e-7 0 1 -1.5054e-7 0 1 2.7151e-7 0 1 -2.59622e-7 0 1 8.72689e-7 0 1 -1.68312e-6 0 1 1.62967e-6 0 1 -6.7888e-7 0 1 3.24314e-7 0 1 -6.37474e-7 0 1 6.28738e-7 0 1 -3.11142e-7 0 1 -1.85411e-6 0 1 2.05307e-7 0 1 1.95044e-6 0 1 -1.44207e-6 0 1 2.33362e-6 0 1 -5.76335e-7 0 1 -2.39052e-6 0 1 2.64857e-6 0 1 -2.81502e-6 0 1 2.24878e-6 0 1 -6.4023e-7 0 1 6.61236e-7 0 1 -2.47774e-6 0 1 3.31022e-6 0 1 -3.32605e-6 0 1 3.20891e-6 0 1 8.2796e-7 0 1 -3.59325e-6 0 1 2.38454e-6 0 1 -3.4712e-6 0 1 -3.94301e-7 0 1 3.85504e-6 0 1 7.0294e-7 0 1 -1.55025e-6 0 1 1.72426e-6 0 1 -9.68164e-7 0 1 2.52597e-6 0 1 -6.86925e-6 0 1 8.13911e-6 -0.965927 0 0.2588148 -0.9659258 0 0.2588197 -0.9825654 0 0.1859176 -0.9825661 0 0.185914 -0.999301 0 0.03738492 -0.999301 0 0.03738564 -0.999301 0 -0.03738492 -0.999301 0 -0.03738421 -0.9825648 0 -0.1859211 -0.9825654 0 -0.1859176 -0.965927 0 -0.2588148 -0.9659284 0 -0.2588099 0 1 -4.91705e-6 0 1 1.73793e-6 0 1 -6.07297e-6 0 1 1.00758e-5 0 1 -1.01798e-6 0 1 2.19642e-6 0 1 1.38379e-7 0 1 -1.14055e-6 0 1 9.2192e-7 0 1 0 0 1 -7.3601e-7 0 1 2.10493e-7 0 1 1.82691e-7 0 1 -3.40654e-7 0 1 2.71513e-7 0 1 -2.59624e-7 0 1 8.72675e-7 0 1 -1.68313e-6 0 1 -6.78876e-7 0 1 3.24316e-7 0 1 -6.37473e-7 0 1 6.28738e-7 0 1 -3.11144e-7 0 1 -1.8541e-6 0 1 1.95045e-6 0 1 -1.44207e-6 0 1 2.33359e-6 0 1 -5.76339e-7 0 1 -2.39052e-6 0 1 2.64857e-6 0 1 -2.81502e-6 0 1 -6.4023e-7 0 1 6.61238e-7 0 1 -2.47773e-6 0 1 3.31022e-6 0 1 -3.32606e-6 0 1 3.2089e-6 0 1 8.27962e-7 0 1 -3.59324e-6 0 1 2.38454e-6 0 1 -1.55025e-6 0 1 1.72426e-6 0 1 2.52597e-6 0 1 -6.86925e-6 0 1 8.13896e-6 -0.7010643 0.1304716 -0.7010607 -0.1105399 0.9916871 0.06586146 -0.6993687 0.1337714 -0.7021316 -0.1139383 0.9914436 0.06370055 -0.5187327 0.793249 0.3188611 -0.5187369 0.7932369 0.3188845 -0.5129126 0.608428 -0.6055873 -0.5129157 0.6084306 -0.6055822 -0.7555831 0.1398293 0.6399549 -0.7518104 0.1273121 0.646972 -0.0759055 0.9914312 -0.1063141 -0.222534 0.9237637 -0.3116719 -0.2225164 0.9237698 -0.3116665 -0.07590812 0.9914308 -0.1063155 -0.6458771 0.6084357 0.4611387 -0.652068 0.3824304 -0.6546406 -0.6458733 0.6084341 0.4611462 -0.6520718 0.3824148 -0.654646 -0.3261256 0.923826 0.2004686 -0.3261028 0.9238348 0.2004657 -0.1112326 0.9914394 0.06837666 -0.7515076 0.1303873 -0.6467114 -0.7050868 0.3824027 0.5971774 -0.7514957 0.1304461 -0.6467134 -0.7050758 0.3824337 0.5971705 -0.393648 0.7931138 -0.4647706 -0.3936592 0.7930908 -0.4648003 -0.4957014 0.7931052 0.3539272 -0.4957091 0.7931014 0.3539249 -0.5600373 0.6084665 -0.5622516 -0.5600453 0.6084568 -0.5622541 -0.7021251 0.13376 0.6993774 -0.7010743 0.1304418 0.7010562 -0.7003364 0.3824651 -0.6027019 -0.7003439 0.3824557 -0.602699 -0.6055799 0.6084474 0.5128985 -0.08442413 0.9914315 -0.09968107 -0.6055905 0.6084346 0.5129012 -0.08442938 0.991431 -0.09968143 -0.2475129 0.9237624 -0.2922338 -0.2474953 0.92377 -0.2922248 -0.1063196 0.9914302 0.0759105 -0.311666 0.9237672 0.2225276 -0.3116697 0.9237642 0.2225353 -0.106312 0.9914312 0.07590699 -0.7977113 0.1304743 -0.5887556 -0.6546391 0.3824295 0.6520701 -0.7977251 0.1304261 -0.5887476 -0.6546472 0.3824062 0.6520756 -0.6467181 0.1304234 0.7514955 -0.4298484 0.7931033 -0.4315294 -0.4298055 0.7931379 -0.4315086 -0.64671 0.130445 0.7514988 -0.464794 0.7930939 0.3936608 -0.6014831 0.6085001 -0.5176349 -0.6014895 0.6084941 -0.5176346 -0.7434263 0.3824575 -0.5486744 -0.464788 0.7930986 0.3936582 -0.562249 0.6084664 0.5600401 -0.5622492 0.6084659 0.5600403 -0.7434334 0.3824477 -0.5486717 -0.2702355 0.9237789 -0.271303 -0.09208428 0.9914842 -0.09208428 -0.6027052 0.3824505 0.7003415 -0.2702533 0.9237713 -0.2713115 -0.09217989 0.9914323 -0.09254688 -0.602699 0.3824484 0.7003479 -0.8394828 0.1304717 -0.5274902 -0.2922278 0.9237653 0.2475086 -0.8394982 0.130411 -0.5274809 -0.2922399 0.9237629 0.2475033 -0.09968024 0.9914313 0.08442682 -0.4616254 0.7931498 -0.39726 -0.09968149 0.9914312 0.08442568 -0.5887627 0.1304147 0.7977159 -0.4616293 0.793144 -0.3972671 -0.5887476 0.1304553 0.7977204 -0.8781726 0.1157749 -0.464122 -0.4315319 0.7931185 0.429818 -0.8653594 0.1305372 -0.4838524 -0.6384786 0.608505 -0.4712397 -0.4315049 0.7931309 0.429822 -0.517633 0.6084942 0.6014907 -0.6385098 0.6084945 -0.4712111 -0.517621 0.6085016 0.6014934 -0.7823546 0.3824495 -0.491583 -0.548674 0.3824438 0.7434337 -0.7823528 0.3824592 -0.4915782 -0.5486801 0.3824514 0.7434253 -0.09926545 0.9913873 -0.08542555 -0.2902243 0.9237904 -0.2497625 -0.2902383 0.9237856 -0.2497637 -0.271319 0.9237707 0.2702475 -0.09885436 0.9915738 -0.08372175 -0.2713016 0.9237781 0.2702396 -0.0925464 0.9914324 0.09217935 -0.0920853 0.9914841 0.0920853 -0.8828474 0.1304866 -0.4511693 -0.5274772 0.1304435 0.8394953 -0.8064097 0.3826426 -0.4508747 -0.8064071 0.3826426 -0.4508795 -0.5274725 0.1304196 0.839502 -0.397251 0.7931514 0.4616304 -0.39726 0.7931498 0.4616254 -0.4900273 0.7931429 -0.3616597 -0.4900191 0.7931526 -0.3616494 -0.4641389 0.1157628 0.8781653 -0.6719344 0.6084853 -0.4221965 -0.6719183 0.6085085 -0.4221887 -0.4838401 0.1304952 0.8653727 -0.4712423 0.6084892 0.6384916 -0.4712291 0.6085004 0.6384907 -0.9105134 0.114717 -0.3972474 -0.9007564 0.1304923 -0.4142582 -0.4915601 0.3824734 0.7823573 -0.8226992 0.3826313 -0.4204277 -0.4915831 0.382467 0.782346 -0.8227223 0.3825758 -0.4204329 -0.2497676 0.9237847 0.2902381 -0.2497749 0.9237812 0.2902429 -0.6924647 0.6087542 -0.3871836 -0.08542007 0.9913882 0.09926182 -0.6925303 0.6086792 -0.3871841 -0.08372431 0.9915739 0.09885084 -0.308087 0.9237871 -0.2273761 -0.308085 0.9237841 -0.2273911 -0.1058368 0.9913107 -0.07811474 -0.4511432 0.1305195 0.882856 -0.105014 0.9916405 -0.07497584 -0.4509338 0.3826549 0.8063709 -0.4508337 0.3826477 0.8064302 -0.9156072 0.1304968 -0.3803082 -0.515684 0.7931421 -0.3240304 -0.3616555 0.7931495 0.4900197 -0.5157043 0.7931294 -0.3240292 -0.3616697 0.79314 0.4900245 -0.8393956 0.3826105 -0.3860365 -0.8393877 0.3826165 -0.3860481 -0.4221969 0.6084769 0.6719417 -0.4222012 0.6084821 0.6719344 -0.7065228 0.6086616 -0.3610493 -0.7065365 0.608636 -0.3610657 -0.3972574 0.1147307 0.9105073 -0.414282 0.1304982 0.9007446 -0.5313937 0.7933117 -0.297115 -0.4204469 0.3825814 0.8227126 -0.4204172 0.3825861 0.8227255 -0.5313643 0.7933397 -0.2970926 -0.9376122 0.1150896 -0.328082 -0.9305356 0.1304979 -0.3421605 -0.3872195 0.6087318 0.6924642 -0.3871658 0.6087073 0.6925158 -0.8532412 0.3825803 -0.3544178 -0.2273849 0.9237838 0.3080904 -0.22738 0.9237871 0.3080844 -0.07811003 0.9913109 0.1058374 -0.8532497 0.3825866 -0.3543903 -0.07497853 0.9916406 0.1050104 -0.3242136 0.9237882 -0.2037178 -0.324211 0.9237893 -0.2037171 -0.1117386 0.9912542 -0.0702123 -0.1105394 0.991687 -0.06586349 -0.3802964 0.1304849 0.9156137 -0.7208239 0.6086981 -0.3315112 -0.720795 0.6087353 -0.3315057 -0.3240226 0.793154 0.5156705 -0.324006 0.7931547 0.51568 -0.9426714 0.1305195 -0.3071407 -0.3860775 0.3826361 0.8393651 -0.3860359 0.3826296 0.8393872 -0.5421412 0.793298 -0.277058 -0.5422021 0.7932512 -0.2770735 -0.3610498 0.6086723 0.7065134 -0.3610305 0.6086558 0.7065375 -0.3340685 0.9238596 -0.1867664 -0.3340336 0.9238739 -0.1867583 -0.2971433 0.7932941 0.5314043 -0.1139408 0.9914429 -0.06370759 -0.297088 0.7933489 0.5313534 -0.8671433 0.3826231 -0.3188447 -0.8671494 0.3826028 -0.3188527 -0.3280853 0.1150757 0.9376128 -0.3421533 0.1304946 0.9305387 -0.732719 0.6086814 -0.3043516 -0.7326837 0.6087274 -0.3043444 -0.354394 0.3826156 0.8532351 -0.3544301 0.3826254 0.8532159 -0.5531642 0.793282 -0.2543877 -0.5531018 0.793321 -0.2544018 -0.2037218 0.9237836 0.3242244 -0.2037122 0.9237872 0.3242198 -0.0658704 0.9916859 0.1105445 -0.07020813 0.9912545 0.1117386 -0.9593089 0.1168344 -0.2570531 -0.9545723 0.1304979 -0.2678844 -0.3315364 0.6087125 0.7208002 -0.3315308 0.6086791 0.7208309 -0.8784515 0.3826223 -0.2862224 -0.8784608 0.3826193 -0.2861976 -0.3070911 0.1304895 0.9426916 -0.1154282 0.9917117 -0.05643004 -0.2770376 0.7932575 0.542211 -0.3408597 0.923837 -0.1741836 -0.1162608 0.9914402 -0.05941182 -0.3408133 0.9238544 -0.1741821 -0.2770819 0.7932735 0.542165 -0.1867826 0.9238638 0.3340478 -0.06370204 0.9914439 0.1139354 -0.9639098 0.1305414 -0.2320279 -0.186772 0.923865 0.3340505 -0.3188043 0.382601 0.867168 -0.7446779 0.6086706 -0.2738158 -0.7446994 0.6086443 -0.2738153 -0.3188351 0.3826047 0.8671551 -0.3043352 0.6086848 0.732723 -0.3043484 0.6087108 0.7326959 -0.5622898 0.7932747 -0.2335498 -0.5622638 0.7932927 -0.2335514 -0.347715 0.9238622 -0.1599159 -0.254422 0.793298 0.5531254 -0.2543784 0.7933144 0.5531221 -0.3477252 0.9238566 -0.1599261 -0.1185922 0.991444 -0.05454176 -0.2570428 0.1168422 0.9593107 -0.2679306 0.1304712 0.954563 -0.8895553 0.3825813 -0.2496455 -0.8895497 0.3825994 -0.2496375 -0.2862147 0.3826393 0.8784466 -0.7543672 0.6087111 -0.2457661 -0.7543593 0.6087252 -0.2457557 -0.2862325 0.3826453 0.8784381 -0.1741664 0.9238496 0.3408346 -0.8982402 0.3826473 -0.2162077 -0.05941182 0.9914402 0.1162608 -0.05642938 0.9917124 0.1154229 -0.8982326 0.3826556 -0.2162246 -0.1741891 0.9238411 0.3408458 -0.5714418 0.7932875 -0.2101178 -0.2320063 0.1305323 0.9639162 -0.2738122 0.6086658 0.7446832 -0.5714626 0.7932716 -0.2101209 -0.9726839 0.1305102 -0.1919718 -0.9754689 0.1199823 -0.1845663 -0.2738122 0.6086621 0.7446861 -0.2335745 0.7932833 0.5622674 -0.3534696 0.923853 -0.1468161 -0.233528 0.7932873 0.5622812 -0.3534687 0.9238521 -0.1468242 -0.1205591 0.9914419 -0.05008584 -0.119652 0.9917175 -0.04668778 -0.7639428 0.608627 -0.2143937 -0.1599119 0.9238646 0.3477106 -0.159932 0.9238578 0.3477191 -0.05455142 0.9914432 0.1185942 -0.7639279 0.6086413 -0.2144064 -0.249619 0.3825963 0.8895563 -0.5788671 0.7933127 -0.1885949 -0.5788578 0.7933232 -0.1885787 -0.2496516 0.3825775 0.8895553 -0.7713518 0.6087238 -0.1856663 -0.7713487 0.6087319 -0.1856524 -0.2457432 0.6087242 0.754364 -0.2457512 0.6087231 0.7543624 -0.3592364 0.923852 -0.1320867 -0.1225323 0.9914413 -0.04505544 -0.3592541 0.9238451 -0.1320869 -0.9064744 0.3824886 -0.1789043 -0.2162268 0.3826506 0.8982341 -0.9064452 0.3825501 -0.1789208 -0.2162476 0.3826446 0.8982317 -0.2101159 0.7932804 0.5714522 -0.2101154 0.7932819 0.5714502 -0.5862317 0.79326 -0.1645336 -0.5862345 0.7932605 -0.16452 -0.1845638 0.1199686 0.9754711 -0.1920077 0.1304818 0.9726806 -0.3639112 0.9238575 -0.1185584 -0.3638789 0.9238713 -0.1185494 -0.1241143 0.9914438 -0.04043507 -0.1468158 0.9238511 0.3534747 -0.1232158 0.9917016 -0.03668528 -0.1468173 0.9238523 0.3534708 -0.050071 0.9914426 0.1205592 -0.9859822 0.1244899 -0.111092 -0.04669171 0.9917165 0.1196601 -0.2144111 0.6086233 0.7639409 -0.2143987 0.6086454 0.7639268 -0.9822178 0.1423259 -0.1224406 -0.5919094 0.7933157 -0.142455 -0.5918861 0.7933267 -0.1424908 -0.1885779 0.7933097 0.5788768 -0.1886342 0.7932937 0.5788803 -0.7784407 0.6086224 -0.1536525 -0.7784734 0.608578 -0.1536613 -0.1856644 0.6087413 0.7713384 -0.1856788 0.6087318 0.7713423 -0.0370832 0.1304509 0.9907611 -0.3685576 0.9238322 -0.1034373 -0.3685608 0.9238315 -0.103433 -0.1256983 0.9914413 -0.03527325 -0.1321046 0.9238478 0.3592405 -0.1320925 0.9238504 0.3592384 -0.9169085 0.3823832 -0.1142895 -0.04504996 0.9914423 0.1225271 -0.1789105 0.3825427 0.9064503 -0.9169021 0.3823949 -0.1143015 -0.1789008 0.3825272 0.9064588 -0.3720605 0.923877 -0.08956861 -0.372097 0.923863 -0.08955997 -0.126097 0.9916655 -0.02644026 -0.1269076 0.9914441 -0.03054881 -0.1645479 0.7932521 0.5862382 -0.1645168 0.793249 0.5862513 -0.5974044 0.7932233 -0.1179187 -0.5974096 0.7932186 -0.1179245 -0.1185326 0.9238682 0.3638922 -0.118551 0.9238654 0.3638933 -0.9907625 0.1304419 -0.03707647 -0.04043424 0.9914432 0.1241191 -0.9897181 0.1370503 -0.04093241 -0.03668367 0.9917016 0.1232168 -0.1111042 0.1245142 0.9859778 -0.122424 0.1422933 0.9822245 -0.7875103 0.6084344 -0.09815901 -0.7875009 0.608446 -0.09816211 -0.04089993 0.1370618 0.9897179 -0.142466 0.7933253 0.5918939 -0.03707695 0.1304316 -0.9907639 -0.1424297 0.7933368 0.5918874 -0.3755941 0.9238147 -0.0741322 -0.1281018 0.9914388 -0.02528291 -0.3755646 0.9238265 -0.07413458 -0.03703987 0.1304457 -0.9907634 -0.1536701 0.6085991 0.7784553 -0.03454351 0.3824518 -0.9233295 -0.1536157 0.6086021 0.7784637 -0.9232158 0.3823805 -0.03818202 -0.10343 0.9238365 0.368549 -0.9232028 0.382412 -0.03818207 -0.1034399 0.9238386 0.3685411 -0.03454726 0.3824558 -0.9233278 -0.03528267 0.9914394 0.1257103 -0.9907657 0.1304172 0.03707766 -0.9907601 0.1304612 0.03707385 -0.1143057 0.3823922 0.9169027 -0.03818225 0.3823992 0.9232081 -0.1110195 0.1304298 -0.9852222 -0.111013 0.1304432 -0.9852212 -0.6044337 0.7930852 -0.075338 -0.1142759 0.382403 0.9169018 -0.604409 0.7931042 -0.07533586 -0.02968108 0.6084936 -0.7930036 -0.03818815 0.3823994 0.9232077 -0.02967673 0.6084871 -0.7930088 -0.03053653 0.9914453 0.1269013 -0.7929126 0.6084525 -0.03279316 -0.02644139 0.9916663 0.1260913 -0.7929391 0.6084179 -0.03279179 -0.08954733 0.9238675 0.3720889 -0.08958709 0.9238733 0.3720652 -0.1034383 0.3824447 -0.9181702 -0.1179268 0.7932202 0.597407 -0.1179106 0.7932171 0.5974143 -0.1034681 0.3824585 -0.9181611 -0.09815406 0.6084347 0.7875106 -0.03279316 0.608437 0.7929244 -0.9233278 0.3824557 0.03455036 -0.9233294 0.3824519 0.03455024 -0.09817248 0.6084409 0.7875036 -0.1843179 0.1304475 -0.9741717 -0.1296261 0.9914313 -0.0161584 -0.1296308 0.9914307 -0.01615762 -0.1843368 0.1304318 -0.9741702 -0.03278928 0.6084346 0.7929264 -0.02277946 0.7931433 -0.6086089 -0.07413464 0.9238224 0.375575 -0.3800154 0.9237667 -0.04736608 -0.07411342 0.9238234 0.3755766 -0.3800272 0.9237617 -0.04736787 -0.02528339 0.9914374 0.1281121 -0.02277451 0.793149 -0.6086018 -0.0753411 0.7931033 0.6044096 -0.9852219 0.1304442 0.1110059 -0.02517288 0.7930974 0.6085745 -0.9852244 0.1304334 0.1109956 -0.257043 0.1168351 -0.9593115 -0.07533299 0.7930978 0.6044178 -0.2320069 0.1305327 -0.963916 -0.02516853 0.7930998 0.6085715 -0.04736757 0.9237645 0.3800202 -0.08885216 0.6084966 -0.7885666 -0.0473712 0.9237687 0.38001 -0.6085639 0.7931058 -0.0251677 -0.01615869 0.9914308 0.1296294 -0.01582747 0.9237645 0.3826339 -0.6085777 0.7930949 -0.02517688 -0.01582795 0.9237645 0.3826339 -0.7930154 0.6084785 0.02967476 -0.08886057 0.6084927 -0.7885687 -0.00539869 0.9914312 0.1305183 -0.01615738 0.991431 0.1296291 -0.005398988 0.9914315 0.1305165 -0.171769 0.3824641 -0.9078637 -0.793017 0.6084769 0.02966582 -0.9181684 0.3824489 0.1034392 -0.9181717 0.3824387 0.1034479 -0.171791 0.3824352 -0.9078719 -0.01431447 0.9237864 -0.3826409 -0.01431816 0.9237855 -0.3826427 -0.004881203 0.9914339 -0.1305187 -0.005371272 0.9915315 -0.1297554 -0.3826281 0.9237669 -0.01582783 -0.3826314 0.9237656 -0.01582807 -0.130516 0.9914315 -0.005398631 -0.1305172 0.9914314 -0.005396842 -0.9741746 0.1304136 0.1843263 -0.2678905 0.1304937 -0.9545712 -0.216229 0.3826311 -0.8982419 -0.9741719 0.1304454 0.1843182 -0.2161586 0.3826503 -0.8982507 -0.6086062 0.7931458 0.02276819 -0.06818664 0.7931549 -0.6051908 -0.608604 0.7931473 0.02277565 -0.06819498 0.7931448 -0.6052032 -0.9593077 0.116836 0.2570567 -0.9639073 0.1305387 0.2320398 -0.3280853 0.1150757 -0.9376128 -0.7885877 0.608469 0.08885443 -0.3070905 0.1305065 -0.9426895 -0.1475376 0.6084947 -0.7797224 -0.7885551 0.6085128 0.08884292 -0.1475214 0.608503 -0.7797189 -0.9078507 0.3824896 0.1717813 -0.9078642 0.3824563 0.1717841 -0.249641 0.3825861 -0.8895546 -0.2496509 0.3825712 -0.8895583 -0.1305125 0.9914347 0.004887223 -0.1857092 0.6087461 -0.7713238 -0.3826477 0.9237834 0.01431882 -0.1856319 0.6087359 -0.7713505 -0.1297584 0.9915311 0.00536555 -0.3826414 0.923786 0.01432257 -0.04287266 0.9237857 -0.3805022 -0.0428816 0.9237816 -0.3805109 -0.01598709 0.9916095 -0.1282782 -0.9545753 0.1304875 0.2678793 -0.01469439 0.9913474 -0.1304396 -0.3421533 0.1304946 -0.9305387 -0.8982251 0.3826755 0.2162199 -0.8982486 0.382631 0.2162014 -0.2862368 0.3826158 -0.8784497 -0.6051965 0.7931504 0.06818944 -0.286182 0.3826504 -0.8784524 -0.6052131 0.7931377 0.06819045 -0.1132265 0.7931454 -0.5984147 -0.9376105 0.1150912 0.3280864 -0.1132259 0.7931425 -0.5984186 -0.9426807 0.1304684 0.3071336 -0.2143883 0.6086363 -0.7639369 -0.7797389 0.6084727 0.1475412 -0.7797343 0.608481 0.147531 -0.2143774 0.608648 -0.7639307 -0.1424598 0.7933155 -0.5919088 -0.8895487 0.3825932 0.2496507 -0.1424424 0.793328 -0.5918959 -0.8895573 0.3825851 0.2496328 -0.7713716 0.6087025 0.1856539 -0.3972452 0.1147313 -0.9105125 -0.7713393 0.6087425 0.1856562 -0.38032 0.1304835 -0.915604 -0.3804892 0.9237912 0.04286921 -0.3805137 0.923781 0.04287326 -0.1304417 0.9913471 0.0146988 -0.3188235 0.3826189 -0.8671531 -0.3188335 0.3826153 -0.8671509 -0.1282744 0.9916099 0.01599049 -0.2457762 0.608719 -0.7543575 -0.2457852 0.6087177 -0.7543557 -0.07119417 0.9237822 -0.3762421 -0.930538 0.1305025 0.3421521 -0.8784402 0.3826519 0.2862176 -0.07117915 0.923784 -0.3762405 -0.8784549 0.3826343 0.2861957 -0.02450144 0.9912793 -0.1294808 -0.02643752 0.9916664 -0.1260913 -0.4143079 0.1304928 -0.9007334 -0.5984094 0.7931498 0.1132246 -0.5984091 0.7931495 0.1132275 -0.164528 0.7932475 -0.5862501 -0.7639343 0.6086374 0.2143946 -0.7639381 0.6086273 0.2144093 -0.1645378 0.7932515 -0.5862419 -0.5918782 0.7933384 0.142459 -0.08953851 0.9238756 -0.3720712 -0.5918924 0.7933229 0.1424861 -0.08957332 0.9238659 -0.3720867 -0.03054958 0.9914449 -0.1269012 -0.3544164 0.3826236 -0.8532223 -0.9105109 0.1147184 0.3972526 -0.3544039 0.3826414 -0.8532194 -0.9156058 0.1305053 0.3803084 -0.8671473 0.3826082 0.3188519 -0.273781 0.6086876 -0.7446768 -0.8671496 0.3826148 0.3188378 -0.2738196 0.6086428 -0.7446992 -0.1885779 0.7933097 -0.5788768 -0.7543823 0.6086949 0.2457596 -0.7543634 0.6087195 0.2457571 -0.18861 0.793313 -0.5788615 -0.4511626 0.130504 -0.8828483 -0.3762413 0.9237832 0.07118397 -0.3762298 0.9237877 0.07118785 -0.464116 0.1157643 -0.8781771 -0.1294776 0.9912797 0.02449667 -0.126097 0.9916655 0.02644026 -0.3860729 0.3826624 -0.8393553 -0.9007506 0.1304959 0.4142696 -0.3860623 0.3826248 -0.8393774 -0.1034314 0.9238368 -0.3685479 -0.1034279 0.9238387 -0.3685442 -0.5862423 0.7932521 0.1645337 -0.03668504 0.9917018 -0.1232149 -0.5862235 0.7932688 0.1645198 -0.03527748 0.9914396 -0.1257104 -0.3043671 0.608662 -0.7327286 -0.3043528 0.6086915 -0.7327101 -0.3720745 0.9238727 0.0895546 -0.3720779 0.92387 0.08956652 -0.1269076 0.9914441 0.03054881 -0.8532367 0.3826043 0.3544026 -0.4838412 0.1304906 -0.8653727 -0.8532341 0.3826044 0.3544086 -0.7446621 0.6086848 0.2738273 -0.2101051 0.7932793 -0.5714578 -0.7446885 0.6086537 0.2738245 -0.2101287 0.7932773 -0.5714517 -0.1185757 0.9238591 -0.3639016 -0.1185325 0.9238676 -0.3638941 -0.04044401 0.9914427 -0.1241191 -0.5788504 0.7933264 0.188588 -0.578892 0.7932954 0.1885908 -0.4204055 0.382598 -0.8227261 -0.4204154 0.382596 -0.8227219 -0.8828579 0.1304785 0.4511511 -0.8781692 0.1157764 0.4641279 -0.8393815 0.3826202 0.3860577 -0.331528 0.60869 -0.7208229 -0.839395 0.3826102 0.3860382 -0.3315148 0.6086992 -0.7208213 -0.1257014 0.9914408 0.03527581 -0.3685593 0.9238305 0.1034471 -0.2335118 0.7933101 -0.5622556 -0.1232196 0.9917012 0.03668528 -0.233571 0.7932806 -0.5622727 -0.3685631 0.9238312 0.1034275 -0.7327222 0.6086769 0.3043529 -0.4508737 0.3826521 -0.8064059 -0.7326976 0.6087204 0.304325 -0.4508549 0.3826816 -0.8064025 -0.5283145 0.1182199 -0.8407782 -0.5191916 0.130467 -0.844641 -0.8653708 0.1305206 0.4838367 -0.5714446 0.7932832 0.2101257 -0.5714602 0.7932751 0.2101145 -0.04505062 0.9914422 -0.1225271 -0.1321047 0.9238491 -0.3592374 -0.0466898 0.9917165 -0.1196601 -0.1320922 0.9238481 -0.3592443 -0.3638951 0.9238651 0.1185485 -0.3610308 0.6086687 -0.7065262 -0.3638975 0.9238626 0.1185603 -0.1241143 0.9914438 0.04043507 -0.8227116 0.382596 0.4204355 -0.3610753 0.6086407 -0.7065276 -0.2543838 0.7933162 -0.5531169 -0.2544149 0.793296 -0.5531316 -0.8227165 0.3826208 0.4204035 -0.1468193 0.9238501 -0.3534757 -0.05007493 0.9914424 -0.1205591 -0.7207929 0.6087238 0.3315315 -0.1468117 0.9238564 -0.3534627 -0.7208168 0.6087082 0.3315079 -0.387228 0.6087149 -0.6924744 -0.3871554 0.6087322 -0.6924997 -0.5622769 0.7932823 0.233555 -0.4838581 0.3825378 -0.7871126 -0.5622554 0.7932984 0.2335518 -0.8063968 0.3826553 0.4508871 -0.4838311 0.3825885 -0.7871046 -0.8064062 0.3826422 0.4508814 -0.2770677 0.7932757 -0.542169 -0.8407779 0.1182368 0.5283113 -0.8446357 0.1304878 0.5191951 -0.2770503 0.7932744 -0.5421798 -0.3592335 0.9238525 0.1320907 -0.5893763 0.1220223 -0.7985901 -0.5749933 0.1443777 -0.8053185 -0.1225323 0.9914416 0.04505187 -0.1196463 0.9917182 0.04668778 -0.3592493 0.9238471 0.1320851 -0.7065616 0.6086194 0.3610446 -0.1599151 0.9238611 -0.3477182 -0.05642658 0.9917127 -0.1154211 -0.1599132 0.9238633 -0.3477133 -0.7065118 0.6086723 0.3610527 -0.05454367 0.9914434 -0.1185963 -0.2970755 0.79333 -0.5313886 -0.5531411 0.7932966 0.2543924 -0.2971469 0.7933059 -0.5313847 -0.5531162 0.7933095 0.2544063 -0.3534691 0.923852 0.1468238 -0.4155318 0.6085893 -0.6759826 -0.353459 0.9238565 0.1468201 -0.1205591 0.9914419 0.05008584 -0.6924725 0.6087409 0.3871904 -0.4154865 0.6086388 -0.6759659 -0.1741911 0.9238393 -0.3408498 -0.6924841 0.6087368 0.3871762 -0.0594151 0.9914399 -0.1162624 -0.1741791 0.9238474 -0.3408338 -0.5369006 0.3824086 -0.7519983 -0.5369129 0.3824215 -0.7519831 -0.7871242 0.3825266 0.483848 -0.7871124 0.3825725 0.4838309 -0.5421971 0.7932565 0.2770678 -0.1867642 0.9238715 -0.3340367 -0.1867675 0.9238628 -0.3340591 -0.5421578 0.793287 0.2770571 -0.06369918 0.9914446 -0.1139303 -0.0658704 0.9916859 -0.1105445 -0.3188746 0.7932376 -0.5187419 -0.3188605 0.7932321 -0.518759 -0.7985777 0.1220645 0.5893843 -0.8053249 0.1443911 0.5749809 -0.6399507 0.1398424 -0.755584 -0.3477252 0.9238566 0.1599261 -0.3477256 0.9238572 0.1599208 -0.6469755 0.1273128 -0.7518073 -0.1185942 0.9914436 0.05454272 -0.1154301 0.9917114 0.05643004 -0.5314052 0.7933084 0.2971035 -0.531405 0.7933151 0.2970861 -0.4611555 0.608412 -0.6458873 -0.4611425 0.6084337 -0.6458762 -0.6759497 0.6086381 0.4155139 -0.6759784 0.6086098 0.4155085 -0.2004647 0.9238305 -0.3261153 -0.2004644 0.923834 -0.3261057 -0.06837356 0.9914397 -0.1112318 -0.3408368 0.9238472 0.1741741 -0.3408485 0.9238405 0.1741874 -0.1162562 0.9914408 0.05940955 -0.5971737 0.3824175 -0.7050819 -0.5971836 0.3824114 -0.7050768 -0.7519927 0.3823919 0.5369203 -0.3539087 0.7931159 -0.4956974 -0.3539428 0.7930961 -0.4957047 -0.7519966 0.3824021 0.5369076 -0.3340783 0.9238576 0.1867593 -0.3340351 0.9238741 0.1867547 -0.7010683 0.1304289 -0.7010647 -0.1105433 0.9916865 0.06586349 -0.1139408 0.9914432 0.06370198 -0.5187413 0.7932415 0.3188663 -0.5187347 0.7932389 0.3188832 -0.0759043 0.9914315 -0.1063124 -0.2225195 0.9237676 -0.3116708 -0.07590699 0.9914311 -0.106314 -0.6458784 0.6084335 0.4611396 -0.6520646 0.3824422 -0.6546371 -0.6458785 0.6084256 0.4611499 -0.6520691 0.3824238 -0.6546433 -0.3261191 0.9238292 0.2004647 -0.3261062 0.9238331 0.2004678 -0.7515034 0.13043 -0.6467077 -0.7514985 0.1304175 -0.6467159 -0.7050829 0.3824111 0.5971766 -0.3936547 0.7931059 -0.4647786 -0.393655 0.793096 -0.4647953 -0.4957144 0.7930963 0.3539287 -0.5600398 0.6084619 -0.5622541 -0.7021262 0.1337481 0.6993786 -0.701073 0.130456 0.7010549 -0.6055898 0.6084305 0.5129069 -0.08442544 0.9914312 -0.09968262 -0.6055956 0.6084259 0.5129055 -0.08443003 0.9914309 -0.09968221 -0.2475061 0.9237667 -0.2922257 -0.2474985 0.9237678 -0.2922286 -0.1063179 0.9914305 0.07590937 -0.3116676 0.9237652 0.2225337 -0.7977159 0.1304316 -0.588759 -0.7977252 0.1304252 -0.5887477 -0.6546428 0.3824212 0.6520712 -0.6467169 0.1304368 0.7514942 -0.4298154 0.7931271 -0.4315184 -0.4647839 0.7931041 0.3936522 -0.6014887 0.6084905 -0.5176397 -0.7434305 0.3824451 -0.5486775 -0.4647933 0.7930933 0.3936627 -0.5622441 0.6084752 0.5600353 -0.7434292 0.3824604 -0.5486686 -0.2702394 0.9237767 -0.271307 -0.2702457 0.9237756 -0.271304 -0.0921806 0.9914321 -0.09254759 -0.6026973 0.3824548 0.7003459 -0.8394843 0.1304575 -0.5274912 -0.292224 0.9237675 0.2475054 -0.8394966 0.1304244 -0.5274798 -0.2922359 0.9237651 0.2475 -0.4616198 0.7931554 -0.3972551 -0.0996837 0.9914309 0.08442753 -0.5887616 0.130429 0.7977144 -0.4616322 0.793141 -0.3972696 -0.5887477 0.1304535 0.7977206 -0.4315368 0.7931131 0.4298229 -0.8653617 0.1305178 -0.4838536 -0.6384729 0.6085144 -0.4712354 -0.6385216 0.6084753 -0.4712198 -0.5176257 0.6084923 0.6014989 -0.7823503 0.382462 -0.4915803 -0.5486724 0.3824502 0.7434316 -0.7823572 0.3824465 -0.491581 -0.2902265 0.9237892 -0.2497645 -0.290234 0.923788 -0.24976 -0.2713132 0.9237742 0.2702417 -0.09885591 0.9915736 -0.083723 -0.2713054 0.9237759 0.2702434 -0.09254783 0.9914321 0.09218078 -0.09208673 0.9914838 0.09208673 -0.8064055 0.3826469 -0.4508785 -0.5274716 0.130433 0.8395005 -0.4900251 0.793147 -0.3616538 -0.464138 0.1157771 0.8781638 -0.6719297 0.6084925 -0.4221935 -0.6719304 0.6084899 -0.4221963 -0.4838389 0.1305146 0.8653705 -0.4712314 0.6084957 0.6384937 -0.9007456 0.130506 -0.4142771 -0.4915608 0.3824702 0.7823585 -0.822713 0.3825938 -0.4204347 -0.8227151 0.3825954 -0.4204292 -0.2497656 0.9237859 0.2902358 -0.6924731 0.6087415 -0.3871883 -0.08541935 0.9913883 0.09926098 -0.6925172 0.6086987 -0.3871768 -0.308096 0.9237824 -0.2273827 -0.3080685 0.9237926 -0.2273789 -0.1058377 0.9913105 -0.07811534 -0.4511439 0.1305081 0.8828573 -0.1050123 0.9916408 -0.07497465 -0.4509356 0.3826464 0.806374 -0.4508354 0.3826392 0.8064333 -0.9156078 0.1304969 -0.3803066 -0.5156882 0.7931441 -0.324019 -0.8393783 0.3826333 -0.3860516 -0.8393827 0.3826299 -0.3860458 -0.4221912 0.6084913 0.6719324 -0.7065132 0.6086701 -0.3610538 -0.3972581 0.1147164 0.9105088 -0.4142814 0.1305095 0.9007432 -0.5313676 0.7933347 -0.2971004 -0.4204478 0.3825764 0.8227144 -0.5313869 0.79332 -0.2971053 -0.9376154 0.115061 -0.328083 -0.9305359 0.1304956 -0.3421606 -0.3872219 0.6087254 0.6924685 -0.8532239 0.3826253 -0.3544107 -0.2273867 0.9237826 0.3080928 -0.2273833 0.9237847 0.3080888 -0.8532317 0.3826338 -0.3543829 -0.07497739 0.9916409 0.1050088 -0.3242161 0.923787 -0.2037194 -0.3242205 0.9237846 -0.203723 -0.1117404 0.9912539 -0.07021343 -0.1105429 0.9916865 -0.06586551 -0.3802957 0.1304985 0.915612 -0.7208165 0.6086998 -0.3315238 -0.7208156 0.6087058 -0.3315151 -0.3240246 0.7931511 0.5156738 -0.3240079 0.7931519 0.5156831 -0.9426885 0.1305045 -0.3070945 -0.3860349 0.3826364 0.8393847 -0.542162 0.7932802 -0.2770686 -0.5421966 0.7932558 -0.2770707 -0.361033 0.6086484 0.7065424 -0.3340547 0.9238662 -0.1867586 -0.3340534 0.9238646 -0.1867694 -0.2971384 0.7933018 0.5313956 -0.1139358 0.9914436 -0.06370472 -0.2970981 0.7933329 0.5313714 -0.8671429 0.382623 -0.3188462 -0.8671509 0.3826002 -0.3188517 -0.3280856 0.1150685 0.9376136 -0.3421536 0.1304884 0.9305395 -0.7327319 0.6086705 -0.3043425 -0.7326963 0.6087098 -0.3043496 -0.3544321 0.3826134 0.8532204 -0.5531569 0.7932882 -0.2543843 -0.5530998 0.7933182 -0.2544149 -0.2037137 0.9237862 0.3242222 -0.06586939 0.9916862 0.1105428 -0.07020872 0.9912543 0.1117395 -0.9593111 0.1168346 -0.2570447 -0.9545677 0.1304973 -0.2679011 -0.3315426 0.6086928 0.7208139 -0.3315243 0.6086993 0.7208168 -0.878464 0.3826277 -0.2861768 -0.8784496 0.3826496 -0.2861918 -0.3070908 0.130498 0.9426907 -0.1154246 0.9917122 -0.05642831 -0.277032 0.7932668 0.5422003 -0.340844 0.9238443 -0.1741756 -0.1162562 0.9914408 -0.05940955 -0.3408257 0.9238487 -0.1741884 -0.2770845 0.793269 0.5421702 -0.1867734 0.9238716 0.3340313 -0.06370347 0.9914435 0.1139379 -0.9639133 0.1305189 -0.2320259 -0.3188036 0.3826065 0.8671659 -0.7446876 0.6086609 -0.273811 -0.3188343 0.38261 0.8671529 -0.3043325 0.6086939 0.7327166 -0.304351 0.608702 0.7327022 -0.5622692 0.7932906 -0.2335451 -0.5622721 0.79329 -0.2335404 -0.3477203 0.9238597 -0.1599183 -0.2544186 0.7933042 0.5531181 -0.2543816 0.7933084 0.5531291 -0.3477224 0.9238578 -0.1599248 -0.1185963 0.9914434 -0.05454367 -0.8895521 0.3825799 -0.2496592 -0.8895636 0.3825648 -0.2496414 -0.2862137 0.3826466 0.8784437 -0.7543572 0.608728 -0.245755 -0.2862344 0.3826303 0.8784441 -0.1741706 0.9238457 0.3408428 -0.05940955 0.991441 0.1162562 -0.05643111 0.9917119 0.1154264 -0.1741911 0.9238393 0.3408498 -0.2738056 0.6086906 0.7446653 -0.5714506 0.7932813 -0.2101165 -0.972688 0.130456 -0.1919882 -0.9754667 0.1199821 -0.1845777 -0.2738102 0.6086702 0.7446803 -0.3534593 0.9238576 -0.1468119 -0.2335252 0.7932928 0.5622745 -0.3534736 0.9238499 -0.1468262 -0.120561 0.9914416 -0.05008667 -0.1196593 0.9917166 -0.04669064 -0.7639328 0.6086406 -0.2143909 -0.1599181 0.9238584 0.347724 -0.05455231 0.9914429 0.1185963 -0.7639304 0.6086378 -0.2144071 -0.2496201 0.3825871 0.88956 -0.5788542 0.793323 -0.1885907 -0.2496526 0.3825684 0.889559 -0.7713459 0.6087357 -0.1856517 -0.3592454 0.923848 -0.13209 -0.3592517 0.9238461 -0.132086 -0.9064469 0.3825508 -0.1789104 -0.2162258 0.3826606 0.8982301 -0.9064468 0.382552 -0.1789083 -0.2101137 0.7932854 0.571446 -0.2101176 0.793277 0.5714562 -0.586242 0.7932516 -0.1645365 -0.5862334 0.7932592 -0.1645312 -0.1845636 0.1199722 0.9754707 -0.3638852 0.9238687 -0.1185514 -0.1232139 0.991702 -0.03668475 -0.1468142 0.9238557 0.3534635 -0.05007177 0.9914423 0.120561 -0.9859787 0.1245184 -0.1110916 -0.04669064 0.9917168 0.1196574 -0.982224 0.1422906 -0.1224316 -0.5919208 0.7933068 -0.1424577 -0.5918917 0.793328 -0.142461 -0.188575 0.7933166 0.5788682 -0.1886315 0.7933003 0.578872 -0.7784601 0.6085966 -0.1536563 -0.7784663 0.6085911 -0.1536469 -0.3685514 0.923835 -0.1034355 -0.3685526 0.9238341 -0.1034394 -0.1257073 0.9914401 -0.03527575 -0.9168887 0.3824285 -0.1142962 -0.04505062 0.991442 0.1225289 -0.1789112 0.3825349 0.9064535 -0.9169031 0.3823953 -0.1142917 -0.3720694 0.9238741 -0.08955979 -0.3720839 0.9238699 -0.08954375 -0.1260932 0.991666 -0.02643948 -0.1269059 0.9914443 -0.03054839 -0.1645486 0.79325 0.5862408 -0.5973953 0.7932304 -0.117917 -0.5974115 0.7932186 -0.1179149 -0.1185369 0.9238625 0.3639054 -0.9907667 0.1304135 -0.03706508 -0.9897145 0.1370761 -0.04093223 -0.1111043 0.1245124 0.985978 -0.1224241 0.1422885 0.9822252 -0.7875096 0.6084339 -0.09816819 -0.7875143 0.6084288 -0.09816211 -0.3755851 0.9238185 -0.07413041 -0.3755648 0.9238269 -0.07412832 -0.1034388 0.9238403 0.368537 -0.03454732 0.3824495 -0.9233303 -0.9907624 0.1304457 0.03706598 -0.9907638 0.1304326 0.03707402 -0.1143052 0.3824008 0.9168992 -0.03818225 0.382402 0.9232069 -0.111013 0.130445 -0.985221 -0.6044051 0.7931066 -0.07534158 -0.1142759 0.3824045 0.9169012 -0.6044222 0.7930941 -0.07533752 -0.02644151 0.9916662 0.1260917 -0.7929393 0.6084176 -0.03279179 -0.08954519 0.9238713 0.37208 -0.0895912 0.9238659 0.3720824 -0.1034381 0.3824479 -0.9181689 -0.1179097 0.7932207 0.5974097 -0.103468 0.3824601 -0.9181606 -0.09815394 0.6084358 0.7875099 -0.0981729 0.6084365 0.7875068 -0.129628 0.9914311 -0.01615864 -0.1296267 0.9914312 -0.01615709 -0.02277934 0.7931463 -0.6086051 -0.07413393 0.9238237 0.3755714 -0.3800253 0.9237623 -0.04737269 -0.07411271 0.9238249 0.3755729 -0.02528315 0.9914376 0.1281108 -0.02277451 0.7931488 -0.608602 -0.07534098 0.793104 0.6044088 -0.9852181 0.1304727 0.1110054 -0.02517318 0.7930921 0.6085814 -0.9852232 0.1304334 0.1110063 -0.2570433 0.1168279 -0.9593123 -0.07533383 0.7930925 0.6044246 -0.02516841 0.7931025 0.6085682 -0.04736781 0.9237638 0.3800221 -0.0888518 0.6085001 -0.7885639 -0.0473715 0.9237676 0.3800126 -0.6085638 0.7931057 -0.02516937 -0.01582735 0.9237656 0.3826314 -0.6085641 0.7931056 -0.0251674 -0.08886098 0.6084879 -0.7885723 -0.00539875 0.9914309 0.1305203 -0.01615738 0.991431 0.1296288 -0.005398929 0.9914316 0.1305155 -0.1717695 0.3824579 -0.9078664 -0.7930024 0.6084961 0.02966529 -0.9181674 0.3824484 0.10345 -0.1717905 0.3824414 -0.9078693 -0.01431459 0.9237851 -0.3826437 -0.3826282 0.923767 -0.01582413 -0.3826314 0.9237656 -0.01582312 -0.1305181 0.9914312 -0.00539875 -0.1305212 0.9914309 -0.005396962 -0.9741731 0.130442 0.1843142 -0.2678906 0.130491 -0.9545715 -0.216228 0.3826411 -0.8982378 -0.9741697 0.1304451 0.1843295 -0.2161576 0.3826601 -0.8982468 -0.6086135 0.7931401 0.02276843 -0.6086041 0.7931473 0.02276968 -0.0681951 0.7931441 -0.6052041 -0.9593132 0.1168076 0.2570491 -0.963911 0.1305147 0.2320379 -0.3280856 0.1150685 -0.9376136 -0.7885733 0.6084879 0.08885282 -0.3070898 0.1305235 -0.9426875 -0.1475369 0.6084994 -0.7797189 -0.7885693 0.6084942 0.08884453 -0.1475228 0.6084935 -0.7797262 -0.9078717 0.3824383 0.1717852 -0.9078658 0.382457 0.1717744 -0.2496431 0.3825676 -0.8895619 -0.1305189 0.9914338 0.004887461 -0.1857119 0.6087314 -0.7713347 -0.3826366 0.9237881 0.01431691 -0.1856291 0.608751 -0.7713392 -0.3826415 0.9237861 0.01431435 -0.04288101 0.9237841 -0.3805052 -0.01598715 0.9916093 -0.1282789 -0.9545707 0.1304868 0.2678959 -0.3421536 0.1304884 -0.9305395 -0.8982405 0.382651 0.2161994 -0.2862349 0.3826308 -0.8784438 -0.6052036 0.793145 0.06819021 -0.2861815 0.3826541 -0.8784509 -0.9376137 0.1150625 0.3280875 -0.94269 0.1305215 0.3070826 -0.2143869 0.6086431 -0.7639318 -0.7797248 0.6084913 0.1475386 -0.7797194 0.6085008 0.1475282 -0.2143788 0.608641 -0.7639358 -0.142457 0.7933247 -0.591897 -0.1424451 0.7933191 -0.5919073 -0.8895685 0.3825474 0.2496506 -0.7713826 0.6086877 0.1856565 -0.3972462 0.1147099 -0.9105148 -0.7713422 0.6087388 0.1856569 -0.3803192 0.1305005 -0.915602 -0.3805021 0.9237859 0.04287195 -0.1304439 0.9913468 0.01469904 -0.3188228 0.3826244 -0.867151 -0.2457749 0.6087245 -0.7543535 -0.07119464 0.923781 -0.3762447 -0.8784529 0.3826574 0.286171 -0.07117855 0.9237851 -0.3762376 -0.8784506 0.3826456 0.2861943 -0.02450102 0.9912795 -0.1294787 -0.02643764 0.9916663 -0.1260917 -0.4143069 0.1305117 -0.9007312 -0.5984166 0.7931441 0.1132259 -0.5984166 0.7931437 0.1132289 -0.7639395 0.6086256 0.2144097 -0.59189 0.7933301 0.1424559 -0.0895406 0.9238719 -0.3720797 -0.5918911 0.7933273 0.142467 -0.08957117 0.9238697 -0.3720777 -0.3544135 0.3826414 -0.8532155 -0.3544068 0.3826234 -0.8532264 -0.9156078 0.1304943 0.3803075 -0.2737852 0.6086715 -0.7446883 -0.273813 0.6086676 -0.7446813 -0.188575 0.7933166 -0.5788682 -0.7543743 0.608706 0.2457569 -0.7543675 0.6087138 0.2457584 -0.4511634 0.1304898 -0.8828499 -0.3762247 0.9237901 0.07118088 -0.3762353 0.9237853 0.07118892 -0.4641153 0.1157786 -0.8781756 -0.1294779 0.9912797 0.02449673 -0.1260932 0.991666 0.02643948 -0.3860775 0.3826361 -0.8393651 -0.9007398 0.1305097 0.4142886 -0.3860588 0.3826448 -0.8393699 -0.1034303 0.9238384 -0.368544 -0.1034268 0.9238404 -0.3685401 -0.5862318 0.7932597 0.1645336 -0.3043618 0.6086803 -0.7327157 -0.3043554 0.6086826 -0.7327164 -0.372079 0.9238708 0.08955568 -0.3720698 0.9238752 0.08954739 -0.1269059 0.9914443 0.03054839 -0.8532218 0.3826434 0.3543964 -0.4838396 0.1305148 -0.86537 -0.8532251 0.382628 0.3544049 -0.7446769 0.6086698 0.2738202 -0.04044246 0.9914435 -0.1241142 -0.5788791 0.7933058 0.1885866 -0.4204064 0.382593 -0.8227279 -0.8828552 0.1305011 0.4511497 -0.8393753 0.3826368 0.3860548 -0.8393827 0.38262 0.3860556 -0.3315117 0.6087089 -0.7208145 -0.1257022 0.9914407 0.03527599 -0.3685408 0.9238384 0.103442 -0.2335158 0.793302 -0.5622653 -0.1232215 0.991701 0.03668582 -0.2335655 0.7932918 -0.5622593 -0.3685627 0.9238303 0.1034361 -0.7327262 0.6086803 0.3043365 -0.7327219 0.6086844 0.3043386 -0.45086 0.3826562 -0.8064115 -0.5191911 0.1304743 -0.8446403 -0.5714633 0.7932725 0.2101156 -0.04668873 0.9917169 -0.1196574 -0.3639014 0.9238623 0.1185506 -0.3610387 0.608646 -0.7065417 -0.3638942 0.9238641 0.1185593 -0.822708 0.3826061 0.4204337 -0.3610727 0.6086481 -0.7065226 -0.2543872 0.7933101 -0.5531243 -0.25441 0.7933049 -0.553121 -0.822731 0.3825814 0.4204109 -0.1468142 0.9238557 -0.3534635 -0.05007648 0.9914419 -0.1205629 -0.7208156 0.6086991 0.3315275 -0.3871505 0.6087452 -0.692491 -0.5622592 0.7933006 0.233535 -0.4838525 0.3825635 -0.7871035 -0.4838329 0.3825801 -0.7871076 -0.8064047 0.3826465 0.4508806 -0.2770732 0.7932664 -0.5421798 -0.8407793 0.1182225 0.5283122 -0.2770529 0.7932699 -0.542185 -0.5893743 0.1220509 -0.7985873 -0.5749943 0.1443664 -0.8053197 -0.122534 0.9914413 0.04505252 -0.1196536 0.9917172 0.0466907 -0.7065486 0.6086384 0.361038 -0.05642873 0.991712 -0.1154255 -0.1599193 0.9238572 -0.3477267 -0.2970827 0.7933185 -0.5314016 -0.5531417 0.7932975 0.2543885 -0.2971368 0.7933218 -0.5313666 -0.5531066 0.7933118 0.25442 -0.3534615 0.9238554 0.1468206 -0.4155242 0.6086083 -0.6759702 -0.120561 0.9914416 0.05008667 -0.692464 0.6087536 0.3871857 -0.4154943 0.6086193 -0.6759786 -0.6924884 0.6087303 0.3871786 -0.05941051 0.9914413 -0.1162533 -0.1741854 0.9238417 -0.3408461 -0.5368958 0.3824285 -0.7519915 -0.5369156 0.3824103 -0.7519868 -0.7871129 0.3825587 0.4838411 -0.7871184 0.3825557 0.4838346 -0.1867604 0.9238748 -0.3340298 -0.186762 0.9238676 -0.3340492 -0.5421785 0.7932692 0.2770677 -0.06586939 0.9916862 -0.1105428 -0.3188553 0.7932398 -0.5187505 -0.7985792 0.1220502 0.5893854 -0.8053272 0.1443718 0.5749826 -0.3477196 0.9238591 0.1599234 -0.1185963 0.9914434 0.05454367 -0.1154265 0.991712 0.05642831 -0.5314139 0.7933008 0.2971084 -0.4611516 0.6084207 -0.6458819 -0.4611463 0.6084253 -0.6458815 -0.6759663 0.6086128 0.415524 -0.6759678 0.6086261 0.415502 -0.2004626 0.9238321 -0.326112 -0.2004684 0.9238309 -0.3261122 -0.06837511 0.9914392 -0.1112343 -0.3408389 0.9238463 0.1741752 -0.3408328 0.9238478 0.1741794 -0.1162548 0.9914411 0.05940878 -0.5971866 0.3824002 -0.7050804 -0.7519851 0.3824144 0.5369149 -0.3539125 0.7931108 -0.4957028 -0.3539408 0.7930987 -0.4957019 -0.7519976 0.3823993 0.5369082 -0.334042 0.9238708 0.1867585 -1 -1.0267e-6 0 -1 2.15328e-6 0 -1 9.90467e-7 0 -1 -9.2504e-7 0 -1 4.24388e-6 0 -1 -4.05568e-6 0 -1 4.24388e-6 0 -6.99724e-5 -0.9398691 0.3415353 -2.25064e-5 -0.9398686 0.3415362 -7.74396e-6 -0.9398691 0.3415353 2.04545e-5 -0.9398717 0.3415279 -1.84569e-5 -0.9398728 0.341525 1.82314e-5 -0.9398645 0.3415476 -1.21645e-5 -0.9398774 0.341512 0 -0.9398669 0.3415412 0 -0.939869 0.3415355 0 -0.9398689 0.3415355 7.93384e-6 -0.939874 -0.3415215 0 -0.9398646 -0.3415474 -1.45867e-5 -0.9398756 -0.3415172 -5.6207e-6 -0.9398714 -0.3415287 1.69907e-6 -0.9398452 -0.341601 4.09513e-5 -0.9398897 -0.3414784 0 -0.9398627 -0.3415526 -1.52773e-4 -0.9399374 -0.3413473 0 -0.9398689 -0.3415355 0 -0.939869 -0.3415355 0.9976 0 0.06924158 0.9777929 1.20595e-4 0.2095741 0.9914437 -7.65555e-4 0.1305332 0.8201591 3.8701e-5 0.5721355 0.9205745 -5.30643e-5 0.390567 0.923881 -2.34735e-4 0.3826801 0.7032247 3.54721e-4 0.7109676 0.7933575 -6.46541e-4 0.6087557 0.4067295 -1.3281e-4 0.9135488 0.5628696 1.13498e-4 0.8265458 0.6087618 -6.78046e-4 0.7933528 0.24338 2.9017e-4 0.969931 0.3826904 -5.54866e-4 0.9238765 0.08034968 0 0.9967668 0.1305097 -6.76227e-4 0.9914468 0.04990017 0 -0.9987543 0.2849698 2.76167e-4 -0.9585365 0.1507635 -3.9661e-4 -0.9885698 0.1305351 -6.72512e-4 -0.9914435 0.4560548 3.05451e-4 -0.8899517 0.3826829 -7.03285e-4 -0.9238795 0.7963003 -1.26834e-4 -0.6049016 0.6323509 1.03558e-4 -0.7746821 0.6087689 -4.37225e-4 -0.7933476 0.9225778 1.65048e-5 -0.3858112 0.793345 -1.66695e-5 -0.6087723 0.9911013 6.14717e-5 -0.1331099 0.9238805 -6.01952e-5 -0.3826813 0.9914441 0 -0.1305318 0.9975993 0.06925112 0 0.9911604 0.1326689 -5.07081e-4 0.9226074 0.3857402 -1.13287e-4 0.9777843 0.2096138 6.06631e-5 0.9205785 0.3905577 -4.34748e-5 0.7965183 0.6046143 -3.49054e-4 0.8201616 0.5721321 3.15111e-5 0.6324895 0.7745689 -3.34308e-4 0.7031708 0.711021 2.15598e-4 0.4560078 0.8899757 -2.26744e-4 0.5628998 0.8265252 1.99205e-4 0.2849001 0.9585572 -1.46157e-4 0.4068605 0.9134903 1.52277e-4 0.1508899 0.9885507 -6.7218e-5 0.2433218 0.9699456 1.39953e-4 0.04985749 0.9987564 0 0.08038389 0.9967641 1.58404e-4 -0.04918181 0 0.9987899 -0.2983045 6.55334e-4 0.9544706 -0.1488603 -7.44493e-4 0.988858 -0.130514 -0.001193821 0.9914457 -0.4899153 8.40719e-4 0.8717697 -0.3826997 -0.001265823 0.9238721 -0.6646823 6.30294e-4 0.7471259 -0.6087511 -0.001188039 0.7933604 -0.8164935 4.48166e-4 0.5773544 -0.793368 -8.00657e-4 0.6087418 -0.9332466 4.05175e-4 0.3592363 -0.9238751 -4.96285e-4 0.3826941 -0.9928447 0 0.1194131 -0.9914442 -4.14651e-4 0.1305308 -0.1305348 -5.17039e-4 -0.9914437 -0.1156302 0 -0.9932924 -0.3826911 -9.93532e-4 -0.9238759 -0.3364858 4.29435e-4 -0.9416884 -0.6087621 -0.001282274 -0.793352 -0.5299091 7.17015e-4 -0.8480542 -0.7933502 -0.001152873 -0.6087647 -0.6945601 8.11464e-4 -0.7194343 -0.9238765 -5.95584e-4 -0.3826903 -0.8290062 4.57776e-4 -0.5592393 -0.9255737 -4.43634e-4 -0.3785674 -0.9914432 -0.001327216 -0.1305328 -0.9773262 2.38706e-4 -0.2117397 -0.9975487 0 -0.06997519 0 1 -4.04223e-7 0 1 -1.02781e-6 0 1 -1.83906e-6 0 1 3.29611e-7 0 1 2.24976e-7 0 1 -1.85401e-6 0 1 -5.33372e-7 0 1 -2.97393e-7 0 1 -1.46257e-6 0 1 5.76322e-7 0 1 -1.67262e-6 0 1 -1.97221e-7 0 1 -9.94831e-7 0 1 1.82909e-6 0 1 -5.7689e-7 0 1 -1.41559e-6 0 1 1.97216e-7 0 1 -3.52696e-7 0 1 2.05558e-6 0 1 2.88188e-7 0 1 1.52499e-6 0 1 9.86139e-7 0 1 2.0345e-7 0 1 8.36308e-7 0 1 -4.16913e-7 0 1 -1.60701e-6 0 1 -2.23459e-7 0 1 1.5188e-6 0 1 -1.40386e-6 0 1 1.43122e-6 0 1 2.97393e-7 0 1 -8.55557e-7 0 1 -1.52499e-6 0 1 8.59716e-7 0 1 1.46257e-6 0 1 1.40386e-6 0 1 4.15671e-7 0 1 -1.5188e-6 0 1 1.60699e-6 -0.9914454 0 0.1305227 -0.9914447 0 0.1305272 -0.9990486 0 0.04361337 -0.9990487 0 -0.04361188 -0.9990486 0 -0.04361337 -0.04362154 0 0.9990482 -0.9914447 0 -0.1305272 -0.9914454 0 -0.1305227 -0.1305164 0 0.9914461 -0.1305164 0 0.9914461 -0.976296 0 -0.2164395 -0.2164644 0 0.9762905 -0.2164312 0 0.9762979 -0.9537157 0 -0.3007102 -0.9537189 0 -0.3007001 -0.3007051 0 0.9537172 -0.9238758 0 -0.3826926 -0.9238809 0 -0.3826803 -0.3827045 0 0.9238709 -0.3826747 0 0.9238833 -0.8870087 0 -0.461753 -0.4617494 0 0.8870104 -0.8433851 0 -0.5373096 -0.8433952 0 -0.5372938 -0.5372865 0 0.8434 -0.7933571 0 -0.6087565 -0.6087766 0 0.7933417 -0.6087546 0 0.7933586 -0.737289 0 -0.6755775 -0.737273 0 -0.6755949 -0.6755906 0 0.737277 -0.6755906 0 -0.737277 -0.737273 0 0.6755949 -0.737289 0 0.6755775 -0.6087546 0 -0.7933586 -0.6087766 0 -0.7933417 -0.7933571 0 0.6087565 -0.5372865 0 -0.8434 -0.4617494 0 -0.8870104 -0.8433952 0 0.5372938 -0.8433851 0 0.5373096 -0.3826747 0 -0.9238833 -0.8870087 0 0.461753 -0.3827045 0 -0.9238709 -0.3007051 0 -0.9537172 -0.9238758 0 0.3826926 -0.9238809 0 0.3826803 -0.2164644 0 -0.9762905 -0.9537189 0 0.3007001 -0.9537157 0 0.3007102 -0.2164312 0 -0.9762979 -0.1305164 0 -0.9914461 -0.1305164 0 -0.9914461 -0.04362154 0 -0.9990482 -0.976296 0 0.2164395 0 1 1.41203e-7 0 1 -1.36783e-7 0 1 -2.66139e-7 0 1 -1.29991e-7 0 1 5.09988e-7 0 1 1.88328e-7 0 1 8.06753e-7 0 1 -4.92678e-7 0 1 -7.36222e-7 0 1 -1.84051e-7 0 1 -1.23171e-7 0 1 -3.10288e-7 0 1 1.44385e-6 0 1 -6.05613e-7 0 1 0 0 1 6.8198e-7 0 1 -1.45335e-6 0 1 1.95473e-6 0 1 -2.02677e-6 0 1 1.6202e-6 0 1 -8.17841e-7 0 1 1.25875e-7 0 1 8.42831e-7 0 1 -2.16925e-6 0 1 5.04263e-7 0 1 2.17046e-7 0 1 3.52707e-7 0 1 1.53965e-6 0 1 1.12912e-6 0 1 -2.03632e-6 0 1 -5.26614e-7 0 1 -1.59106e-6 0 1 4.56298e-7 0 1 1.06192e-6 0 1 6.28193e-7 0 1 -7.5799e-7 0 1 2.8097e-6 0 1 -2.38367e-6 0 1 1.57521e-6 0 1 2.18813e-6 0 1 -6.52375e-6 0 1 5.387e-6 0 1 -1.61166e-5 0 1 1.61624e-5 0 1 -8.11337e-6 0 1 2.44618e-6 0 1 -2.73533e-6 0 1 1.37814e-6 0 1 7.44963e-7 0 1 1.46345e-7 0 1 0 0 1 -3.92621e-7 0 1 -4.64595e-7 0 1 5.70366e-7 0 1 -2.98323e-7 0 1 5.26629e-7 0 1 -4.69917e-7 0 1 1.41137e-7 0 1 0 0 1 3.54879e-7 0 1 -1.6783e-7 0 1 -1.5959e-7 0 1 3.04964e-7 0 1 -4.39199e-7 1 5.38837e-5 0 1 -2.3766e-5 0 1 2.50988e-5 0 1 -6.47042e-5 0 1 2.50985e-5 0 1 -2.37665e-5 0 1 2.27505e-5 0 1 -2.19966e-5 0 1 -6.4704e-5 0 1 1.34345e-4 0 1 1.10485e-6 0 1 1.69082e-5 0 1 2.05421e-5 0 1 -2.17568e-5 0 1 2.64879e-5 0 1 -3.77965e-5 0 1 -3.97251e-5 0 1 5.07859e-5 0 1 -1.16645e-4 0 -1.10973e-6 0 1 1.10973e-6 0 -1 -1 1.26485e-6 0 -1 -1.43538e-5 0 -1 2.31257e-5 0 -1 -1.53991e-5 0 -1 2.77666e-6 0 -1 -9.75133e-6 0 -1 6.15817e-7 0 -1 1.17853e-6 0 -1 2.84524e-6 0 -1 1.78193e-5 0 -1 3.32493e-6 0 -1 -2.17578e-6 0 -1 -2.15182e-6 0 -1 1.28639e-5 0 -1 -9.6831e-6 0 -1 -1.80553e-5 0 -1 -7.61462e-6 0 -1 6.6491e-6 0 -1 4.55162e-6 0 -1 -7.06986e-6 0 -1 1.23131e-6 0 -1 1.03984e-5 0 -1 -1.94298e-5 0 -1 7.5087e-6 0 -1 -1.15568e-5 0 -1 -1.04679e-6 0 -1 5.37951e-6 0 -1 -4.28796e-6 0 -1 -2.15186e-6 0 -1 -2.67265e-5 0 -1 -2.17577e-6 0 -1 3.32491e-6 0 -1 5.12136e-6 0 -1 -5.89275e-7 0 -1 2.46321e-6 0 -1 -6.50091e-7 0 -1 2.77668e-6 0 -1 -4.50708e-6 0 -1 1.15625e-5 0 -1 -1.15761e-6 0 -1 1.26483e-6 0 -1 -3.77063e-5 0 -1 3.94178e-5 0 -1 1.74046e-5 0 -1 2.43813e-5 0 -1 -1.77192e-5 0 -1 1.12448e-6 0 -1 1.23649e-5 0 -1 -7.98088e-6 0 -1 2.05426e-5 0 -1 -1.09458e-5 0 -1 -1.29135e-6 0 -1 7.39068e-6 0 -1 -4.74479e-6 0 -1 -6.9137e-6 0 -1 7.89921e-6 0 0 0.4713975 0.8819209 0 0.4127088 0.9108631 0 0.4127064 0.9108642 0 0.3522463 0.9359074 0 0.3522483 0.9359067 0 0.9994646 0.03271943 0 0.9994646 0.03271943 0 0.2902902 0.9569386 0 0.2902885 0.9569392 0 0.9951843 0.09802222 0 0.9951849 0.09801602 0 0.2270793 0.9738763 0 0.227078 0.9738767 0 0.9866448 0.1628872 0 0.9866448 0.1628872 0 0.1628984 0.986643 0 0.09800964 0.9951855 0 0.09800928 0.9951855 0 0.9738768 0.2270771 0 0.9738769 0.2270771 0 0.03271979 0.9994646 0 0.03271973 0.9994646 0 0.9569399 0.2902861 0 0.9569382 0.2902919 0 0.9359056 0.3522509 0 0.9359056 0.352251 0 0.9108636 0.4127076 0 0.9108637 0.4127075 0 0.8819233 0.4713932 0 0.8819206 0.4713981 0 0.8492017 0.5280686 0 0.8128475 0.5824765 0 0.8128476 0.5824764 0 0.773007 0.6343975 0 0.7730071 0.6343974 0 0.729871 0.683585 0 0.7298678 0.6835884 0 0.6835877 0.7298684 0 0.6835876 0.7298686 0 0.6343951 0.773009 0 0.6343982 0.7730065 0 0.5824773 0.8128471 0 0.5824772 0.8128471 0 0.5280669 0.8492028 0 0.4713947 0.8819223 0 0.4713984 -0.8819205 0 0.4127064 -0.9108641 0 0.4127087 -0.9108631 0 0.3522462 -0.9359074 0 0.3522483 -0.9359067 0 0.9994646 -0.03271979 0 0.290286 -0.95694 0 0.2902843 -0.9569405 0 0.9951844 -0.09802132 0 0.995185 -0.09801512 0 0.2270793 -0.9738763 0 0.2270779 -0.9738767 0 0.9866448 -0.1628872 0 0.9866448 -0.1628872 0 0.1628938 -0.9866436 0 0.1628938 -0.9866436 0 0.09801888 -0.9951846 0 0.09801852 -0.9951847 0 0.9738764 -0.2270792 0 0.9738764 -0.2270791 0 0.03271514 -0.9994648 0 0.03271508 -0.9994648 0 0.9569399 -0.2902861 0 0.9569382 -0.2902919 0 0.9359056 -0.352251 0 0.9359056 -0.3522509 0 0.9108653 -0.4127041 0 0.9108652 -0.4127041 0 0.8819231 -0.4713932 0 0.8819206 -0.471398 0 0.8492017 -0.5280686 0 0.8128445 -0.582481 0 0.8128445 -0.5824807 0 0.7730109 -0.6343929 0 0.7298709 -0.6835851 0 0.7298679 -0.6835883 0 0.6835876 -0.7298686 0 0.6835877 -0.7298684 0 0.6343982 -0.7730065 0 0.6343951 -0.773009 0 0.5824742 -0.8128493 0 0.5824741 -0.8128493 0 0.5280669 -0.8492028 0 0.4714012 -0.8819189 0 -0.9030736 -0.429486 0 -0.9030722 -0.4294889 0 -0.6572028 0.7537138 0 -0.657203 0.7537137 0 -0.9302813 -0.3668472 0 -0.604241 0.7968018 0 -0.6042409 0.7968018 0 -0.953144 -0.3025171 0 -0.548451 0.8361827 0 -0.0341413 -0.999417 0 -0.5484509 0.8361829 0 -0.953143 -0.3025202 0 -0.03414118 -0.999417 0 -0.9715668 -0.2367658 0 -0.4901065 0.8716626 0 -0.1022689 -0.9947569 0 -0.1022685 -0.9947569 0 -0.4294869 0.9030732 0 -0.9854601 -0.1699076 0 -0.1699011 -0.9854611 0 -0.9854589 -0.1699142 0 -0.3668552 0.9302781 0 -0.9947576 -0.102261 0 -0.3668553 0.9302781 0 -0.2367736 -0.971565 0 -0.3025108 0.953146 0 -0.9994172 -0.03413885 0 -0.9994171 -0.03413885 0 -0.3025108 -0.953146 0 -0.2367688 0.9715661 0 -0.9994171 0.03413921 0 -0.2367687 0.9715661 0 -0.3668598 -0.9302763 0 -0.3668597 -0.9302763 0 -0.1699062 0.9854603 0 -0.9947576 0.102261 0 -0.1699061 0.9854603 0 -0.4294785 -0.9030771 0 -0.1022635 0.9947574 0 -0.4294784 -0.9030773 0 -0.1022638 0.9947574 0 -0.9854603 0.1699059 0 -0.9854593 0.1699125 0 -0.03414118 0.999417 0 -0.0341413 0.999417 0 -0.4901143 -0.8716582 0 -0.4901145 -0.8716582 0 -0.9715668 0.2367658 0 -0.5484437 -0.8361876 0 -0.953144 0.3025171 0 -0.953143 0.3025202 0 -0.604241 -0.7968018 0 -0.6042409 -0.7968018 0 -0.9302799 0.3668507 0 -0.6572028 -0.7537138 0 -0.657203 -0.7537137 0 -0.9030735 0.4294862 0 -0.9030722 0.4294887 0 -0.7071079 -0.7071058 0 -0.7071061 -0.7071076 0 -0.8716627 0.4901064 0 -0.8716626 0.4901065 0 -0.7537146 -0.6572018 0 -0.7537146 -0.657202 0 -0.8361831 0.5484504 0 -0.8361833 0.5484502 0 -0.7968059 -0.6042354 0 -0.7968043 -0.6042376 0 -0.7968004 0.6042428 0 -0.7968021 0.6042403 0 -0.8361831 -0.5484504 0 -0.8361833 -0.5484502 0 -0.7537146 0.6572018 0 -0.7537146 0.657202 0 -0.8716602 -0.4901108 0 -0.7071062 0.7071074 0 -0.7071078 0.7071058 -1 -2.00955e-5 0 -1 6.27849e-6 0 -1 2.34263e-5 0 -1 -3.19844e-5 0 -1 7.43058e-6 0 -1 4.92722e-6 0 -1 6.15448e-5 0 -1 -3.4082e-5 0 -1 6.80365e-5 0 -1 2.0379e-4 0 -1 4.10362e-5 0 -1 -5.49217e-5 0 -1 1.97068e-5 0 -1 4.65245e-5 0 -1 -6.55938e-5 0 -1 6.49523e-6 0 -1 5.54805e-6 0 -1 -4.80447e-6 0 -1 3.72777e-6 0 -1 9.99386e-6 0 -1 -3.00142e-6 0 -1 1.77084e-5 0 -1 -1.49369e-5 0 -1 1.37329e-5 0 -1 -2.64535e-5 0 -1 2.26194e-5 0 -1 -2.11249e-5 0 -1 7.75522e-6 0 -1 -3.24733e-6 0 -1 3.83964e-6 0 -1 1.45831e-6 0 -1 -7.29558e-6 0 -1 1.66088e-5 0 -1 -1.81637e-5 0 -1 1.21125e-5 0 -1 -3.10778e-6 0 -1 -8.13001e-6 0 -1 7.89215e-6 0 -1 2.84284e-6 0 -1 -1.04379e-5 0 -1 1.4739e-5 0 -1 -1.2684e-5 0 -1 5.23928e-6 0 -1 -9.83875e-7 0 -1 -2.43091e-6 0 -1 1.92656e-6 0 -1 -4.30444e-6 0 -1 1.09488e-5 0 -1 -1.09235e-5 0 -1 1.18732e-5 0 -1 -5.71243e-6 0 -1 5.73921e-6 0 -1 -6.26133e-6 0 -1 9.72369e-7 0 -1 -2.95162e-6 0 -1 -9.9796e-7 0 -1 1.03433e-6 0 -1 -1.057e-6 0 -1 -1.08299e-6 0 -1 8.0226e-6 0 -1 -4.7356e-6 0 -1 -1.27464e-6 0 -1 2.6574e-6 0 -1 -1.38966e-6 0 -1 -8.11823e-7 0 -1 -1.05809e-6 0 -1 1.14445e-6 0 -1 -3.73414e-6 0 -1 -7.50341e-7 0 -1 -1.66564e-6 0 -1 1.02516e-5 0 -1 -1.05254e-5 0 -1 -3.90351e-6 0 -1 1.71634e-5 0 -0.06875598 0.9976335 0 -0.2081351 0.9781002 -4.51005e-5 -0.07902491 0.9968727 5.00012e-5 -0.370834 0.9286993 -1.16712e-4 -0.2393127 0.9709426 9.44764e-5 -0.400235 0.9164125 5.60258e-5 -0.5567198 0.8307003 -9.32878e-5 -0.5543133 0.8323082 -7.29184e-5 -0.7373905 0.6754668 -2.73684e-4 -0.6935912 0.7203689 7.27517e-5 -0.894351 0.447366 -3.25129e-4 -0.8108867 0.5852032 1.43434e-4 -0.9130023 0.4079547 3.38233e-5 -0.9878907 0.1551514 -4.56224e-4 -0.9745128 0.2243322 -2.50781e-5 -0.9972453 0.07417541 0 -0.06869989 0 -0.9976375 -0.06875926 0 -0.9976333 -0.2081551 0 -0.9780958 -0.2081014 0 -0.9781073 -0.3707993 0 -0.9287131 -0.3707972 0 -0.9287139 -0.5566704 0 -0.8307334 -0.5566855 0 -0.8307235 -0.7372313 0 -0.6756405 -0.7372478 0 -0.6756225 -0.894213 0 -0.4476417 -0.8942098 0 -0.4476482 -0.9878181 0 -0.1556136 -0.9878186 0 -0.1556099 -0.07905864 0 0.99687 -0.07899397 0 0.9968751 -0.2393627 0 0.9709302 -0.2392119 0 0.9709674 -0.400215 0 0.9164213 -0.4001838 0 0.916435 -0.5543797 0 0.8322639 -0.554354 0 0.8322811 -0.6935346 0 0.7204234 -0.6935265 0 0.7204312 -0.8108608 0 0.5852391 -0.8108391 0 0.5852692 -0.9130276 0 0.4078978 -0.9130238 0 0.4079064 -0.9745126 0 0.2243333 -0.9745081 0 0.2243524 -0.9972486 0 0.07413011 -0.9972488 0 0.0741285 -0.06873971 -0.9976347 0 -0.07903814 -0.9968717 5.02361e-5 -0.2392978 -0.9709463 9.44315e-5 -0.2081602 -0.9780948 -4.49944e-5 -0.4002456 -0.916408 5.59838e-5 -0.5543261 -0.8322996 -7.28671e-5 -0.3708217 -0.9287041 -1.16923e-4 -0.6935961 -0.7203642 7.26054e-5 -0.5567305 -0.8306933 -9.34231e-5 -0.810885 -0.5852057 1.43326e-4 -0.7373911 -0.6754661 -2.73776e-4 -0.9130091 -0.4079392 3.38061e-5 -0.9745063 -0.2243601 -2.50996e-5 -0.8943592 -0.4473496 -3.25186e-4 -0.9972478 -0.0741412 0 -0.9878938 -0.1551315 -4.56187e-4 -0.9989334 0 -0.04617625 -0.9989334 0 -0.0461753 -0.9989334 0 0.0461753 -0.9989334 0 0.04617619 -0.9904107 0 0.1381549 -0.9904103 0 0.1381576 -0.04620105 0 -0.9989323 -0.04616039 0 -0.998934 -0.9734377 0 0.2289524 -0.9734356 0 0.2289615 -0.1381338 0 -0.9904136 -0.1381737 0 -0.990408 -0.9481607 0 0.3177912 -0.9481587 0 0.3177973 -0.2289491 0 -0.9734385 -0.9148004 0 0.4039064 -0.9147937 0 0.4039214 -0.3177889 0 -0.9481616 -0.3178072 0 -0.9481554 -0.8736204 0 0.4866082 -0.8736156 0 0.4866169 -0.4039042 0 -0.9148013 -0.4039212 0 -0.9147938 -0.8249999 0 0.565133 -0.4866143 0 -0.8736171 -0.7693338 0 0.638847 -0.7693337 0 0.6388472 -0.5651348 0 -0.8249987 -0.5651209 0 -0.8250081 -0.7071081 0 0.7071055 -0.7071183 0 0.7070954 -0.6388502 0 -0.7693313 -0.6388381 0 0.7693412 -0.7071081 0 -0.7071055 -0.5651486 0 0.8249891 -0.7071183 0 -0.7070954 -0.5651209 0 0.8250081 -0.7693337 0 -0.6388472 -0.4866143 0 0.8736171 -0.7693338 0 -0.638847 -0.8249933 0 -0.5651425 -0.4039212 0 0.9147938 -0.8736204 0 -0.4866082 -0.3177889 0 0.9481616 -0.2289298 0 0.973443 -0.9148004 0 -0.4039064 -0.2289491 0 0.9734385 -0.9147937 0 -0.4039214 -0.1381737 0 0.990408 -0.1381537 0 0.9904109 -0.9481587 0 -0.3177973 -0.04618072 0 0.9989331 -0.9734377 0 -0.2289524 -0.9734356 0 -0.2289615 -0.9904107 0 -0.1381549 -0.9914457 0 -0.13052 -0.991445 0 -0.1305254 -0.9990482 0 -0.04362022 -0.9990481 0 -0.04362201 -0.9990482 0 0.04362022 -0.04361999 0 -0.9990482 -0.991445 0 0.1305254 -0.1305301 0 -0.9914444 -0.9762977 0 0.2164322 -0.2164489 0 -0.9762941 -0.9537193 0 0.3006987 -0.9537155 0 0.3007107 -0.3007111 0 -0.9537153 -0.3006735 0 -0.9537271 -0.9238792 0 0.3826842 -0.9238792 0 0.3826844 -0.3826975 0 -0.9238738 -0.3826622 0 -0.9238883 -0.8870095 0 0.4617515 -0.4617555 0 -0.8870073 -0.8433907 0 0.5373008 -0.5372985 0 -0.8433923 -0.7933541 0 0.6087606 -0.6087467 0 -0.7933647 -0.7372778 0 0.6755899 -0.675599 0 -0.7372693 -0.6755989 0 -0.7372695 -0.6755989 0 0.7372695 -0.6755766 0 0.7372899 -0.7372778 0 -0.6755899 -0.6087467 0 0.7933647 -0.6087727 0 0.7933447 -0.7933541 0 -0.6087606 -0.7933387 0 -0.6087806 -0.5372985 0 0.8433923 -0.461788 0 0.8869904 -0.8434027 0 -0.5372821 -0.4617555 0 0.8870073 -0.3826622 0 0.9238883 -0.8870095 0 -0.4617515 -0.3826975 0 0.9238738 -0.3006735 0 0.9537271 -0.9238792 0 -0.3826844 -0.3007111 0 0.9537153 -0.9238792 0 -0.3826842 -0.2164489 0 0.9762941 -0.9537155 0 -0.3007107 -0.9537155 0 -0.3007106 -0.1305301 0 0.9914444 -0.9762977 0 -0.2164322 -0.04361999 0 0.9990482 -0.9762957 0 -0.2164409</float_array>
          <technique_common>
            <accessor source="#arduino_uno-mesh-normals-array" count="5315" stride="3">
              <param name="X" type="float"/>
              <param name="Y" type="float"/>
              <param name="Z" type="float"/>
            </accessor>
          </technique_common>
        </source>
        <vertices id="arduino_uno-mesh-vertices">
          <input semantic="POSITION" source="#arduino_uno-mesh-positions"/>
        </vertices>
        <triangles count="9830">
          <input semantic="VERTEX" source="#arduino_uno-mesh-vertices" offset="0"/>
          <input semantic="NORMAL" source="#arduino_uno-mesh-normals" offset="1"/>
          <p>0 0 1 0 2 0 3 0 0 0 2 0 3 1 2 1 4 1 5 1 3 1 4 1 6 2 5 2 7 2 5 3 4 3 7 3 8 4 9 4 10 4 11 4 8 4 10 4 12 5 6 5 13 5 6 6 7 6 13 6 14 7 11 7 15 7 11 7 10 7 15 7 12 8 13 8 16 8 17 9 12 9 16 9 18 10 14 10 19 10 14 10 15 10 19 10 20 11 17 11 21 11 17 12 16 12 21 12 22 13 18 13 23 13 18 14 19 14 23 14 24 15 20 15 25 15 20 16 21 16 25 16 26 17 22 17 27 17 22 18 23 18 27 18 28 19 24 19 29 19 24 19 25 19 29 19 26 20 27 20 30 20 31 21 26 21 30 21 32 22 28 22 33 22 28 22 29 22 33 22 31 23 30 23 34 23 35 23 31 23 34 23 36 24 32 24 37 24 32 25 33 25 37 25 35 26 34 26 38 26 39 27 35 27 38 27 40 28 36 28 41 28 36 28 37 28 41 28 39 29 38 29 42 29 43 30 39 30 42 30 44 31 40 31 45 31 40 32 41 32 45 32 43 33 42 33 46 33 47 33 43 33 46 33 48 34 44 34 49 34 44 34 45 34 49 34 47 35 46 35 50 35 51 35 47 35 50 35 52 36 48 36 53 36 48 36 49 36 53 36 52 37 53 37 54 37 51 38 50 38 55 38 56 38 51 38 55 38 57 37 52 37 54 37 57 39 54 39 58 39 56 40 55 40 59 40 60 40 56 40 59 40 61 41 57 41 58 41 61 42 58 42 62 42 60 43 59 43 63 43 64 44 61 44 62 44 65 45 60 45 63 45 64 46 62 46 66 46 65 47 63 47 67 47 68 46 64 46 66 46 69 48 65 48 67 48 68 49 66 49 70 49 71 49 68 49 70 49 69 50 67 50 1 50 71 51 70 51 72 51 73 51 71 51 72 51 0 50 69 50 1 50 74 52 75 52 76 52 77 53 74 53 76 53 77 54 76 54 78 54 79 55 77 55 78 55 80 56 79 56 81 56 79 56 78 56 81 56 82 57 83 57 84 57 85 57 82 57 84 57 86 58 80 58 87 58 80 59 81 59 87 59 88 60 85 60 89 60 85 61 84 61 89 61 90 62 86 62 91 62 86 62 87 62 91 62 92 63 88 63 93 63 88 64 89 64 93 64 94 65 90 65 95 65 90 66 91 66 95 66 96 67 92 67 97 67 92 67 93 67 97 67 98 68 94 68 99 68 94 68 95 68 99 68 100 69 96 69 101 69 96 69 97 69 101 69 102 70 98 70 103 70 98 70 99 70 103 70 104 71 100 71 105 71 100 71 101 71 105 71 106 72 102 72 107 72 102 73 103 73 107 73 104 74 105 74 108 74 109 75 104 75 108 75 110 76 106 76 111 76 106 77 107 77 111 77 109 78 108 78 112 78 113 78 109 78 112 78 114 79 110 79 115 79 110 79 111 79 115 79 113 80 112 80 116 80 117 81 114 81 118 81 119 82 113 82 116 82 114 83 115 83 118 83 119 84 116 84 120 84 121 85 117 85 122 85 123 86 119 86 120 86 117 85 118 85 122 85 123 87 120 87 124 87 125 88 121 88 126 88 121 89 122 89 126 89 127 87 123 87 124 87 127 90 124 90 128 90 129 91 125 91 130 91 131 92 127 92 128 92 125 93 126 93 130 93 129 94 130 94 132 94 131 95 128 95 133 95 134 94 129 94 132 94 135 96 131 96 133 96 134 97 132 97 136 97 137 98 134 98 136 98 135 99 133 99 138 99 137 100 136 100 139 100 140 101 137 101 139 101 141 102 135 102 138 102 141 103 138 103 142 103 143 104 141 104 142 104 143 105 142 105 75 105 74 106 143 106 75 106 144 107 145 107 146 107 147 108 148 108 149 108 145 109 150 109 146 109 151 110 147 110 149 110 152 111 144 111 153 111 151 112 149 112 154 112 144 111 146 111 153 111 155 113 151 113 154 113 156 114 152 114 157 114 155 115 154 115 158 115 159 116 160 116 161 116 162 117 155 117 158 117 152 118 153 118 157 118 163 116 159 116 161 116 164 119 156 119 165 119 162 120 158 120 166 120 163 121 161 121 167 121 156 119 157 119 165 119 168 122 162 122 166 122 169 121 163 121 167 121 170 123 164 123 171 123 168 124 166 124 172 124 173 125 168 125 172 125 164 126 165 126 171 126 169 127 167 127 174 127 175 128 169 128 174 128 176 129 170 129 177 129 173 130 172 130 178 130 179 131 173 131 178 131 170 129 171 129 177 129 175 132 174 132 180 132 181 133 175 133 180 133 182 134 176 134 183 134 179 135 178 135 184 135 185 135 179 135 184 135 176 134 177 134 183 134 181 136 180 136 186 136 187 136 181 136 186 136 188 137 182 137 189 137 185 138 184 138 190 138 191 138 185 138 190 138 182 139 183 139 189 139 187 140 186 140 192 140 193 141 187 141 192 141 191 142 190 142 194 142 195 143 188 143 196 143 197 144 191 144 194 144 188 143 189 143 196 143 193 145 192 145 198 145 197 146 194 146 199 146 200 147 193 147 198 147 201 148 197 148 199 148 195 149 196 149 202 149 203 149 195 149 202 149 201 150 199 150 204 150 205 150 201 150 204 150 200 151 198 151 206 151 207 152 200 152 206 152 203 153 202 153 208 153 209 153 203 153 208 153 207 154 206 154 210 154 211 155 207 155 210 155 209 156 208 156 212 156 213 157 209 157 212 157 211 158 210 158 214 158 215 159 211 159 214 159 213 160 212 160 216 160 217 160 213 160 216 160 215 161 214 161 218 161 219 162 215 162 218 162 217 163 216 163 220 163 221 164 217 164 220 164 219 165 218 165 222 165 223 166 219 166 222 166 221 167 220 167 224 167 225 167 221 167 224 167 223 168 222 168 226 168 227 169 223 169 226 169 225 170 224 170 228 170 229 171 225 171 228 171 227 172 226 172 230 172 231 173 227 173 230 173 229 174 228 174 232 174 233 174 229 174 232 174 231 175 230 175 234 175 235 176 231 176 234 176 233 177 232 177 236 177 237 178 233 178 236 178 145 179 235 179 150 179 235 180 234 180 150 180 237 181 236 181 148 181 147 182 237 182 148 182 238 183 239 183 240 183 238 184 241 184 239 184 242 185 240 185 243 185 242 186 238 186 240 186 244 187 243 187 245 187 244 187 242 187 243 187 246 188 247 188 248 188 246 188 249 188 247 188 250 189 245 189 251 189 250 190 244 190 245 190 252 191 248 191 253 191 252 192 246 192 248 192 254 193 251 193 255 193 254 193 250 193 251 193 256 194 253 194 257 194 256 195 252 195 253 195 258 196 255 196 259 196 258 197 254 197 255 197 260 198 257 198 261 198 260 198 256 198 257 198 262 199 259 199 263 199 262 200 258 200 259 200 264 201 261 201 265 201 264 202 260 202 261 202 266 203 263 203 267 203 266 203 262 203 263 203 268 204 264 204 265 204 268 204 265 204 269 204 270 205 267 205 271 205 270 206 266 206 267 206 272 207 268 207 269 207 272 207 269 207 273 207 274 208 271 208 275 208 274 208 270 208 271 208 276 209 272 209 273 209 276 210 273 210 277 210 278 211 275 211 279 211 278 212 274 212 275 212 280 213 276 213 277 213 280 213 277 213 281 213 282 214 279 214 283 214 282 214 278 214 279 214 284 215 280 215 281 215 284 216 281 216 285 216 286 217 283 217 287 217 286 218 282 218 283 218 288 219 284 219 285 219 288 219 285 219 289 219 290 220 287 220 291 220 290 220 286 220 287 220 292 221 290 221 291 221 293 222 289 222 294 222 293 223 288 223 289 223 292 221 291 221 295 221 296 224 294 224 297 224 298 225 295 225 299 225 296 224 293 224 294 224 298 226 292 226 295 226 300 227 298 227 299 227 301 228 296 228 297 228 300 227 299 227 302 227 301 229 297 229 303 229 304 230 302 230 305 230 304 231 300 231 302 231 306 232 303 232 307 232 306 233 301 233 303 233 308 234 305 234 309 234 308 235 304 235 305 235 310 236 309 236 311 236 241 237 307 237 239 237 310 236 308 236 309 236 241 237 306 237 307 237 312 238 313 238 314 238 315 239 316 239 317 239 312 240 314 240 318 240 315 241 319 241 316 241 320 242 321 242 322 242 320 243 322 243 323 243 324 244 325 244 326 244 324 245 326 245 327 245 328 246 329 246 330 246 328 247 331 247 329 247 332 248 333 248 334 248 332 249 335 249 336 249 332 250 336 250 337 250 332 251 334 251 335 251 338 252 323 252 339 252 338 253 339 253 340 253 341 254 327 254 319 254 342 255 321 255 320 255 341 256 319 256 315 256 342 257 312 257 321 257 342 258 313 258 312 258 343 259 317 259 344 259 343 260 315 260 317 260 345 261 331 261 328 261 345 262 340 262 331 262 346 263 337 263 325 263 346 264 325 264 324 264 347 265 320 265 323 265 348 266 327 266 341 266 347 267 323 267 338 267 348 268 324 268 327 268 349 269 330 269 350 269 349 270 328 270 330 270 351 271 340 271 345 271 352 272 341 272 315 272 352 273 315 273 343 273 353 274 354 274 333 274 351 275 338 275 340 275 353 276 333 276 332 276 355 277 320 277 347 277 353 278 337 278 346 278 353 279 332 279 337 279 355 280 356 280 313 280 355 281 313 281 342 281 355 282 342 282 320 282 357 283 344 283 358 283 359 284 328 284 349 284 357 285 343 285 344 285 359 286 345 286 328 286 360 287 346 287 324 287 360 288 324 288 348 288 361 289 350 289 362 289 361 290 349 290 350 290 363 291 338 291 351 291 364 292 348 292 341 292 364 293 341 293 352 293 365 294 343 294 357 294 363 295 347 295 338 295 366 296 345 296 359 296 366 297 351 297 345 297 365 298 352 298 343 298 367 299 353 299 346 299 367 300 368 300 354 300 369 301 349 301 361 301 367 302 354 302 353 302 367 303 346 303 360 303 369 304 359 304 349 304 370 305 358 305 371 305 372 306 356 306 355 306 372 307 347 307 363 307 370 308 357 308 358 308 373 309 360 309 348 309 372 310 374 310 356 310 372 311 355 311 347 311 373 312 348 312 364 312 375 313 362 313 376 313 375 314 361 314 362 314 377 315 371 315 378 315 379 316 351 316 366 316 377 317 370 317 371 317 380 318 352 318 365 318 379 319 363 319 351 319 381 320 366 320 359 320 381 321 359 321 369 321 380 322 364 322 352 322 382 323 357 323 370 323 382 324 365 324 357 324 383 325 361 325 375 325 383 326 369 326 361 326 384 327 360 327 373 327 384 328 367 328 360 328 384 329 368 329 367 329 384 330 385 330 368 330 386 331 374 331 372 331 386 332 363 332 379 332 386 333 387 333 374 333 386 334 372 334 363 334 388 335 377 335 378 335 389 336 375 336 376 336 389 337 376 337 390 337 391 338 370 338 377 338 391 339 382 339 370 339 392 340 366 340 381 340 392 341 379 341 366 341 393 342 373 342 364 342 393 343 364 343 380 343 394 344 390 344 395 344 394 345 389 345 390 345 396 346 365 346 382 346 397 347 381 347 369 347 397 348 369 348 383 348 396 349 380 349 365 349 398 350 378 350 399 350 398 351 388 351 378 351 400 352 383 352 375 352 400 353 375 353 389 353 401 354 391 354 377 354 401 355 377 355 388 355 402 356 386 356 379 356 403 357 396 357 382 357 402 358 379 358 392 358 403 359 382 359 391 359 402 360 387 360 386 360 402 361 404 361 387 361 405 362 373 362 393 362 405 363 384 363 373 363 405 364 385 364 384 364 406 365 394 365 395 365 405 366 407 366 385 366 408 367 389 367 394 367 408 368 400 368 389 368 409 369 398 369 399 369 410 370 393 370 380 370 410 371 380 371 396 371 411 372 381 372 397 372 411 373 392 373 381 373 412 374 388 374 398 374 412 375 401 375 388 375 413 376 397 376 383 376 413 377 383 377 400 377 414 378 403 378 391 378 414 379 391 379 401 379 415 380 395 380 416 380 415 381 406 381 395 381 417 382 396 382 403 382 417 383 410 383 396 383 418 384 394 384 406 384 418 385 408 385 394 385 419 386 399 386 420 386 419 387 409 387 399 387 421 388 400 388 408 388 421 389 413 389 400 389 422 390 398 390 409 390 422 391 412 391 398 391 423 392 402 392 392 392 423 393 392 393 411 393 423 394 404 394 402 394 423 395 424 395 404 395 425 396 405 396 393 396 425 397 393 397 410 397 425 398 407 398 405 398 425 399 426 399 407 399 427 400 415 400 416 400 428 401 401 401 412 401 428 402 414 402 401 402 429 403 411 403 397 403 429 404 397 404 413 404 430 405 419 405 420 405 431 406 406 406 415 406 431 407 418 407 406 407 432 408 417 408 403 408 433 409 408 409 418 409 432 410 403 410 414 410 433 411 421 411 408 411 434 412 425 412 410 412 434 413 410 413 417 413 435 414 429 414 413 414 434 415 426 415 425 415 435 416 413 416 421 416 436 417 422 417 409 417 437 418 416 418 438 418 436 419 409 419 419 419 437 420 427 420 416 420 439 421 412 421 422 421 439 422 428 422 412 422 440 423 415 423 427 423 440 424 431 424 415 424 441 425 414 425 428 425 442 426 423 426 411 426 442 427 411 427 429 427 441 428 432 428 414 428 442 429 443 429 424 429 442 430 424 430 423 430 444 431 420 431 445 431 444 432 430 432 420 432 446 433 418 433 431 433 446 434 433 434 418 434 447 435 419 435 430 435 447 436 436 436 419 436 448 437 437 437 438 437 449 438 435 438 421 438 450 439 451 439 426 439 449 440 421 440 433 440 450 441 417 441 432 441 450 442 426 442 434 442 450 443 434 443 417 443 452 444 442 444 429 444 453 445 444 445 445 445 452 446 443 446 442 446 452 447 429 447 435 447 454 448 422 448 436 448 455 449 427 449 437 449 454 450 439 450 422 450 455 451 440 451 427 451 456 452 431 452 440 452 456 453 446 453 431 453 457 454 441 454 428 454 457 455 428 455 439 455 458 456 432 456 441 456 458 457 450 457 432 457 458 458 451 458 450 458 459 459 449 459 433 459 460 460 430 460 444 460 459 461 433 461 446 461 461 462 438 462 462 462 461 463 448 463 438 463 460 464 447 464 430 464 463 465 454 465 436 465 463 466 436 466 447 466 464 467 455 467 437 467 464 468 437 468 448 468 465 469 435 469 449 469 466 470 444 470 453 470 465 471 452 471 435 471 465 472 443 472 452 472 466 473 460 473 444 473 465 474 467 474 443 474 468 475 461 475 462 475 469 476 439 476 454 476 469 477 457 477 439 477 470 478 440 478 455 478 471 479 453 479 445 479 471 480 445 480 472 480 470 481 456 481 440 481 473 482 458 482 441 482 473 483 441 483 457 483 474 484 459 484 446 484 473 485 451 485 458 485 473 486 475 486 451 486 474 487 446 487 456 487 476 488 463 488 447 488 477 489 465 489 449 489 476 490 447 490 460 490 477 491 449 491 459 491 477 492 467 492 465 492 478 493 469 493 454 493 479 494 464 494 448 494 478 495 454 495 463 495 479 496 448 496 461 496 480 497 476 497 460 497 480 498 460 498 466 498 481 499 455 499 464 499 481 500 470 500 455 500 482 501 457 501 469 501 482 502 475 502 473 502 483 503 461 503 468 503 482 504 473 504 457 504 483 505 479 505 461 505 484 506 466 506 453 506 485 507 456 507 470 507 484 508 453 508 471 508 485 509 474 509 456 509 486 510 478 510 463 510 487 511 462 511 488 511 486 512 463 512 476 512 487 513 468 513 462 513 489 514 469 514 478 514 489 515 482 515 469 515 489 516 475 516 482 516 490 517 477 517 459 517 489 518 491 518 475 518 490 519 459 519 474 519 490 520 467 520 477 520 492 521 472 521 493 521 490 522 494 522 467 522 495 523 464 523 479 523 492 524 471 524 472 524 495 525 481 525 464 525 496 526 476 526 480 526 496 527 486 527 476 527 497 528 485 528 470 528 497 529 470 529 481 529 498 530 466 530 484 530 498 531 480 531 466 531 499 532 495 532 479 532 499 533 479 533 483 533 500 534 501 534 502 534 503 535 478 535 486 535 503 536 489 536 478 536 503 537 491 537 489 537 504 538 474 538 485 538 504 539 490 539 474 539 504 540 494 540 490 540 505 541 484 541 471 541 506 542 468 542 487 542 505 543 471 543 492 543 506 544 483 544 468 544 507 545 486 545 496 545 507 546 503 546 486 546 507 547 508 547 491 547 507 548 491 548 503 548 509 549 496 549 480 549 510 550 481 550 495 550 510 551 497 551 481 551 509 552 480 552 498 552 511 553 504 553 485 553 511 554 485 554 497 554 512 555 493 555 513 555 511 556 494 556 504 556 511 557 514 557 494 557 512 558 492 558 493 558 515 559 488 559 501 559 516 560 498 560 484 560 515 561 487 561 488 561 516 562 484 562 505 562 515 563 501 563 500 563 517 564 495 564 499 564 517 565 510 565 495 565 518 566 507 566 496 566 519 567 520 567 521 567 518 568 496 568 509 568 519 569 522 569 520 569 518 570 508 570 507 570 523 571 499 571 483 571 523 572 483 572 506 572 524 573 522 573 519 573 525 574 505 574 492 574 525 575 492 575 512 575 524 576 526 576 522 576 527 577 497 577 510 577 527 578 511 578 497 578 527 579 514 579 511 579 528 580 513 580 529 580 530 581 519 581 521 581 531 582 506 582 487 582 528 583 512 583 513 583 531 584 500 584 532 584 530 585 521 585 533 585 534 586 509 586 498 586 531 587 487 587 515 587 534 588 498 588 516 588 531 589 515 589 500 589 535 590 536 590 526 590 537 591 514 591 527 591 537 592 538 592 514 592 537 593 527 593 510 593 535 594 526 594 524 594 537 595 510 595 517 595 539 596 524 596 519 596 540 597 505 597 525 597 540 598 516 598 505 598 541 599 499 599 523 599 541 600 517 600 499 600 539 601 519 601 530 601 542 602 532 602 543 602 544 603 525 603 512 603 545 604 533 604 546 604 544 605 512 605 528 605 545 606 530 606 533 606 542 607 506 607 531 607 547 608 548 608 508 608 542 609 523 609 506 609 542 610 531 610 532 610 547 611 509 611 534 611 547 612 518 612 509 612 549 613 536 613 535 613 550 614 517 614 541 614 547 615 508 615 518 615 550 616 537 616 517 616 549 617 551 617 536 617 550 618 538 618 537 618 552 619 545 619 546 619 553 620 542 620 543 620 554 621 529 621 555 621 553 622 523 622 542 622 554 623 528 623 529 623 553 624 543 624 556 624 552 625 546 625 557 625 553 626 541 626 523 626 558 627 541 627 553 627 559 628 524 628 539 628 558 629 550 629 541 629 560 630 534 630 516 630 558 631 538 631 550 631 560 632 516 632 540 632 559 633 535 633 524 633 558 634 553 634 556 634 558 635 556 635 561 635 562 636 540 636 525 636 558 637 561 637 563 637 558 638 564 638 538 638 558 639 563 639 564 639 565 640 530 640 545 640 562 641 525 641 544 641 566 642 544 642 528 642 565 643 539 643 530 643 566 644 528 644 554 644 567 645 568 645 569 645 567 646 551 646 549 646 570 647 547 647 534 647 567 648 571 648 551 648 567 649 569 649 571 649 570 650 572 650 548 650 570 651 534 651 560 651 570 652 548 652 547 652 573 653 554 653 555 653 574 654 552 654 557 654 573 655 555 655 575 655 576 656 565 656 545 656 576 657 545 657 552 657 577 658 540 658 562 658 578 659 535 659 559 659 577 660 560 660 540 660 578 661 549 661 535 661 579 662 575 662 580 662 579 663 573 663 575 663 581 664 557 664 582 664 583 665 544 665 566 665 581 666 574 666 557 666 584 667 559 667 539 667 583 668 562 668 544 668 585 669 554 669 573 669 584 670 539 670 565 670 585 671 566 671 554 671 586 672 576 672 552 672 586 673 552 673 574 673 587 674 565 674 576 674 588 675 570 675 560 675 588 676 572 676 570 676 587 677 584 677 565 677 588 678 560 678 577 678 588 679 589 679 572 679 590 680 567 680 549 680 590 681 568 681 567 681 590 682 549 682 578 682 590 683 591 683 568 683 592 684 579 684 580 684 593 685 581 685 582 685 594 686 573 686 579 686 594 687 585 687 573 687 595 688 586 688 574 688 596 689 577 689 562 689 596 690 562 690 583 690 595 691 574 691 581 691 597 692 578 692 559 692 598 693 580 693 599 693 597 694 559 694 584 694 598 695 592 695 580 695 600 696 566 696 585 696 601 697 576 697 586 697 600 698 583 698 566 698 601 699 587 699 576 699 602 700 594 700 579 700 602 701 579 701 592 701 603 702 584 702 587 702 603 703 597 703 584 703 604 704 593 704 582 704 605 705 600 705 585 705 604 706 582 706 606 706 605 707 585 707 594 707 607 708 577 708 596 708 607 709 588 709 577 709 608 710 595 710 581 710 608 711 581 711 593 711 607 712 589 712 588 712 607 713 609 713 589 713 610 714 601 714 586 714 611 715 598 715 599 715 610 716 586 716 595 716 612 717 591 717 590 717 613 718 602 718 592 718 612 719 578 719 597 719 612 720 614 720 591 720 613 721 592 721 598 721 612 722 590 722 578 722 615 723 604 723 606 723 616 724 583 724 600 724 616 725 596 725 583 725 617 726 603 726 587 726 618 727 594 727 602 727 617 728 587 728 601 728 618 729 605 729 594 729 619 730 597 730 603 730 620 731 616 731 600 731 619 732 614 732 612 732 620 733 600 733 605 733 619 734 612 734 597 734 621 735 593 735 604 735 622 736 599 736 623 736 622 737 611 737 599 737 621 738 608 738 593 738 624 739 613 739 598 739 625 740 595 740 608 740 625 741 610 741 595 741 624 742 598 742 611 742 626 743 602 743 613 743 627 744 601 744 610 744 626 745 618 745 602 745 627 746 617 746 601 746 628 747 615 747 606 747 629 748 607 748 596 748 628 749 606 749 630 749 629 750 596 750 616 750 629 751 609 751 607 751 629 752 631 752 609 752 632 753 621 753 604 753 632 754 604 754 615 754 633 755 622 755 623 755 634 756 635 756 614 756 634 757 619 757 603 757 636 758 605 758 618 758 634 759 614 759 619 759 634 760 603 760 617 760 636 761 620 761 605 761 637 762 625 762 608 762 637 763 608 763 621 763 638 764 629 764 616 764 638 765 616 765 620 765 638 766 631 766 629 766 639 767 628 767 630 767 640 768 611 768 622 768 640 769 624 769 611 769 641 770 610 770 625 770 641 771 627 771 610 771 642 772 626 772 613 772 642 773 613 773 624 773 643 774 635 774 634 774 643 775 634 775 617 775 643 776 617 776 627 776 644 777 618 777 626 777 645 778 615 778 628 778 644 779 636 779 618 779 646 780 633 780 623 780 646 781 623 781 647 781 645 782 632 782 615 782 648 783 640 783 622 783 649 784 637 784 621 784 649 785 621 785 632 785 648 786 622 786 633 786 650 787 631 787 638 787 650 788 638 788 620 788 651 789 641 789 625 789 650 790 652 790 631 790 650 791 620 791 636 791 651 792 625 792 637 792 653 793 624 793 640 793 653 794 642 794 624 794 654 795 628 795 639 795 654 796 645 796 628 796 655 797 646 797 647 797 656 798 630 798 657 798 656 799 639 799 630 799 658 800 626 800 642 800 658 801 644 801 626 801 659 802 643 802 627 802 659 803 660 803 635 803 659 804 635 804 643 804 659 805 627 805 641 805 661 806 649 806 632 806 662 807 636 807 644 807 661 808 632 808 645 808 662 809 652 809 650 809 662 810 650 810 636 810 663 811 633 811 646 811 663 812 648 812 633 812 664 813 637 813 649 813 664 814 651 814 637 814 665 815 641 815 651 815 665 816 660 816 659 816 666 817 640 817 648 817 665 818 659 818 641 818 666 819 653 819 640 819 667 820 642 820 653 820 667 821 658 821 642 821 668 822 645 822 654 822 668 823 661 823 645 823 669 824 654 824 639 824 670 825 646 825 655 825 670 826 663 826 646 826 669 827 639 827 656 827 671 828 649 828 661 828 671 829 664 829 649 829 672 830 647 830 673 830 672 831 655 831 647 831 674 832 657 832 675 832 676 833 662 833 644 833 676 834 652 834 662 834 676 835 677 835 652 835 676 836 644 836 658 836 674 837 656 837 657 837 678 838 648 838 663 838 679 839 665 839 651 839 679 840 651 840 664 840 679 841 680 841 660 841 679 842 660 842 665 842 681 843 661 843 668 843 678 844 666 844 648 844 681 845 671 845 661 845 682 846 667 846 653 846 682 847 653 847 666 847 683 848 658 848 667 848 684 849 654 849 669 849 684 850 668 850 654 850 683 851 676 851 658 851 683 852 677 852 676 852 322 853 678 853 663 853 685 854 679 854 664 854 685 855 664 855 671 855 685 856 680 856 679 856 322 857 663 857 670 857 326 858 669 858 656 858 326 859 656 859 674 859 339 860 670 860 655 860 339 861 655 861 672 861 686 862 666 862 678 862 687 863 685 863 671 863 686 864 682 864 666 864 687 865 680 865 685 865 687 866 334 866 680 866 687 867 671 867 681 867 336 868 668 868 684 868 331 869 673 869 329 869 331 870 672 870 673 870 336 871 681 871 668 871 319 872 674 872 675 872 688 873 667 873 682 873 688 874 683 874 667 874 319 875 675 875 316 875 688 876 677 876 683 876 688 877 314 877 677 877 321 878 678 878 322 878 321 879 686 879 678 879 325 880 669 880 326 880 325 881 684 881 669 881 323 882 670 882 339 882 323 883 322 883 670 883 335 884 334 884 687 884 335 885 687 885 681 885 335 886 681 886 336 886 318 887 682 887 686 887 318 888 688 888 682 888 327 889 326 889 674 889 318 890 314 890 688 890 327 891 674 891 319 891 340 892 672 892 331 892 337 893 336 893 684 893 340 894 339 894 672 894 337 895 684 895 325 895 312 896 686 896 321 896 312 897 318 897 686 897 689 238 690 238 691 238 692 239 693 239 694 239 689 898 691 898 695 898 692 241 696 241 693 241 697 899 698 899 699 899 697 900 699 900 700 900 701 901 702 901 703 901 701 902 703 902 704 902 705 246 706 246 707 246 705 903 708 903 706 903 709 904 710 904 711 904 709 905 712 905 713 905 709 906 713 906 714 906 709 907 711 907 712 907 715 252 700 252 716 252 715 908 716 908 717 908 718 909 704 909 696 909 719 255 698 255 697 255 718 256 696 256 692 256 719 257 689 257 698 257 719 910 690 910 689 910 720 259 694 259 721 259 720 260 692 260 694 260 722 261 708 261 705 261 722 262 717 262 708 262 723 911 714 911 702 911 723 912 702 912 701 912 724 913 697 913 700 913 725 266 704 266 718 266 724 914 700 914 715 914 725 915 701 915 704 915 726 269 707 269 727 269 726 270 705 270 707 270 728 271 717 271 722 271 729 916 718 916 692 916 729 917 692 917 720 917 730 274 731 274 710 274 728 918 715 918 717 918 730 919 710 919 709 919 732 277 697 277 724 277 730 920 714 920 723 920 730 279 709 279 714 279 732 280 733 280 690 280 732 921 690 921 719 921 732 922 719 922 697 922 734 283 721 283 735 283 736 284 705 284 726 284 734 285 720 285 721 285 736 923 722 923 705 923 737 924 723 924 701 924 737 925 701 925 725 925 738 926 727 926 739 926 738 927 726 927 727 927 740 928 715 928 728 928 741 929 725 929 718 929 741 930 718 930 729 930 742 294 720 294 734 294 740 931 724 931 715 931 743 932 722 932 736 932 743 933 728 933 722 933 742 934 729 934 720 934 744 935 730 935 723 935 744 936 745 936 731 936 746 301 726 301 738 301 744 302 731 302 730 302 744 937 723 937 737 937 746 938 736 938 726 938 747 939 735 939 748 939 749 306 733 306 732 306 749 307 724 307 740 307 747 940 734 940 735 940 750 941 737 941 725 941 749 310 751 310 733 310 749 311 732 311 724 311 750 942 725 942 741 942 752 943 739 943 753 943 752 944 738 944 739 944 754 315 748 315 755 315 756 316 728 316 743 316 754 945 747 945 748 945 757 946 729 946 742 946 756 319 740 319 728 319 758 947 743 947 736 947 758 321 736 321 746 321 757 948 741 948 729 948 759 949 734 949 747 949 759 950 742 950 734 950 760 951 738 951 752 951 760 326 746 326 738 326 761 952 737 952 750 952 761 953 744 953 737 953 761 954 745 954 744 954 761 330 762 330 745 330 763 955 751 955 749 955 763 332 740 332 756 332 763 956 764 956 751 956 763 957 749 957 740 957 765 958 754 958 755 958 766 959 752 959 753 959 766 960 753 960 767 960 768 961 747 961 754 961 768 962 759 962 747 962 769 963 743 963 758 963 769 341 756 341 743 341 770 964 750 964 741 964 770 965 741 965 757 965 771 966 767 966 772 966 771 967 766 967 767 967 773 968 742 968 759 968 774 347 758 347 746 347 774 348 746 348 760 348 773 969 757 969 742 969 775 350 755 350 776 350 775 970 765 970 755 970 777 352 760 352 752 352 777 353 752 353 766 353 778 971 768 971 754 971 778 972 754 972 765 972 779 356 763 356 756 356 780 357 773 357 759 357 779 358 756 358 769 358 780 973 759 973 768 973 779 974 764 974 763 974 779 975 781 975 764 975 782 976 750 976 770 976 782 977 761 977 750 977 782 364 762 364 761 364 783 365 771 365 772 365 782 978 784 978 762 978 785 367 766 367 771 367 785 368 777 368 766 368 786 979 775 979 776 979 787 370 770 370 757 370 787 371 757 371 773 371 788 980 758 980 774 980 788 981 769 981 758 981 789 982 765 982 775 982 789 983 778 983 765 983 790 376 774 376 760 376 790 984 760 984 777 984 791 985 780 985 768 985 791 986 768 986 778 986 792 380 772 380 793 380 792 381 783 381 772 381 794 382 773 382 780 382 794 383 787 383 773 383 795 384 771 384 783 384 795 385 785 385 771 385 796 987 776 987 797 987 796 988 786 988 776 988 798 388 777 388 785 388 798 389 790 389 777 389 799 989 775 989 786 989 799 391 789 391 775 391 800 392 779 392 769 392 800 990 769 990 788 990 800 394 781 394 779 394 800 395 801 395 781 395 802 991 782 991 770 991 802 992 770 992 787 992 802 993 784 993 782 993 802 399 803 399 784 399 804 994 792 994 793 994 805 401 778 401 789 401 805 995 791 995 778 995 806 996 788 996 774 996 806 404 774 404 790 404 807 405 796 405 797 405 808 406 783 406 792 406 808 407 795 407 783 407 809 997 794 997 780 997 810 998 785 998 795 998 809 999 780 999 791 999 810 1000 798 1000 785 1000 811 412 802 412 787 412 811 1001 787 1001 794 1001 812 414 806 414 790 414 811 415 803 415 802 415 812 416 790 416 798 416 813 1002 799 1002 786 1002 814 418 793 418 815 418 813 1003 786 1003 796 1003 814 1004 804 1004 793 1004 816 421 789 421 799 421 816 422 805 422 789 422 817 423 792 423 804 423 817 424 808 424 792 424 818 425 791 425 805 425 819 1005 800 1005 788 1005 819 427 788 427 806 427 818 428 809 428 791 428 819 1006 820 1006 801 1006 819 430 801 430 800 430 821 1007 797 1007 822 1007 821 1008 807 1008 797 1008 823 433 795 433 808 433 823 434 810 434 795 434 824 1009 796 1009 807 1009 824 1010 813 1010 796 1010 825 437 814 437 815 437 826 1011 812 1011 798 1011 827 439 828 439 803 439 826 1012 798 1012 810 1012 827 1013 794 1013 809 1013 827 1014 803 1014 811 1014 827 443 811 443 794 443 829 1015 819 1015 806 1015 830 1016 821 1016 822 1016 829 446 820 446 819 446 829 1017 806 1017 812 1017 831 448 799 448 813 448 832 1018 804 1018 814 1018 831 450 816 450 799 450 832 451 817 451 804 451 833 452 808 452 817 452 833 453 823 453 808 453 834 454 818 454 805 454 834 455 805 455 816 455 835 456 809 456 818 456 835 457 827 457 809 457 835 458 828 458 827 458 836 1019 826 1019 810 1019 837 1020 807 1020 821 1020 836 1021 810 1021 823 1021 838 462 815 462 839 462 838 463 825 463 815 463 837 1022 824 1022 807 1022 840 465 831 465 813 465 840 466 813 466 824 466 841 1023 832 1023 814 1023 841 468 814 468 825 468 842 1024 812 1024 826 1024 843 1025 821 1025 830 1025 842 1026 829 1026 812 1026 842 472 820 472 829 472 843 473 837 473 821 473 842 474 844 474 820 474 845 1027 838 1027 839 1027 846 1028 816 1028 831 1028 846 1029 834 1029 816 1029 847 478 817 478 832 478 848 1030 830 1030 822 1030 848 1031 822 1031 849 1031 847 481 833 481 817 481 850 1032 835 1032 818 1032 850 1033 818 1033 834 1033 851 1034 836 1034 823 1034 850 1035 828 1035 835 1035 850 1036 852 1036 828 1036 851 487 823 487 833 487 853 1037 840 1037 824 1037 854 1038 842 1038 826 1038 853 1039 824 1039 837 1039 854 1040 826 1040 836 1040 854 492 844 492 842 492 855 1041 846 1041 831 1041 856 1042 841 1042 825 1042 855 1043 831 1043 840 1043 856 496 825 496 838 496 857 1044 853 1044 837 1044 857 1045 837 1045 843 1045 858 499 832 499 841 499 858 500 847 500 832 500 859 1046 834 1046 846 1046 859 1047 852 1047 850 1047 860 1048 838 1048 845 1048 859 1049 850 1049 834 1049 860 505 856 505 838 505 861 506 843 506 830 506 862 1050 833 1050 847 1050 861 508 830 508 848 508 862 509 851 509 833 509 863 510 855 510 840 510 864 511 839 511 865 511 863 512 840 512 853 512 864 1051 845 1051 839 1051 866 1052 846 1052 855 1052 866 1053 859 1053 846 1053 866 1054 852 1054 859 1054 867 517 854 517 836 517 866 518 868 518 852 518 867 1055 836 1055 851 1055 867 1056 844 1056 854 1056 869 521 849 521 870 521 867 522 871 522 844 522 872 523 841 523 856 523 869 1057 848 1057 849 1057 872 525 858 525 841 525 873 1058 853 1058 857 1058 873 1059 863 1059 853 1059 874 528 862 528 847 528 874 529 847 529 858 529 875 1060 843 1060 861 1060 875 531 857 531 843 531 876 532 872 532 856 532 876 1061 856 1061 860 1061 877 534 878 534 879 534 880 1062 855 1062 863 1062 880 1063 866 1063 855 1063 880 537 868 537 866 537 881 1064 851 1064 862 1064 881 1065 867 1065 851 1065 881 540 871 540 867 540 882 1066 861 1066 848 1066 883 1067 845 1067 864 1067 882 1068 848 1068 869 1068 883 1069 860 1069 845 1069 884 1070 863 1070 873 1070 884 1071 880 1071 863 1071 884 547 885 547 868 547 884 1072 868 1072 880 1072 886 549 873 549 857 549 887 1073 858 1073 872 1073 887 551 874 551 858 551 886 552 857 552 875 552 888 1074 881 1074 862 1074 888 1075 862 1075 874 1075 889 1076 870 1076 890 1076 888 556 871 556 881 556 888 1077 891 1077 871 1077 889 558 869 558 870 558 892 1078 865 1078 878 1078 893 1079 875 1079 861 1079 892 561 864 561 865 561 893 562 861 562 882 562 892 563 878 563 877 563 894 1080 872 1080 876 1080 894 1081 887 1081 872 1081 895 566 884 566 873 566 896 1082 897 1082 898 1082 895 568 873 568 886 568 896 1083 899 1083 897 1083 895 570 885 570 884 570 900 571 876 571 860 571 900 572 860 572 883 572 901 573 899 573 896 573 902 1084 882 1084 869 1084 902 1085 869 1085 889 1085 901 1086 903 1086 899 1086 904 577 874 577 887 577 904 1087 888 1087 874 1087 904 579 891 579 888 579 905 1088 890 1088 906 1088 907 1089 896 1089 898 1089 908 1090 883 1090 864 1090 905 1091 889 1091 890 1091 908 584 877 584 909 584 907 1092 898 1092 910 1092 911 1093 886 1093 875 1093 908 1094 864 1094 892 1094 911 1095 875 1095 893 1095 908 1096 892 1096 877 1096 912 1097 913 1097 903 1097 914 591 891 591 904 591 914 592 915 592 891 592 914 593 904 593 887 593 912 1098 903 1098 901 1098 914 595 887 595 894 595 916 596 901 596 896 596 917 597 882 597 902 597 917 1099 893 1099 882 1099 918 1100 876 1100 900 1100 918 600 894 600 876 600 916 1101 896 1101 907 1101 919 1102 909 1102 920 1102 921 603 902 603 889 603 922 1103 910 1103 923 1103 921 1104 889 1104 905 1104 922 606 907 606 910 606 919 607 883 607 908 607 924 1105 925 1105 885 1105 919 1106 900 1106 883 1106 919 1107 908 1107 909 1107 924 611 886 611 911 611 924 1108 895 1108 886 1108 926 613 913 613 912 613 927 614 894 614 918 614 924 615 885 615 895 615 927 616 914 616 894 616 926 617 928 617 913 617 927 618 915 618 914 618 929 1109 922 1109 923 1109 930 1110 919 1110 920 1110 931 621 906 621 932 621 930 1111 900 1111 919 1111 931 623 905 623 906 623 930 624 920 624 933 624 929 1112 923 1112 934 1112 930 1113 918 1113 900 1113 935 1114 918 1114 930 1114 936 1115 901 1115 916 1115 935 1116 927 1116 918 1116 937 1117 911 1117 893 1117 935 631 915 631 927 631 937 632 893 632 917 632 936 1118 912 1118 901 1118 935 634 930 634 933 634 935 635 933 635 938 635 939 636 917 636 902 636 935 637 938 637 940 637 935 1119 941 1119 915 1119 935 639 940 639 941 639 942 1120 907 1120 922 1120 939 641 902 641 921 641 943 642 921 642 905 642 942 1121 916 1121 907 1121 943 1122 905 1122 931 1122 944 1123 945 1123 946 1123 944 1124 928 1124 926 1124 947 1125 924 1125 911 1125 944 1126 948 1126 928 1126 944 1127 946 1127 948 1127 947 650 949 650 925 650 947 1128 911 1128 937 1128 947 1129 925 1129 924 1129 950 1130 931 1130 932 1130 951 654 929 654 934 654 950 1131 932 1131 952 1131 953 1132 942 1132 922 1132 953 657 922 657 929 657 954 1133 917 1133 939 1133 955 659 912 659 936 659 954 1134 937 1134 917 1134 955 661 926 661 912 661 956 662 952 662 957 662 956 1135 950 1135 952 1135 958 664 934 664 959 664 960 1136 921 1136 943 1136 958 1137 951 1137 934 1137 961 667 936 667 916 667 960 668 939 668 921 668 962 669 931 669 950 669 961 670 916 670 942 670 962 671 943 671 931 671 963 672 953 672 929 672 963 673 929 673 951 673 964 1138 942 1138 953 1138 965 675 947 675 937 675 965 676 949 676 947 676 964 1139 961 1139 942 1139 965 1140 937 1140 954 1140 965 1141 966 1141 949 1141 967 1142 944 1142 926 1142 967 1143 945 1143 944 1143 967 682 926 682 955 682 967 1144 968 1144 945 1144 969 1145 956 1145 957 1145 970 1146 958 1146 959 1146 971 1147 950 1147 956 1147 971 1148 962 1148 950 1148 972 688 963 688 951 688 973 1149 954 1149 939 1149 973 1150 939 1150 960 1150 972 1151 951 1151 958 1151 974 692 955 692 936 692 975 1152 957 1152 976 1152 974 694 936 694 961 694 975 695 969 695 957 695 977 1153 943 1153 962 1153 978 697 953 697 963 697 977 698 960 698 943 698 978 699 964 699 953 699 979 700 971 700 956 700 979 1154 956 1154 969 1154 980 1155 961 1155 964 1155 980 1156 974 1156 961 1156 981 704 970 704 959 704 982 1157 977 1157 962 1157 981 706 959 706 983 706 982 1158 962 1158 971 1158 984 1159 954 1159 973 1159 984 709 965 709 954 709 985 710 972 710 958 710 985 1160 958 1160 970 1160 984 712 966 712 965 712 984 1161 986 1161 966 1161 987 1162 978 1162 963 1162 988 1163 975 1163 976 1163 987 1164 963 1164 972 1164 989 717 968 717 967 717 990 1165 979 1165 969 1165 989 1166 955 1166 974 1166 989 720 991 720 968 720 990 721 969 721 975 721 989 722 967 722 955 722 992 1167 981 1167 983 1167 993 724 960 724 977 724 993 1168 973 1168 960 1168 994 726 980 726 964 726 995 727 971 727 979 727 994 1169 964 1169 978 1169 995 1170 982 1170 971 1170 996 1171 974 1171 980 1171 997 1172 993 1172 977 1172 996 732 991 732 989 732 997 1173 977 1173 982 1173 996 1174 989 1174 974 1174 998 735 970 735 981 735 999 736 976 736 1000 736 999 1175 988 1175 976 1175 998 738 985 738 970 738 1001 1176 990 1176 975 1176 1002 740 972 740 985 740 1002 741 987 741 972 741 1001 1177 975 1177 988 1177 1003 743 979 743 990 743 1004 1178 978 1178 987 1178 1003 1179 995 1179 979 1179 1004 1180 994 1180 978 1180 1005 1181 992 1181 983 1181 1006 748 984 748 973 748 1005 749 983 749 1007 749 1006 1182 973 1182 993 1182 1006 751 986 751 984 751 1006 752 1008 752 986 752 1009 753 998 753 981 753 1009 754 981 754 992 754 1010 755 999 755 1000 755 1011 1183 1012 1183 991 1183 1011 757 996 757 980 757 1013 1184 982 1184 995 1184 1011 759 991 759 996 759 1011 1185 980 1185 994 1185 1013 1186 997 1186 982 1186 1014 1187 1002 1187 985 1187 1014 1188 985 1188 998 1188 1015 1189 1006 1189 993 1189 1015 1190 993 1190 997 1190 1015 1191 1008 1191 1006 1191 1016 767 1005 767 1007 767 1017 768 988 768 999 768 1017 1192 1001 1192 988 1192 1018 770 987 770 1002 770 1018 1193 1004 1193 987 1193 1019 1194 1003 1194 990 1194 1019 1195 990 1195 1001 1195 1020 774 1012 774 1011 774 1020 1196 1011 1196 994 1196 1020 1197 994 1197 1004 1197 1021 1198 995 1198 1003 1198 1022 1199 992 1199 1005 1199 1021 1200 1013 1200 995 1200 1023 1201 1010 1201 1000 1201 1023 781 1000 781 1024 781 1022 1202 1009 1202 992 1202 1025 783 1017 783 999 783 1026 1203 1014 1203 998 1203 1026 1204 998 1204 1009 1204 1025 786 999 786 1010 786 1027 787 1008 787 1015 787 1027 1205 1015 1205 997 1205 1028 789 1018 789 1002 789 1027 790 1029 790 1008 790 1027 1206 997 1206 1013 1206 1028 1207 1002 1207 1014 1207 1030 1208 1001 1208 1017 1208 1030 1209 1019 1209 1001 1209 1031 795 1005 795 1016 795 1031 796 1022 796 1005 796 1032 1210 1023 1210 1024 1210 1033 1211 1007 1211 1034 1211 1033 1212 1016 1212 1007 1212 1035 800 1003 800 1019 800 1035 1213 1021 1213 1003 1213 1036 802 1020 802 1004 802 1036 803 1037 803 1012 803 1036 1214 1012 1214 1020 1214 1036 1215 1004 1215 1018 1215 1038 806 1026 806 1009 806 1039 807 1013 807 1021 807 1038 808 1009 808 1022 808 1039 1216 1029 1216 1027 1216 1039 1217 1027 1217 1013 1217 1040 1218 1010 1218 1023 1218 1040 1219 1025 1219 1010 1219 1041 1220 1014 1220 1026 1220 1041 1221 1028 1221 1014 1221 1042 1222 1018 1222 1028 1222 1042 816 1037 816 1036 816 1043 1223 1017 1223 1025 1223 1042 818 1036 818 1018 818 1043 819 1030 819 1017 819 1044 820 1019 820 1030 820 1044 821 1035 821 1019 821 1045 1224 1022 1224 1031 1224 1045 1225 1038 1225 1022 1225 1046 824 1031 824 1016 824 1047 1226 1023 1226 1032 1226 1047 1227 1040 1227 1023 1227 1046 827 1016 827 1033 827 1048 828 1026 828 1038 828 1048 1228 1041 1228 1026 1228 1049 830 1024 830 1050 830 1049 831 1032 831 1024 831 1051 1229 1034 1229 1052 1229 1053 1230 1039 1230 1021 1230 1053 1231 1029 1231 1039 1231 1053 1232 1054 1232 1029 1232 1053 1233 1021 1233 1035 1233 1051 837 1033 837 1034 837 1055 1234 1025 1234 1040 1234 1056 1235 1042 1235 1028 1235 1056 840 1028 840 1041 840 1056 841 1057 841 1037 841 1056 842 1037 842 1042 842 1058 1236 1038 1236 1045 1236 1055 1237 1043 1237 1025 1237 1058 1238 1048 1238 1038 1238 1059 846 1044 846 1030 846 1059 847 1030 847 1043 847 1060 1239 1035 1239 1044 1239 1061 1240 1031 1240 1046 1240 1061 1241 1045 1241 1031 1241 1060 1242 1053 1242 1035 1242 1060 852 1054 852 1053 852 699 1243 1055 1243 1040 1243 1062 854 1056 854 1041 854 1062 1244 1041 1244 1048 1244 1062 856 1057 856 1056 856 699 857 1040 857 1047 857 703 1245 1046 1245 1033 1245 703 1246 1033 1246 1051 1246 716 860 1047 860 1032 860 716 1247 1032 1247 1049 1247 1063 1248 1043 1248 1055 1248 1064 863 1062 863 1048 863 1063 1249 1059 1249 1043 1249 1064 1250 1057 1250 1062 1250 1064 1251 711 1251 1057 1251 1064 867 1048 867 1058 867 713 868 1045 868 1061 868 708 869 1050 869 706 869 708 1252 1049 1252 1050 1252 713 871 1058 871 1045 871 696 872 1051 872 1052 872 1065 873 1044 873 1059 873 1065 874 1060 874 1044 874 696 875 1052 875 693 875 1065 876 1054 876 1060 876 1065 877 691 877 1054 877 698 878 1055 878 699 878 698 879 1063 879 1055 879 702 1253 1046 1253 703 1253 702 1254 1061 1254 1046 1254 700 882 1047 882 716 882 700 883 699 883 1047 883 712 1255 711 1255 1064 1255 712 1256 1064 1256 1058 1256 712 886 1058 886 713 886 695 1257 1059 1257 1063 1257 695 1258 1065 1258 1059 1258 704 1259 703 1259 1051 1259 695 1260 691 1260 1065 1260 704 891 1051 891 696 891 717 1261 1049 1261 708 1261 714 893 713 893 1061 893 717 1262 716 1262 1049 1262 714 1263 1061 1263 702 1263 689 1264 1063 1264 698 1264 689 1265 695 1265 1063 1265 1066 1266 599 1266 580 1266 1067 1267 1068 1267 630 1267 1067 1268 630 1268 606 1268 1066 1266 1069 1266 599 1266 1070 1269 1067 1269 606 1269 1071 1270 580 1270 575 1270 1070 1271 606 1271 582 1271 1071 1272 1066 1272 580 1272 1072 1273 582 1273 557 1273 1072 1274 1070 1274 582 1274 1073 1275 575 1275 555 1275 1074 1276 502 1276 501 1276 1073 1277 1071 1277 575 1277 1074 1278 1075 1278 502 1278 1076 1279 557 1279 546 1279 1077 1280 555 1280 529 1280 1076 1281 1072 1281 557 1281 1077 1282 1073 1282 555 1282 1078 1283 501 1283 488 1283 1078 1284 1074 1284 501 1284 1079 1285 546 1285 533 1285 1080 1286 529 1286 513 1286 1079 1287 1076 1287 546 1287 1080 1288 1077 1288 529 1288 1081 1289 488 1289 462 1289 1082 1290 533 1290 521 1290 1082 1291 1079 1291 533 1291 1081 1292 1078 1292 488 1292 1083 1293 513 1293 493 1293 1084 1294 1082 1294 521 1294 1084 1295 521 1295 520 1295 1083 1296 1080 1296 513 1296 1085 1297 462 1297 438 1297 1085 1298 1081 1298 462 1298 1086 1299 493 1299 472 1299 1086 1300 1083 1300 493 1300 1087 1301 438 1301 416 1301 1087 1302 1085 1302 438 1302 1088 1303 472 1303 445 1303 1088 1304 1086 1304 472 1304 1089 1305 416 1305 395 1305 1089 1305 1087 1305 416 1305 1090 1306 445 1306 420 1306 1090 1307 1088 1307 445 1307 1091 1308 395 1308 390 1308 1091 1309 1089 1309 395 1309 1092 1310 420 1310 399 1310 1092 1311 1090 1311 420 1311 1093 1312 390 1312 376 1312 1093 1312 1091 1312 390 1312 1094 1313 399 1313 378 1313 1094 1313 1092 1313 399 1313 1095 1314 376 1314 362 1314 1095 1315 1093 1315 376 1315 1096 1316 1094 1316 378 1316 1096 1317 378 1317 371 1317 1097 1318 362 1318 350 1318 1097 1319 1095 1319 362 1319 1098 1320 1096 1320 371 1320 1098 1320 371 1320 358 1320 1099 1321 350 1321 330 1321 1099 1322 1097 1322 350 1322 1100 1323 1098 1323 358 1323 1100 1324 358 1324 344 1324 1101 1325 330 1325 329 1325 1101 1326 1099 1326 330 1326 1102 1327 1100 1327 344 1327 1102 1327 344 1327 317 1327 1103 1328 329 1328 673 1328 1103 1329 1101 1329 329 1329 1104 1330 1102 1330 317 1330 1104 1330 317 1330 316 1330 1105 1331 673 1331 647 1331 1105 1331 1103 1331 673 1331 1106 1332 1104 1332 316 1332 1106 1333 316 1333 675 1333 1107 1334 647 1334 623 1334 1107 1334 1105 1334 647 1334 1108 1335 1106 1335 675 1335 1108 1336 675 1336 657 1336 1069 1337 623 1337 599 1337 1068 1338 1108 1338 657 1338 1069 1337 1107 1337 623 1337 1068 1339 657 1339 630 1339 1109 1266 976 1266 957 1266 1110 1267 1111 1267 1007 1267 1110 1268 1007 1268 983 1268 1109 1266 1112 1266 976 1266 1113 1269 1110 1269 983 1269 1114 1270 957 1270 952 1270 1113 1271 983 1271 959 1271 1114 1272 1109 1272 957 1272 1115 1273 959 1273 934 1273 1115 1274 1113 1274 959 1274 1116 1275 952 1275 932 1275 1117 1276 879 1276 878 1276 1116 1277 1114 1277 952 1277 1117 1278 1118 1278 879 1278 1119 1279 934 1279 923 1279 1120 1280 932 1280 906 1280 1119 1281 1115 1281 934 1281 1120 1282 1116 1282 932 1282 1121 1283 878 1283 865 1283 1121 1284 1117 1284 878 1284 1122 1285 923 1285 910 1285 1123 1286 906 1286 890 1286 1122 1287 1119 1287 923 1287 1123 1288 1120 1288 906 1288 1124 1289 865 1289 839 1289 1125 1290 910 1290 898 1290 1125 1291 1122 1291 910 1291 1124 1292 1121 1292 865 1292 1126 1293 890 1293 870 1293 1127 1294 1125 1294 898 1294 1127 1295 898 1295 897 1295 1126 1296 1123 1296 890 1296 1128 1297 839 1297 815 1297 1128 1298 1124 1298 839 1298 1129 1299 870 1299 849 1299 1129 1300 1126 1300 870 1300 1130 1301 815 1301 793 1301 1130 1302 1128 1302 815 1302 1131 1303 849 1303 822 1303 1131 1304 1129 1304 849 1304 1132 1305 793 1305 772 1305 1132 1305 1130 1305 793 1305 1133 1306 822 1306 797 1306 1133 1307 1131 1307 822 1307 1134 1308 772 1308 767 1308 1134 1309 1132 1309 772 1309 1135 1310 797 1310 776 1310 1135 1311 1133 1311 797 1311 1136 1312 767 1312 753 1312 1136 1312 1134 1312 767 1312 1137 1313 776 1313 755 1313 1137 1313 1135 1313 776 1313 1138 1314 753 1314 739 1314 1138 1315 1136 1315 753 1315 1139 1316 1137 1316 755 1316 1139 1317 755 1317 748 1317 1140 1318 739 1318 727 1318 1140 1319 1138 1319 739 1319 1141 1320 1139 1320 748 1320 1141 1320 748 1320 735 1320 1142 1321 727 1321 707 1321 1142 1322 1140 1322 727 1322 1143 1323 1141 1323 735 1323 1143 1324 735 1324 721 1324 1144 1325 707 1325 706 1325 1144 1326 1142 1326 707 1326 1145 1327 1143 1327 721 1327 1145 1327 721 1327 694 1327 1146 1328 706 1328 1050 1328 1146 1329 1144 1329 706 1329 1147 1330 1145 1330 694 1330 1147 1330 694 1330 693 1330 1148 1331 1050 1331 1024 1331 1148 1331 1146 1331 1050 1331 1149 1332 1147 1332 693 1332 1149 1333 693 1333 1052 1333 1150 1334 1024 1334 1000 1334 1150 1334 1148 1334 1024 1334 1151 1335 1149 1335 1052 1335 1151 1336 1052 1336 1034 1336 1112 1337 1000 1337 976 1337 1111 1338 1151 1338 1034 1338 1112 1337 1150 1337 1000 1337 1111 1339 1034 1339 1007 1339 1152 1340 1153 1340 1154 1340 1152 1340 1155 1340 1153 1340 1156 1341 1154 1341 1157 1341 1156 1341 1152 1341 1154 1341 1158 1342 1157 1342 1159 1342 1158 1342 1156 1342 1157 1342 1160 1343 1159 1343 1161 1343 1160 1343 1158 1343 1159 1343 1162 1344 1161 1344 1163 1344 1162 1345 1160 1345 1161 1345 1164 1346 1163 1346 1165 1346 1164 1346 1162 1346 1163 1346 1166 1347 1165 1347 1167 1347 1166 1347 1164 1347 1165 1347 1168 1348 1167 1348 1169 1348 1168 1349 1166 1349 1167 1349 1170 1350 1169 1350 1171 1350 1170 1350 1168 1350 1169 1350 1172 1351 1171 1351 1173 1351 1172 1351 1170 1351 1171 1351 1174 1352 1173 1352 1175 1352 1174 1352 1172 1352 1173 1352 1176 1353 1175 1353 1177 1353 1176 1353 1174 1353 1175 1353 1178 1354 1179 1354 1180 1354 1178 1354 1181 1354 1179 1354 1182 1355 1180 1355 1183 1355 1182 1355 1178 1355 1180 1355 1184 1356 1183 1356 1185 1356 1184 1356 1182 1356 1183 1356 1186 1357 1185 1357 1187 1357 1186 1357 1184 1357 1185 1357 1188 1358 1187 1358 1189 1358 1188 1359 1186 1359 1187 1359 1190 1360 1189 1360 1191 1360 1190 1360 1188 1360 1189 1360 1192 1361 1191 1361 1193 1361 1192 1361 1190 1361 1191 1361 1194 1362 1193 1362 1195 1362 1194 1363 1192 1363 1193 1363 1196 1364 1195 1364 1197 1364 1196 1364 1194 1364 1195 1364 1198 1365 1197 1365 1199 1365 1198 1365 1196 1365 1197 1365 1200 1366 1199 1366 1201 1366 1200 1366 1198 1366 1199 1366 1202 1367 1201 1367 1203 1367 1202 1367 1200 1367 1201 1367 1204 1354 1205 1354 1206 1354 1204 1368 1207 1368 1205 1368 1208 1355 1206 1355 1209 1355 1208 1355 1204 1355 1206 1355 1210 1369 1209 1369 1211 1369 1210 1369 1208 1369 1209 1369 1212 1370 1211 1370 1213 1370 1212 1370 1210 1370 1211 1370 1214 1358 1213 1358 1215 1358 1214 1359 1212 1359 1213 1359 1216 1360 1215 1360 1217 1360 1216 1360 1214 1360 1215 1360 1218 1361 1217 1361 1219 1361 1218 1361 1216 1361 1217 1361 1220 1362 1219 1362 1221 1362 1220 1363 1218 1363 1219 1363 1222 1371 1221 1371 1223 1371 1222 1371 1220 1371 1221 1371 1224 1372 1223 1372 1225 1372 1224 1372 1222 1372 1223 1372 1226 1373 1225 1373 1227 1373 1226 1373 1224 1373 1225 1373 1228 1367 1227 1367 1229 1367 1228 1367 1226 1367 1227 1367 1230 1354 1231 1354 1232 1354 1230 1368 1233 1368 1231 1368 1234 1355 1232 1355 1235 1355 1234 1355 1230 1355 1232 1355 1236 1374 1235 1374 1237 1374 1236 1374 1234 1374 1235 1374 1238 1375 1237 1375 1239 1375 1238 1375 1236 1375 1237 1375 1240 1344 1239 1344 1241 1344 1240 1345 1238 1345 1239 1345 1242 1346 1241 1346 1243 1346 1242 1346 1240 1346 1241 1346 1244 1347 1243 1347 1245 1347 1244 1347 1242 1347 1243 1347 1246 1348 1245 1348 1247 1348 1246 1349 1244 1349 1245 1349 1248 1376 1247 1376 1249 1376 1248 1376 1246 1376 1247 1376 1250 1377 1249 1377 1251 1377 1250 1377 1248 1377 1249 1377 1252 1373 1251 1373 1253 1373 1252 1373 1250 1373 1251 1373 1254 1367 1253 1367 1255 1367 1254 1367 1252 1367 1253 1367 1256 1378 1257 1378 1258 1378 1256 1379 1259 1379 1257 1379 1260 1380 1258 1380 1261 1380 1260 1381 1256 1381 1258 1381 1262 1382 1261 1382 1263 1382 1262 1382 1260 1382 1261 1382 1264 1383 1263 1383 1265 1383 1264 1384 1262 1384 1263 1384 1266 1385 1265 1385 1267 1385 1266 1386 1264 1386 1265 1386 1268 1387 1267 1387 1269 1387 1268 1388 1266 1388 1267 1388 1270 1389 1269 1389 1271 1389 1270 1390 1268 1390 1269 1390 1272 1391 1271 1391 1273 1391 1272 1392 1270 1392 1271 1392 1274 1393 1273 1393 1275 1393 1274 1394 1272 1394 1273 1394 1276 1395 1275 1395 1277 1395 1276 1396 1274 1396 1275 1396 1278 1397 1277 1397 1279 1397 1278 1397 1276 1397 1277 1397 1280 1398 1279 1398 1281 1398 1280 1398 1278 1398 1279 1398 1282 1399 1281 1399 1283 1399 1282 1400 1280 1400 1281 1400 1284 1401 1283 1401 1285 1401 1284 1401 1282 1401 1283 1401 1286 1378 1287 1378 1288 1378 1286 1379 1289 1379 1287 1379 1290 1380 1288 1380 1291 1380 1290 1381 1286 1381 1288 1381 1292 1382 1291 1382 1293 1382 1292 1382 1290 1382 1291 1382 1294 1383 1293 1383 1295 1383 1294 1384 1292 1384 1293 1384 1296 1385 1295 1385 1297 1385 1296 1386 1294 1386 1295 1386 1298 1387 1297 1387 1299 1387 1298 1388 1296 1388 1297 1388 1300 1389 1299 1389 1301 1389 1300 1390 1298 1390 1299 1390 1302 1391 1301 1391 1303 1391 1302 1392 1300 1392 1301 1392 1304 1393 1303 1393 1305 1393 1304 1394 1302 1394 1303 1394 1306 1395 1305 1395 1307 1395 1306 1396 1304 1396 1305 1396 1308 1397 1307 1397 1309 1397 1308 1397 1306 1397 1307 1397 1310 1398 1309 1398 1311 1398 1310 1398 1308 1398 1309 1398 1312 1399 1311 1399 1313 1399 1312 1400 1310 1400 1311 1400 1314 1401 1313 1401 1315 1401 1314 1401 1312 1401 1313 1401 1316 1402 1317 1402 1318 1402 1316 1403 1319 1403 1317 1403 1320 1404 1318 1404 1321 1404 1320 1405 1316 1405 1318 1405 1322 1382 1321 1382 1323 1382 1322 1382 1320 1382 1321 1382 1324 1383 1323 1383 1325 1383 1324 1384 1322 1384 1323 1384 1326 1385 1325 1385 1327 1385 1326 1386 1324 1386 1325 1386 1328 1387 1327 1387 1329 1387 1328 1388 1326 1388 1327 1388 1330 1389 1329 1389 1331 1389 1330 1390 1328 1390 1329 1390 1332 1391 1331 1391 1333 1391 1332 1392 1330 1392 1331 1392 1334 1393 1333 1393 1335 1393 1334 1394 1332 1394 1333 1394 1336 1395 1335 1395 1337 1395 1336 1396 1334 1396 1335 1396 1338 1397 1337 1397 1339 1397 1338 1397 1336 1397 1337 1397 1340 1398 1339 1398 1341 1398 1340 1398 1338 1398 1339 1398 1342 1399 1341 1399 1343 1399 1342 1400 1340 1400 1341 1400 1344 1401 1343 1401 1345 1401 1344 1401 1342 1401 1343 1401 1346 1406 1347 1406 1348 1406 1346 1407 1348 1407 1349 1407 1350 1407 1346 1407 1349 1407 1350 1408 1349 1408 1351 1408 1352 1408 1350 1408 1351 1408 1353 1409 1354 1409 1355 1409 1356 1410 1353 1410 1355 1410 1352 1411 1351 1411 1357 1411 1358 1411 1352 1411 1357 1411 1359 1412 1356 1412 1360 1412 1356 1413 1355 1413 1360 1413 1358 1414 1357 1414 1361 1414 1362 1415 1358 1415 1361 1415 1363 1416 1359 1416 1364 1416 1359 1416 1360 1416 1364 1416 1362 1417 1361 1417 1365 1417 1366 1418 1362 1418 1365 1418 1367 1419 1363 1419 1368 1419 1363 1419 1364 1419 1368 1419 1366 1420 1365 1420 1369 1420 1370 1420 1366 1420 1369 1420 1371 1421 1367 1421 1372 1421 1367 1421 1368 1421 1372 1421 1373 1422 1370 1422 1374 1422 1370 1423 1369 1423 1374 1423 1375 1424 1371 1424 1376 1424 1377 1425 1373 1425 1378 1425 1371 1426 1372 1426 1376 1426 1373 1425 1374 1425 1378 1425 1379 1427 1375 1427 1380 1427 1381 1428 1377 1428 1382 1428 1375 1429 1376 1429 1380 1429 1377 1430 1378 1430 1382 1430 1383 1431 1381 1431 1384 1431 1385 1432 1379 1432 1386 1432 1381 1431 1382 1431 1384 1431 1379 1432 1380 1432 1386 1432 1383 1433 1384 1433 1387 1433 1388 1434 1383 1434 1387 1434 1389 1435 1385 1435 1390 1435 1385 1435 1386 1435 1390 1435 1391 1436 1389 1436 1392 1436 1389 1437 1390 1437 1392 1437 1391 1438 1392 1438 1393 1438 1394 1439 1391 1439 1393 1439 1394 1440 1393 1440 1395 1440 1396 1440 1394 1440 1395 1440 1396 1441 1395 1441 1397 1441 1398 1442 1396 1442 1397 1442 1398 1443 1397 1443 1399 1443 1400 1444 1398 1444 1399 1444 1400 1445 1399 1445 1401 1445 1402 1445 1400 1445 1401 1445 1402 1446 1401 1446 1403 1446 1347 1446 1402 1446 1403 1446 1347 1406 1403 1406 1348 1406 1404 1406 1405 1406 1406 1406 1404 1407 1406 1407 1407 1407 1408 1407 1404 1407 1407 1407 1408 1408 1407 1408 1409 1408 1410 1408 1408 1408 1409 1408 1411 1409 1412 1409 1413 1409 1414 1410 1411 1410 1413 1410 1410 1411 1409 1411 1415 1411 1416 1411 1410 1411 1415 1411 1417 1447 1414 1447 1418 1447 1414 1448 1413 1448 1418 1448 1416 1414 1415 1414 1419 1414 1420 1415 1416 1415 1419 1415 1421 1449 1417 1449 1422 1449 1417 1449 1418 1449 1422 1449 1420 1417 1419 1417 1423 1417 1424 1418 1420 1418 1423 1418 1425 1419 1421 1419 1426 1419 1421 1419 1422 1419 1426 1419 1424 1420 1423 1420 1427 1420 1428 1420 1424 1420 1427 1420 1429 1421 1425 1421 1430 1421 1425 1421 1426 1421 1430 1421 1431 1422 1428 1422 1432 1422 1428 1423 1427 1423 1432 1423 1433 1424 1429 1424 1434 1424 1435 1425 1431 1425 1436 1425 1429 1426 1430 1426 1434 1426 1431 1425 1432 1425 1436 1425 1437 1427 1433 1427 1438 1427 1439 1450 1435 1450 1440 1450 1433 1429 1434 1429 1438 1429 1435 1451 1436 1451 1440 1451 1441 1452 1439 1452 1442 1452 1443 1432 1437 1432 1444 1432 1439 1453 1440 1453 1442 1453 1437 1432 1438 1432 1444 1432 1441 1433 1442 1433 1445 1433 1446 1434 1441 1434 1445 1434 1447 1435 1443 1435 1448 1435 1443 1435 1444 1435 1448 1435 1449 1436 1447 1436 1450 1436 1447 1437 1448 1437 1450 1437 1449 1438 1450 1438 1451 1438 1452 1439 1449 1439 1451 1439 1452 1440 1451 1440 1453 1440 1454 1440 1452 1440 1453 1440 1454 1441 1453 1441 1455 1441 1456 1442 1454 1442 1455 1442 1456 1443 1455 1443 1457 1443 1458 1444 1456 1444 1457 1444 1458 1445 1457 1445 1459 1445 1460 1445 1458 1445 1459 1445 1460 1446 1459 1446 1461 1446 1405 1446 1460 1446 1461 1446 1405 1406 1461 1406 1406 1406 1462 1454 1463 1454 1464 1454 1465 1454 1462 1454 1464 1454 1466 1455 1465 1455 1467 1455 1465 1456 1464 1456 1467 1456 1468 1457 1466 1457 1469 1457 1466 1458 1467 1458 1469 1458 1470 1459 1468 1459 1471 1459 1468 1459 1469 1459 1471 1459 1472 1460 1470 1460 1473 1460 1470 1461 1471 1461 1473 1461 1474 1462 1472 1462 1475 1462 1472 1463 1473 1463 1475 1463 1476 1464 1474 1464 1477 1464 1474 1464 1475 1464 1477 1464 1478 1465 1476 1465 1479 1465 1476 1465 1477 1465 1479 1465 1480 1466 1478 1466 1481 1466 1478 1467 1479 1467 1481 1467 1482 1468 1480 1468 1483 1468 1480 1469 1481 1469 1483 1469 1484 1470 1482 1470 1485 1470 1482 1471 1483 1471 1485 1471 1486 1472 1484 1472 1487 1472 1484 1473 1485 1473 1487 1473 1488 1474 1489 1474 1490 1474 1491 1475 1492 1475 1493 1475 1494 1476 1495 1476 1496 1476 1497 1476 1498 1476 1499 1476 1500 1477 1290 1477 1292 1477 1488 1478 1490 1478 1501 1478 1502 1479 1500 1479 1292 1479 1503 1480 111 1480 107 1480 1156 1481 1158 1481 1222 1481 1498 1476 1504 1476 1505 1476 1493 1482 1492 1482 1506 1482 1212 1483 1214 1483 1507 1483 1508 1484 1212 1484 1507 1484 111 1476 1503 1476 115 1476 1499 1485 1498 1485 1505 1485 1509 1486 1510 1486 1511 1486 1503 1487 107 1487 103 1487 1510 1488 1512 1488 1511 1488 1224 1476 1156 1476 1222 1476 1488 1489 1501 1489 1513 1489 1511 1476 1512 1476 1514 1476 1503 1476 103 1476 99 1476 1514 1476 1512 1476 1515 1476 1516 1490 1517 1490 1518 1490 1519 1491 1256 1491 1260 1491 1520 1476 1519 1476 1260 1476 1521 1492 1522 1492 1523 1492 115 1476 1503 1476 118 1476 1506 1493 1492 1493 1524 1493 1512 1476 1521 1476 1523 1476 1525 1476 1526 1476 1523 1476 1522 1494 1525 1494 1523 1494 1503 1495 99 1495 95 1495 1515 1476 1512 1476 1527 1476 1505 1476 1504 1476 1528 1476 1512 1496 1523 1496 1529 1496 1488 1497 1513 1497 1530 1497 118 1476 1503 1476 122 1476 1527 1476 1512 1476 1531 1476 1532 1498 1533 1498 1534 1498 1535 1476 1516 1476 1536 1476 1537 1499 1538 1499 1539 1499 1524 1500 1492 1500 1540 1500 1516 1501 1518 1501 1536 1501 1541 1502 1535 1502 1536 1502 1533 1476 1542 1476 1534 1476 1543 1476 1544 1476 1545 1476 1546 1503 59 1503 55 1503 1544 1476 1547 1476 1545 1476 122 1504 1503 1504 126 1504 1512 1476 1529 1476 1548 1476 1531 1476 1512 1476 1548 1476 1529 1476 1549 1476 1548 1476 1540 1505 1492 1505 1550 1505 1158 1506 1160 1506 1220 1506 1502 1507 1292 1507 1294 1507 1222 1508 1158 1508 1220 1508 1488 1509 1530 1509 1551 1509 126 1476 1503 1476 130 1476 1548 1476 1549 1476 1552 1476 1553 1476 1502 1476 1294 1476 1507 1510 1214 1510 1554 1510 1537 1511 1539 1511 1555 1511 1488 1512 1551 1512 1556 1512 1552 1476 1549 1476 1557 1476 1549 1476 1558 1476 1557 1476 130 1476 1503 1476 132 1476 1488 1513 1556 1513 1559 1513 1557 1476 1558 1476 1560 1476 1546 1514 55 1514 50 1514 1520 1477 1260 1477 1262 1477 1220 1476 1160 1476 1218 1476 1561 1479 1520 1479 1262 1479 1160 1515 1162 1515 1218 1515 1560 1516 1558 1516 1562 1516 1558 1476 1563 1476 1562 1476 1488 1517 1559 1517 1564 1517 132 1518 1503 1518 136 1518 1194 1476 1196 1476 1565 1476 1562 1476 1563 1476 1566 1476 1488 1519 1564 1519 1567 1519 1196 1520 1568 1520 1565 1520 1196 1521 1198 1521 1569 1521 1198 1476 1570 1476 1569 1476 136 1522 1503 1522 139 1522 1568 1476 1196 1476 1569 1476 1547 1476 1571 1476 1572 1476 1545 1476 1547 1476 1572 1476 1566 1476 1563 1476 1573 1476 1574 1476 1488 1476 1567 1476 1575 1476 1576 1476 1577 1476 78 1523 76 1523 1578 1523 1563 1524 1579 1524 1580 1524 1576 1476 1581 1476 1582 1476 81 1476 78 1476 1578 1476 1542 1476 1583 1476 1584 1476 1573 1525 1563 1525 1580 1525 1534 1526 1542 1526 1584 1526 87 1527 81 1527 1578 1527 91 1528 87 1528 1578 1528 95 1529 91 1529 1578 1529 1577 1530 1576 1530 1582 1530 1504 1476 1575 1476 1585 1476 1586 1476 1587 1476 1578 1476 1587 1476 1503 1476 1578 1476 1528 1531 1504 1531 1585 1531 1503 1532 95 1532 1578 1532 1553 1533 1294 1533 1296 1533 1588 1534 1553 1534 1296 1534 1575 1476 1577 1476 1585 1476 1214 1535 1216 1535 1589 1535 1554 1476 1214 1476 1589 1476 1580 1476 1579 1476 1590 1476 1590 1476 1579 1476 1591 1476 1578 1536 76 1536 75 1536 1192 1476 1194 1476 1592 1476 1194 1537 1565 1537 1592 1537 1579 1476 1593 1476 1591 1476 1162 1476 1164 1476 1216 1476 1591 1538 1593 1538 1594 1538 1569 1476 1570 1476 1595 1476 1570 1476 1596 1476 1595 1476 1597 1476 1528 1476 1598 1476 1599 1476 1597 1476 1598 1476 1588 1539 1296 1539 1298 1539 1600 1476 1588 1476 1298 1476 1528 1540 1585 1540 1598 1540 1218 1541 1162 1541 1216 1541 1581 1476 1181 1476 1601 1476 1594 1476 1593 1476 1602 1476 1584 1542 1583 1542 1603 1542 1582 1543 1581 1543 1601 1543 1595 1544 1596 1544 1176 1544 1192 1545 1592 1545 1604 1545 1602 1546 1593 1546 1605 1546 1190 1476 1192 1476 1604 1476 1606 1547 1607 1547 1608 1547 1609 1548 1610 1548 1608 1548 1578 1549 75 1549 142 1549 1610 1476 1606 1476 1608 1476 1583 1550 1611 1550 1603 1550 1612 1551 1613 1551 1608 1551 1614 1552 1612 1552 1608 1552 1615 1476 1614 1476 1608 1476 1616 1476 1615 1476 1608 1476 1617 1476 1616 1476 1608 1476 1618 1476 1617 1476 1608 1476 1619 1553 1618 1553 1608 1553 1607 1476 1619 1476 1608 1476 1546 1554 50 1554 46 1554 1620 1476 1238 1476 1621 1476 1622 1555 1620 1555 1623 1555 1624 1556 1625 1556 1626 1556 1625 1476 1608 1476 1626 1476 1537 1557 1555 1557 1627 1557 1608 1476 1613 1476 1626 1476 1628 1476 1629 1476 1626 1476 1620 1558 1621 1558 1623 1558 1630 1476 1628 1476 1626 1476 1631 1476 1630 1476 1626 1476 1632 1476 1631 1476 1626 1476 1571 1476 1633 1476 1634 1476 1613 1559 1632 1559 1626 1559 139 1560 1503 1560 1635 1560 1636 1561 139 1561 1635 1561 1637 1476 1636 1476 1635 1476 1638 1476 1637 1476 1635 1476 1639 1476 1638 1476 1635 1476 1572 1476 1571 1476 1634 1476 1181 1476 1178 1476 1254 1476 1640 1476 1635 1476 1626 1476 1601 1562 1181 1562 1254 1562 1641 1476 1635 1476 1640 1476 1642 1476 1635 1476 1641 1476 1605 1476 1593 1476 1643 1476 1316 1563 1320 1563 41 1563 1644 1476 1635 1476 1642 1476 1645 1476 1640 1476 1626 1476 1646 1476 1645 1476 1626 1476 1647 1476 1646 1476 1626 1476 1648 1476 1599 1476 1649 1476 1650 1476 1647 1476 1626 1476 1651 1476 1648 1476 1649 1476 1629 1476 1650 1476 1626 1476 1652 1476 1622 1476 1653 1476 9 1476 1626 1476 1654 1476 1655 1564 1626 1564 9 1564 1656 1476 1626 1476 1655 1476 1657 1476 1626 1476 1656 1476 1624 1476 1626 1476 1657 1476 1578 1565 142 1565 138 1565 1658 1476 1659 1476 1660 1476 1661 1476 1662 1476 1663 1476 1599 1566 1598 1566 1649 1566 1664 1567 1593 1567 1492 1567 1665 1476 1666 1476 1526 1476 1622 1568 1623 1568 1653 1568 1667 1476 1665 1476 1526 1476 1190 1569 1604 1569 1668 1569 1284 1476 1669 1476 1495 1476 1670 1476 1669 1476 1284 1476 1671 1476 1669 1476 1670 1476 1643 1476 1593 1476 1672 1476 1188 1476 1190 1476 1668 1476 1673 1476 1669 1476 1671 1476 1621 1570 1238 1570 1674 1570 1675 1476 1669 1476 1673 1476 1676 1571 1669 1571 1675 1571 1677 1476 1669 1476 1676 1476 1678 1572 1669 1572 1677 1572 1238 1573 1679 1573 1674 1573 1680 1476 1669 1476 1678 1476 1681 1574 1669 1574 1680 1574 1682 1575 1669 1575 1681 1575 1683 1476 1669 1476 1682 1476 1684 1476 1669 1476 1683 1476 1282 1476 1284 1476 1495 1476 41 1476 1320 1476 45 1476 1589 1476 1216 1476 1685 1476 1280 1476 1282 1476 1495 1476 1176 1576 1596 1576 1174 1576 1278 1476 1280 1476 1495 1476 1686 1476 1278 1476 1495 1476 1320 1476 1322 1476 45 1476 1578 1577 138 1577 133 1577 1316 1578 41 1578 37 1578 1541 1579 1316 1579 37 1579 45 1580 1322 1580 49 1580 1322 1476 1324 1476 49 1476 1600 1581 1298 1581 1300 1581 1672 1582 1593 1582 1687 1582 1688 1476 1600 1476 1300 1476 1685 1583 1216 1583 1689 1583 1541 1584 37 1584 33 1584 1690 1476 1561 1476 1264 1476 1691 1476 1651 1476 1692 1476 1693 1476 1691 1476 1692 1476 1651 1585 1649 1585 1692 1585 1561 1507 1262 1507 1264 1507 1694 1476 1652 1476 1695 1476 1216 1476 1164 1476 1689 1476 1687 1586 1593 1586 1696 1586 1254 1587 1178 1587 1252 1587 1178 1476 1182 1476 1252 1476 1652 1588 1653 1588 1695 1588 1697 1476 1698 1476 1663 1476 1696 1589 1593 1589 1699 1589 1700 1590 1697 1590 1663 1590 1701 1476 1700 1476 1663 1476 1702 1476 1701 1476 1663 1476 1703 1476 1702 1476 1663 1476 83 1591 1703 1591 1663 1591 84 1476 83 1476 1663 1476 1679 1476 1704 1476 1705 1476 89 1476 84 1476 1663 1476 1674 1476 1679 1476 1705 1476 1578 1476 101 1476 1663 1476 93 1476 89 1476 1663 1476 97 1476 93 1476 1663 1476 101 1592 97 1592 1663 1592 1324 1476 1326 1476 53 1476 1546 1593 46 1593 42 1593 1706 1594 1707 1594 1663 1594 1698 1476 1706 1476 1663 1476 49 1476 1324 1476 53 1476 1708 1595 1709 1595 1710 1595 1711 1476 1712 1476 1713 1476 1578 1596 133 1596 128 1596 1709 1476 1574 1476 1710 1476 1541 1597 33 1597 29 1597 1713 1476 1712 1476 1714 1476 1188 1598 1668 1598 1715 1598 1186 1476 1188 1476 1715 1476 1716 1476 1694 1476 1717 1476 1718 1476 1719 1476 1720 1476 1721 1599 1718 1599 1720 1599 1722 1476 1721 1476 1720 1476 1723 1476 1722 1476 1720 1476 1694 1600 1695 1600 1717 1600 1724 1476 1723 1476 1720 1476 1725 1476 1724 1476 1720 1476 1726 1476 1725 1476 1720 1476 1727 1601 1726 1601 1720 1601 1728 1476 1727 1476 1720 1476 1729 1476 1728 1476 1720 1476 1730 1476 1729 1476 1720 1476 1731 1476 1730 1476 1720 1476 1732 1476 1733 1476 1734 1476 1735 1476 1731 1476 1720 1476 1603 1602 1611 1602 1736 1602 1737 1476 1732 1476 1734 1476 1738 1476 1735 1476 1720 1476 1174 1476 1596 1476 1172 1476 1739 1476 1738 1476 1720 1476 1740 1476 1732 1476 1741 1476 1742 1476 1739 1476 1720 1476 1704 1476 1743 1476 1744 1476 1705 1476 1704 1476 1744 1476 1732 1476 1737 1476 1741 1476 1699 1603 1593 1603 1745 1603 1252 1604 1182 1604 1250 1604 1746 1476 1740 1476 1747 1476 1713 1605 1714 1605 1748 1605 1182 1476 1184 1476 1250 1476 1578 1476 1663 1476 1659 1476 1714 1476 1578 1476 1659 1476 1740 1476 1741 1476 1747 1476 1734 1476 1733 1476 1749 1476 1748 1476 1714 1476 1659 1476 1742 1476 1720 1476 1661 1476 1663 1476 1707 1476 1661 1476 1750 1476 1693 1476 1751 1476 1752 1476 1742 1476 1661 1476 1611 1606 1753 1606 1736 1606 1754 1476 1752 1476 1661 1476 1733 1476 1755 1476 1749 1476 1756 1476 1754 1476 1661 1476 1757 1476 1756 1476 1661 1476 1633 1476 1758 1476 1759 1476 1760 1476 1757 1476 1661 1476 1761 1476 1760 1476 1661 1476 1762 1607 1761 1607 1661 1607 1707 1476 1762 1476 1661 1476 1634 1476 1633 1476 1759 1476 1693 1608 1692 1608 1751 1608 1578 1609 128 1609 124 1609 1711 1476 1713 1476 1763 1476 1537 1610 1627 1610 1764 1610 1526 1476 1765 1476 1667 1476 1711 1611 1763 1611 1766 1611 1767 1476 1720 1476 1637 1476 1768 1476 1746 1476 1769 1476 1720 1476 1719 1476 1637 1476 1184 1476 1186 1476 1770 1476 1719 1476 1636 1476 1637 1476 1758 1476 1771 1476 1772 1476 1746 1476 1747 1476 1769 1476 1661 1612 1773 1612 1662 1612 1759 1476 1758 1476 1772 1476 1749 1476 1755 1476 1774 1476 1546 1613 42 1613 38 1613 1186 1614 1715 1614 1770 1614 1745 1615 1593 1615 1775 1615 1172 1476 1596 1476 1170 1476 1755 1476 1776 1476 1774 1476 1763 1616 1777 1616 1778 1616 1766 1617 1763 1617 1778 1617 1326 1618 1328 1618 54 1618 53 1619 1326 1619 54 1619 1567 1476 1768 1476 1779 1476 1574 1476 1567 1476 1779 1476 1780 1476 1659 1476 1658 1476 1768 1476 1769 1476 1779 1476 1773 1476 1767 1476 1765 1476 1774 1476 1776 1476 1781 1476 1767 1476 1637 1476 1765 1476 1578 1476 124 1476 120 1476 1654 1620 1782 1620 1546 1620 1541 1621 29 1621 25 1621 1662 1476 1773 1476 1765 1476 1537 1622 1764 1622 1783 1622 1784 1476 1785 1476 1786 1476 1748 1623 1659 1623 1787 1623 1776 1476 1788 1476 1781 1476 1659 1476 1780 1476 1787 1476 1789 1476 1716 1476 1790 1476 1785 1476 1791 1476 1786 1476 1711 1476 1766 1476 1792 1476 1716 1624 1717 1624 1790 1624 1792 1476 1766 1476 1793 1476 1771 1476 1794 1476 1795 1476 1796 1476 1797 1476 1798 1476 1799 1476 1796 1476 1798 1476 1250 1476 1184 1476 1248 1476 1184 1476 1770 1476 1248 1476 1797 1476 1800 1476 1798 1476 1772 1476 1771 1476 1795 1476 1801 1625 1799 1625 1798 1625 1744 1476 1743 1476 1802 1476 1662 1476 1765 1476 1660 1476 1658 1476 1660 1476 1803 1476 1574 1626 1779 1626 1804 1626 1805 1476 1658 1476 1803 1476 1806 1476 1778 1476 1807 1476 1808 1476 1537 1476 1809 1476 1805 1476 1803 1476 1810 1476 1537 1627 1783 1627 1809 1627 1781 1476 1788 1476 1811 1476 1803 1628 1660 1628 1812 1628 1794 1476 1813 1476 1814 1476 1170 1476 1596 1476 1168 1476 1748 1629 1787 1629 1815 1629 1777 1476 1748 1476 1815 1476 1788 1476 1816 1476 1811 1476 1578 1630 120 1630 116 1630 1787 1476 1805 1476 1815 1476 1574 1631 1804 1631 1817 1631 1795 1476 1794 1476 1814 1476 1808 1632 1809 1632 1818 1632 1806 1476 1807 1476 1819 1476 1807 1633 1778 1633 1820 1633 1811 1476 1816 1476 1821 1476 1812 1634 1660 1634 1822 1634 1690 1533 1264 1533 1266 1533 1823 1534 1690 1534 1266 1534 1816 1476 1824 1476 1821 1476 1669 1635 1610 1635 1609 1635 1328 1476 1330 1476 58 1476 1822 1476 1660 1476 1825 1476 54 1636 1328 1636 58 1636 1813 1476 1826 1476 1827 1476 1578 1637 116 1637 112 1637 1777 1476 1815 1476 1510 1476 1814 1476 1813 1476 1827 1476 1546 1476 1541 1476 21 1476 1812 1476 1822 1476 1522 1476 1828 1476 1812 1476 1522 1476 1808 1638 1818 1638 1829 1638 1830 1476 1808 1476 1829 1476 1778 1476 1777 1476 1831 1476 1541 1639 25 1639 21 1639 1831 1640 1777 1640 1832 1640 1821 1476 1824 1476 1833 1476 1820 1476 1778 1476 1834 1476 1778 1641 1831 1641 1834 1641 1820 1642 1834 1642 1835 1642 1824 1476 1836 1476 1833 1476 1574 1643 1817 1643 1837 1643 1838 1644 1839 1644 1840 1644 1832 1476 1777 1476 1841 1476 1743 1476 1842 1476 1843 1476 1826 1476 1844 1476 1845 1476 1805 1645 1810 1645 1521 1645 1815 1646 1805 1646 1521 1646 1828 1476 1522 1476 1521 1476 1810 1476 1828 1476 1521 1476 1827 1476 1826 1476 1845 1476 1802 1647 1743 1647 1843 1647 1789 1648 1790 1648 1846 1648 1847 1649 1789 1649 1846 1649 1833 1476 1836 1476 1543 1476 1546 1650 38 1650 34 1650 1820 1651 1835 1651 1848 1651 1830 1652 1829 1652 1849 1652 1841 1476 1777 1476 1850 1476 1836 1476 1544 1476 1543 1476 1574 1653 1837 1653 1851 1653 1330 1476 1332 1476 62 1476 1850 1654 1777 1654 1852 1654 1578 1655 112 1655 108 1655 58 1476 1330 1476 62 1476 1791 1476 1830 1476 1849 1476 1820 1656 1848 1656 1853 1656 1844 1476 1854 1476 1855 1476 1168 1476 1596 1476 1166 1476 1574 1657 1851 1657 1856 1657 1852 1476 1777 1476 1857 1476 1546 1658 21 1658 16 1658 1858 1476 1847 1476 1859 1476 1845 1476 1844 1476 1855 1476 1847 1659 1846 1659 1859 1659 1574 1660 1856 1660 1860 1660 1546 1476 34 1476 30 1476 1820 1661 1853 1661 1861 1661 1791 1662 1849 1662 1862 1662 1857 1476 1777 1476 1863 1476 1843 1663 1842 1663 1864 1663 1708 1476 1710 1476 1865 1476 1820 1664 1861 1664 1866 1664 1854 1476 1867 1476 1868 1476 1855 1476 1854 1476 1868 1476 62 1665 1332 1665 66 1665 1777 1476 1510 1476 1869 1476 1332 1476 1334 1476 66 1476 1863 1476 1777 1476 1869 1476 1578 1666 108 1666 105 1666 1574 1667 1860 1667 1870 1667 1550 1668 1492 1668 1871 1668 1820 1669 1866 1669 1872 1669 1546 1670 16 1670 13 1670 1492 1476 1873 1476 1871 1476 1873 1476 1874 1476 1871 1476 1842 1671 1207 1671 1875 1671 1791 1672 1862 1672 1876 1672 1786 1476 1791 1476 1876 1476 1166 1476 1596 1476 1164 1476 1820 1673 1872 1673 1877 1673 1574 1674 1870 1674 1878 1674 1871 1476 1874 1476 1879 1476 1864 1476 1842 1476 1875 1476 1869 1675 1510 1675 1880 1675 1881 1476 1858 1476 1882 1476 1874 1476 1883 1476 1879 1476 1786 1676 1876 1676 1884 1676 1606 1476 1786 1476 1884 1476 1867 1476 1885 1476 1886 1476 1858 1677 1859 1677 1882 1677 1868 1476 1867 1476 1886 1476 1880 1476 1510 1476 1887 1476 1546 1678 30 1678 27 1678 1334 1679 1336 1679 70 1679 1820 1680 1877 1680 1888 1680 1578 1476 105 1476 101 1476 1660 1681 1765 1681 1526 1681 1825 1476 1660 1476 1526 1476 1606 1682 1884 1682 1889 1682 1890 1683 1750 1683 1891 1683 1750 1476 1751 1476 1891 1476 1525 1476 1825 1476 1526 1476 1879 1684 1883 1684 1892 1684 66 1685 1334 1685 70 1685 1893 1555 1890 1555 1891 1555 1892 1686 1883 1686 1894 1686 1885 1476 1895 1476 1896 1476 1887 1476 1510 1476 1897 1476 1883 1687 1898 1687 1894 1687 1546 1688 13 1688 7 1688 1820 1689 1888 1689 1899 1689 1207 1476 1204 1476 1900 1476 1886 1476 1885 1476 1896 1476 1875 1476 1207 1476 1900 1476 1901 1476 1890 1476 1902 1476 1336 1476 1338 1476 72 1476 1894 1476 1898 1476 1903 1476 1890 1568 1893 1568 1902 1568 1891 1476 1751 1476 1904 1476 1897 1476 1510 1476 1509 1476 70 1690 1336 1690 72 1690 1905 1476 1901 1476 1906 1476 1546 1691 7 1691 4 1691 1606 1692 1889 1692 1907 1692 1901 1588 1902 1588 1906 1588 1896 1476 1895 1476 1908 1476 1751 1693 1909 1693 1910 1693 1904 1476 1751 1476 1910 1476 1895 1476 1911 1476 1908 1476 1820 1694 1899 1694 1912 1694 1903 1476 1898 1476 1913 1476 1898 1695 1914 1695 1913 1695 1900 1696 1204 1696 1915 1696 1916 1476 1820 1476 1917 1476 1820 1697 1912 1697 1917 1697 1908 1476 1911 1476 1918 1476 1911 1476 1919 1476 1918 1476 1920 1476 1905 1476 1921 1476 1710 1476 1574 1476 1537 1476 1918 1476 1919 1476 1922 1476 1916 1698 1917 1698 1923 1698 1913 1476 1914 1476 1924 1476 1905 1600 1906 1600 1921 1600 1919 1476 1925 1476 1922 1476 1910 1476 1909 1476 1926 1476 1916 1699 1923 1699 1927 1699 1546 1700 27 1700 23 1700 1928 1701 1736 1701 1495 1701 1929 1476 1928 1476 1495 1476 1930 1476 1929 1476 1495 1476 1931 1476 1930 1476 1495 1476 1924 1476 1914 1476 1932 1476 1933 1702 1931 1702 1495 1702 1688 1703 1300 1703 1495 1703 1736 1476 1753 1476 1495 1476 1922 1476 1925 1476 1645 1476 1310 1476 1312 1476 1495 1476 1925 1476 1640 1476 1645 1476 1308 1704 1310 1704 1495 1704 1306 1476 1308 1476 1495 1476 1304 1476 1306 1476 1495 1476 1302 1705 1304 1705 1495 1705 1300 1476 1302 1476 1495 1476 1914 1706 1934 1706 1932 1706 1546 1707 4 1707 2 1707 1753 1476 1688 1476 1495 1476 1823 1539 1266 1539 1268 1539 1338 1476 1340 1476 1935 1476 72 1708 1338 1708 1935 1708 1916 1709 1927 1709 1936 1709 1916 1710 1936 1710 1937 1710 1938 1476 1823 1476 1268 1476 1938 1581 1268 1581 1270 1581 1204 1711 1208 1711 1939 1711 1940 1476 1938 1476 1270 1476 1941 1476 1942 1476 1943 1476 1495 1712 1312 1712 1314 1712 1944 1476 1941 1476 1943 1476 1945 1476 1639 1476 1635 1476 1915 1476 1204 1476 1939 1476 1940 1713 1270 1713 1272 1713 1932 1714 1934 1714 1946 1714 1947 1715 1940 1715 1272 1715 1654 1716 1546 1716 19 1716 1947 1717 1272 1717 1274 1717 1546 1718 23 1718 19 1718 1840 1476 1839 1476 1948 1476 1916 1719 1937 1719 1949 1719 1950 1476 1947 1476 1274 1476 1839 1720 1838 1720 1951 1720 1546 1721 2 1721 1 1721 1952 1476 1920 1476 1953 1476 1667 1476 1638 1476 1665 1476 1933 1476 1495 1476 1954 1476 1920 1624 1921 1624 1953 1624 1950 1722 1274 1722 1276 1722 1638 1476 1639 1476 1665 1476 1955 1723 1950 1723 1276 1723 1926 1724 1909 1724 1956 1724 1916 1725 1949 1725 1957 1725 1340 1476 1342 1476 1958 1476 1909 1476 1959 1476 1956 1476 1946 1476 1934 1476 1960 1476 1955 1726 1276 1726 1278 1726 1686 1727 1955 1727 1278 1727 1943 1476 1942 1476 1961 1476 1942 1476 1962 1476 1961 1476 1935 1728 1340 1728 1958 1728 1945 1476 1635 1476 1963 1476 1208 1729 1210 1729 1964 1729 1916 1730 1957 1730 1965 1730 1840 1476 1966 1476 1654 1476 1838 1476 1840 1476 1654 1476 1939 1476 1208 1476 1964 1476 1801 1476 1798 1476 1570 1476 1960 1476 1934 1476 1967 1476 1968 1476 1801 1476 1570 1476 1495 1731 1314 1731 1969 1731 1934 1476 1666 1476 1967 1476 1798 1732 1800 1732 1970 1732 1916 1733 1965 1733 1971 1733 1972 1476 1973 1476 1970 1476 1974 1734 1972 1734 1970 1734 1975 1476 1974 1476 1970 1476 1976 1476 1975 1476 1970 1476 1977 1735 1976 1735 1970 1735 1978 1476 1977 1476 1970 1476 1979 1736 1978 1736 1970 1736 1980 1476 1979 1476 1970 1476 1981 1476 1980 1476 1970 1476 1982 1476 1981 1476 1970 1476 1983 1476 1982 1476 1970 1476 1800 1476 1983 1476 1970 1476 1966 1476 1984 1476 1782 1476 1654 1737 1966 1737 1782 1737 1951 1476 1985 1476 1541 1476 1985 1738 1535 1738 1541 1738 1495 1739 1969 1739 1986 1739 1839 1740 1951 1740 1541 1740 1987 1476 1988 1476 1989 1476 1570 1741 1990 1741 1991 1741 1956 1476 1959 1476 1992 1476 1968 1742 1570 1742 1991 1742 1959 1476 1993 1476 1992 1476 1988 1476 1994 1476 1989 1476 1990 1476 1570 1476 1995 1476 1996 1476 1496 1476 1656 1476 1988 1476 1997 1476 1998 1476 1999 1476 1996 1476 1656 1476 2000 1476 1999 1476 1656 1476 1968 1743 1991 1743 2001 1743 1994 1476 1988 1476 1998 1476 2002 1476 2000 1476 1656 1476 2003 1744 2002 1744 1656 1744 2004 1476 2003 1476 1656 1476 2005 1476 2004 1476 1656 1476 2006 1476 1987 1476 2007 1476 2008 1476 2005 1476 1656 1476 2009 1745 2008 1745 1656 1745 2010 1649 1952 1649 2011 1649 2012 1746 2009 1746 1656 1746 1995 1747 1570 1747 2013 1747 2014 1476 2012 1476 1656 1476 2015 1476 2014 1476 1656 1476 1952 1648 1953 1648 2011 1648 1962 1476 2016 1476 2017 1476 2018 1476 2015 1476 1656 1476 1961 1476 1962 1476 2017 1476 2019 1748 2018 1748 1656 1748 2020 1749 2019 1749 1656 1749 1987 1476 1989 1476 2007 1476 2021 1476 2020 1476 1656 1476 1655 1476 2021 1476 1656 1476 1954 1476 1495 1476 2022 1476 2013 1750 1570 1750 1202 1750 2023 1476 2024 1476 1289 1476 1997 1476 2025 1476 2026 1476 1496 1476 1495 1476 1656 1476 1968 1751 2001 1751 2027 1751 2028 1476 2010 1476 2029 1476 2030 1476 2023 1476 1289 1476 1998 1476 1997 1476 2026 1476 2010 1659 2011 1659 2029 1659 1546 1752 1 1752 67 1752 1992 1753 1993 1753 2031 1753 1202 1476 1570 1476 1200 1476 1793 1476 1806 1476 2032 1476 1958 1754 1342 1754 2033 1754 1342 1476 1344 1476 2033 1476 1792 1755 1793 1755 2032 1755 2031 1476 1993 1476 2034 1476 1819 1756 1916 1756 2032 1756 1993 1476 1233 1476 2034 1476 1967 1476 1666 1476 2035 1476 1806 1757 1819 1757 2032 1757 1654 1758 19 1758 15 1758 2006 1476 2007 1476 2036 1476 2037 1476 2006 1476 2036 1476 1200 1476 1570 1476 1198 1476 2028 1677 2029 1677 2024 1677 2023 1476 2028 1476 2024 1476 1970 1476 1973 1476 1596 1476 2026 1476 2025 1476 2038 1476 2039 1759 2040 1759 1596 1759 1973 1476 2039 1476 1596 1476 2025 1476 2041 1476 2038 1476 1495 1760 1986 1760 1686 1760 2034 1761 1233 1761 2042 1761 1971 1476 2043 1476 2044 1476 1964 1476 1210 1476 2045 1476 1878 1476 2037 1476 2046 1476 2032 1762 1916 1762 2044 1762 1233 1476 1230 1476 2042 1476 1916 1763 1971 1763 2044 1763 1574 1476 1878 1476 2046 1476 2037 1476 2036 1476 2046 1476 2038 1476 2041 1476 2047 1476 2041 1476 2048 1476 2047 1476 1881 1476 1882 1476 1259 1476 2042 1764 1230 1764 2049 1764 2050 1476 1881 1476 1259 1476 2051 1476 2052 1476 2053 1476 2049 1476 1230 1476 2054 1476 2043 1476 2051 1476 2053 1476 1230 1765 1234 1765 2054 1765 2044 1476 2043 1476 2053 1476 1574 1766 2046 1766 2055 1766 2016 1476 2056 1476 2057 1476 2054 1767 1234 1767 2058 1767 2017 1476 2016 1476 2057 1476 2048 1476 2059 1476 2060 1476 2047 1476 2048 1476 2060 1476 2056 1476 2061 1476 2062 1476 2057 1476 2056 1476 2062 1476 2062 1476 2061 1476 2063 1476 1666 1476 1635 1476 2064 1476 2035 1476 1666 1476 2064 1476 2065 1476 2066 1476 2067 1476 2022 1476 1495 1476 1494 1476 2052 1476 2065 1476 2067 1476 2053 1768 2052 1768 2067 1768 1248 1769 1770 1769 2068 1769 2061 1476 2069 1476 2063 1476 2063 1476 2069 1476 2070 1476 2068 1476 1770 1476 2071 1476 1770 1770 2072 1770 2071 1770 1246 1476 1248 1476 2073 1476 1248 1771 2068 1771 2073 1771 2069 1476 2074 1476 2070 1476 1574 1772 2055 1772 2075 1772 1669 1476 1609 1476 1624 1476 2059 1476 2076 1476 2077 1476 1657 1476 1669 1476 1624 1476 2060 1476 2059 1476 2077 1476 2070 1476 2074 1476 2078 1476 1541 1476 1536 1476 1319 1476 2079 1476 1968 1476 2080 1476 2074 1476 2081 1476 2078 1476 2058 1773 1234 1773 2082 1773 2078 1476 2081 1476 2083 1476 2084 1476 2085 1476 2086 1476 1234 1774 1236 1774 2082 1774 2066 1476 2084 1476 2086 1476 2067 1476 2066 1476 2086 1476 2080 1476 1968 1476 2087 1476 2086 1476 2085 1476 2088 1476 2079 1775 2080 1775 2089 1775 1246 1776 2073 1776 2090 1776 1244 1476 1246 1476 2090 1476 2081 1476 2091 1476 2083 1476 2083 1476 2091 1476 2092 1476 2087 1777 1968 1777 2093 1777 2071 1476 2072 1476 2094 1476 2072 1778 2095 1778 2094 1778 2064 1476 1635 1476 1644 1476 2079 1779 2089 1779 2096 1779 1541 1780 1319 1780 1316 1780 2091 1476 2097 1476 2092 1476 2098 1476 2079 1476 2096 1476 2092 1476 2097 1476 2099 1476 1654 1781 15 1781 10 1781 2077 1476 2076 1476 2100 1476 2088 1782 2085 1782 2101 1782 2076 1476 2102 1476 2100 1476 2093 1476 1968 1476 2103 1476 2082 1476 1236 1476 2104 1476 2030 1783 1289 1783 1286 1783 2105 1476 2030 1476 1286 1476 2097 1476 2106 1476 2099 1476 1236 1476 1238 1476 2104 1476 2099 1476 2106 1476 2107 1476 1574 1784 2075 1784 2108 1784 1210 1476 1212 1476 2109 1476 1665 1785 1963 1785 1666 1785 2094 1476 2095 1476 1228 1476 2106 1476 2110 1476 2107 1476 2095 1786 1155 1786 1228 1786 2088 1787 2101 1787 2111 1787 2107 1476 2110 1476 2112 1476 1537 1476 1574 1476 2108 1476 1963 1476 1635 1476 1666 1476 1242 1788 1244 1788 2113 1788 1865 1476 1808 1476 1830 1476 2114 1476 1865 1476 1830 1476 1244 1789 2090 1789 2113 1789 1785 1476 1784 1476 1669 1476 2045 1476 1210 1476 2109 1476 1689 1476 1164 1476 1669 1476 2115 1476 2116 1476 1669 1476 1684 1476 2115 1476 1669 1476 1546 1790 67 1790 63 1790 2110 1476 2117 1476 2112 1476 2112 1476 2117 1476 2118 1476 1596 1476 2040 1476 1669 1476 2116 1476 2119 1476 1669 1476 1865 1476 2114 1476 1669 1476 2120 1476 1708 1476 1669 1476 2121 1476 2120 1476 1669 1476 2040 1791 2121 1791 1669 1791 2103 1476 1968 1476 2122 1476 2114 1476 1785 1476 1669 1476 2123 1476 1689 1476 1669 1476 1164 1476 1596 1476 1669 1476 2124 1792 2123 1792 1669 1792 1708 1793 1865 1793 1669 1793 2104 1476 1238 1476 1620 1476 2119 1476 2124 1476 1669 1476 2102 1476 1941 1476 1944 1476 2100 1476 2102 1476 1944 1476 2117 1476 2125 1476 2118 1476 1488 1476 1664 1476 1492 1476 2118 1476 2125 1476 2126 1476 2098 1794 2096 1794 2127 1794 2033 1795 1344 1795 2128 1795 1240 1476 1242 1476 2129 1476 1242 1796 2113 1796 2129 1796 1537 1797 2108 1797 2130 1797 2125 1476 2131 1476 2126 1476 1155 1798 1152 1798 1226 1798 2126 1476 2131 1476 2132 1476 1228 1476 1155 1476 1226 1476 1801 1476 2088 1476 2133 1476 1593 1476 1664 1476 1709 1476 2088 1799 2111 1799 2133 1799 1344 1476 2134 1476 2128 1476 2131 1476 2135 1476 2132 1476 2105 1491 1286 1491 1290 1491 1606 1476 1907 1476 1607 1476 1500 1476 2105 1476 1290 1476 2136 1476 1775 1476 1709 1476 2137 1800 2136 1800 1709 1800 1708 1476 2137 1476 1709 1476 1669 1476 1784 1476 1610 1476 2109 1476 1212 1476 1508 1476 1775 1476 1593 1476 1709 1476 2050 1783 1259 1783 1256 1783 1519 1476 2050 1476 1256 1476 2132 1476 2135 1476 1646 1476 1537 1801 2130 1801 2138 1801 1516 1476 2098 1476 2139 1476 2098 1802 2127 1802 2139 1802 1152 1803 1156 1803 1224 1803 1654 1804 10 1804 9 1804 1801 1805 2133 1805 1799 1805 2135 1476 1645 1476 1646 1476 1488 1806 2140 1806 2141 1806 2027 1476 1498 1476 1497 1476 1226 1476 1152 1476 1224 1476 2122 1476 1968 1476 1497 1476 2140 1807 1488 1807 2142 1807 1968 1808 2027 1808 1497 1808 1488 1809 2141 1809 2143 1809 1238 1810 1240 1810 1679 1810 1240 1811 2129 1811 1679 1811 1488 1812 1492 1812 2144 1812 2142 1813 1488 1813 2144 1813 2128 1814 2134 1814 1532 1814 1488 1815 2143 1815 1489 1815 2134 1816 1533 1816 1532 1816 1537 1817 2138 1817 1538 1817 2144 1476 1492 1476 1491 1476 1546 1818 63 1818 59 1818 1516 1819 2139 1819 1517 1819 1503 1820 1587 1820 2145 1820 1503 1820 2145 1820 2146 1820 1838 1820 1654 1820 2147 1820 1792 1821 1838 1821 2147 1821 2148 1820 1792 1820 2147 1820 1711 1820 1792 1820 2148 1820 2149 1476 2150 1476 2151 1476 2149 1476 2152 1476 2150 1476 2153 1822 2150 1822 2152 1822 2154 1823 2149 1823 2151 1823 2155 1476 2153 1476 2154 1476 2155 1476 2156 1476 2153 1476 2157 1476 2158 1476 2159 1476 2157 1476 2160 1476 2158 1476 2161 1476 2162 1476 2163 1476 2161 1476 2164 1476 2162 1476 2165 1476 2166 1476 2167 1476 2165 1476 2168 1476 2166 1476 2169 1476 2170 1476 2171 1476 2169 1476 2172 1476 2170 1476 2173 1476 2174 1476 2175 1476 2173 1476 2176 1476 2174 1476 2177 1824 2176 1824 2178 1824 2177 1824 2172 1824 2174 1824 2177 1825 2174 1825 2176 1825 2179 1476 2177 1476 2178 1476 2180 1826 2179 1826 2173 1826 2180 1826 2175 1826 2169 1826 2180 1827 2173 1827 2175 1827 2180 1476 2177 1476 2179 1476 2151 1828 2180 1828 2169 1828 2151 1829 2169 1829 2171 1829 2151 1830 2171 1830 2165 1830 2151 1831 2165 1831 2167 1831 2151 1830 2167 1830 2161 1830 2151 1832 2161 1832 2163 1832 2151 1830 2163 1830 2157 1830 2151 1833 2157 1833 2159 1833 2151 1834 2159 1834 2155 1834 2151 1835 2155 1835 2154 1835 2177 1476 2150 1476 2153 1476 2177 1836 2153 1836 2156 1836 2177 1837 2156 1837 2158 1837 2177 1838 2158 1838 2160 1838 2177 1837 2160 1837 2162 1837 2177 1839 2162 1839 2164 1839 2177 1840 2164 1840 2166 1840 2177 1841 2166 1841 2168 1841 2177 1824 2168 1824 2170 1824 2177 1841 2170 1841 2172 1841 1765 1820 1637 1820 2150 1820 1637 1820 2151 1820 2150 1820 1637 1842 1638 1842 2151 1842 1638 1842 2180 1842 2151 1842 1638 1843 1667 1843 2180 1843 1667 1843 2177 1843 2180 1843 1667 1844 1765 1844 2177 1844 1765 1844 2150 1844 2177 1844 2178 1842 2181 1842 2182 1842 2178 1842 2176 1842 2181 1842 2176 1843 2183 1843 2181 1843 2176 1843 2173 1843 2183 1843 2173 1844 2184 1844 2183 1844 2173 1844 2179 1844 2184 1844 2179 1820 2182 1820 2184 1820 2179 1820 2178 1820 2182 1820 2181 1476 2183 1476 2182 1476 2183 1476 2184 1476 2182 1476 2174 1842 2185 1842 2186 1842 2174 1842 2172 1842 2185 1842 2172 1843 2187 1843 2185 1843 2172 1843 2169 1843 2187 1843 2169 1844 2188 1844 2187 1844 2169 1844 2175 1844 2188 1844 2175 1820 2186 1820 2188 1820 2175 1820 2174 1820 2186 1820 2185 1476 2187 1476 2186 1476 2187 1476 2188 1476 2186 1476 2170 1842 2189 1842 2190 1842 2170 1842 2168 1842 2189 1842 2168 1843 2191 1843 2189 1843 2168 1843 2165 1843 2191 1843 2165 1844 2192 1844 2191 1844 2165 1844 2171 1844 2192 1844 2171 1820 2190 1820 2192 1820 2171 1820 2170 1820 2190 1820 2189 1476 2191 1476 2190 1476 2191 1476 2192 1476 2190 1476 2166 1842 2193 1842 2194 1842 2166 1842 2164 1842 2193 1842 2164 1843 2195 1843 2193 1843 2164 1843 2161 1843 2195 1843 2161 1844 2196 1844 2195 1844 2161 1844 2167 1844 2196 1844 2167 1820 2194 1820 2196 1820 2167 1820 2166 1820 2194 1820 2193 1476 2195 1476 2194 1476 2195 1476 2196 1476 2194 1476 2162 1842 2197 1842 2198 1842 2162 1842 2160 1842 2197 1842 2160 1843 2199 1843 2197 1843 2160 1843 2157 1843 2199 1843 2157 1844 2200 1844 2199 1844 2157 1844 2163 1844 2200 1844 2163 1820 2198 1820 2200 1820 2163 1820 2162 1820 2198 1820 2197 1476 2199 1476 2198 1476 2199 1476 2200 1476 2198 1476 2158 1842 2201 1842 2202 1842 2158 1842 2156 1842 2201 1842 2156 1843 2203 1843 2201 1843 2156 1843 2155 1843 2203 1843 2155 1844 2204 1844 2203 1844 2155 1844 2159 1844 2204 1844 2159 1820 2202 1820 2204 1820 2159 1820 2158 1820 2202 1820 2201 1476 2203 1476 2202 1476 2203 1476 2204 1476 2202 1476 2152 1843 2205 1843 2206 1843 2152 1843 2149 1843 2205 1843 2149 1844 2207 1844 2205 1844 2149 1844 2154 1844 2207 1844 2154 1820 2208 1820 2207 1820 2154 1820 2153 1820 2208 1820 2153 1842 2206 1842 2208 1842 2153 1842 2152 1842 2206 1842 2206 1476 2205 1476 2208 1476 2205 1476 2207 1476 2208 1476 1654 1844 1626 1844 2209 1844 1654 1844 2209 1844 2147 1844 1626 1843 1635 1843 2210 1843 1626 1843 2210 1843 2209 1843 1635 1842 1503 1842 2146 1842 1635 1842 2146 1842 2210 1842 2211 1845 2212 1845 2213 1845 106 1846 110 1846 2146 1846 96 1845 100 1845 2148 1845 114 1847 2146 1847 110 1847 60 1848 65 1848 2147 1848 102 1849 106 1849 2146 1849 2214 1850 2215 1850 2211 1850 98 1845 102 1845 2146 1845 117 1845 2146 1845 114 1845 2214 1845 2216 1845 2215 1845 121 1845 2146 1845 117 1845 94 1845 98 1845 2146 1845 11 1845 14 1845 2147 1845 125 1845 2146 1845 121 1845 90 1851 94 1851 2146 1851 129 1845 2146 1845 125 1845 56 1845 60 1845 2147 1845 86 1845 90 1845 2146 1845 2217 1852 2218 1852 2216 1852 134 1845 2146 1845 129 1845 92 1845 96 1845 2148 1845 2217 1853 2216 1853 2214 1853 80 1845 2146 1845 2145 1845 80 1845 86 1845 2146 1845 137 1845 2146 1845 134 1845 51 1845 56 1845 2147 1845 79 1845 80 1845 2145 1845 8 1845 11 1845 2147 1845 2219 1854 2220 1854 2218 1854 140 1845 2146 1845 137 1845 88 1845 92 1845 2148 1845 2219 1845 2218 1845 2217 1845 77 1845 79 1845 2145 1845 47 1845 51 1845 2147 1845 74 1845 77 1845 2145 1845 2221 1855 2222 1855 2220 1855 2221 1845 2220 1845 2219 1845 2223 1856 2224 1856 2222 1856 143 1845 74 1845 2145 1845 2210 1857 2225 1857 2224 1857 85 1845 88 1845 2148 1845 2210 1858 2224 1858 2226 1858 2210 1859 2227 1859 2225 1859 2210 1860 2228 1860 2227 1860 2210 1861 2229 1861 2228 1861 2210 1862 2230 1862 2229 1862 2210 1863 2231 1863 2230 1863 2210 1864 2232 1864 2231 1864 2210 1865 2233 1865 2232 1865 2223 1845 2222 1845 2221 1845 2210 1866 2234 1866 2233 1866 2210 1867 2235 1867 2234 1867 2210 1868 2236 1868 2235 1868 2210 1869 2237 1869 2236 1869 2210 1870 2238 1870 2237 1870 2210 1871 2239 1871 2238 1871 2210 1872 2240 1872 2239 1872 2210 1873 2241 1873 2240 1873 2210 1874 2242 1874 2241 1874 2210 1875 2243 1875 2242 1875 2210 1876 2244 1876 2243 1876 2210 1877 2245 1877 2244 1877 2210 1878 2246 1878 2245 1878 2209 1845 2210 1845 2226 1845 2209 1879 2247 1879 2248 1879 2209 1880 2249 1880 2247 1880 2209 1881 2250 1881 2249 1881 2209 1882 2251 1882 2250 1882 2209 1883 2252 1883 2251 1883 2209 1884 2253 1884 2252 1884 141 1845 143 1845 2145 1845 2209 1885 2254 1885 2253 1885 43 1886 47 1886 2147 1886 2209 1887 2255 1887 2254 1887 2209 1888 2256 1888 2255 1888 2209 1889 2257 1889 2256 1889 2209 1890 2258 1890 2257 1890 2209 1891 2259 1891 2258 1891 2209 1892 2260 1892 2259 1892 2209 1893 2261 1893 2260 1893 2209 1894 2262 1894 2261 1894 2209 1895 2263 1895 2262 1895 2209 1896 2264 1896 2263 1896 2209 1897 2265 1897 2264 1897 2209 1898 2266 1898 2265 1898 2209 1899 2267 1899 2266 1899 2209 1900 2268 1900 2267 1900 2209 1901 2269 1901 2268 1901 2209 1902 2226 1902 2269 1902 2147 1903 2209 1903 8 1903 8 1904 2209 1904 2270 1904 2270 1845 2209 1845 2271 1845 2271 1845 2209 1845 2248 1845 2210 1845 2146 1845 140 1845 2210 1905 140 1905 2272 1905 2210 1906 2272 1906 2273 1906 2210 1907 2273 1907 2246 1907 39 1908 43 1908 2147 1908 82 1845 85 1845 2148 1845 2226 1909 2224 1909 2223 1909 135 1845 141 1845 2145 1845 131 1910 135 1910 2145 1910 131 1845 2145 1845 2148 1845 44 1911 2147 1911 40 1911 36 1912 40 1912 2147 1912 48 1845 2148 1845 2147 1845 48 1845 2147 1845 44 1845 35 1845 39 1845 2147 1845 32 1845 36 1845 2147 1845 127 1845 131 1845 2148 1845 52 1845 2148 1845 48 1845 28 1845 32 1845 2147 1845 24 1845 28 1845 2147 1845 2274 1913 82 1913 2148 1913 57 1914 2148 1914 52 1914 20 1915 24 1915 2147 1915 123 1845 127 1845 2148 1845 31 1845 35 1845 2147 1845 2275 1845 2274 1845 2148 1845 61 1845 2148 1845 57 1845 17 1845 20 1845 2147 1845 64 1845 2148 1845 61 1845 68 1845 2148 1845 64 1845 12 1845 17 1845 2147 1845 119 1916 123 1916 2148 1916 26 1917 31 1917 2147 1917 6 1845 12 1845 2147 1845 113 1918 119 1918 2148 1918 71 1845 2148 1845 68 1845 73 1845 2148 1845 71 1845 5 1845 6 1845 2147 1845 22 1845 26 1845 2147 1845 109 1919 113 1919 2148 1919 2276 1845 2148 1845 73 1845 2276 1845 2275 1845 2148 1845 3 1845 5 1845 2147 1845 0 1845 3 1845 2147 1845 2277 1920 2278 1920 2275 1920 104 1845 109 1845 2148 1845 18 1845 22 1845 2147 1845 2277 1921 2275 1921 2276 1921 69 1845 0 1845 2147 1845 2213 1922 2212 1922 2278 1922 100 1845 104 1845 2148 1845 2213 1923 2278 1923 2277 1923 14 1845 18 1845 2147 1845 65 1845 69 1845 2147 1845 2211 1924 2215 1924 2212 1924 2279 1476 2280 1476 2281 1476 2279 1476 2282 1476 2280 1476 2283 1925 2280 1925 2282 1925 2284 1926 2280 1926 2283 1926 2285 1927 2279 1927 2281 1927 2286 1476 2283 1476 2285 1476 2286 1928 2285 1928 2281 1928 2286 1476 2284 1476 2283 1476 2287 1476 2288 1476 2289 1476 2287 1476 2290 1476 2288 1476 2291 1476 2292 1476 2293 1476 2291 1476 2294 1476 2292 1476 2295 1476 2296 1476 2297 1476 2295 1476 2298 1476 2296 1476 2299 1476 2300 1476 2301 1476 2299 1476 2302 1476 2300 1476 2303 1476 2302 1476 2304 1476 2303 1929 2300 1929 2302 1929 2305 1476 2303 1476 2304 1476 2306 1476 2305 1476 2299 1476 2306 1930 2299 1930 2301 1930 2306 1476 2303 1476 2305 1476 2281 1476 2306 1476 2301 1476 2281 1931 2301 1931 2295 1931 2281 1932 2295 1932 2297 1932 2281 1933 2297 1933 2291 1933 2281 1934 2291 1934 2293 1934 2281 1933 2293 1933 2287 1933 2281 1932 2287 1932 2289 1932 2281 1935 2289 1935 2286 1935 2303 1936 2280 1936 2284 1936 2303 1937 2284 1937 2288 1937 2303 1938 2288 1938 2290 1938 2303 1939 2290 1939 2292 1939 2303 1938 2292 1938 2294 1938 2303 1940 2294 1940 2296 1940 2303 1476 2296 1476 2298 1476 2303 1476 2298 1476 2300 1476 1665 1820 1639 1820 2280 1820 1639 1820 2281 1820 2280 1820 1639 1842 1945 1842 2281 1842 1945 1842 2306 1842 2281 1842 1945 1843 1963 1843 2306 1843 1963 1843 2303 1843 2306 1843 1963 1844 1665 1844 2303 1844 1665 1844 2280 1844 2303 1844 2304 1842 2307 1842 2308 1842 2304 1842 2302 1842 2307 1842 2302 1843 2309 1843 2307 1843 2302 1843 2299 1843 2309 1843 2299 1844 2310 1844 2309 1844 2299 1844 2305 1844 2310 1844 2305 1820 2308 1820 2310 1820 2305 1820 2304 1820 2308 1820 2307 1476 2309 1476 2308 1476 2309 1476 2310 1476 2308 1476 2300 1842 2311 1842 2312 1842 2300 1842 2298 1842 2311 1842 2298 1843 2313 1843 2311 1843 2298 1843 2295 1843 2313 1843 2295 1844 2314 1844 2313 1844 2295 1844 2301 1844 2314 1844 2301 1820 2312 1820 2314 1820 2301 1820 2300 1820 2312 1820 2311 1476 2313 1476 2312 1476 2313 1476 2314 1476 2312 1476 2296 1842 2315 1842 2316 1842 2296 1842 2294 1842 2315 1842 2294 1843 2317 1843 2315 1843 2294 1843 2291 1843 2317 1843 2291 1844 2318 1844 2317 1844 2291 1844 2297 1844 2318 1844 2297 1820 2316 1820 2318 1820 2297 1820 2296 1820 2316 1820 2315 1476 2317 1476 2316 1476 2317 1476 2318 1476 2316 1476 2292 1842 2319 1842 2320 1842 2292 1842 2290 1842 2319 1842 2290 1843 2321 1843 2319 1843 2290 1843 2287 1843 2321 1843 2287 1844 2322 1844 2321 1844 2287 1844 2293 1844 2322 1844 2293 1820 2320 1820 2322 1820 2293 1820 2292 1820 2320 1820 2319 1476 2321 1476 2320 1476 2321 1476 2322 1476 2320 1476 2288 1842 2323 1842 2324 1842 2288 1842 2284 1842 2323 1842 2284 1843 2325 1843 2323 1843 2284 1843 2286 1843 2325 1843 2286 1844 2326 1844 2325 1844 2286 1844 2289 1844 2326 1844 2289 1820 2324 1820 2326 1820 2289 1820 2288 1820 2324 1820 2323 1476 2325 1476 2324 1476 2325 1476 2326 1476 2324 1476 2282 1843 2327 1843 2328 1843 2282 1843 2279 1843 2327 1843 2279 1844 2329 1844 2327 1844 2279 1844 2285 1844 2329 1844 2285 1820 2330 1820 2329 1820 2285 1820 2283 1820 2330 1820 2283 1842 2328 1842 2330 1842 2283 1842 2282 1842 2328 1842 2328 1476 2327 1476 2330 1476 2327 1476 2329 1476 2330 1476 2331 1941 2332 1941 2333 1941 2333 1476 2332 1476 2334 1476 2334 1476 2332 1476 2335 1476 2335 1476 2332 1476 2336 1476 2337 1476 2338 1476 2339 1476 2340 1942 2341 1942 2342 1942 2342 1943 2341 1943 2343 1943 2343 1476 2341 1476 2344 1476 2344 1476 2341 1476 2345 1476 2345 1944 2341 1944 2346 1944 2346 1476 2341 1476 2347 1476 2347 1944 2341 1944 2348 1944 2348 1945 2341 1945 2349 1945 2349 1476 2341 1476 2350 1476 2350 1476 2341 1476 2351 1476 2351 1946 2341 1946 2352 1946 2352 1476 2341 1476 2353 1476 2353 1476 2341 1476 2354 1476 2339 1476 2341 1476 2337 1476 2339 1476 2354 1476 2341 1476 2355 1476 2353 1476 2338 1476 2355 1476 2352 1476 2353 1476 2356 1476 2351 1476 2357 1476 2356 1476 2350 1476 2351 1476 2358 1476 2349 1476 2359 1476 2358 1476 2348 1476 2349 1476 2333 1476 2347 1476 2331 1476 2333 1476 2346 1476 2347 1476 2335 1476 2345 1476 2334 1476 2335 1476 2344 1476 2345 1476 2360 1476 2343 1476 2336 1476 2360 1476 2342 1476 2343 1476 2340 1476 2361 1476 2362 1476 2340 1947 2362 1947 2363 1947 2340 1948 2342 1948 2361 1948 2364 1476 2362 1476 2361 1476 2364 1476 2361 1476 2365 1476 2366 1476 2340 1476 2363 1476 2332 1476 2364 1476 2365 1476 2332 1949 2366 1949 2364 1949 2332 1950 2365 1950 2360 1950 2332 1951 2360 1951 2336 1951 2332 1476 2340 1476 2366 1476 2337 1476 2332 1476 2338 1476 2338 1952 2332 1952 2355 1952 2355 1953 2332 1953 2357 1953 2357 1476 2332 1476 2356 1476 2356 1476 2332 1476 2359 1476 2359 1476 2332 1476 2358 1476 2358 1476 2332 1476 2331 1476 1656 1820 1495 1820 2341 1820 1495 1820 2337 1820 2341 1820 1495 1842 1669 1842 2337 1842 1669 1842 2332 1842 2337 1842 1669 1843 1657 1843 2332 1843 1657 1843 2340 1843 2332 1843 1657 1844 1656 1844 2340 1844 1656 1844 2341 1844 2340 1844 2363 1842 2367 1842 2368 1842 2363 1842 2362 1842 2367 1842 2362 1843 2369 1843 2367 1843 2362 1843 2364 1843 2369 1843 2364 1844 2370 1844 2369 1844 2364 1844 2366 1844 2370 1844 2366 1820 2368 1820 2370 1820 2366 1820 2363 1820 2368 1820 2367 1476 2369 1476 2368 1476 2369 1476 2370 1476 2368 1476 2361 1842 2371 1842 2372 1842 2361 1842 2342 1842 2371 1842 2342 1843 2373 1843 2371 1843 2342 1843 2360 1843 2373 1843 2360 1844 2374 1844 2373 1844 2360 1844 2365 1844 2374 1844 2365 1820 2372 1820 2374 1820 2365 1820 2361 1820 2372 1820 2371 1476 2373 1476 2372 1476 2373 1476 2374 1476 2372 1476 2343 1842 2375 1842 2376 1842 2343 1842 2344 1842 2375 1842 2344 1843 2377 1843 2375 1843 2344 1843 2335 1843 2377 1843 2335 1844 2378 1844 2377 1844 2335 1844 2336 1844 2378 1844 2336 1820 2376 1820 2378 1820 2336 1820 2343 1820 2376 1820 2375 1476 2377 1476 2376 1476 2377 1476 2378 1476 2376 1476 2345 1842 2379 1842 2380 1842 2345 1842 2346 1842 2379 1842 2346 1843 2381 1843 2379 1843 2346 1843 2333 1843 2381 1843 2333 1844 2382 1844 2381 1844 2333 1844 2334 1844 2382 1844 2334 1820 2380 1820 2382 1820 2334 1820 2345 1820 2380 1820 2379 1476 2381 1476 2380 1476 2381 1476 2382 1476 2380 1476 2347 1842 2383 1842 2384 1842 2347 1842 2348 1842 2383 1842 2348 1843 2385 1843 2383 1843 2348 1843 2358 1843 2385 1843 2358 1844 2386 1844 2385 1844 2358 1844 2331 1844 2386 1844 2331 1820 2384 1820 2386 1820 2331 1820 2347 1820 2384 1820 2383 1476 2385 1476 2384 1476 2385 1476 2386 1476 2384 1476 2349 1842 2387 1842 2388 1842 2349 1842 2350 1842 2387 1842 2350 1843 2389 1843 2387 1843 2350 1843 2356 1843 2389 1843 2356 1844 2390 1844 2389 1844 2356 1844 2359 1844 2390 1844 2359 1820 2388 1820 2390 1820 2359 1820 2349 1820 2388 1820 2387 1476 2389 1476 2388 1476 2389 1476 2390 1476 2388 1476 2351 1842 2391 1842 2392 1842 2351 1842 2352 1842 2391 1842 2352 1843 2393 1843 2391 1843 2352 1843 2355 1843 2393 1843 2355 1844 2394 1844 2393 1844 2355 1844 2357 1844 2394 1844 2357 1820 2392 1820 2394 1820 2357 1820 2351 1820 2392 1820 2391 1476 2393 1476 2392 1476 2393 1476 2394 1476 2392 1476 2354 1843 2395 1843 2396 1843 2354 1843 2339 1843 2395 1843 2339 1844 2397 1844 2395 1844 2339 1844 2338 1844 2397 1844 2338 1820 2398 1820 2397 1820 2338 1820 2353 1820 2398 1820 2353 1842 2396 1842 2398 1842 2353 1842 2354 1842 2396 1842 2396 1476 2395 1476 2398 1476 2395 1476 2397 1476 2398 1476 2399 1954 2400 1954 2401 1954 2399 1955 2401 1955 2402 1955 2399 1956 2402 1956 2403 1956 2399 1955 2403 1955 2404 1955 2399 1956 2404 1956 2405 1956 2399 1957 2405 1957 2406 1957 2399 1958 2406 1958 2407 1958 2408 1476 2409 1476 2410 1476 2408 1959 2410 1959 2411 1959 2408 1960 2411 1960 2412 1960 2408 1959 2412 1959 2413 1959 2408 1961 2413 1961 2414 1961 2408 1959 2414 1959 2415 1959 2408 1960 2415 1960 2416 1960 2408 1962 2416 1962 2417 1962 2408 1960 2417 1960 2418 1960 2419 1963 2409 1963 2420 1963 2408 1959 2418 1959 2421 1959 2408 1960 2421 1960 2422 1960 2423 1476 2420 1476 2409 1476 2399 1476 2423 1476 2409 1476 2410 1964 2409 1964 2419 1964 2424 1965 2423 1965 2399 1965 2425 1476 2419 1476 2424 1476 2425 1476 2410 1476 2419 1476 2425 1966 2424 1966 2399 1966 2407 1955 2425 1955 2399 1955 2406 1476 2411 1476 2407 1476 2406 1476 2412 1476 2411 1476 2404 1476 2413 1476 2405 1476 2404 1476 2414 1476 2413 1476 2402 1476 2415 1476 2403 1476 2402 1476 2416 1476 2415 1476 2400 1476 2417 1476 2401 1476 2400 1476 2418 1476 2417 1476 2426 1476 2421 1476 2427 1476 2426 1476 2422 1476 2421 1476 2428 1476 2429 1476 2430 1476 2428 1476 2430 1476 2431 1476 2408 1476 2430 1476 2429 1476 2408 1476 2429 1476 2432 1476 2408 1967 2422 1967 2430 1967 2433 1476 2408 1476 2432 1476 2434 1476 2428 1476 2431 1476 2434 1476 2433 1476 2428 1476 2434 1476 2408 1476 2433 1476 2434 1968 2431 1968 2426 1968 2399 1476 2434 1476 2426 1476 2399 1956 2426 1956 2427 1956 2399 1955 2427 1955 2400 1955 1624 1820 1609 1820 2409 1820 1609 1820 2399 1820 2409 1820 1609 1842 1608 1842 2399 1842 1608 1842 2434 1842 2399 1842 1608 1843 1625 1843 2434 1843 1625 1843 2408 1843 2434 1843 1625 1844 1624 1844 2408 1844 1624 1844 2409 1844 2408 1844 2432 1842 2435 1842 2436 1842 2432 1842 2429 1842 2435 1842 2429 1843 2437 1843 2435 1843 2429 1843 2428 1843 2437 1843 2428 1844 2438 1844 2437 1844 2428 1844 2433 1844 2438 1844 2433 1820 2436 1820 2438 1820 2433 1820 2432 1820 2436 1820 2435 1476 2437 1476 2436 1476 2437 1476 2438 1476 2436 1476 2430 1842 2439 1842 2440 1842 2430 1842 2422 1842 2439 1842 2422 1843 2441 1843 2439 1843 2422 1843 2426 1843 2441 1843 2426 1844 2442 1844 2441 1844 2426 1844 2431 1844 2442 1844 2431 1820 2440 1820 2442 1820 2431 1820 2430 1820 2440 1820 2439 1476 2441 1476 2440 1476 2441 1476 2442 1476 2440 1476 2421 1842 2443 1842 2444 1842 2421 1842 2418 1842 2443 1842 2418 1843 2445 1843 2443 1843 2418 1843 2400 1843 2445 1843 2400 1844 2446 1844 2445 1844 2400 1844 2427 1844 2446 1844 2427 1820 2444 1820 2446 1820 2427 1820 2421 1820 2444 1820 2443 1476 2445 1476 2444 1476 2445 1476 2446 1476 2444 1476 2417 1842 2447 1842 2448 1842 2417 1842 2416 1842 2447 1842 2416 1843 2449 1843 2447 1843 2416 1843 2402 1843 2449 1843 2402 1844 2450 1844 2449 1844 2402 1844 2401 1844 2450 1844 2401 1820 2448 1820 2450 1820 2401 1820 2417 1820 2448 1820 2447 1476 2449 1476 2448 1476 2449 1476 2450 1476 2448 1476 2415 1842 2451 1842 2452 1842 2415 1842 2414 1842 2451 1842 2414 1843 2453 1843 2451 1843 2414 1843 2404 1843 2453 1843 2404 1844 2454 1844 2453 1844 2404 1844 2403 1844 2454 1844 2403 1820 2452 1820 2454 1820 2403 1820 2415 1820 2452 1820 2451 1476 2453 1476 2452 1476 2453 1476 2454 1476 2452 1476 2413 1842 2455 1842 2456 1842 2413 1842 2412 1842 2455 1842 2412 1843 2457 1843 2455 1843 2412 1843 2406 1843 2457 1843 2406 1844 2458 1844 2457 1844 2406 1844 2405 1844 2458 1844 2405 1820 2456 1820 2458 1820 2405 1820 2413 1820 2456 1820 2455 1476 2457 1476 2456 1476 2457 1476 2458 1476 2456 1476 2411 1842 2459 1842 2460 1842 2411 1842 2410 1842 2459 1842 2410 1843 2461 1843 2459 1843 2410 1843 2425 1843 2461 1843 2425 1844 2462 1844 2461 1844 2425 1844 2407 1844 2462 1844 2407 1820 2460 1820 2462 1820 2407 1820 2411 1820 2460 1820 2459 1476 2461 1476 2460 1476 2461 1476 2462 1476 2460 1476 2420 1843 2463 1843 2464 1843 2420 1843 2423 1843 2463 1843 2423 1844 2465 1844 2463 1844 2423 1844 2424 1844 2465 1844 2424 1820 2466 1820 2465 1820 2424 1820 2419 1820 2466 1820 2419 1842 2464 1842 2466 1842 2419 1842 2420 1842 2464 1842 2464 1476 2463 1476 2466 1476 2463 1476 2465 1476 2466 1476 2467 1476 2468 1476 2469 1476 2467 1476 2469 1476 2470 1476 2471 1476 2472 1476 2473 1476 2471 1476 2473 1476 2474 1476 2475 1476 2476 1476 2477 1476 2478 1969 2471 1969 2474 1969 2475 1476 2477 1476 2479 1476 2480 1476 2481 1476 2482 1476 2480 1476 2482 1476 2478 1476 2480 1476 2478 1476 2474 1476 2483 1476 2484 1476 2485 1476 2483 1476 2485 1476 2486 1476 2487 1970 2480 1970 2474 1970 2488 1476 2489 1476 2490 1476 2488 1476 2490 1476 2487 1476 2491 1476 2492 1476 2493 1476 2491 1476 2493 1476 2494 1476 2495 1476 2496 1476 2497 1476 2495 1476 2497 1476 2498 1476 2499 1476 2500 1476 2501 1476 2499 1476 2501 1476 2502 1476 2503 1476 2504 1476 2505 1476 2503 1476 2505 1476 2506 1476 2507 1476 2508 1476 2509 1476 2507 1476 2509 1476 2510 1476 2511 1476 2512 1476 2513 1476 2511 1476 2513 1476 2514 1476 2515 1476 2516 1476 2517 1476 2515 1476 2517 1476 2518 1476 2519 1476 2520 1476 2521 1476 2522 1476 2520 1476 2519 1476 2522 1476 2519 1476 2511 1476 2522 1476 2514 1476 2503 1476 2522 1476 2506 1476 2495 1476 2522 1476 2503 1476 2506 1476 2522 1476 2511 1476 2514 1476 2474 1971 2522 1971 2495 1971 2474 1972 2495 1972 2498 1972 2474 1476 2498 1476 2491 1476 2523 1476 2524 1476 2525 1476 2474 1973 2491 1973 2494 1973 2523 1476 2525 1476 2526 1476 2474 1476 2494 1476 2483 1476 2474 1972 2483 1972 2486 1972 2474 1476 2486 1476 2475 1476 2474 1973 2475 1973 2479 1973 2474 1476 2479 1476 2467 1476 2474 1972 2467 1972 2470 1972 2474 1476 2470 1476 2527 1476 2474 1973 2527 1973 2528 1973 2474 1476 2528 1476 2529 1476 2474 1972 2529 1972 2530 1972 2474 1476 2530 1476 2523 1476 2474 1476 2523 1476 2526 1476 2474 1476 2526 1476 2515 1476 2474 1476 2515 1476 2518 1476 2474 1476 2518 1476 2507 1476 2474 1476 2507 1476 2510 1476 2474 1476 2510 1476 2499 1476 2474 1476 2499 1476 2502 1476 2529 1476 2531 1476 2532 1476 2474 1476 2502 1476 2488 1476 2529 1476 2532 1476 2530 1476 2474 1476 2488 1476 2487 1476 2527 1476 2533 1476 2534 1476 2527 1476 2534 1476 2528 1476 2532 1842 2531 1842 2535 1842 2531 1842 2536 1842 2535 1842 2521 1842 2520 1842 2537 1842 2525 1842 2524 1842 2538 1842 2524 1842 2539 1842 2538 1842 2537 1842 2520 1842 2540 1842 2537 1842 2540 1842 2541 1842 2512 1842 2541 1842 2542 1842 2513 1842 2512 1842 2542 1842 2517 1842 2516 1842 2543 1842 2541 1842 2540 1842 2542 1842 2516 1842 2544 1842 2543 1842 2542 1842 2540 1842 2545 1842 2505 1842 2504 1842 2546 1842 2509 1842 2508 1842 2547 1842 2504 1842 2545 1842 2546 1842 2508 1842 2548 1842 2547 1842 2545 1842 2540 1842 2546 1842 2546 1842 2540 1842 2549 1842 2501 1842 2500 1842 2550 1842 2500 1842 2551 1842 2550 1842 2549 1842 2540 1842 2552 1842 2497 1842 2496 1842 2552 1842 2496 1842 2549 1842 2552 1842 2490 1842 2489 1842 2553 1842 2489 1842 2554 1842 2553 1842 2493 1842 2492 1842 2555 1842 2492 1842 2556 1842 2555 1842 2482 1842 2481 1842 2557 1842 2481 1842 2558 1842 2557 1842 2485 1842 2484 1842 2559 1842 2484 1842 2560 1842 2559 1842 2473 1842 2472 1842 2561 1842 2473 1974 2561 1974 2562 1974 2561 1842 2557 1842 2562 1842 2558 1842 2553 1842 2562 1842 2554 1842 2550 1842 2562 1842 2553 1842 2554 1842 2562 1842 2557 1842 2558 1842 2562 1842 2552 1842 2540 1842 2562 1842 2556 1842 2552 1842 2562 1842 2477 1842 2476 1842 2563 1842 2555 1842 2556 1842 2562 1842 2476 1842 2564 1842 2563 1842 2560 1842 2555 1842 2562 1842 2559 1842 2560 1842 2562 1842 2564 1842 2559 1842 2562 1842 2563 1842 2564 1842 2562 1842 2565 1842 2563 1842 2562 1842 2566 1842 2565 1842 2562 1842 2567 1842 2566 1842 2562 1842 2568 1842 2567 1842 2562 1842 2536 1842 2568 1842 2562 1842 2535 1842 2536 1842 2562 1842 2539 1842 2535 1842 2562 1842 2538 1842 2539 1842 2562 1842 2544 1842 2538 1842 2562 1842 2543 1842 2544 1842 2562 1842 2548 1842 2543 1842 2562 1842 2547 1842 2548 1842 2562 1842 2551 1842 2547 1842 2562 1842 2550 1842 2551 1842 2562 1842 2469 1842 2468 1842 2566 1842 2468 1842 2565 1842 2566 1842 2534 1842 2533 1842 2568 1842 2533 1842 2567 1842 2568 1842 1526 1820 2474 1820 2473 1820 1526 1820 2473 1820 1523 1820 2473 1820 2562 1820 2569 1820 1523 1820 2473 1820 2569 1820 1526 1842 1666 1842 2474 1842 1666 1842 2522 1842 2474 1842 1666 1975 1934 1975 2520 1975 1934 1843 2570 1843 2520 1843 1666 1843 2520 1843 2522 1843 2520 1843 2570 1843 2540 1843 1492 1844 1593 1844 2571 1844 1593 1844 2572 1844 2571 1844 1459 1976 2573 1976 2574 1976 1459 1476 1457 1476 2573 1476 2575 1476 2570 1476 2576 1476 2572 1476 2577 1476 2578 1476 2572 1977 2578 1977 2579 1977 2572 1476 2579 1476 2580 1476 2572 1978 2580 1978 2581 1978 2572 1979 2581 1979 2569 1979 1386 1476 1380 1476 2572 1476 2540 1980 1442 1980 1440 1980 1376 1476 2572 1476 1380 1476 2540 1981 1445 1981 1442 1981 2540 1982 2582 1982 1487 1982 2540 1983 2583 1983 2582 1983 2540 1984 2584 1984 2583 1984 2540 1985 2575 1985 2584 1985 2540 1476 2570 1476 2575 1476 2540 1476 1483 1476 2585 1476 2540 1986 1485 1986 1483 1986 1372 1476 2572 1476 1376 1476 2540 1987 1487 1987 1485 1987 2540 1988 2586 1988 1445 1988 2540 1989 2587 1989 2586 1989 1387 1990 1384 1990 2562 1990 1390 1476 1386 1476 2572 1476 2540 1991 2588 1991 2587 1991 1461 1992 2574 1992 2589 1992 2540 1993 2590 1993 2588 1993 2540 1994 2591 1994 2590 1994 2540 1995 2592 1995 2591 1995 2540 1996 2593 1996 2592 1996 2540 1997 2594 1997 2593 1997 2540 1998 2585 1998 2594 1998 2571 1476 2572 1476 1413 1476 1413 1999 2572 1999 1418 1999 1392 1476 1390 1476 2572 1476 1418 2000 2572 2000 1422 2000 1422 2001 2572 2001 1426 2001 1426 2002 2572 2002 2595 2002 1426 2003 2595 2003 2596 2003 1426 2004 2596 2004 2597 2004 2562 2005 2540 2005 1440 2005 2562 2006 1440 2006 1436 2006 2562 2007 1436 2007 1432 2007 1461 1476 1459 1476 2574 1476 2562 1476 1432 1476 2598 1476 2598 1476 1432 1476 2599 1476 1368 1476 2572 1476 1372 1476 1393 2008 2572 2008 2569 2008 1406 2009 2589 2009 2600 2009 1393 1476 1392 1476 2572 1476 1406 1476 1461 1476 2589 1476 1364 1476 2572 1476 1368 1476 2601 1476 1387 1476 2562 1476 1395 1476 1393 1476 2569 1476 1360 1476 2572 1476 1364 1476 1407 2010 2600 2010 2602 2010 1397 1476 1395 1476 2569 1476 1407 1476 1406 1476 2600 1476 1355 1476 2572 1476 1360 1476 1354 1476 2572 1476 1355 1476 1399 1476 1397 1476 2569 1476 1409 2011 2602 2011 2603 2011 1409 2012 1407 2012 2602 2012 2604 1476 2601 1476 2562 1476 1401 1476 2569 1476 2562 1476 1401 1476 1399 1476 2569 1476 2605 2013 2572 2013 1354 2013 1403 1476 1401 1476 2562 1476 2595 2014 2572 2014 2605 2014 1415 2015 2603 2015 2606 2015 1415 2016 1409 2016 2603 2016 2598 1476 2604 1476 2562 1476 1348 1476 1403 1476 2562 1476 1419 2017 2606 2017 2607 2017 1349 1476 1348 1476 2562 1476 1419 1476 1415 1476 2606 1476 1351 1476 1349 1476 2562 1476 1423 2018 2607 2018 2608 2018 1423 1476 1419 1476 2607 1476 1427 2019 2608 2019 2609 2019 1427 1476 1423 1476 2608 1476 1357 1476 1351 1476 2562 1476 1361 1476 1357 1476 2562 1476 1365 1476 1361 1476 2562 1476 1432 2020 2609 2020 2599 2020 1432 1476 1427 1476 2609 1476 1469 2021 2610 2021 2611 2021 1469 2022 2612 2022 2610 2022 1471 1476 1469 1476 2611 1476 1471 2023 2613 2023 2614 2023 1471 2024 2611 2024 2613 2024 1467 1476 2612 1476 1469 1476 1467 2025 2615 2025 2612 2025 1369 1476 1365 1476 2562 1476 1473 2026 2616 2026 2617 2026 1473 2027 2614 2027 2616 2027 1473 2028 1471 2028 2614 2028 1475 2029 2618 2029 2619 2029 1475 2030 2617 2030 2618 2030 1475 2031 1473 2031 2617 2031 1477 2032 1475 2032 2619 2032 1477 2033 2620 2033 2621 2033 1477 2034 2619 2034 2620 2034 2571 2035 1463 2035 2622 2035 2571 2036 1464 2036 1463 2036 2571 2037 1467 2037 1464 2037 2571 2038 2623 2038 2615 2038 2571 2039 1412 2039 2623 2039 2571 2040 1413 2040 1412 2040 2571 1476 2615 1476 1467 1476 1479 1476 1477 1476 2621 1476 1374 1476 1369 1476 2562 1476 1479 2041 2624 2041 2625 2041 1479 2042 2621 2042 2624 2042 2626 1476 2571 1476 2622 1476 2627 1476 2571 1476 2626 1476 1444 1476 1438 1476 2628 1476 1481 1476 1479 1476 2625 1476 1444 2043 2628 2043 2629 2043 1434 1476 2628 1476 1438 1476 1434 2044 2630 2044 2628 2044 1481 2045 2631 2045 2632 2045 1481 2046 2625 2046 2631 2046 1448 1476 1444 1476 2629 1476 1448 2047 2629 2047 2633 2047 1483 2048 1481 2048 2632 2048 1430 2049 2634 2049 2630 2049 1378 2050 1374 2050 2562 2050 1430 1476 2630 1476 1434 1476 1426 2051 2597 2051 2634 2051 1483 2052 2635 2052 2585 2052 1483 2053 2632 2053 2635 2053 1426 1476 2634 1476 1430 1476 1450 1476 1448 1476 2633 1476 1450 2054 2633 2054 2636 2054 1451 2055 2636 2055 2637 2055 1451 1476 1450 1476 2636 1476 1382 2056 1378 2056 2562 2056 2570 2057 2638 2057 2639 2057 2570 2058 2627 2058 2638 2058 2570 1476 2640 1476 2641 1476 2570 1476 2641 1476 2642 1476 2570 1476 2642 1476 2643 1476 2570 2059 2643 2059 2644 2059 2570 2060 2644 2060 2571 2060 2570 1476 2571 1476 2627 1476 1453 2061 2637 2061 2645 2061 1453 1476 1451 1476 2637 1476 1384 2062 1382 2062 2562 2062 1455 2063 2645 2063 2646 2063 2647 1476 2570 1476 2639 1476 1455 1476 1453 1476 2645 1476 1457 1476 1455 1476 2646 1476 2576 1476 2570 1476 2647 1476 1457 2064 2646 2064 2573 2064 1529 2065 2569 2065 2581 2065 1529 2065 1523 2065 2569 2065 1549 2066 2581 2066 2580 2066 1549 2066 1529 2066 2581 2066 1558 2067 2580 2067 2579 2067 1558 2067 1549 2067 2580 2067 1563 2068 2579 2068 2578 2068 1563 2068 1558 2068 2579 2068 1579 2069 2578 2069 2577 2069 1579 2069 1563 2069 2578 2069 1593 2070 2577 2070 2572 2070 1593 2070 1579 2070 2577 2070 1873 2071 2571 2071 2644 2071 1873 2071 1492 2071 2571 2071 1874 2072 2644 2072 2643 2072 1874 2072 1873 2072 2644 2072 1883 2073 2643 2073 2642 2073 1883 2073 1874 2073 2643 2073 1898 2074 2642 2074 2641 2074 1898 2074 1883 2074 2642 2074 1914 2075 2641 2075 2640 2075 1914 2075 1898 2075 2641 2075 1934 2076 2640 2076 2570 2076 1934 2076 1914 2076 2640 2076 2472 1820 2471 1820 2648 1820 2648 1820 2649 1820 2650 1820 2649 2077 2651 2077 2650 2077 2651 1820 2652 1820 2650 1820 2652 1820 2653 1820 2650 1820 2653 1820 2654 1820 2650 1820 2472 1820 2648 1820 2561 1820 2648 1820 2650 1820 2561 1820 2557 1843 2655 1843 2656 1843 2478 1843 2482 1843 2656 1843 2482 1843 2557 1843 2656 1843 2655 2078 2657 2078 2658 2078 2657 1843 2659 1843 2658 1843 2660 1843 2661 1843 2658 1843 2661 1843 2656 1843 2658 1843 2656 2079 2655 2079 2658 2079 2561 1476 2650 1476 2557 1476 2650 1476 2655 1476 2557 1476 2656 1842 2648 1842 2471 1842 2656 1842 2471 1842 2478 1842 2657 2080 2655 2080 2650 2080 2657 2080 2650 2080 2654 2080 2659 2081 2654 2081 2653 2081 2659 2081 2657 2081 2654 2081 2658 2082 2653 2082 2652 2082 2658 2083 2659 2083 2653 2083 2660 2084 2652 2084 2651 2084 2660 2085 2658 2085 2652 2085 2661 2086 2651 2086 2649 2086 2661 2087 2660 2087 2651 2087 2656 2088 2649 2088 2648 2088 2656 2089 2661 2089 2649 2089 2481 1820 2480 1820 2662 1820 2662 1820 2663 1820 2664 1820 2663 1820 2665 1820 2664 1820 2665 2090 2666 2090 2664 2090 2666 1820 2667 1820 2664 1820 2667 1820 2668 1820 2664 1820 2481 1820 2662 1820 2558 1820 2662 1820 2664 1820 2558 1820 2553 1843 2669 1843 2670 1843 2487 1843 2490 1843 2670 1843 2490 1843 2553 1843 2670 1843 2669 1843 2671 1843 2672 1843 2671 2091 2673 2091 2672 2091 2674 1843 2675 1843 2672 1843 2675 1843 2670 1843 2672 1843 2670 1843 2669 1843 2672 1843 2558 1476 2664 1476 2553 1476 2664 1476 2669 1476 2553 1476 2670 1842 2662 1842 2480 1842 2670 1842 2480 1842 2487 1842 2489 1820 2488 1820 2676 1820 2676 1820 2677 1820 2678 1820 2677 1820 2679 1820 2678 1820 2679 1820 2680 1820 2678 1820 2680 1820 2681 1820 2678 1820 2681 1820 2682 1820 2678 1820 2489 1820 2676 1820 2554 1820 2676 1820 2678 1820 2554 1820 2550 1843 2683 1843 2684 1843 2502 1843 2501 1843 2684 1843 2501 1843 2550 1843 2684 1843 2683 1843 2685 1843 2686 1843 2685 1843 2687 1843 2686 1843 2688 1843 2689 1843 2686 1843 2689 1843 2684 1843 2686 1843 2684 1843 2683 1843 2686 1843 2554 1476 2678 1476 2550 1476 2678 1476 2683 1476 2550 1476 2684 1842 2676 1842 2488 1842 2684 1842 2488 1842 2502 1842 2500 1820 2499 1820 2690 1820 2690 1820 2691 1820 2692 1820 2691 2092 2693 2092 2692 2092 2693 1820 2694 1820 2692 1820 2694 1820 2695 1820 2692 1820 2695 1820 2696 1820 2692 1820 2500 1820 2690 1820 2551 1820 2690 1820 2692 1820 2551 1820 2547 1843 2697 1843 2698 1843 2510 1843 2509 1843 2698 1843 2509 1843 2547 1843 2698 1843 2697 1843 2699 1843 2700 1843 2699 1843 2701 1843 2700 1843 2702 1843 2703 1843 2700 1843 2703 1843 2698 1843 2700 1843 2698 1843 2697 1843 2700 1843 2551 1476 2692 1476 2547 1476 2692 1476 2697 1476 2547 1476 2698 1842 2690 1842 2499 1842 2698 1842 2499 1842 2510 1842 2508 1820 2507 1820 2704 1820 2704 1820 2705 1820 2706 1820 2705 2093 2707 2093 2706 2093 2707 2094 2708 2094 2706 2094 2708 2095 2709 2095 2706 2095 2709 1820 2710 1820 2706 1820 2508 1820 2704 1820 2548 1820 2704 1820 2706 1820 2548 1820 2543 1843 2711 1843 2712 1843 2518 1843 2517 1843 2712 1843 2517 1843 2543 1843 2712 1843 2711 2096 2713 2096 2714 2096 2713 1843 2715 1843 2714 1843 2716 1843 2717 1843 2714 1843 2717 1843 2712 1843 2714 1843 2712 2097 2711 2097 2714 2097 2548 1476 2706 1476 2543 1476 2706 1476 2711 1476 2543 1476 2712 1842 2704 1842 2507 1842 2712 1842 2507 1842 2518 1842 2516 1820 2515 1820 2718 1820 2718 1820 2719 1820 2720 1820 2719 2093 2721 2093 2720 2093 2721 2094 2722 2094 2720 2094 2722 1820 2723 1820 2720 1820 2723 1820 2724 1820 2720 1820 2516 1820 2718 1820 2544 1820 2718 1820 2720 1820 2544 1820 2538 1843 2725 1843 2726 1843 2526 1843 2525 1843 2726 1843 2525 1843 2538 1843 2726 1843 2725 2096 2727 2096 2728 2096 2727 1843 2729 1843 2728 1843 2730 1843 2731 1843 2728 1843 2731 1843 2726 1843 2728 1843 2726 2097 2725 2097 2728 2097 2544 1476 2720 1476 2538 1476 2720 1476 2725 1476 2538 1476 2726 1842 2718 1842 2515 1842 2726 1842 2515 1842 2526 1842 2524 1820 2523 1820 2732 1820 2732 1820 2733 1820 2734 1820 2733 2098 2735 2098 2734 2098 2735 2099 2736 2099 2734 2099 2736 1820 2737 1820 2734 1820 2737 1820 2738 1820 2734 1820 2524 1820 2732 1820 2539 1820 2732 1820 2734 1820 2539 1820 2535 1843 2739 1843 2740 1843 2530 1843 2532 1843 2740 1843 2532 1843 2535 1843 2740 1843 2739 1843 2741 1843 2742 1843 2741 2100 2743 2100 2742 2100 2744 1843 2745 1843 2742 1843 2745 1843 2740 1843 2742 1843 2740 2097 2739 2097 2742 2097 2539 1476 2734 1476 2535 1476 2734 1476 2739 1476 2535 1476 2740 1842 2732 1842 2523 1842 2740 1842 2523 1842 2530 1842 2531 1820 2529 1820 2746 1820 2746 1820 2747 1820 2748 1820 2747 2098 2749 2098 2748 2098 2749 2101 2750 2101 2748 2101 2750 1820 2751 1820 2748 1820 2751 1820 2752 1820 2748 1820 2531 1820 2746 1820 2536 1820 2746 1820 2748 1820 2536 1820 2568 1843 2753 1843 2754 1843 2528 1843 2534 1843 2754 1843 2534 1843 2568 1843 2754 1843 2753 2102 2755 2102 2756 2102 2755 2100 2757 2100 2756 2100 2758 1843 2759 1843 2756 1843 2759 1843 2754 1843 2756 1843 2754 1843 2753 1843 2756 1843 2536 1476 2748 1476 2568 1476 2748 1476 2753 1476 2568 1476 2754 1842 2746 1842 2529 1842 2754 1842 2529 1842 2528 1842 2533 1820 2527 1820 2760 1820 2760 1820 2761 1820 2762 1820 2761 2098 2763 2098 2762 2098 2763 2101 2764 2101 2762 2101 2764 1820 2765 1820 2762 1820 2765 1820 2766 1820 2762 1820 2533 1820 2760 1820 2567 1820 2760 1820 2762 1820 2567 1820 2566 2103 2767 2103 2768 2103 2470 1843 2469 1843 2768 1843 2469 1843 2566 1843 2768 1843 2767 2102 2769 2102 2770 2102 2769 2100 2771 2100 2770 2100 2772 1843 2773 1843 2770 1843 2773 1843 2768 1843 2770 1843 2768 1843 2767 1843 2770 1843 2567 1476 2762 1476 2566 1476 2762 1476 2767 1476 2566 1476 2768 1842 2760 1842 2527 1842 2768 1842 2527 1842 2470 1842 2468 1820 2467 1820 2774 1820 2774 1820 2775 1820 2776 1820 2775 2098 2777 2098 2776 2098 2777 2101 2778 2101 2776 2101 2778 1820 2779 1820 2776 1820 2779 1820 2780 1820 2776 1820 2468 1820 2774 1820 2565 1820 2774 1820 2776 1820 2565 1820 2563 2103 2781 2103 2782 2103 2479 1843 2477 1843 2782 1843 2477 1843 2563 1843 2782 1843 2781 2102 2783 2102 2784 2102 2783 2100 2785 2100 2784 2100 2786 1843 2787 1843 2784 1843 2787 2104 2782 2104 2784 2104 2782 1843 2781 1843 2784 1843 2565 1476 2776 1476 2563 1476 2776 1476 2781 1476 2563 1476 2782 1842 2774 1842 2467 1842 2782 1842 2467 1842 2479 1842 2476 1820 2475 1820 2788 1820 2788 1820 2789 1820 2790 1820 2789 2098 2791 2098 2790 2098 2791 2101 2792 2101 2790 2101 2792 1820 2793 1820 2790 1820 2793 1820 2794 1820 2790 1820 2476 1820 2788 1820 2564 1820 2788 1820 2790 1820 2564 1820 2559 2103 2795 2103 2796 2103 2486 1843 2485 1843 2796 1843 2485 1843 2559 1843 2796 1843 2795 1843 2797 1843 2798 1843 2797 2105 2799 2105 2798 2105 2800 1843 2801 1843 2798 1843 2801 2104 2796 2104 2798 2104 2796 1843 2795 1843 2798 1843 2564 1476 2790 1476 2559 1476 2790 1476 2795 1476 2559 1476 2796 1842 2788 1842 2475 1842 2796 1842 2475 1842 2486 1842 2484 1820 2483 1820 2802 1820 2802 1820 2803 1820 2804 1820 2803 1820 2805 1820 2804 1820 2805 1820 2806 1820 2804 1820 2806 2106 2807 2106 2804 2106 2807 1820 2808 1820 2804 1820 2484 1820 2802 1820 2560 1820 2802 2107 2804 2107 2560 2107 2555 2108 2809 2108 2810 2108 2494 1843 2493 1843 2810 1843 2493 1843 2555 1843 2810 1843 2809 1843 2811 1843 2812 1843 2811 2109 2813 2109 2812 2109 2814 1843 2815 1843 2812 1843 2815 2104 2810 2104 2812 2104 2810 1843 2809 1843 2812 1843 2560 1476 2804 1476 2555 1476 2804 1476 2809 1476 2555 1476 2810 1842 2802 1842 2483 1842 2810 1842 2483 1842 2494 1842 2492 1820 2491 1820 2816 1820 2816 1820 2817 1820 2818 1820 2817 1820 2819 1820 2818 1820 2819 2101 2820 2101 2818 2101 2820 2106 2821 2106 2818 2106 2821 1820 2822 1820 2818 1820 2492 1820 2816 1820 2556 1820 2816 2107 2818 2107 2556 2107 2552 2108 2823 2108 2824 2108 2498 1843 2497 1843 2824 1843 2497 1843 2552 1843 2824 1843 2823 1843 2825 1843 2826 1843 2825 2109 2827 2109 2826 2109 2828 1843 2829 1843 2826 1843 2829 2104 2824 2104 2826 2104 2824 1843 2823 1843 2826 1843 2556 1476 2818 1476 2552 1476 2818 1476 2823 1476 2552 1476 2824 1842 2816 1842 2491 1842 2824 1842 2491 1842 2498 1842 2496 1820 2495 1820 2830 1820 2830 1820 2831 1820 2832 1820 2831 1820 2833 1820 2832 1820 2833 1820 2834 1820 2832 1820 2834 2106 2835 2106 2832 2106 2835 1820 2836 1820 2832 1820 2496 1820 2830 1820 2549 1820 2830 2107 2832 2107 2549 2107 2546 2108 2837 2108 2838 2108 2506 1843 2505 1843 2838 1843 2505 1843 2546 1843 2838 1843 2837 1843 2839 1843 2840 1843 2839 2109 2841 2109 2840 2109 2842 1843 2843 1843 2840 1843 2843 2104 2838 2104 2840 2104 2838 1843 2837 1843 2840 1843 2549 1476 2832 1476 2546 1476 2832 1476 2837 1476 2546 1476 2838 1842 2830 1842 2495 1842 2838 1842 2495 1842 2506 1842 2504 1820 2503 1820 2844 1820 2844 1820 2845 1820 2846 1820 2845 1820 2847 1820 2846 1820 2847 1820 2848 1820 2846 1820 2848 2106 2849 2106 2846 2106 2849 1820 2850 1820 2846 1820 2504 1820 2844 1820 2545 1820 2844 2107 2846 2107 2545 2107 2542 2108 2851 2108 2852 2108 2514 1843 2513 1843 2852 1843 2513 1843 2542 1843 2852 1843 2851 1843 2853 1843 2854 1843 2853 2109 2855 2109 2854 2109 2856 1843 2857 1843 2854 1843 2857 2104 2852 2104 2854 2104 2852 1843 2851 1843 2854 1843 2545 1476 2846 1476 2542 1476 2846 1476 2851 1476 2542 1476 2852 1842 2844 1842 2503 1842 2852 1842 2503 1842 2514 1842 2512 1820 2511 1820 2858 1820 2858 1820 2859 1820 2860 1820 2859 1820 2861 1820 2860 1820 2861 1820 2862 1820 2860 1820 2862 2106 2863 2106 2860 2106 2863 1820 2864 1820 2860 1820 2512 1820 2858 1820 2541 1820 2858 2107 2860 2107 2541 2107 2537 2108 2865 2108 2866 2108 2519 1843 2521 1843 2866 1843 2521 1843 2537 1843 2866 1843 2865 1843 2867 1843 2868 1843 2867 2109 2869 2109 2868 2109 2870 1843 2871 1843 2868 1843 2871 1843 2866 1843 2868 1843 2866 1843 2865 1843 2868 1843 2541 1476 2860 1476 2537 1476 2860 1476 2865 1476 2537 1476 2866 1842 2858 1842 2511 1842 2866 1842 2511 1842 2519 1842 2671 2110 2669 2110 2664 2110 2671 2110 2664 2110 2668 2110 2673 2111 2668 2111 2667 2111 2673 2111 2671 2111 2668 2111 2672 2112 2667 2112 2666 2112 2672 2113 2673 2113 2667 2113 2674 2114 2666 2114 2665 2114 2674 2115 2672 2115 2666 2115 2675 2116 2665 2116 2663 2116 2675 2117 2674 2117 2665 2117 2670 2118 2663 2118 2662 2118 2670 2119 2675 2119 2663 2119 2685 2110 2683 2110 2678 2110 2685 2110 2678 2110 2682 2110 2687 2111 2682 2111 2681 2111 2687 2111 2685 2111 2682 2111 2686 2112 2681 2112 2680 2112 2686 2112 2687 2112 2681 2112 2688 2115 2680 2115 2679 2115 2688 2115 2686 2115 2680 2115 2689 2120 2679 2120 2677 2120 2689 2116 2688 2116 2679 2116 2684 2119 2677 2119 2676 2119 2684 2119 2689 2119 2677 2119 2699 2110 2697 2110 2692 2110 2699 2110 2692 2110 2696 2110 2701 2111 2696 2111 2695 2111 2701 2111 2699 2111 2696 2111 2700 2112 2695 2112 2694 2112 2700 2112 2701 2112 2695 2112 2702 2115 2694 2115 2693 2115 2702 2115 2700 2115 2694 2115 2703 2116 2693 2116 2691 2116 2703 2116 2702 2116 2693 2116 2698 2119 2691 2119 2690 2119 2698 2119 2703 2119 2691 2119 2713 2110 2711 2110 2706 2110 2713 2110 2706 2110 2710 2110 2715 2111 2710 2111 2709 2111 2715 2111 2713 2111 2710 2111 2714 2112 2709 2112 2708 2112 2714 2112 2715 2112 2709 2112 2716 2121 2708 2121 2707 2121 2716 2115 2714 2115 2708 2115 2717 2116 2707 2116 2705 2116 2717 2116 2716 2116 2707 2116 2712 2119 2705 2119 2704 2119 2712 2119 2717 2119 2705 2119 2727 2110 2725 2110 2720 2110 2727 2110 2720 2110 2724 2110 2729 2111 2724 2111 2723 2111 2729 2111 2727 2111 2724 2111 2728 2112 2723 2112 2722 2112 2728 2112 2729 2112 2723 2112 2730 2115 2722 2115 2721 2115 2730 2115 2728 2115 2722 2115 2731 2116 2721 2116 2719 2116 2731 2116 2730 2116 2721 2116 2726 2119 2719 2119 2718 2119 2726 2119 2731 2119 2719 2119 2741 2110 2739 2110 2734 2110 2741 2110 2734 2110 2738 2110 2743 2111 2738 2111 2737 2111 2743 2111 2741 2111 2738 2111 2742 2112 2737 2112 2736 2112 2742 2112 2743 2112 2737 2112 2744 2115 2736 2115 2735 2115 2744 2115 2742 2115 2736 2115 2745 2122 2735 2122 2733 2122 2745 2116 2744 2116 2735 2116 2740 2119 2733 2119 2732 2119 2740 2119 2745 2119 2733 2119 2755 2110 2753 2110 2748 2110 2755 2110 2748 2110 2752 2110 2757 2111 2752 2111 2751 2111 2757 2111 2755 2111 2752 2111 2756 2112 2751 2112 2750 2112 2756 2112 2757 2112 2751 2112 2758 2115 2750 2115 2749 2115 2758 2115 2756 2115 2750 2115 2759 2116 2749 2116 2747 2116 2759 2116 2758 2116 2749 2116 2754 2119 2747 2119 2746 2119 2754 2119 2759 2119 2747 2119 2769 2110 2767 2110 2762 2110 2769 2110 2762 2110 2766 2110 2771 2111 2766 2111 2765 2111 2771 2111 2769 2111 2766 2111 2770 2112 2765 2112 2764 2112 2770 2112 2771 2112 2765 2112 2772 2115 2764 2115 2763 2115 2772 2115 2770 2115 2764 2115 2773 2116 2763 2116 2761 2116 2773 2116 2772 2116 2763 2116 2768 2119 2761 2119 2760 2119 2768 2119 2773 2119 2761 2119 2783 2110 2781 2110 2776 2110 2783 2110 2776 2110 2780 2110 2785 2111 2780 2111 2779 2111 2785 2111 2783 2111 2780 2111 2784 2112 2779 2112 2778 2112 2784 2112 2785 2112 2779 2112 2786 2115 2778 2115 2777 2115 2786 2115 2784 2115 2778 2115 2787 2116 2777 2116 2775 2116 2787 2116 2786 2116 2777 2116 2782 2119 2775 2119 2774 2119 2782 2119 2787 2119 2775 2119 2797 2110 2795 2110 2790 2110 2797 2110 2790 2110 2794 2110 2799 2111 2794 2111 2793 2111 2799 2111 2797 2111 2794 2111 2798 2112 2793 2112 2792 2112 2798 2112 2799 2112 2793 2112 2800 2115 2792 2115 2791 2115 2800 2115 2798 2115 2792 2115 2801 2116 2791 2116 2789 2116 2801 2116 2800 2116 2791 2116 2796 2119 2789 2119 2788 2119 2796 2119 2801 2119 2789 2119 2811 2110 2809 2110 2804 2110 2811 2110 2804 2110 2808 2110 2813 2111 2808 2111 2807 2111 2813 2111 2811 2111 2808 2111 2812 2112 2807 2112 2806 2112 2812 2112 2813 2112 2807 2112 2814 2115 2806 2115 2805 2115 2814 2115 2812 2115 2806 2115 2815 2116 2805 2116 2803 2116 2815 2116 2814 2116 2805 2116 2810 2119 2803 2119 2802 2119 2810 2119 2815 2119 2803 2119 2825 2110 2823 2110 2818 2110 2825 2110 2818 2110 2822 2110 2827 2111 2822 2111 2821 2111 2827 2111 2825 2111 2822 2111 2826 2112 2821 2112 2820 2112 2826 2112 2827 2112 2821 2112 2828 2115 2820 2115 2819 2115 2828 2115 2826 2115 2820 2115 2829 2116 2819 2116 2817 2116 2829 2116 2828 2116 2819 2116 2824 2119 2817 2119 2816 2119 2824 2119 2829 2119 2817 2119 2839 2110 2837 2110 2832 2110 2839 2110 2832 2110 2836 2110 2841 2111 2836 2111 2835 2111 2841 2111 2839 2111 2836 2111 2840 2112 2835 2112 2834 2112 2840 2112 2841 2112 2835 2112 2842 2115 2834 2115 2833 2115 2842 2115 2840 2115 2834 2115 2843 2116 2833 2116 2831 2116 2843 2116 2842 2116 2833 2116 2838 2119 2831 2119 2830 2119 2838 2119 2843 2119 2831 2119 2853 2110 2851 2110 2846 2110 2853 2110 2846 2110 2850 2110 2855 2111 2850 2111 2849 2111 2855 2111 2853 2111 2850 2111 2854 2112 2849 2112 2848 2112 2854 2112 2855 2112 2849 2112 2856 2123 2848 2123 2847 2123 2856 2115 2854 2115 2848 2115 2857 2116 2847 2116 2845 2116 2857 2116 2856 2116 2847 2116 2852 2119 2845 2119 2844 2119 2852 2119 2857 2119 2845 2119 2867 2110 2865 2110 2860 2110 2867 2110 2860 2110 2864 2110 2869 2111 2864 2111 2863 2111 2869 2111 2867 2111 2864 2111 2868 2112 2863 2112 2862 2112 2868 2112 2869 2112 2863 2112 2870 2115 2862 2115 2861 2115 2870 2115 2868 2115 2862 2115 2871 2116 2861 2116 2859 2116 2871 2116 2870 2116 2861 2116 2866 2119 2859 2119 2858 2119 2866 2119 2871 2119 2859 2119 1486 2124 1487 2124 2582 2124 2872 2125 1486 2125 2582 2125 2873 2126 2872 2126 2583 2126 2872 2127 2582 2127 2583 2127 2874 2128 2873 2128 2584 2128 2873 2129 2583 2129 2584 2129 2875 2130 2874 2130 2575 2130 2874 2131 2584 2131 2575 2131 2876 2132 2875 2132 2576 2132 2875 2132 2575 2132 2576 2132 2877 2133 2876 2133 2647 2133 2876 2133 2576 2133 2647 2133 2878 2134 2877 2134 2639 2134 2877 2135 2647 2135 2639 2135 2879 2136 2878 2136 2638 2136 2878 2137 2639 2137 2638 2137 2880 2138 2879 2138 2627 2138 2879 2138 2638 2138 2627 2138 2881 2139 2880 2139 2626 2139 2880 2140 2627 2140 2626 2140 2882 2141 2881 2141 2622 2141 2881 2142 2626 2142 2622 2142 1462 2143 2882 2143 1463 2143 2882 2143 2622 2143 1463 2143 2874 2144 1486 2144 2872 2144 2874 2145 2872 2145 2873 2145 2874 2146 2875 2146 2876 2146 2874 2147 2876 2147 2877 2147 2874 2148 2877 2148 2878 2148 2874 2149 2878 2149 2879 2149 2874 1476 2879 1476 2880 1476 2874 1476 2880 1476 2881 1476 2874 2150 2881 2150 2882 2150 2874 2151 2882 2151 1462 2151 2874 2152 1462 2152 1465 2152 2874 2153 1465 2153 1466 2153 2874 2154 1466 2154 1468 2154 2874 2155 1468 2155 1470 2155 2874 2156 1470 2156 1472 2156 2874 2157 1472 2157 1474 2157 2874 2158 1474 2158 1476 2158 2874 2159 1476 2159 1478 2159 2874 2160 1478 2160 1480 2160 2874 2161 1480 2161 1482 2161 2874 2162 1482 2162 1484 2162 2874 2163 1484 2163 1486 2163 2883 2164 2884 2164 2619 2164 2883 2165 2619 2165 2618 2165 2885 2166 2883 2166 2618 2166 2885 2167 2618 2167 2617 2167 2886 2168 2885 2168 2617 2168 1446 2169 1445 2169 2586 2169 2887 2170 1446 2170 2586 2170 2886 2171 2617 2171 2616 2171 2888 2171 2886 2171 2616 2171 2889 2172 2887 2172 2587 2172 2887 2172 2586 2172 2587 2172 2888 2173 2616 2173 2614 2173 2890 2173 2888 2173 2614 2173 2891 2174 2889 2174 2588 2174 2889 2175 2587 2175 2588 2175 2890 2176 2614 2176 2613 2176 2892 2177 2890 2177 2613 2177 2893 2178 2891 2178 2590 2178 2891 2178 2588 2178 2590 2178 2894 2179 2892 2179 2611 2179 2892 2180 2613 2180 2611 2180 2895 2181 2893 2181 2591 2181 2893 2182 2590 2182 2591 2182 2896 2183 2894 2183 2610 2183 2894 2183 2611 2183 2610 2183 2897 2184 2895 2184 2592 2184 2898 2185 2896 2185 2612 2185 2895 2184 2591 2184 2592 2184 2896 2185 2610 2185 2612 2185 2899 2186 2897 2186 2593 2186 2900 2187 2898 2187 2615 2187 2897 2188 2592 2188 2593 2188 2898 2187 2612 2187 2615 2187 2901 2189 2900 2189 2623 2189 2902 2190 2899 2190 2594 2190 2900 2191 2615 2191 2623 2191 2899 2192 2593 2192 2594 2192 2901 2193 2623 2193 1412 2193 1411 2194 2901 2194 1412 2194 2903 2195 2902 2195 2585 2195 2902 2195 2594 2195 2585 2195 2904 2196 2903 2196 2635 2196 2903 2196 2585 2196 2635 2196 2904 2197 2635 2197 2632 2197 2905 2197 2904 2197 2632 2197 2905 2198 2632 2198 2631 2198 2906 2198 2905 2198 2631 2198 2906 2199 2631 2199 2625 2199 2907 2199 2906 2199 2625 2199 2907 2200 2625 2200 2624 2200 2908 2200 2907 2200 2624 2200 2908 2201 2624 2201 2621 2201 2909 2202 2908 2202 2621 2202 2909 2203 2621 2203 2620 2203 2884 2204 2909 2204 2620 2204 2884 2164 2620 2164 2619 2164 2899 2205 2905 2205 2906 2205 2899 2206 2906 2206 2907 2206 2899 2207 2907 2207 2908 2207 2899 2208 2908 2208 2909 2208 2899 2209 2909 2209 2884 2209 2899 2210 2884 2210 2883 2210 2899 2211 2883 2211 2885 2211 2899 2212 2885 2212 2886 2212 2899 2213 2886 2213 2888 2213 2899 1476 2888 1476 2890 1476 2899 1476 2890 1476 2892 1476 2899 2214 2892 2214 2894 2214 2899 2215 2894 2215 2896 2215 2899 2216 2896 2216 2898 2216 2899 1476 2898 1476 2900 1476 2899 2217 2900 2217 2901 2217 2899 2218 2901 2218 1411 2218 2899 2219 1411 2219 1414 2219 2899 2220 1414 2220 1417 2220 2899 2221 1417 2221 1421 2221 2899 2222 1421 2222 1425 2222 2899 2223 1425 2223 1429 2223 2899 2224 1429 2224 1433 2224 2899 2225 1433 2225 1437 2225 2899 2226 1437 2226 1443 2226 2899 2227 1443 2227 1447 2227 2899 2228 1447 2228 1449 2228 2899 2229 1449 2229 1452 2229 2899 2230 1452 2230 1454 2230 2899 1476 1454 1476 1456 1476 2899 2231 1456 2231 1458 2231 2899 2232 1458 2232 1460 2232 2899 1476 1460 1476 1405 1476 2899 2233 1405 2233 1404 2233 2899 2234 1404 2234 1408 2234 2899 2235 1408 2235 1410 2235 2899 2236 1410 2236 1416 2236 2899 2237 1416 2237 1420 2237 2899 2238 1420 2238 1424 2238 2899 2239 1424 2239 1428 2239 2899 2240 1428 2240 1431 2240 2899 2241 1431 2241 1435 2241 2899 2242 1435 2242 1439 2242 2899 2243 1439 2243 1441 2243 2899 2244 1441 2244 1446 2244 2899 2245 1446 2245 2887 2245 2899 2246 2887 2246 2889 2246 2899 1476 2889 1476 2891 1476 2899 2247 2891 2247 2893 2247 2899 2248 2893 2248 2895 2248 2899 2249 2895 2249 2897 2249 2899 2250 2902 2250 2903 2250 2899 2251 2903 2251 2904 2251 2899 2252 2904 2252 2905 2252 2910 2253 2911 2253 2637 2253 2910 2165 2637 2165 2636 2165 2912 2166 2910 2166 2636 2166 2912 2167 2636 2167 2633 2167 2913 2168 2912 2168 2633 2168 1388 2169 1387 2169 2601 2169 2914 2170 1388 2170 2601 2170 2913 2171 2633 2171 2629 2171 2915 2171 2913 2171 2629 2171 2916 2172 2914 2172 2604 2172 2914 2172 2601 2172 2604 2172 2915 2173 2629 2173 2628 2173 2917 2173 2915 2173 2628 2173 2918 2174 2916 2174 2598 2174 2916 2175 2604 2175 2598 2175 2917 2176 2628 2176 2630 2176 2919 2177 2917 2177 2630 2177 2920 2178 2918 2178 2599 2178 2918 2178 2598 2178 2599 2178 2921 2179 2919 2179 2634 2179 2919 2180 2630 2180 2634 2180 2922 2181 2920 2181 2609 2181 2920 2182 2599 2182 2609 2182 2923 2183 2921 2183 2597 2183 2921 2183 2634 2183 2597 2183 2924 2184 2922 2184 2608 2184 2925 2185 2923 2185 2596 2185 2922 2184 2609 2184 2608 2184 2923 2185 2597 2185 2596 2185 2926 2186 2924 2186 2607 2186 2927 2187 2925 2187 2595 2187 2924 2188 2608 2188 2607 2188 2925 2187 2596 2187 2595 2187 2928 2189 2927 2189 2605 2189 2929 2190 2926 2190 2606 2190 2927 2191 2595 2191 2605 2191 2926 2192 2607 2192 2606 2192 2928 2193 2605 2193 1354 2193 1353 2194 2928 2194 1354 2194 2930 2195 2929 2195 2603 2195 2929 2195 2606 2195 2603 2195 2931 2196 2930 2196 2602 2196 2930 2196 2603 2196 2602 2196 2931 2197 2602 2197 2600 2197 2932 2197 2931 2197 2600 2197 2932 2254 2600 2254 2589 2254 2933 2254 2932 2254 2589 2254 2933 2255 2589 2255 2574 2255 2934 2255 2933 2255 2574 2255 2934 2200 2574 2200 2573 2200 2935 2200 2934 2200 2573 2200 2935 2201 2573 2201 2646 2201 2936 2202 2935 2202 2646 2202 2936 2256 2646 2256 2645 2256 2911 2257 2936 2257 2645 2257 2911 2253 2645 2253 2637 2253 2926 1476 2932 1476 2933 1476 2926 1476 2933 1476 2934 1476 2926 2258 2934 2258 2935 2258 2926 2259 2935 2259 2936 2259 2926 1476 2936 1476 2911 1476 2926 1476 2911 1476 2910 1476 2926 2260 2910 2260 2912 2260 2926 2261 2912 2261 2913 2261 2926 2262 2913 2262 2915 2262 2926 1476 2915 1476 2917 1476 2926 1476 2917 1476 2919 1476 2926 2263 2919 2263 2921 2263 2926 2264 2921 2264 2923 2264 2926 2265 2923 2265 2925 2265 2926 1476 2925 1476 2927 1476 2926 2266 2927 2266 2928 2266 2926 2267 2928 2267 1353 2267 2926 2268 1353 2268 1356 2268 2926 2269 1356 2269 1359 2269 2926 1476 1359 1476 1363 1476 2926 2270 1363 2270 1367 2270 2926 2271 1367 2271 1371 2271 2926 2272 1371 2272 1375 2272 2926 2273 1375 2273 1379 2273 2926 2274 1379 2274 1385 2274 2926 2275 1385 2275 1389 2275 2926 2276 1389 2276 1391 2276 2926 2277 1391 2277 1394 2277 2926 2278 1394 2278 1396 2278 2926 1476 1396 1476 1398 1476 2926 2279 1398 2279 1400 2279 2926 2280 1400 2280 1402 2280 2926 1476 1402 1476 1347 1476 2926 2281 1347 2281 1346 2281 2926 2282 1346 2282 1350 2282 2926 2283 1350 2283 1352 2283 2926 2284 1352 2284 1358 2284 2926 2285 1358 2285 1362 2285 2926 2286 1362 2286 1366 2286 2926 2287 1366 2287 1370 2287 2926 2288 1370 2288 1373 2288 2926 2289 1373 2289 1377 2289 2926 1476 1377 1476 1381 1476 2926 2290 1381 2290 1383 2290 2926 2291 1383 2291 1388 2291 2926 2292 1388 2292 2914 2292 2926 2293 2914 2293 2916 2293 2926 1476 2916 1476 2918 1476 2926 2294 2918 2294 2920 2294 2926 2248 2920 2248 2922 2248 2926 2295 2922 2295 2924 2295 2926 2296 2929 2296 2930 2296 2926 2297 2930 2297 2931 2297 2926 2298 2931 2298 2932 2298 2937 1476 2938 1476 2939 1476 2940 1476 2937 1476 2941 1476 2940 1476 2941 1476 2942 1476 2943 2299 2944 2299 2945 2299 2943 2300 2945 2300 2946 2300 2943 1476 2946 1476 2947 1476 2943 1476 2947 1476 2948 1476 2943 1476 2948 1476 2949 1476 2943 1476 2949 1476 2950 1476 2943 1476 2938 1476 2937 1476 2943 1476 2950 1476 2951 1476 2943 1476 2951 1476 2938 1476 2952 2301 2944 2301 2943 2301 2953 2302 2952 2302 2943 2302 2954 2303 2953 2303 2943 2303 2955 1476 2954 1476 2943 1476 2956 2304 2955 2304 2943 2304 2957 1476 2956 1476 2943 1476 2958 1476 2939 1476 2959 1476 2958 1476 2959 1476 2960 1476 2958 1476 2960 1476 2961 1476 2962 1476 2957 1476 2943 1476 2958 1476 2961 1476 2963 1476 2964 1476 2943 1476 2965 1476 2958 1476 2963 1476 2966 1476 2958 1476 2966 1476 2967 1476 2958 2305 2967 2305 2968 2305 2958 2306 2968 2306 2969 2306 2964 1476 2962 1476 2943 1476 2958 2307 2969 2307 2970 2307 2971 1476 2942 1476 2972 1476 2958 2308 2970 2308 2973 2308 2971 1476 2940 1476 2942 1476 2958 2309 2973 2309 2974 2309 2958 2310 2974 2310 2975 2310 2971 1476 2965 1476 2940 1476 2958 2311 2975 2311 2976 2311 2958 2312 2976 2312 2977 2312 2958 2313 2977 2313 2978 2313 2979 1476 2964 1476 2965 1476 2958 2314 2978 2314 2980 2314 2981 1476 2965 1476 2971 1476 2982 1476 2979 1476 2965 1476 2983 1476 2965 1476 2981 1476 2984 2315 2980 2315 2985 2315 2986 1476 2982 1476 2965 1476 2984 1476 2958 1476 2980 1476 2984 2316 2985 2316 2987 2316 2988 2317 2965 2317 2983 2317 2984 2318 2987 2318 2989 2318 2984 2319 2989 2319 2990 2319 2984 2320 2990 2320 2991 2320 2984 2321 2991 2321 2992 2321 2984 2322 2992 2322 2993 2322 2994 1476 2965 1476 2988 1476 2995 2323 2984 2323 2993 2323 2996 2324 2986 2324 2965 2324 2997 1476 2965 1476 2994 1476 2941 1476 2939 1476 2958 1476 2998 1476 2996 1476 2965 1476 2999 2325 2984 2325 2995 2325 3000 1476 2965 1476 2997 1476 3001 1476 2984 1476 2999 1476 3002 1476 2998 1476 2965 1476 3003 1476 2984 1476 3001 1476 3004 1476 2965 1476 3000 1476 3005 2326 3002 2326 2965 2326 3006 1476 2984 1476 3003 1476 3007 2327 2965 2327 3004 2327 3007 2328 3005 2328 2965 2328 3008 1476 2984 1476 3006 1476 3009 1476 2984 1476 3008 1476 3010 2329 2984 2329 3009 2329 2972 1476 2984 1476 3010 1476 2972 1476 2942 1476 2984 1476 2937 1476 2939 1476 2941 1476 2138 2330 2980 2330 2978 2330 1538 2331 2138 2331 2978 2331 1538 2332 2978 2332 2977 2332 1539 2333 2977 2333 2976 2333 1539 2334 1538 2334 2977 2334 2100 2335 1944 2335 2972 2335 2100 2336 2972 2336 3010 2336 1555 2337 1539 2337 2976 2337 1555 2338 2976 2338 2975 2338 2077 2339 3010 2339 3009 2339 2077 2340 2100 2340 3010 2340 1627 2341 2975 2341 2974 2341 1627 2341 1555 2341 2975 2341 2060 2342 3009 2342 3008 2342 2060 2342 2077 2342 3009 2342 1764 2343 2974 2343 2973 2343 1764 2344 1627 2344 2974 2344 2047 2345 3008 2345 3006 2345 2047 2346 2060 2346 3008 2346 1783 2347 2973 2347 2970 2347 1783 2347 1764 2347 2973 2347 2038 2348 3006 2348 3003 2348 2038 2349 2047 2349 3006 2349 1809 2350 2970 2350 2969 2350 1809 2350 1783 2350 2970 2350 2026 2351 3003 2351 3001 2351 2026 2352 2038 2352 3003 2352 1818 2353 2969 2353 2968 2353 1818 2354 1809 2354 2969 2354 1998 2355 3001 2355 2999 2355 1998 2356 2026 2356 3001 2356 1829 2357 2968 2357 2967 2357 1829 2357 1818 2357 2968 2357 1994 2358 1998 2358 2999 2358 1994 2358 2999 2358 2995 2358 1849 2359 2967 2359 2966 2359 1849 2359 1829 2359 2967 2359 1989 2360 1994 2360 2995 2360 1862 2361 2966 2361 2963 2361 1989 2360 2995 2360 2993 2360 1862 2361 1849 2361 2966 2361 2007 2362 1989 2362 2993 2362 1876 2363 2963 2363 2961 2363 1876 2364 1862 2364 2963 2364 2007 2362 2993 2362 2992 2362 2036 2365 2007 2365 2992 2365 1884 2366 2961 2366 2960 2366 1884 2367 1876 2367 2961 2367 2036 2368 2992 2368 2991 2368 1889 2369 2960 2369 2959 2369 1889 2369 1884 2369 2960 2369 2046 2370 2036 2370 2991 2370 1907 2371 2959 2371 2939 2371 1907 2372 1889 2372 2959 2372 2046 2373 2991 2373 2990 2373 2055 2374 2046 2374 2990 2374 2055 2375 2990 2375 2989 2375 2075 2376 2055 2376 2989 2376 2075 2377 2989 2377 2987 2377 2108 2378 2075 2378 2987 2378 2108 2379 2987 2379 2985 2379 2130 2380 2108 2380 2985 2380 2130 2380 2985 2380 2980 2380 2138 2330 2130 2330 2980 2330 1944 1842 1943 1842 2972 1842 1943 1842 2971 1842 2972 1842 2132 2381 2964 2381 2979 2381 2126 2382 2132 2382 2979 2382 2126 2383 2979 2383 2982 2383 2118 2384 2982 2384 2986 2384 2118 2385 2126 2385 2982 2385 1619 2386 1607 2386 2938 2386 1619 2387 2938 2387 2951 2387 2112 2388 2118 2388 2986 2388 2112 2389 2986 2389 2996 2389 1618 2390 2951 2390 2950 2390 1618 2390 1619 2390 2951 2390 2107 2391 2996 2391 2998 2391 2107 2392 2112 2392 2996 2392 1617 2393 2950 2393 2949 2393 1617 2394 1618 2394 2950 2394 2099 2395 2998 2395 3002 2395 2099 2396 2107 2396 2998 2396 1616 2397 2949 2397 2948 2397 1616 2398 1617 2398 2949 2398 2092 2399 3002 2399 3005 2399 2092 2399 2099 2399 3002 2399 1615 2400 2948 2400 2947 2400 1615 2400 1616 2400 2948 2400 2083 2401 3005 2401 3007 2401 2083 2401 2092 2401 3005 2401 1614 2402 2947 2402 2946 2402 1614 2402 1615 2402 2947 2402 2078 2403 3007 2403 3004 2403 2078 2403 2083 2403 3007 2403 1612 2404 2946 2404 2945 2404 1612 2404 1614 2404 2946 2404 2070 2405 3004 2405 3000 2405 2070 2406 2078 2406 3004 2406 1613 2407 1612 2407 2945 2407 1613 2408 2945 2408 2944 2408 2063 2409 3000 2409 2997 2409 2063 2410 2070 2410 3000 2410 1632 2411 1613 2411 2944 2411 2062 2412 2997 2412 2994 2412 1632 2411 2944 2411 2952 2411 2062 2413 2063 2413 2997 2413 1631 2414 1632 2414 2952 2414 2057 2415 2994 2415 2988 2415 2057 2416 2062 2416 2994 2416 1631 2414 2952 2414 2953 2414 1630 2417 1631 2417 2953 2417 2017 2418 2988 2418 2983 2418 2017 2418 2057 2418 2988 2418 1630 2419 2953 2419 2954 2419 1961 2420 2983 2420 2981 2420 1961 2421 2017 2421 2983 2421 1628 2422 1630 2422 2954 2422 1943 2423 2981 2423 2971 2423 1943 2424 1961 2424 2981 2424 1628 2422 2954 2422 2955 2422 1629 2425 1628 2425 2955 2425 1629 2426 2955 2426 2956 2426 1650 2427 1629 2427 2956 2427 1650 2428 2956 2428 2957 2428 1647 2429 1650 2429 2957 2429 1647 2430 2957 2430 2962 2430 1646 2431 1647 2431 2962 2431 1646 2431 2962 2431 2964 2431 2132 2381 1646 2381 2964 2381 1607 1844 1907 1844 2938 1844 1907 1844 2939 1844 2938 1844 2942 1843 2941 1843 3011 1843 2941 1843 3012 1843 3011 1843 2941 1844 2958 1844 3012 1844 2958 1844 3013 1844 3012 1844 2958 1820 2984 1820 3013 1820 2984 1820 3014 1820 3013 1820 2984 1842 2942 1842 3014 1842 2942 1842 3011 1842 3014 1842 3011 1476 3012 1476 3013 1476 3011 1476 3013 1476 3014 1476 2965 1843 2943 1843 3015 1843 2943 1843 3016 1843 3015 1843 2943 1844 2937 1844 3016 1844 2937 1844 3017 1844 3016 1844 2937 1820 2940 1820 3017 1820 2940 1820 3018 1820 3017 1820 2940 1842 2965 1842 3018 1842 2965 1842 3015 1842 3018 1842 3015 1476 3016 1476 3017 1476 3015 1476 3017 1476 3018 1476 3019 1476 3020 1476 3021 1476 3022 1476 3019 1476 3023 1476 3022 1476 3023 1476 3024 1476 3025 2432 3026 2432 3027 2432 3025 2300 3027 2300 3028 2300 3025 1476 3028 1476 3029 1476 3025 1476 3029 1476 3030 1476 3025 1476 3030 1476 3031 1476 3025 1476 3031 1476 3032 1476 3025 1476 3020 1476 3019 1476 3025 1476 3032 1476 3033 1476 3025 1476 3033 1476 3020 1476 3034 2433 3026 2433 3025 2433 3035 2302 3034 2302 3025 2302 3036 2303 3035 2303 3025 2303 3037 1476 3036 1476 3025 1476 3038 2304 3037 2304 3025 2304 3039 1476 3038 1476 3025 1476 3040 1476 3021 1476 3041 1476 3040 1476 3041 1476 3042 1476 3040 1476 3042 1476 3043 1476 3044 1476 3039 1476 3025 1476 3040 1476 3043 1476 3045 1476 3046 1476 3024 1476 3047 1476 3040 1476 3045 1476 3048 1476 3040 1476 3048 1476 3049 1476 3046 1476 3022 1476 3024 1476 3040 2434 3049 2434 3050 2434 3046 1476 3051 1476 3022 1476 3040 2435 3050 2435 3052 2435 3040 2436 3052 2436 3053 2436 3040 2437 3053 2437 3054 2437 3040 2438 3054 2438 3055 2438 3056 1476 3025 1476 3051 1476 3040 2439 3055 2439 3057 2439 3040 2440 3057 2440 3058 2440 3056 1476 3044 1476 3025 1476 3040 2312 3058 2312 3059 2312 3040 2313 3059 2313 3060 2313 3061 1476 3051 1476 3046 1476 3040 2441 3060 2441 3062 2441 3063 1476 3056 1476 3051 1476 3064 1476 3051 1476 3061 1476 3065 1476 3063 1476 3051 1476 3066 1476 3065 1476 3051 1476 3067 2442 3062 2442 3068 2442 3067 1476 3040 1476 3062 1476 3067 2316 3068 2316 3069 2316 3067 2443 3069 2443 3070 2443 3067 2444 3070 2444 3071 2444 3067 2445 3071 2445 3072 2445 3067 2446 3072 2446 3073 2446 3074 2317 3051 2317 3064 2317 3067 2447 3073 2447 3075 2447 3076 1476 3051 1476 3074 1476 3077 2448 3066 2448 3051 2448 3078 2328 3067 2328 3075 2328 3079 1476 3051 1476 3076 1476 3023 1476 3021 1476 3040 1476 3080 1476 3077 1476 3051 1476 3081 2327 3067 2327 3078 2327 3082 1476 3051 1476 3079 1476 3083 1476 3067 1476 3081 1476 3084 1476 3080 1476 3051 1476 3085 1476 3067 1476 3083 1476 3086 1476 3051 1476 3082 1476 3087 2326 3084 2326 3051 2326 3088 1476 3067 1476 3085 1476 3089 2325 3051 2325 3086 2325 3089 2328 3087 2328 3051 2328 3090 1476 3067 1476 3088 1476 3091 1476 3067 1476 3090 1476 3092 2329 3067 2329 3091 2329 3047 1476 3067 1476 3092 1476 3047 1476 3024 1476 3067 1476 3019 1476 3021 1476 3023 1476 1856 2330 3062 2330 3060 2330 1860 2449 1856 2449 3060 2449 1860 2450 3060 2450 3059 2450 1870 2451 3059 2451 3058 2451 1870 2451 1860 2451 3059 2451 1833 2452 1543 2452 3047 2452 1833 2452 3047 2452 3092 2452 1878 2453 1870 2453 3058 2453 1878 2454 3058 2454 3057 2454 1821 2455 3092 2455 3091 2455 1821 2455 1833 2455 3092 2455 2037 2456 3057 2456 3055 2456 2037 2457 1878 2457 3057 2457 1811 2342 3091 2342 3090 2342 1811 2342 1821 2342 3091 2342 2006 2458 3055 2458 3054 2458 2006 2343 2037 2343 3055 2343 1781 2459 3090 2459 3088 2459 1781 2459 1811 2459 3090 2459 1987 2460 3054 2460 3053 2460 1987 2460 2006 2460 3054 2460 1774 2461 3088 2461 3085 2461 1774 2461 1781 2461 3088 2461 1988 2462 3053 2462 3052 2462 1988 2463 1987 2463 3053 2463 1749 2464 3085 2464 3083 2464 1749 2464 1774 2464 3085 2464 1997 2465 3052 2465 3050 2465 1997 2465 1988 2465 3052 2465 1734 2466 3083 2466 3081 2466 1734 2466 1749 2466 3083 2466 2025 2357 3050 2357 3049 2357 2025 2357 1997 2357 3050 2357 1737 2467 1734 2467 3081 2467 1737 2467 3081 2467 3078 2467 2041 2468 3049 2468 3048 2468 2041 2468 2025 2468 3049 2468 1741 2360 1737 2360 3078 2360 2048 2469 3048 2469 3045 2469 1741 2360 3078 2360 3075 2360 2048 2470 2041 2470 3048 2470 1747 2362 1741 2362 3075 2362 2059 2471 3045 2471 3043 2471 2059 2471 2048 2471 3045 2471 1747 2362 3075 2362 3073 2362 1769 2472 1747 2472 3073 2472 2076 2366 3043 2366 3042 2366 2076 2473 2059 2473 3043 2473 1769 2474 3073 2474 3072 2474 2102 2475 3042 2475 3041 2475 2102 2476 2076 2476 3042 2476 1779 2477 1769 2477 3072 2477 1941 2478 3041 2478 3021 2478 1941 2479 2102 2479 3041 2479 1779 2480 3072 2480 3071 2480 1804 2481 1779 2481 3071 2481 1804 2374 3071 2374 3070 2374 1817 2377 1804 2377 3070 2377 1817 2482 3070 2482 3069 2482 1837 2483 1817 2483 3069 2483 1837 2484 3069 2484 3068 2484 1851 2380 1837 2380 3068 2380 1851 2380 3068 2380 3062 2380 1856 2330 1851 2330 3062 2330 1543 1842 1545 1842 3047 1842 1545 1842 3046 1842 3047 1842 1922 2381 3056 2381 3063 2381 1918 2485 1922 2485 3063 2485 1918 2486 3063 2486 3065 2486 1908 2385 3065 2385 3066 2385 1908 2487 1918 2487 3065 2487 1962 2488 1942 2488 3020 2488 1962 2489 3020 2489 3033 2489 1896 2389 1908 2389 3066 2389 1896 2490 3066 2490 3077 2490 2016 2491 3033 2491 3032 2491 2016 2492 1962 2492 3033 2492 1886 2493 3077 2493 3080 2493 1886 2494 1896 2494 3077 2494 2056 2495 3032 2495 3031 2495 2056 2394 2016 2394 3032 2394 1868 2496 3080 2496 3084 2496 1868 2497 1886 2497 3080 2497 2061 2498 3031 2498 3030 2498 2061 2498 2056 2498 3031 2498 1855 2399 3084 2399 3087 2399 1855 2399 1868 2399 3084 2399 2069 2499 3030 2499 3029 2499 2069 2500 2061 2500 3030 2500 1845 2401 3087 2401 3089 2401 1845 2401 1855 2401 3087 2401 2074 2501 3029 2501 3028 2501 2074 2501 2069 2501 3029 2501 1827 2502 3089 2502 3086 2502 1827 2502 1845 2502 3089 2502 2081 2404 3028 2404 3027 2404 2081 2404 2074 2404 3028 2404 1814 2503 3086 2503 3082 2503 1814 2503 1827 2503 3086 2503 2091 2504 2081 2504 3027 2504 2091 2504 3027 2504 3026 2504 1795 2505 3082 2505 3079 2505 1795 2505 1814 2505 3082 2505 2097 2506 2091 2506 3026 2506 1772 2507 3079 2507 3076 2507 2097 2508 3026 2508 3034 2508 1772 2507 1795 2507 3079 2507 2106 2509 2097 2509 3034 2509 1759 2510 3076 2510 3074 2510 1759 2510 1772 2510 3076 2510 2106 2509 3034 2509 3035 2509 2110 2511 2106 2511 3035 2511 1634 2418 3074 2418 3064 2418 1634 2418 1759 2418 3074 2418 2110 2417 3035 2417 3036 2417 1572 2512 3064 2512 3061 2512 1572 2512 1634 2512 3064 2512 2117 2513 2110 2513 3036 2513 1545 2514 3061 2514 3046 2514 1545 2514 1572 2514 3061 2514 2117 2515 3036 2515 3037 2515 2125 2516 2117 2516 3037 2516 2125 2516 3037 2516 3038 2516 2131 2517 2125 2517 3038 2517 2131 2517 3038 2517 3039 2517 2135 2518 2131 2518 3039 2518 2135 2519 3039 2519 3044 2519 1645 2431 2135 2431 3044 2431 1645 2431 3044 2431 3056 2431 1922 2381 1645 2381 3056 2381 1942 1844 1941 1844 3020 1844 1941 1844 3021 1844 3020 1844 3024 1843 3023 1843 3093 1843 3023 1843 3094 1843 3093 1843 3023 1844 3040 1844 3094 1844 3040 1844 3095 1844 3094 1844 3040 1820 3067 1820 3095 1820 3067 1820 3096 1820 3095 1820 3067 1842 3024 1842 3096 1842 3024 1842 3093 1842 3096 1842 3093 1476 3094 1476 3095 1476 3093 1476 3095 1476 3096 1476 3051 1843 3025 1843 3097 1843 3025 1843 3098 1843 3097 1843 3025 1844 3019 1844 3098 1844 3019 1844 3099 1844 3098 1844 3019 1820 3022 1820 3099 1820 3022 1820 3100 1820 3099 1820 3022 1842 3051 1842 3100 1842 3051 1842 3097 1842 3100 1842 3097 1476 3098 1476 3099 1476 3097 1476 3099 1476 3100 1476 3101 1476 3102 1476 3103 1476 3104 1476 3101 1476 3105 1476 3104 1476 3105 1476 3106 1476 3107 2432 3108 2432 3109 2432 3107 2300 3109 2300 3110 2300 3107 1476 3110 1476 3111 1476 3107 1476 3111 1476 3112 1476 3107 1476 3112 1476 3113 1476 3107 1476 3113 1476 3114 1476 3107 1476 3102 1476 3101 1476 3107 1476 3114 1476 3115 1476 3107 1476 3115 1476 3102 1476 3116 2433 3108 2433 3107 2433 3117 2302 3116 2302 3107 2302 3118 2303 3117 2303 3107 2303 3119 1476 3118 1476 3107 1476 3120 2304 3119 2304 3107 2304 3121 1476 3120 1476 3107 1476 3122 1476 3103 1476 3123 1476 3122 1476 3123 1476 3124 1476 3122 1476 3124 1476 3125 1476 3126 1476 3121 1476 3107 1476 3122 1476 3125 1476 3127 1476 3128 1476 3107 1476 3129 1476 3122 1476 3127 1476 3130 1476 3122 1476 3130 1476 3131 1476 3122 2434 3131 2434 3132 2434 3122 2435 3132 2435 3133 2435 3128 1476 3126 1476 3107 1476 3122 2436 3133 2436 3134 2436 3135 1476 3106 1476 3136 1476 3122 2437 3134 2437 3137 2437 3135 1476 3104 1476 3106 1476 3122 2438 3137 2438 3138 2438 3122 2439 3138 2439 3139 2439 3135 1476 3129 1476 3104 1476 3122 2440 3139 2440 3140 2440 3122 2312 3140 2312 3141 2312 3122 2313 3141 2313 3142 2313 3143 1476 3128 1476 3129 1476 3122 2441 3142 2441 3144 2441 3145 1476 3129 1476 3135 1476 3146 1476 3143 1476 3129 1476 3147 1476 3129 1476 3145 1476 3148 2442 3144 2442 3149 2442 3150 1476 3146 1476 3129 1476 3148 1476 3122 1476 3144 1476 3148 2316 3149 2316 3151 2316 3152 2317 3129 2317 3147 2317 3148 2443 3151 2443 3153 2443 3148 2444 3153 2444 3154 2444 3148 2445 3154 2445 3155 2445 3148 2446 3155 2446 3156 2446 3148 2447 3156 2447 3157 2447 3158 1476 3129 1476 3152 1476 3159 2328 3148 2328 3157 2328 3160 2448 3150 2448 3129 2448 3161 1476 3129 1476 3158 1476 3105 1476 3103 1476 3122 1476 3162 1476 3160 1476 3129 1476 3163 2327 3148 2327 3159 2327 3164 1476 3129 1476 3161 1476 3165 1476 3148 1476 3163 1476 3166 1476 3162 1476 3129 1476 3167 1476 3148 1476 3165 1476 3168 1476 3129 1476 3164 1476 3169 2326 3166 2326 3129 2326 3170 1476 3148 1476 3167 1476 3171 2325 3129 2325 3168 2325 3171 2328 3169 2328 3129 2328 3172 1476 3148 1476 3170 1476 3173 1476 3148 1476 3172 1476 3174 2329 3148 2329 3173 2329 3136 1476 3148 1476 3174 1476 3136 1476 3106 1476 3148 1476 3101 1476 3103 1476 3105 1476 1556 2330 3144 2330 3142 2330 1559 2449 1556 2449 3142 2449 1559 2450 3142 2450 3141 2450 1564 2451 3141 2451 3140 2451 1564 2451 1559 2451 3141 2451 1540 2452 1550 2452 3136 2452 1540 2452 3136 2452 3174 2452 1567 2453 1564 2453 3140 2453 1567 2454 3140 2454 3139 2454 1524 2455 3174 2455 3173 2455 1524 2455 1540 2455 3174 2455 1768 2520 3139 2520 3138 2520 1768 2520 1567 2520 3139 2520 1506 2342 3173 2342 3172 2342 1506 2342 1524 2342 3173 2342 1746 2521 3138 2521 3137 2521 1746 2522 1768 2522 3138 2522 1493 2459 3172 2459 3170 2459 1493 2459 1506 2459 3172 2459 1740 2460 3137 2460 3134 2460 1740 2460 1746 2460 3137 2460 1491 2461 3170 2461 3167 2461 1491 2461 1493 2461 3170 2461 1732 2523 3134 2523 3133 2523 1732 2523 1740 2523 3134 2523 2144 2464 3167 2464 3165 2464 2144 2464 1491 2464 3167 2464 1733 2465 3133 2465 3132 2465 1733 2465 1732 2465 3133 2465 2142 2466 3165 2466 3163 2466 2142 2466 2144 2466 3165 2466 1755 2357 3132 2357 3131 2357 1755 2357 1733 2357 3132 2357 2140 2467 2142 2467 3163 2467 2140 2467 3163 2467 3159 2467 1776 2468 3131 2468 3130 2468 1776 2468 1755 2468 3131 2468 2141 2360 2140 2360 3159 2360 1788 2524 3130 2524 3127 2524 2141 2360 3159 2360 3157 2360 1788 2524 1776 2524 3130 2524 2143 2362 2141 2362 3157 2362 1816 2471 3127 2471 3125 2471 1816 2471 1788 2471 3127 2471 2143 2362 3157 2362 3156 2362 1489 2525 2143 2525 3156 2525 1824 2526 3125 2526 3124 2526 1824 2526 1816 2526 3125 2526 1489 2527 3156 2527 3155 2527 1836 2528 3124 2528 3123 2528 1836 2528 1824 2528 3124 2528 1490 2529 1489 2529 3155 2529 1544 2530 3123 2530 3103 2530 1544 2530 1836 2530 3123 2530 1490 2529 3155 2529 3154 2529 1501 2531 1490 2531 3154 2531 1501 2531 3154 2531 3153 2531 1513 2532 1501 2532 3153 2532 1513 2532 3153 2532 3151 2532 1530 2483 1513 2483 3151 2483 1530 2484 3151 2484 3149 2484 1551 2380 1530 2380 3149 2380 1551 2380 3149 2380 3144 2380 1556 2330 1551 2330 3144 2330 1550 1842 1871 1842 3136 1842 1871 1842 3135 1842 3136 1842 1641 2381 3128 2381 3143 2381 1642 2485 1641 2485 3143 2485 1642 2486 3143 2486 3146 2486 1644 2533 3146 2533 3150 2533 1644 2533 1642 2533 3146 2533 1571 2534 1547 2534 3102 2534 1571 2534 3102 2534 3115 2534 2064 2535 1644 2535 3150 2535 2064 2535 3150 2535 3160 2535 1633 2536 3115 2536 3114 2536 1633 2536 1571 2536 3115 2536 2035 2537 3160 2537 3162 2537 2035 2537 2064 2537 3160 2537 1758 2538 3114 2538 3113 2538 1758 2538 1633 2538 3114 2538 1967 2539 3162 2539 3166 2539 1967 2540 2035 2540 3162 2540 1771 2498 3113 2498 3112 2498 1771 2498 1758 2498 3113 2498 1960 2399 3166 2399 3169 2399 1960 2399 1967 2399 3166 2399 1794 2541 3112 2541 3111 2541 1794 2541 1771 2541 3112 2541 1946 2401 3169 2401 3171 2401 1946 2401 1960 2401 3169 2401 1813 2501 3111 2501 3110 2501 1813 2501 1794 2501 3111 2501 1932 2502 3171 2502 3168 2502 1932 2502 1946 2502 3171 2502 1826 2404 3110 2404 3109 2404 1826 2404 1813 2404 3110 2404 1924 2503 3168 2503 3164 2503 1924 2503 1932 2503 3168 2503 1844 2504 1826 2504 3109 2504 1844 2504 3109 2504 3108 2504 1913 2505 3164 2505 3161 2505 1913 2505 1924 2505 3164 2505 1854 2542 1844 2542 3108 2542 1903 2507 3161 2507 3158 2507 1854 2542 3108 2542 3116 2542 1903 2507 1913 2507 3161 2507 1867 2509 1854 2509 3116 2509 1894 2510 3158 2510 3152 2510 1894 2510 1903 2510 3158 2510 1867 2509 3116 2509 3117 2509 1885 2543 1867 2543 3117 2543 1892 2418 3152 2418 3147 2418 1892 2418 1894 2418 3152 2418 1885 2544 3117 2544 3118 2544 1879 2512 3147 2512 3145 2512 1879 2512 1892 2512 3147 2512 1895 2545 1885 2545 3118 2545 1871 2514 3145 2514 3135 2514 1871 2514 1879 2514 3145 2514 1895 2545 3118 2545 3119 2545 1911 2516 1895 2516 3119 2516 1911 2516 3119 2516 3120 2516 1919 2517 1911 2517 3120 2517 1919 2517 3120 2517 3121 2517 1925 2518 1919 2518 3121 2518 1925 2519 3121 2519 3126 2519 1640 2431 1925 2431 3126 2431 1640 2431 3126 2431 3128 2431 1641 2381 1640 2381 3128 2381 1547 1844 1544 1844 3102 1844 1544 1844 3103 1844 3102 1844 3106 1843 3105 1843 3175 1843 3105 1843 3176 1843 3175 1843 3105 1844 3122 1844 3176 1844 3122 1844 3177 1844 3176 1844 3122 1820 3148 1820 3177 1820 3148 1820 3178 1820 3177 1820 3148 1842 3106 1842 3178 1842 3106 1842 3175 1842 3178 1842 3175 1476 3176 1476 3177 1476 3175 1476 3177 1476 3178 1476 3129 1843 3107 1843 3179 1843 3107 1843 3180 1843 3179 1843 3107 1844 3101 1844 3180 1844 3101 1844 3181 1844 3180 1844 3101 1820 3104 1820 3181 1820 3104 1820 3182 1820 3181 1820 3104 1842 3129 1842 3182 1842 3129 1842 3179 1842 3182 1842 3179 1476 3180 1476 3181 1476 3179 1476 3181 1476 3182 1476 1488 1843 1574 1843 3183 1843 1574 1843 3184 1843 3183 1843 1574 1844 1709 1844 3184 1844 1709 1844 3185 1844 3184 1844 1709 1820 1664 1820 3185 1820 1664 1820 3186 1820 3185 1820 1664 1842 1488 1842 3186 1842 1488 1842 3183 1842 3186 1842 3183 1476 3184 1476 3185 1476 3183 1476 3185 1476 3186 1476 1610 1820 1784 1820 3187 1820 1784 1820 3188 1820 3187 1820 1784 1842 1786 1842 3188 1842 1786 1842 3189 1842 3188 1842 1786 1843 1606 1843 3189 1843 1606 1843 3190 1843 3189 1843 1606 1844 1610 1844 3190 1844 1610 1844 3187 1844 3190 1844 3189 1476 3187 1476 3188 1476 3189 1476 3190 1476 3187 1476 1785 1820 2114 1820 3191 1820 2114 1820 3192 1820 3191 1820 2114 1842 1830 1842 3192 1842 1830 1842 3193 1842 3192 1842 1830 1843 1791 1843 3193 1843 1791 1843 3194 1843 3193 1843 1791 1844 1785 1844 3194 1844 1785 1844 3191 1844 3194 1844 3193 1476 3191 1476 3192 1476 3193 1476 3194 1476 3191 1476 1865 1820 1710 1820 3195 1820 1710 1820 3196 1820 3195 1820 1710 1842 1537 1842 3196 1842 1537 1842 3197 1842 3196 1842 1537 1843 1808 1843 3197 1843 1808 1843 3198 1843 3197 1843 1808 1844 1865 1844 3198 1844 1865 1844 3195 1844 3198 1844 3197 1476 3195 1476 3196 1476 3197 1476 3198 1476 3195 1476 3199 1476 3200 1476 3201 1476 3202 2546 3201 2546 3203 2546 3204 2547 1345 2547 1343 2547 3204 1476 1343 1476 1341 1476 3204 1476 1341 1476 1339 1476 3204 1476 1339 1476 1337 1476 3204 2548 1337 2548 1335 2548 3204 2549 1335 2549 1333 2549 3204 2550 1333 2550 1331 2550 3205 1476 3199 1476 3201 1476 3204 2551 1331 2551 1329 2551 3204 2552 1329 2552 1327 2552 3206 2553 3201 2553 3202 2553 3204 2554 1327 2554 1325 2554 3204 2555 1325 2555 1323 2555 3204 2556 1323 2556 1321 2556 3204 2557 1321 2557 1318 2557 3204 2558 1318 2558 1317 2558 3207 2559 3205 2559 3201 2559 3208 2560 3201 2560 3206 2560 3209 1476 3207 1476 3201 1476 3210 2561 3211 2561 3212 2561 3213 2562 3201 2562 3208 2562 3210 2563 3212 2563 3214 2563 3210 1476 3214 1476 3215 1476 3210 1476 3215 1476 3216 1476 3217 2564 3209 2564 3201 2564 3210 1476 3216 1476 3218 1476 3210 2565 3218 2565 1345 2565 3210 1476 1345 1476 3204 1476 3219 1476 3201 1476 3213 1476 3220 1476 3211 1476 3210 1476 3221 1476 3217 1476 3201 1476 3222 1476 3204 1476 1317 1476 3223 1476 3220 1476 3210 1476 3224 1476 3201 1476 3219 1476 3225 2566 3221 2566 3201 2566 3226 1476 3223 1476 3210 1476 3227 2567 3226 2567 3210 2567 3228 1476 3201 1476 3224 1476 3228 1476 3225 1476 3201 1476 3229 2568 3227 2568 3210 2568 3230 2569 3229 2569 3210 2569 3231 1476 3230 1476 3210 1476 3232 1476 3231 1476 3210 1476 3232 1476 3210 1476 3233 1476 3234 1476 3222 1476 1317 1476 3234 1476 1317 1476 3235 1476 3236 1476 3222 1476 3234 1476 3236 1476 3233 1476 3222 1476 3237 1476 3234 1476 3235 1476 3237 2570 3235 2570 3238 2570 3237 2571 3238 2571 3239 2571 3237 2572 3239 2572 3240 2572 3237 2573 3240 2573 3241 2573 3237 2574 3241 2574 3242 2574 3237 2575 3242 2575 3243 2575 3237 2576 3243 2576 3244 2576 3245 1476 3237 1476 3244 1476 3246 1476 3237 1476 3245 1476 3247 1476 3237 1476 3246 1476 3248 1476 3237 1476 3247 1476 3249 1476 3237 1476 3248 1476 3250 2577 3237 2577 3249 2577 3251 1476 3237 1476 3250 1476 3200 1476 3233 1476 3236 1476 3200 1476 3232 1476 3233 1476 3200 1476 3236 1476 3201 1476 3203 1476 3201 1476 3237 1476 3203 2578 3237 2578 3251 2578 2134 2579 1344 2579 1345 2579 2134 2579 1345 2579 3218 2579 1533 2580 3218 2580 3216 2580 1533 2581 2134 2581 3218 2581 1542 2582 3216 2582 3215 2582 1542 2582 1533 2582 3216 2582 1583 2583 3215 2583 3214 2583 1583 2583 1542 2583 3215 2583 1611 2584 3214 2584 3212 2584 1611 2585 1583 2585 3214 2585 1753 2586 3212 2586 3211 2586 1753 2587 1611 2587 3212 2587 1688 2588 3211 2588 3220 2588 1688 2589 1753 2589 3211 2589 1600 2590 3220 2590 3223 2590 1600 2590 1688 2590 3220 2590 1588 2591 3223 2591 3226 2591 1588 2592 1600 2592 3223 2592 1553 2593 3226 2593 3227 2593 1553 2594 1588 2594 3226 2594 1502 2595 3227 2595 3229 2595 1502 2596 1553 2596 3227 2596 1500 2597 3229 2597 3230 2597 1500 2597 1502 2597 3229 2597 2105 2598 3230 2598 3231 2598 2105 2599 1500 2599 3230 2599 2030 2600 3231 2600 3232 2600 2030 2601 2105 2601 3231 2601 1319 1820 1536 1820 1317 1820 1536 1820 3235 1820 1317 1820 1499 2602 3251 2602 3250 2602 1497 2603 1499 2603 3250 2603 1497 2603 3250 2603 3249 2603 2122 2604 3249 2604 3248 2604 2122 2605 1497 2605 3249 2605 2028 2606 2023 2606 3200 2606 2028 2607 3200 2607 3199 2607 2103 2608 2122 2608 3248 2608 2103 2608 3248 2608 3247 2608 2010 2609 3199 2609 3205 2609 2010 2610 2028 2610 3199 2610 2093 2611 3247 2611 3246 2611 2093 2612 2103 2612 3247 2612 1952 2613 3205 2613 3207 2613 1952 2614 2010 2614 3205 2614 2087 2615 3246 2615 3245 2615 2087 2616 2093 2616 3246 2616 1920 2617 3207 2617 3209 2617 1920 2617 1952 2617 3207 2617 2080 2618 3245 2618 3244 2618 2080 2619 2087 2619 3245 2619 1905 2620 3209 2620 3217 2620 1905 2621 1920 2621 3209 2621 2089 2622 3244 2622 3243 2622 2089 2623 2080 2623 3244 2623 1901 2624 3217 2624 3221 2624 1901 2625 1905 2625 3217 2625 2096 2626 3243 2626 3242 2626 2096 2627 2089 2627 3243 2627 1890 2628 3221 2628 3225 2628 1890 2629 1901 2629 3221 2629 2127 2630 3242 2630 3241 2630 2127 2631 2096 2631 3242 2631 2139 2632 3241 2632 3240 2632 1750 2633 3225 2633 3228 2633 1750 2634 1890 2634 3225 2634 2139 2632 2127 2632 3241 2632 1693 2635 1750 2635 3228 2635 1517 2636 3240 2636 3239 2636 1517 2637 2139 2637 3240 2637 1693 2638 3228 2638 3224 2638 1518 2639 3239 2639 3238 2639 1518 2640 1517 2640 3239 2640 1691 2641 1693 2641 3224 2641 1536 2642 3238 2642 3235 2642 1691 2643 3224 2643 3219 2643 1536 2644 1518 2644 3238 2644 1651 2645 1691 2645 3219 2645 1651 2645 3219 2645 3213 2645 1648 2646 1651 2646 3213 2646 1648 2647 3213 2647 3208 2647 1599 2648 1648 2648 3208 2648 1599 2648 3208 2648 3206 2648 1597 2649 1599 2649 3206 2649 1597 2650 3206 2650 3202 2650 1528 2651 1597 2651 3202 2651 1528 2651 3202 2651 3203 2651 1505 2652 1528 2652 3203 2652 1505 2652 3203 2652 3251 2652 1499 2653 1505 2653 3251 2653 2023 1843 2030 1843 3200 1843 2030 1843 3232 1843 3200 1843 3233 1843 3210 1843 3252 1843 3210 1843 3253 1843 3252 1843 3210 1844 3204 1844 3253 1844 3204 1844 3254 1844 3253 1844 3204 1820 3222 1820 3254 1820 3222 1820 3255 1820 3254 1820 3222 1842 3233 1842 3255 1842 3233 1842 3252 1842 3255 1842 3252 1476 3253 1476 3254 1476 3252 1476 3254 1476 3255 1476 3201 1843 3236 1843 3256 1843 3236 1843 3257 1843 3256 1843 3236 1844 3234 1844 3257 1844 3234 1844 3258 1844 3257 1844 3234 1820 3237 1820 3258 1820 3237 1820 3259 1820 3258 1820 3237 1842 3201 1842 3259 1842 3201 1842 3256 1842 3259 1842 3256 1476 3257 1476 3258 1476 3256 1476 3258 1476 3259 1476 3260 1476 3261 1476 3262 1476 3263 2546 3262 2546 3264 2546 3265 2654 1315 2654 1313 2654 3265 1476 1313 1476 1311 1476 3265 1476 1311 1476 1309 1476 3265 1476 1309 1476 1307 1476 3265 2655 1307 2655 1305 2655 3265 2656 1305 2656 1303 2656 3265 2657 1303 2657 1301 2657 3266 1476 3260 1476 3262 1476 3265 2658 1301 2658 1299 2658 3265 2659 1299 2659 1297 2659 3267 2553 3262 2553 3263 2553 3265 2660 1297 2660 1295 2660 3265 2555 1295 2555 1293 2555 3265 2556 1293 2556 1291 2556 3265 2661 1291 2661 1288 2661 3265 2662 1288 2662 1287 2662 3268 2559 3266 2559 3262 2559 3269 2560 3262 2560 3267 2560 3270 1476 3268 1476 3262 1476 3271 2663 3272 2663 3273 2663 3274 2562 3262 2562 3269 2562 3271 2664 3273 2664 3275 2664 3271 1476 3275 1476 3276 1476 3271 1476 3276 1476 3277 1476 3278 2665 3270 2665 3262 2665 3271 1476 3277 1476 3279 1476 3271 2666 3279 2666 1315 2666 3271 1476 1315 1476 3265 1476 3280 1476 3262 1476 3274 1476 3281 1476 3272 1476 3271 1476 3282 1476 3278 1476 3262 1476 3283 1476 3265 1476 1287 1476 3284 1476 3281 1476 3271 1476 3285 1476 3262 1476 3280 1476 3286 2566 3282 2566 3262 2566 3287 1476 3284 1476 3271 1476 3288 2667 3287 2667 3271 2667 3289 1476 3262 1476 3285 1476 3289 1476 3286 1476 3262 1476 3290 2568 3288 2568 3271 2568 3291 2668 3290 2668 3271 2668 3292 1476 3291 1476 3271 1476 3293 1476 3292 1476 3271 1476 3293 1476 3271 1476 3294 1476 3295 1476 3283 1476 1287 1476 3295 1476 1287 1476 3296 1476 3297 1476 3283 1476 3295 1476 3297 1476 3294 1476 3283 1476 3298 1476 3295 1476 3296 1476 3298 2669 3296 2669 3299 2669 3298 2670 3299 2670 3300 2670 3298 2671 3300 2671 3301 2671 3298 2573 3301 2573 3302 2573 3298 2672 3302 2672 3303 2672 3298 2673 3303 2673 3304 2673 3298 2576 3304 2576 3305 2576 3306 1476 3298 1476 3305 1476 3307 1476 3298 1476 3306 1476 3308 1476 3298 1476 3307 1476 3309 1476 3298 1476 3308 1476 3310 1476 3298 1476 3309 1476 3311 2560 3298 2560 3310 2560 3312 1476 3298 1476 3311 1476 3261 1476 3294 1476 3297 1476 3261 1476 3293 1476 3294 1476 3261 1476 3297 1476 3262 1476 3264 1476 3262 1476 3298 1476 3264 2674 3298 2674 3312 2674 1969 2579 1314 2579 1315 2579 1969 2579 1315 2579 3279 2579 1986 2580 3279 2580 3277 2580 1986 2581 1969 2581 3279 2581 1686 2582 3277 2582 3276 2582 1686 2582 1986 2582 3277 2582 1955 2583 3276 2583 3275 2583 1955 2583 1686 2583 3276 2583 1950 2584 3275 2584 3273 2584 1950 2585 1955 2585 3275 2585 1947 2586 3273 2586 3272 2586 1947 2587 1950 2587 3273 2587 1940 2588 3272 2588 3281 2588 1940 2589 1947 2589 3272 2589 1938 2590 3281 2590 3284 2590 1938 2590 1940 2590 3281 2590 1823 2591 3284 2591 3287 2591 1823 2592 1938 2592 3284 2592 1690 2593 3287 2593 3288 2593 1690 2594 1823 2594 3287 2594 1561 2595 3288 2595 3290 2595 1561 2596 1690 2596 3288 2596 1520 2597 3290 2597 3291 2597 1520 2597 1561 2597 3290 2597 1519 2598 3291 2598 3292 2598 1519 2599 1520 2599 3291 2599 2050 2600 3292 2600 3293 2600 2050 2601 1519 2601 3292 2601 1289 1820 2024 1820 1287 1820 2024 1820 3296 1820 1287 1820 1992 2602 3312 2602 3311 2602 1956 2603 1992 2603 3311 2603 1956 2603 3311 2603 3310 2603 1926 2604 3310 2604 3309 2604 1926 2605 1956 2605 3310 2605 1858 2606 1881 2606 3261 2606 1858 2607 3261 2607 3260 2607 1910 2608 1926 2608 3309 2608 1910 2608 3309 2608 3308 2608 1847 2609 3260 2609 3266 2609 1847 2610 1858 2610 3260 2610 1904 2611 3308 2611 3307 2611 1904 2612 1910 2612 3308 2612 1789 2613 3266 2613 3268 2613 1789 2614 1847 2614 3266 2614 1891 2615 3307 2615 3306 2615 1891 2616 1904 2616 3307 2616 1716 2617 3268 2617 3270 2617 1716 2617 1789 2617 3268 2617 1893 2618 3306 2618 3305 2618 1893 2619 1891 2619 3306 2619 1694 2620 3270 2620 3278 2620 1694 2621 1716 2621 3270 2621 1902 2622 3305 2622 3304 2622 1902 2623 1893 2623 3305 2623 1652 2624 3278 2624 3282 2624 1652 2625 1694 2625 3278 2625 1906 2626 3304 2626 3303 2626 1906 2627 1902 2627 3304 2627 1622 2628 3282 2628 3286 2628 1622 2629 1652 2629 3282 2629 1921 2630 3303 2630 3302 2630 1921 2631 1906 2631 3303 2631 1953 2632 3302 2632 3301 2632 1620 2633 3286 2633 3289 2633 1620 2634 1622 2634 3286 2634 1953 2632 1921 2632 3302 2632 2104 2635 1620 2635 3289 2635 2011 2675 3301 2675 3300 2675 2011 2676 1953 2676 3301 2676 2104 2638 3289 2638 3285 2638 2029 2677 3300 2677 3299 2677 2029 2678 2011 2678 3300 2678 2082 2641 2104 2641 3285 2641 2024 2679 3299 2679 3296 2679 2082 2643 3285 2643 3280 2643 2024 2680 2029 2680 3299 2680 2058 2645 2082 2645 3280 2645 2058 2645 3280 2645 3274 2645 2054 2646 2058 2646 3274 2646 2054 2647 3274 2647 3269 2647 2049 2648 2054 2648 3269 2648 2049 2648 3269 2648 3267 2648 2042 2649 2049 2649 3267 2649 2042 2650 3267 2650 3263 2650 2034 2651 2042 2651 3263 2651 2034 2651 3263 2651 3264 2651 2031 2652 2034 2652 3264 2652 2031 2652 3264 2652 3312 2652 1992 2653 2031 2653 3312 2653 1881 1843 2050 1843 3261 1843 2050 1843 3293 1843 3261 1843 3294 1843 3271 1843 3313 1843 3271 1843 3314 1843 3313 1843 3271 1844 3265 1844 3314 1844 3265 1844 3315 1844 3314 1844 3265 1820 3283 1820 3315 1820 3283 1820 3316 1820 3315 1820 3283 1842 3294 1842 3316 1842 3294 1842 3313 1842 3316 1842 3313 1476 3314 1476 3315 1476 3313 1476 3315 1476 3316 1476 3262 1843 3297 1843 3317 1843 3297 1843 3318 1843 3317 1843 3297 1844 3295 1844 3318 1844 3295 1844 3319 1844 3318 1844 3295 1820 3298 1820 3319 1820 3298 1820 3320 1820 3319 1820 3298 1842 3262 1842 3320 1842 3262 1842 3317 1842 3320 1842 3317 1476 3318 1476 3319 1476 3317 1476 3319 1476 3320 1476 3321 1476 3322 1476 3323 1476 3324 2681 3323 2681 3325 2681 3326 2682 1285 2682 1283 2682 3326 1476 1283 1476 1281 1476 3326 1476 1281 1476 1279 1476 3326 1476 1279 1476 1277 1476 3326 2683 1277 2683 1275 2683 3326 2684 1275 2684 1273 2684 3326 2550 1273 2550 1271 2550 3327 1476 3321 1476 3323 1476 3326 2685 1271 2685 1269 2685 3326 2686 1269 2686 1267 2686 3328 2687 3323 2687 3324 2687 3326 2688 1267 2688 1265 2688 3326 2555 1265 2555 1263 2555 3326 2556 1263 2556 1261 2556 3326 2661 1261 2661 1258 2661 3326 2662 1258 2662 1257 2662 3329 2689 3327 2689 3323 2689 3330 2560 3323 2560 3328 2560 3331 1476 3329 1476 3323 1476 3332 2561 3333 2561 3334 2561 3335 2562 3323 2562 3330 2562 3332 2690 3334 2690 3336 2690 3332 1476 3336 1476 3337 1476 3332 1476 3337 1476 3338 1476 3339 2665 3331 2665 3323 2665 3332 1476 3338 1476 3340 1476 3332 2691 3340 2691 1285 2691 3332 1476 1285 1476 3326 1476 3341 1476 3323 1476 3335 1476 3342 1476 3333 1476 3332 1476 3343 1476 3339 1476 3323 1476 3344 1476 3326 1476 1257 1476 3345 1476 3342 1476 3332 1476 3346 1476 3323 1476 3341 1476 3347 2692 3343 2692 3323 2692 3348 1476 3345 1476 3332 1476 3349 2667 3348 2667 3332 2667 3350 1476 3323 1476 3346 1476 3350 1476 3347 1476 3323 1476 3351 2568 3349 2568 3332 2568 3352 2668 3351 2668 3332 2668 3353 1476 3352 1476 3332 1476 3354 1476 3353 1476 3332 1476 3354 1476 3332 1476 3355 1476 3356 1476 3344 1476 1257 1476 3356 1476 1257 1476 3357 1476 3358 1476 3344 1476 3356 1476 3358 1476 3355 1476 3344 1476 3359 1476 3356 1476 3357 1476 3359 2669 3357 2669 3360 2669 3359 2670 3360 2670 3361 2670 3359 2671 3361 2671 3362 2671 3359 2693 3362 2693 3363 2693 3359 2694 3363 2694 3364 2694 3359 2673 3364 2673 3365 2673 3359 2576 3365 2576 3366 2576 3367 1476 3359 1476 3366 1476 3368 1476 3359 1476 3367 1476 3369 1476 3359 1476 3368 1476 3370 1476 3359 1476 3369 1476 3371 1476 3359 1476 3370 1476 3372 2560 3359 2560 3371 2560 3373 1476 3359 1476 3372 1476 3322 1476 3355 1476 3358 1476 3322 1476 3354 1476 3355 1476 3322 1476 3358 1476 3323 1476 3325 1476 3323 1476 3359 1476 3325 2674 3359 2674 3373 2674 1670 2579 1284 2579 1285 2579 1670 2579 1285 2579 3340 2579 1671 2580 3340 2580 3338 2580 1671 2581 1670 2581 3340 2581 1673 2582 3338 2582 3337 2582 1673 2582 1671 2582 3338 2582 1675 2583 3337 2583 3336 2583 1675 2583 1673 2583 3337 2583 1676 2584 3336 2584 3334 2584 1676 2585 1675 2585 3336 2585 1677 2586 3334 2586 3333 2586 1677 2587 1676 2587 3334 2587 1678 2588 3333 2588 3342 2588 1678 2589 1677 2589 3333 2589 1680 2590 3342 2590 3345 2590 1680 2590 1678 2590 3342 2590 1681 2591 3345 2591 3348 2591 1681 2592 1680 2592 3345 2592 1682 2593 3348 2593 3349 2593 1682 2594 1681 2594 3348 2594 1683 2595 3349 2595 3351 2595 1683 2596 1682 2596 3349 2596 1684 2597 3351 2597 3352 2597 1684 2597 1683 2597 3351 2597 2115 2598 3352 2598 3353 2598 2115 2599 1684 2599 3352 2599 2116 2600 3353 2600 3354 2600 2116 2601 2115 2601 3353 2601 1259 1820 1882 1820 1257 1820 1882 1820 3357 1820 1257 1820 1843 2602 3373 2602 3372 2602 1802 2603 1843 2603 3372 2603 1802 2603 3372 2603 3371 2603 1744 2604 3371 2604 3370 2604 1744 2605 1802 2605 3371 2605 2124 2606 2119 2606 3322 2606 2124 2607 3322 2607 3321 2607 1705 2608 1744 2608 3370 2608 1705 2608 3370 2608 3369 2608 2123 2609 3321 2609 3327 2609 2123 2610 2124 2610 3321 2610 1674 2611 3369 2611 3368 2611 1674 2612 1705 2612 3369 2612 1689 2613 3327 2613 3329 2613 1689 2614 2123 2614 3327 2614 1621 2615 3368 2615 3367 2615 1621 2616 1674 2616 3368 2616 1685 2617 3329 2617 3331 2617 1685 2617 1689 2617 3329 2617 1623 2618 3367 2618 3366 2618 1623 2619 1621 2619 3367 2619 1589 2620 3331 2620 3339 2620 1589 2621 1685 2621 3331 2621 1653 2622 3366 2622 3365 2622 1653 2623 1623 2623 3366 2623 1554 2624 3339 2624 3343 2624 1554 2625 1589 2625 3339 2625 1695 2626 3365 2626 3364 2626 1695 2627 1653 2627 3365 2627 1507 2628 3343 2628 3347 2628 1507 2629 1554 2629 3343 2629 1717 2630 3364 2630 3363 2630 1717 2631 1695 2631 3364 2631 1790 2632 3363 2632 3362 2632 1508 2633 3347 2633 3350 2633 1508 2634 1507 2634 3347 2634 1790 2632 1717 2632 3363 2632 2109 2635 1508 2635 3350 2635 1846 2675 3362 2675 3361 2675 1846 2676 1790 2676 3362 2676 2109 2638 3350 2638 3346 2638 1859 2677 3361 2677 3360 2677 1859 2678 1846 2678 3361 2678 2045 2641 2109 2641 3346 2641 1882 2679 3360 2679 3357 2679 2045 2643 3346 2643 3341 2643 1882 2680 1859 2680 3360 2680 1964 2645 2045 2645 3341 2645 1964 2645 3341 2645 3335 2645 1939 2646 1964 2646 3335 2646 1939 2647 3335 2647 3330 2647 1915 2648 1939 2648 3330 2648 1915 2648 3330 2648 3328 2648 1900 2649 1915 2649 3328 2649 1900 2650 3328 2650 3324 2650 1875 2651 1900 2651 3324 2651 1875 2651 3324 2651 3325 2651 1864 2652 1875 2652 3325 2652 1864 2652 3325 2652 3373 2652 1843 2653 1864 2653 3373 2653 2119 1843 2116 1843 3322 1843 2116 1843 3354 1843 3322 1843 3355 1843 3332 1843 3374 1843 3332 1843 3375 1843 3374 1843 3332 1844 3326 1844 3375 1844 3326 1844 3376 1844 3375 1844 3326 1820 3344 1820 3376 1820 3344 1820 3377 1820 3376 1820 3344 1842 3355 1842 3377 1842 3355 1842 3374 1842 3377 1842 3374 1476 3375 1476 3376 1476 3374 1476 3376 1476 3377 1476 3323 1843 3358 1843 3378 1843 3358 1843 3379 1843 3378 1843 3358 1844 3356 1844 3379 1844 3356 1844 3380 1844 3379 1844 3356 1820 3359 1820 3380 1820 3359 1820 3381 1820 3380 1820 3359 1842 3323 1842 3381 1842 3323 1842 3378 1842 3381 1842 3378 1476 3379 1476 3380 1476 3378 1476 3380 1476 3381 1476 1601 2695 1254 2695 1255 2695 1601 2695 1255 2695 3382 2695 1582 2696 3382 2696 3383 2696 1582 2696 1601 2696 3382 2696 1577 2697 3383 2697 3384 2697 1577 2697 1582 2697 3383 2697 1585 2698 3384 2698 3385 2698 1585 2698 1577 2698 3384 2698 1598 2699 3385 2699 3386 2699 1598 2700 1585 2700 3385 2700 1649 2701 3386 2701 3387 2701 1649 2701 1598 2701 3386 2701 1692 2702 3387 2702 3388 2702 1692 2702 1649 2702 3387 2702 1751 2703 3388 2703 3389 2703 1751 2704 1692 2704 3388 2704 1909 2705 3389 2705 3390 2705 1909 2705 1751 2705 3389 2705 1959 2706 3390 2706 3391 2706 1959 2706 1909 2706 3390 2706 1993 2707 3391 2707 3392 2707 1993 2707 1959 2707 3391 2707 1233 2708 3392 2708 1231 2708 1233 2709 1993 2709 3392 2709 1249 2710 1231 2710 3392 2710 1249 2711 3392 2711 3391 2711 1249 1476 3391 1476 3390 1476 1249 2712 3390 2712 3389 2712 1249 2713 3389 2713 3388 2713 1249 2714 3388 2714 3387 2714 1249 2715 3387 2715 3386 2715 1249 2716 3386 2716 3385 2716 1249 2717 3385 2717 3384 2717 1249 1476 3384 1476 3383 1476 1249 2718 3383 2718 3382 2718 1249 2719 3382 2719 1255 2719 1249 2720 1255 2720 1253 2720 1249 1476 1253 1476 1251 1476 1249 2721 1247 2721 1245 2721 1249 2722 1245 2722 1243 2722 1249 2723 1243 2723 1241 2723 1249 2724 1241 2724 1239 2724 1249 1476 1239 1476 1237 1476 1249 1476 1237 1476 1235 1476 1249 1476 1235 1476 1232 1476 1249 2725 1232 2725 1231 2725 2094 2695 1228 2695 1229 2695 2094 2695 1229 2695 3393 2695 2071 2696 3393 2696 3394 2696 2071 2696 2094 2696 3393 2696 2068 2697 3394 2697 3395 2697 2068 2697 2071 2697 3394 2697 2073 2698 3395 2698 3396 2698 2073 2698 2068 2698 3395 2698 2090 2726 3396 2726 3397 2726 2090 2727 2073 2727 3396 2727 2113 2728 3397 2728 3398 2728 2113 2728 2090 2728 3397 2728 2129 2729 3398 2729 3399 2729 2129 2729 2113 2729 3398 2729 1679 2730 3399 2730 3400 2730 1679 2731 2129 2731 3399 2731 1704 2705 3400 2705 3401 2705 1704 2705 1679 2705 3400 2705 1743 2706 3401 2706 3402 2706 1743 2706 1704 2706 3401 2706 1842 2707 3402 2707 3403 2707 1842 2707 1743 2707 3402 2707 1207 2708 3403 2708 1205 2708 1207 2709 1842 2709 3403 2709 1223 2732 1205 2732 3403 2732 1223 2733 3403 2733 3402 2733 1223 1476 3402 1476 3401 1476 1223 2734 3401 2734 3400 2734 1223 2735 3400 2735 3399 2735 1223 2736 3399 2736 3398 2736 1223 2737 3398 2737 3397 2737 1223 2738 3397 2738 3396 2738 1223 2739 3396 2739 3395 2739 1223 1476 3395 1476 3394 1476 1223 2718 3394 2718 3393 2718 1223 2740 3393 2740 1229 2740 1223 2741 1229 2741 1227 2741 1223 2742 1227 2742 1225 2742 1223 2743 1221 2743 1219 2743 1223 2744 1219 2744 1217 2744 1223 2745 1217 2745 1215 2745 1223 2746 1215 2746 1213 2746 1223 1476 1213 1476 1211 1476 1223 1476 1211 1476 1209 1476 1223 2747 1209 2747 1206 2747 1223 2748 1206 2748 1205 2748 2013 2695 1202 2695 1203 2695 2013 2695 1203 2695 3404 2695 1995 2749 3404 2749 3405 2749 1995 2749 2013 2749 3404 2749 1990 2750 3405 2750 3406 2750 1990 2750 1995 2750 3405 2750 1991 2751 3406 2751 3407 2751 1991 2751 1990 2751 3406 2751 2001 2726 3407 2726 3408 2726 2001 2727 1991 2727 3407 2727 2027 2728 3408 2728 3409 2728 2027 2728 2001 2728 3408 2728 1498 2729 3409 2729 3410 2729 1498 2729 2027 2729 3409 2729 1504 2730 3410 2730 3411 2730 1504 2731 1498 2731 3410 2731 1575 2752 3411 2752 3412 2752 1575 2752 1504 2752 3411 2752 1576 2753 3412 2753 3413 2753 1576 2753 1575 2753 3412 2753 1581 2707 3413 2707 3414 2707 1581 2707 1576 2707 3413 2707 1181 2709 3414 2709 1179 2709 1181 2709 1581 2709 3414 2709 1197 2754 1179 2754 3414 2754 1197 2755 3414 2755 3413 2755 1197 2756 3413 2756 3412 2756 1197 2757 3412 2757 3411 2757 1197 2758 3411 2758 3410 2758 1197 2759 3410 2759 3409 2759 1197 2760 3409 2760 3408 2760 1197 2761 3408 2761 3407 2761 1197 2762 3407 2762 3406 2762 1197 2763 3406 2763 3405 2763 1197 2764 3405 2764 3404 2764 1197 2765 3404 2765 1203 2765 1197 2766 1203 2766 1201 2766 1197 2767 1201 2767 1199 2767 1197 2768 1195 2768 1193 2768 1197 2769 1193 2769 1191 2769 1197 2770 1191 2770 1189 2770 1197 2771 1189 2771 1187 2771 1197 1476 1187 1476 1185 1476 1197 1476 1185 1476 1183 1476 1197 2772 1183 2772 1180 2772 1197 2773 1180 2773 1179 2773 1595 2695 1176 2695 1177 2695 1595 2695 1177 2695 3415 2695 1569 2749 3415 2749 3416 2749 1569 2749 1595 2749 3415 2749 1568 2774 3416 2774 3417 2774 1568 2774 1569 2774 3416 2774 1565 2751 3417 2751 3418 2751 1565 2751 1568 2751 3417 2751 1592 2726 3418 2726 3419 2726 1592 2727 1565 2727 3418 2727 1604 2701 3419 2701 3420 2701 1604 2701 1592 2701 3419 2701 1668 2702 3420 2702 3421 2702 1668 2702 1604 2702 3420 2702 1715 2730 3421 2730 3422 2730 1715 2731 1668 2731 3421 2731 1770 2752 3422 2752 3423 2752 1770 2752 1715 2752 3422 2752 2072 2068 3423 2068 3424 2068 2072 2068 1770 2068 3423 2068 2095 2707 3424 2707 3425 2707 2095 2707 2072 2707 3424 2707 1155 2709 3425 2709 1153 2709 1155 2709 2095 2709 3425 2709 1171 2775 1153 2775 3425 2775 1171 2776 3425 2776 3424 2776 1171 1476 3424 1476 3423 1476 1171 2777 3423 2777 3422 2777 1171 2778 3422 2778 3421 2778 1171 2779 3421 2779 3420 2779 1171 2780 3420 2780 3419 2780 1171 2761 3419 2761 3418 2761 1171 2762 3418 2762 3417 2762 1171 1476 3417 1476 3416 1476 1171 2781 3416 2781 3415 2781 1171 2782 3415 2782 1177 2782 1171 1476 1177 1476 1175 1476 1171 2783 1175 2783 1173 2783 1171 2784 1169 2784 1167 2784 1171 2722 1167 2722 1165 2722 1171 2723 1165 2723 1163 2723 1171 2785 1163 2785 1161 2785 1171 1476 1161 1476 1159 1476 1171 1476 1159 1476 1157 1476 1171 2786 1157 2786 1154 2786 1171 1476 1154 1476 1153 1476 1570 1820 1798 1820 3426 1820 1798 1820 3427 1820 3426 1820 1798 1842 1970 1842 3427 1842 1970 1842 3428 1842 3427 1842 1970 1843 1596 1843 3428 1843 1596 1843 3429 1843 3428 1843 1596 1844 1570 1844 3429 1844 1570 1844 3426 1844 3429 1844 3428 1476 3426 1476 3427 1476 3428 1476 3429 1476 3426 1476 1866 2787 1861 2787 3430 2787 2066 2788 2065 2788 3431 2788 1866 2789 3430 2789 3432 2789 2066 2788 3431 2788 3433 2788 2084 2790 2066 2790 3433 2790 1872 2791 1866 2791 3432 2791 1872 2792 3432 2792 3434 2792 2084 2790 3433 2790 3435 2790 2085 2793 2084 2793 3435 2793 1877 2794 3434 2794 3436 2794 1897 2795 1509 2795 3437 2795 2085 2796 3435 2796 3438 2796 1877 2794 1872 2794 3434 2794 1897 2795 3437 2795 3439 2795 2101 2797 3438 2797 3440 2797 1887 2798 1897 2798 3439 2798 2101 2799 2085 2799 3438 2799 1888 2800 3436 2800 3441 2800 1888 2801 1877 2801 3436 2801 1887 2798 3439 2798 3442 2798 2111 2802 3440 2802 3443 2802 1899 2803 3441 2803 3444 2803 2111 2804 2101 2804 3440 2804 1880 2805 1887 2805 3442 2805 1899 2803 1888 2803 3441 2803 1880 2805 3442 2805 3445 2805 2133 2806 3443 2806 3446 2806 2133 2807 2111 2807 3443 2807 1912 2808 3444 2808 3447 2808 1912 2809 1899 2809 3444 2809 1869 2810 1880 2810 3445 2810 1869 2810 3445 2810 3448 2810 1799 2811 3446 2811 3449 2811 1917 2812 3447 2812 3450 2812 1917 2813 1912 2813 3447 2813 1799 2811 2133 2811 3446 2811 1796 2814 3449 2814 3451 2814 1863 2815 1869 2815 3448 2815 1796 2814 1799 2814 3449 2814 1863 2815 3448 2815 3452 2815 1797 2816 3451 2816 3453 2816 1923 2817 3450 2817 3454 2817 1923 2817 1917 2817 3450 2817 1797 2816 1796 2816 3451 2816 1857 2818 1863 2818 3452 2818 1857 2818 3452 2818 3455 2818 1927 2819 3454 2819 3456 2819 1927 2820 1923 2820 3454 2820 1852 2821 1857 2821 3455 2821 1852 2821 3455 2821 3457 2821 1936 2822 1927 2822 3456 2822 1936 2823 3456 2823 3458 2823 1850 2824 1852 2824 3457 2824 1937 2825 1936 2825 3458 2825 1850 2824 3457 2824 3459 2824 1937 2826 3458 2826 3460 2826 1841 2827 1850 2827 3459 2827 1949 2828 1937 2828 3460 2828 1841 2827 3459 2827 3461 2827 1949 2828 3460 2828 3462 2828 1832 2829 1841 2829 3461 2829 1957 2830 1949 2830 3462 2830 1832 2829 3461 2829 3463 2829 1957 2831 3462 2831 3464 2831 1831 2832 1832 2832 3463 2832 1965 2833 1957 2833 3464 2833 1831 2832 3463 2832 3465 2832 1965 2833 3464 2833 3466 2833 1834 2834 1831 2834 3465 2834 1971 2835 1965 2835 3466 2835 1834 2834 3465 2834 3467 2834 1971 2836 3466 2836 3468 2836 1835 2837 1834 2837 3467 2837 2043 2838 1971 2838 3468 2838 1835 2837 3467 2837 3469 2837 2043 2839 3468 2839 3470 2839 1848 2840 1835 2840 3469 2840 2051 2841 2043 2841 3470 2841 1848 2840 3469 2840 3471 2840 2051 2841 3470 2841 3472 2841 1853 2842 1848 2842 3471 2842 2052 2843 2051 2843 3472 2843 1853 2842 3471 2842 3473 2842 2052 2843 3472 2843 3474 2843 1861 2844 1853 2844 3473 2844 2065 2845 2052 2845 3474 2845 1861 2846 3473 2846 3430 2846 2065 2847 3474 2847 3431 2847 1509 1842 1511 1842 3437 1842 1511 1842 3475 1842 3437 1842 1708 2848 2120 2848 3476 2848 1560 2849 1562 2849 3477 2849 1708 2848 3476 2848 3478 2848 1560 2849 3477 2849 3479 2849 1557 2850 1560 2850 3479 2850 2137 2851 1708 2851 3478 2851 2137 2852 3478 2852 3480 2852 1557 2850 3479 2850 3481 2850 1552 2853 1557 2853 3481 2853 2136 2854 3480 2854 3482 2854 1983 2855 1800 2855 3483 2855 1552 2853 3481 2853 3484 2853 2136 2856 2137 2856 3480 2856 1983 2855 3483 2855 3485 2855 1548 2857 3484 2857 3486 2857 1982 2858 1983 2858 3485 2858 1548 2857 1552 2857 3484 2857 1775 2859 3482 2859 3487 2859 1775 2860 2136 2860 3482 2860 1982 2858 3485 2858 3488 2858 1531 2861 3486 2861 3489 2861 1745 2862 3487 2862 3490 2862 1531 2861 1548 2861 3486 2861 1981 2863 1982 2863 3488 2863 1745 2862 1775 2862 3487 2862 1981 2863 3488 2863 3491 2863 1527 2864 3489 2864 3492 2864 1527 2864 1531 2864 3489 2864 1699 2865 3490 2865 3493 2865 1699 2866 1745 2866 3490 2866 1980 2867 1981 2867 3491 2867 1980 2868 3491 2868 3494 2868 1515 2869 3492 2869 3495 2869 1696 2870 3493 2870 3496 2870 1696 2871 1699 2871 3493 2871 1515 2869 1527 2869 3492 2869 1514 2872 3495 2872 3497 2872 1979 2873 1980 2873 3494 2873 1514 2872 1515 2872 3495 2872 1979 2874 3494 2874 3498 2874 1511 2875 3497 2875 3475 2875 1687 2876 3496 2876 3499 2876 1687 2876 1696 2876 3496 2876 1511 2875 1514 2875 3497 2875 1978 2877 1979 2877 3498 2877 1978 2878 3498 2878 3500 2878 1672 2879 3499 2879 3501 2879 1672 2880 1687 2880 3499 2880 1977 2881 1978 2881 3500 2881 1977 2882 3500 2882 3502 2882 1643 2883 1672 2883 3501 2883 1643 2883 3501 2883 3503 2883 1976 2884 1977 2884 3502 2884 1605 2885 1643 2885 3503 2885 1976 2884 3502 2884 3504 2884 1605 2886 3503 2886 3505 2886 1975 2887 1976 2887 3504 2887 1602 2888 1605 2888 3505 2888 1975 2887 3504 2887 3506 2887 1602 2889 3505 2889 3507 2889 1974 2890 1975 2890 3506 2890 1594 2891 1602 2891 3507 2891 1974 2892 3506 2892 3508 2892 1594 2893 3507 2893 3509 2893 1972 2894 1974 2894 3508 2894 1591 2895 1594 2895 3509 2895 1972 2894 3508 2894 3510 2894 1591 2895 3509 2895 3511 2895 1973 2896 1972 2896 3510 2896 1590 2897 1591 2897 3511 2897 1973 2896 3510 2896 3512 2896 1590 2897 3511 2897 3513 2897 2039 2898 1973 2898 3512 2898 1580 2899 1590 2899 3513 2899 2039 2900 3512 2900 3514 2900 1580 2899 3513 2899 3515 2899 2040 2901 2039 2901 3514 2901 1573 2902 1580 2902 3515 2902 2040 2903 3514 2903 3516 2903 1573 2902 3515 2902 3517 2902 2121 2904 2040 2904 3516 2904 1566 2905 1573 2905 3517 2905 2121 2904 3516 2904 3518 2904 1566 2905 3517 2905 3519 2905 2120 2906 2121 2906 3518 2906 1562 2907 1566 2907 3519 2907 2120 2908 3518 2908 3476 2908 1562 2907 3519 2907 3477 2907 1800 1844 1797 1844 3483 1844 1797 1844 3453 1844 3483 1844 3520 2909 3521 2909 3459 2909 3495 2910 3522 2910 3497 2910 3495 2911 3523 2911 3522 2911 3457 1476 3520 1476 3459 1476 3499 1476 3496 1476 3524 1476 3499 2912 3524 2912 3525 2912 3526 1476 3520 1476 3457 1476 3455 1476 3526 1476 3457 1476 3492 1476 3527 1476 3523 1476 3528 1476 3526 1476 3455 1476 3492 2913 3523 2913 3495 2913 3501 2914 3525 2914 3529 2914 3501 2915 3499 2915 3525 2915 3452 1476 3528 1476 3455 1476 3530 2916 3474 2916 3472 2916 3531 1476 3530 1476 3472 1476 3531 2917 3472 2917 3470 2917 3532 1476 3474 1476 3530 1476 3533 2918 3528 2918 3452 2918 3532 1476 3431 1476 3474 1476 3534 2919 3531 2919 3470 2919 3448 1476 3533 1476 3452 1476 3534 2920 3470 2920 3468 2920 3535 2921 3431 2921 3532 2921 3535 2922 3433 2922 3431 2922 3536 1476 3534 1476 3468 1476 3536 2923 3468 2923 3466 2923 3537 2924 3433 2924 3535 2924 3538 2925 3533 2925 3448 2925 3537 2926 3435 2926 3433 2926 3539 1476 3466 1476 3464 1476 3539 1476 3536 1476 3466 1476 3540 2927 3464 2927 3462 2927 3540 1476 3539 1476 3464 1476 3541 1476 3435 1476 3537 1476 3445 1476 3538 1476 3448 1476 3541 1476 3438 1476 3435 1476 3445 1476 3542 1476 3538 1476 3489 1476 3543 1476 3527 1476 3489 1476 3527 1476 3492 1476 3544 1476 3438 1476 3541 1476 3544 1476 3440 1476 3438 1476 3503 2928 3529 2928 3545 2928 3546 2929 3462 2929 3460 2929 3503 1476 3501 1476 3529 1476 3546 2930 3540 2930 3462 2930 3442 2931 3547 2931 3542 2931 3442 1476 3542 1476 3445 1476 3548 2932 3440 2932 3544 2932 3548 2933 3443 2933 3440 2933 3549 1476 3460 1476 3458 1476 3549 1476 3546 1476 3460 1476 3550 1476 3549 1476 3458 1476 3550 2934 3458 2934 3456 2934 3439 2935 3547 2935 3442 2935 3439 1476 3551 1476 3547 1476 3437 1476 3551 1476 3439 1476 3552 1476 3453 1476 3553 1476 3552 1476 3485 1476 3483 1476 3552 1476 3483 1476 3453 1476 3554 2936 3443 2936 3548 2936 3554 1476 3446 1476 3443 1476 3555 1476 3485 1476 3552 1476 3555 2937 3488 2937 3485 2937 3556 2938 3456 2938 3454 2938 3557 1476 3488 1476 3555 1476 3557 1476 3491 1476 3488 1476 3556 1476 3550 1476 3456 1476 3558 1476 3491 1476 3557 1476 3494 1476 3491 1476 3558 1476 3559 1476 3494 1476 3558 1476 3498 2939 3494 2939 3559 2939 3560 2940 3498 2940 3559 2940 3500 2941 3498 2941 3560 2941 3561 1476 3446 1476 3554 1476 3562 1476 3500 1476 3560 1476 3561 1476 3449 1476 3446 1476 3502 1476 3500 1476 3562 1476 3563 1476 3502 1476 3562 1476 3564 2942 3454 2942 3450 2942 3504 1476 3502 1476 3563 1476 3565 1476 3504 1476 3563 1476 3564 1476 3556 1476 3454 1476 3506 1476 3504 1476 3565 1476 3566 1476 3506 1476 3565 1476 3508 2943 3506 2943 3566 2943 3567 2944 3449 2944 3561 2944 3567 2945 3451 2945 3449 2945 3568 2946 3508 2946 3566 2946 3510 2947 3508 2947 3568 2947 3569 1476 3510 1476 3568 1476 3512 2948 3510 2948 3569 2948 3570 2949 3512 2949 3569 2949 3553 2950 3451 2950 3567 2950 3553 1476 3453 1476 3451 1476 3571 2951 3450 2951 3447 2951 3571 2952 3447 2952 3444 2952 3486 2953 3572 2953 3543 2953 3514 1476 3512 1476 3570 1476 3486 2954 3543 2954 3489 2954 3573 1476 3514 1476 3570 1476 3571 1476 3564 1476 3450 1476 3505 1476 3545 1476 3574 1476 3505 1476 3503 1476 3545 1476 3484 2955 3572 2955 3486 2955 3484 2956 3575 2956 3572 2956 3576 1476 3571 1476 3444 1476 3516 1476 3514 1476 3573 1476 3577 2957 3516 2957 3573 2957 3507 1476 3505 1476 3574 1476 3576 2958 3444 2958 3441 2958 3507 1476 3574 1476 3578 1476 3509 1476 3507 1476 3578 1476 3518 2959 3516 2959 3577 2959 3509 2960 3578 2960 3579 2960 3580 2961 3518 2961 3577 2961 3481 1476 3575 1476 3484 1476 3481 1476 3581 1476 3575 1476 3479 1476 3581 1476 3481 1476 3479 2962 3582 2962 3581 2962 3583 2963 3441 2963 3436 2963 3511 1476 3509 1476 3579 1476 3476 2964 3518 2964 3580 2964 3584 1476 3476 1476 3580 1476 3511 2965 3579 2965 3585 2965 3513 1476 3511 1476 3585 1476 3583 1476 3576 1476 3441 1476 3513 1476 3585 1476 3586 1476 3477 2966 3587 2966 3582 2966 3477 1476 3582 1476 3479 1476 3478 2941 3476 2941 3584 2941 3519 2967 3588 2967 3587 2967 3519 2968 3587 2968 3477 2968 3589 1476 3478 1476 3584 1476 3515 1476 3513 1476 3586 1476 3515 2969 3586 2969 3590 2969 3591 1476 3583 1476 3436 1476 3517 2970 3588 2970 3519 2970 3517 2971 3515 2971 3590 2971 3517 2972 3590 2972 3588 2972 3434 1476 3591 1476 3436 1476 3480 1476 3478 1476 3589 1476 3592 1476 3480 1476 3589 1476 3593 1476 3591 1476 3434 1476 3432 1476 3593 1476 3434 1476 3482 1476 3480 1476 3592 1476 3482 2973 3592 2973 3594 2973 3595 1476 3593 1476 3432 1476 3430 1476 3595 1476 3432 1476 3487 2974 3482 2974 3594 2974 3487 2975 3594 2975 3596 2975 3597 2976 3595 2976 3430 2976 3473 1476 3597 1476 3430 1476 3598 1476 3597 1476 3473 1476 3471 1476 3598 1476 3473 1476 3490 1476 3487 1476 3596 1476 3490 2977 3596 2977 3599 2977 3600 2978 3598 2978 3471 2978 3469 2979 3600 2979 3471 2979 3475 1476 3551 1476 3437 1476 3475 1476 3601 1476 3551 1476 3493 1476 3490 1476 3599 1476 3602 2980 3600 2980 3469 2980 3467 1476 3602 1476 3469 1476 3603 2981 3602 2981 3467 2981 3465 2982 3603 2982 3467 2982 3604 2983 3603 2983 3465 2983 3497 1476 3601 1476 3475 1476 3497 1476 3522 1476 3601 1476 3496 1476 3493 1476 3599 1476 3496 2984 3599 2984 3524 2984 3463 1476 3604 1476 3465 1476 3605 1476 3604 1476 3463 1476 3461 1476 3605 1476 3463 1476 3521 2985 3605 2985 3461 2985 3459 2986 3521 2986 3461 2986 3541 2987 3537 2987 3606 2987 3593 2988 3595 2988 3607 2988 3593 2988 3607 2988 3608 2988 3541 2987 3606 2987 3609 2987 3544 2989 3541 2989 3609 2989 3591 2990 3593 2990 3608 2990 3544 2989 3609 2989 3610 2989 3591 2991 3608 2991 3611 2991 3548 2992 3544 2992 3610 2992 3547 2993 3551 2993 3612 2993 3583 2994 3611 2994 3613 2994 3548 2992 3610 2992 3614 2992 3583 2994 3591 2994 3611 2994 3547 2993 3612 2993 3615 2993 3554 2995 3614 2995 3616 2995 3554 2995 3548 2995 3614 2995 3576 2996 3613 2996 3617 2996 3542 2997 3547 2997 3615 2997 3576 2996 3583 2996 3613 2996 3542 2997 3615 2997 3618 2997 3561 2998 3616 2998 3619 2998 3571 2999 3617 2999 3620 2999 3561 2998 3554 2998 3616 2998 3571 2999 3576 2999 3617 2999 3538 3000 3542 3000 3618 3000 3567 3001 3619 3001 3621 3001 3567 3001 3561 3001 3619 3001 3538 3000 3618 3000 3622 3000 3553 3002 3621 3002 3623 3002 3564 3003 3620 3003 3624 3003 3564 3003 3571 3003 3620 3003 3553 3002 3567 3002 3621 3002 3533 3004 3538 3004 3622 3004 3533 3004 3622 3004 3625 3004 3556 3005 3624 3005 3626 3005 3556 3005 3564 3005 3624 3005 3528 3006 3533 3006 3625 3006 3528 3006 3625 3006 3627 3006 3550 3007 3626 3007 3628 3007 3550 3007 3556 3007 3626 3007 3526 3008 3528 3008 3627 3008 3549 3009 3550 3009 3628 3009 3526 3008 3627 3008 3629 3008 3549 3010 3628 3010 3630 3010 3520 3011 3526 3011 3629 3011 3520 3011 3629 3011 3631 3011 3546 3012 3630 3012 3632 3012 3546 3012 3549 3012 3630 3012 3521 3013 3520 3013 3631 3013 3521 3013 3631 3013 3633 3013 3540 3014 3632 3014 3634 3014 3540 3014 3546 3014 3632 3014 3605 3015 3521 3015 3633 3015 3539 3016 3540 3016 3634 3016 3605 3015 3633 3015 3635 3015 3539 3016 3634 3016 3636 3016 3604 3017 3605 3017 3635 3017 3536 3018 3539 3018 3636 3018 3604 3017 3635 3017 3637 3017 3536 3019 3636 3019 3638 3019 3603 3020 3604 3020 3637 3020 3534 3021 3536 3021 3638 3021 3603 3020 3637 3020 3639 3020 3534 3021 3638 3021 3640 3021 3602 3022 3603 3022 3639 3022 3531 3023 3534 3023 3640 3023 3602 3022 3639 3022 3641 3022 3531 3023 3640 3023 3642 3023 3600 3024 3602 3024 3641 3024 3530 3025 3531 3025 3642 3025 3600 3024 3641 3024 3643 3024 3530 3025 3642 3025 3644 3025 3598 3026 3600 3026 3643 3026 3532 3027 3530 3027 3644 3027 3598 3028 3643 3028 3645 3028 3532 3027 3644 3027 3646 3027 3597 3029 3598 3029 3645 3029 3535 3030 3532 3030 3646 3030 3597 3029 3645 3029 3647 3029 3535 3030 3646 3030 3648 3030 3595 3031 3597 3031 3647 3031 3537 3032 3535 3032 3648 3032 3595 3031 3647 3031 3607 3031 3537 3032 3648 3032 3606 3032 3551 1842 3601 1842 3612 1842 3601 1842 3649 1842 3612 1842 3575 3033 3581 3033 3650 3033 3589 3034 3584 3034 3651 3034 3589 3034 3651 3034 3652 3034 3575 3033 3650 3033 3653 3033 3572 3035 3575 3035 3653 3035 3592 3036 3589 3036 3652 3036 3572 3035 3653 3035 3654 3035 3592 3037 3652 3037 3655 3037 3543 3038 3572 3038 3654 3038 3555 3039 3552 3039 3656 3039 3594 3040 3655 3040 3657 3040 3543 3038 3654 3038 3658 3038 3594 3040 3592 3040 3655 3040 3555 3039 3656 3039 3659 3039 3527 3041 3658 3041 3660 3041 3527 3041 3543 3041 3658 3041 3596 3042 3657 3042 3661 3042 3557 3043 3555 3043 3659 3043 3596 3042 3594 3042 3657 3042 3557 3043 3659 3043 3662 3043 3523 3044 3660 3044 3663 3044 3599 3045 3661 3045 3664 3045 3523 3044 3527 3044 3660 3044 3599 3045 3596 3045 3661 3045 3558 3046 3557 3046 3662 3046 3522 3047 3663 3047 3665 3047 3522 3047 3523 3047 3663 3047 3558 3046 3662 3046 3666 3046 3601 3048 3665 3048 3649 3048 3524 3049 3664 3049 3667 3049 3524 3049 3599 3049 3664 3049 3601 3048 3522 3048 3665 3048 3559 3050 3558 3050 3666 3050 3559 3050 3666 3050 3668 3050 3525 3051 3667 3051 3669 3051 3525 3051 3524 3051 3667 3051 3560 3052 3559 3052 3668 3052 3560 3052 3668 3052 3670 3052 3529 3053 3669 3053 3671 3053 3529 3053 3525 3053 3669 3053 3562 3054 3560 3054 3670 3054 3545 3055 3529 3055 3671 3055 3562 3054 3670 3054 3672 3054 3545 3056 3671 3056 3673 3056 3563 3057 3562 3057 3672 3057 3563 3057 3672 3057 3674 3057 3574 3058 3673 3058 3675 3058 3574 3058 3545 3058 3673 3058 3565 3059 3563 3059 3674 3059 3565 3059 3674 3059 3676 3059 3578 3060 3675 3060 3677 3060 3578 3060 3574 3060 3675 3060 3566 3061 3565 3061 3676 3061 3579 3062 3578 3062 3677 3062 3566 3061 3676 3061 3678 3061 3579 3062 3677 3062 3679 3062 3568 3063 3566 3063 3678 3063 3585 3064 3579 3064 3679 3064 3568 3063 3678 3063 3680 3063 3585 3064 3679 3064 3681 3064 3569 3065 3568 3065 3680 3065 3586 3066 3585 3066 3681 3066 3569 3065 3680 3065 3682 3065 3586 3066 3681 3066 3683 3066 3570 3067 3569 3067 3682 3067 3590 3068 3586 3068 3683 3068 3570 3067 3682 3067 3684 3067 3590 3068 3683 3068 3685 3068 3573 3069 3570 3069 3684 3069 3588 3070 3590 3070 3685 3070 3573 3069 3684 3069 3686 3069 3588 3070 3685 3070 3687 3070 3577 3071 3573 3071 3686 3071 3587 3072 3588 3072 3687 3072 3577 3071 3686 3071 3688 3071 3587 3072 3687 3072 3689 3072 3580 3073 3577 3073 3688 3073 3582 3074 3587 3074 3689 3074 3580 3073 3688 3073 3690 3073 3582 3074 3689 3074 3691 3074 3584 3075 3580 3075 3690 3075 3581 3076 3582 3076 3691 3076 3584 3075 3690 3075 3651 3075 3581 3076 3691 3076 3650 3076 3552 1844 3553 1844 3656 1844 3553 1844 3623 1844 3656 1844 3612 1476 3625 1476 3622 1476 3612 3077 3622 3077 3618 3077 3612 3078 3618 3078 3615 3078 3649 1476 3623 1476 3612 1476 3649 1476 3656 1476 3623 1476 3685 1476 3656 1476 3649 1476 3685 3079 3649 3079 3665 3079 3685 1476 3665 1476 3663 1476 3685 3080 3663 3080 3660 3080 3612 1476 3623 1476 3621 1476 3685 1476 3660 1476 3658 1476 3612 3081 3621 3081 3619 3081 3685 3082 3658 3082 3654 3082 3612 3083 3619 3083 3616 3083 3685 3084 3654 3084 3653 3084 3612 1476 3616 1476 3614 1476 3685 3085 3653 3085 3650 3085 3612 3086 3614 3086 3610 3086 3685 3087 3650 3087 3691 3087 3612 3088 3610 3088 3609 3088 3685 3089 3691 3089 3689 3089 3612 3090 3609 3090 3606 3090 3685 1476 3689 1476 3687 1476 3612 3091 3606 3091 3648 3091 3685 1476 3683 1476 3681 1476 3612 3092 3648 3092 3646 3092 3685 1476 3681 1476 3679 1476 3612 3093 3646 3093 3644 3093 3685 3094 3679 3094 3677 3094 3612 3095 3644 3095 3642 3095 3685 3096 3677 3096 3675 3096 3612 3097 3642 3097 3640 3097 3685 1476 3675 1476 3673 1476 3612 3098 3640 3098 3638 3098 3685 3099 3673 3099 3671 3099 3612 3100 3638 3100 3636 3100 3685 3101 3671 3101 3669 3101 3612 3102 3636 3102 3634 3102 3685 3103 3669 3103 3667 3103 3612 1476 3634 1476 3632 1476 3685 3104 3667 3104 3664 3104 3612 3105 3632 3105 3630 3105 3685 3106 3664 3106 3661 3106 3612 3107 3630 3107 3628 3107 3685 3108 3661 3108 3657 3108 3612 3109 3628 3109 3626 3109 3685 3110 3657 3110 3655 3110 3612 3111 3626 3111 3624 3111 3685 3112 3655 3112 3652 3112 3612 3113 3624 3113 3620 3113 3685 1476 3652 1476 3651 1476 3612 3114 3620 3114 3617 3114 3685 3115 3651 3115 3690 3115 3612 3116 3617 3116 3613 3116 3685 3117 3690 3117 3688 3117 3612 3118 3613 3118 3611 3118 3685 1476 3688 1476 3686 1476 3612 3119 3611 3119 3608 3119 3685 1476 3686 1476 3684 1476 3612 3120 3608 3120 3607 3120 3685 1476 3684 1476 3682 1476 3612 1476 3607 1476 3647 1476 3685 1476 3682 1476 3680 1476 3612 3121 3647 3121 3645 3121 3685 1476 3680 1476 3678 1476 3612 3122 3645 3122 3643 3122 3685 3123 3678 3123 3676 3123 3612 3124 3643 3124 3641 3124 3685 3125 3676 3125 3674 3125 3612 3126 3641 3126 3639 3126 3685 3127 3674 3127 3672 3127 3685 3128 3672 3128 3670 3128 3612 3129 3639 3129 3637 3129 3685 3130 3670 3130 3668 3130 3612 3131 3637 3131 3635 3131 3685 1476 3668 1476 3666 1476 3612 3132 3635 3132 3633 3132 3685 3133 3666 3133 3662 3133 3612 3134 3633 3134 3631 3134 3685 1476 3662 1476 3659 1476 3612 3135 3631 3135 3629 3135 3685 3136 3659 3136 3656 3136 3612 3137 3629 3137 3627 3137 3612 3138 3627 3138 3625 3138 1510 1820 1815 1820 3692 1820 1815 1820 3693 1820 3692 1820 1815 1842 1521 1842 3693 1842 1521 1842 3694 1842 3693 1842 1521 1843 1512 1843 3694 1843 1512 1843 3695 1843 3694 1843 1512 1844 1510 1844 3695 1844 1510 1844 3692 1844 3695 1844 3694 1476 3692 1476 3693 1476 3694 1476 3695 1476 3692 1476 1787 1820 1780 1820 3696 1820 1780 1820 3697 1820 3696 1820 1780 1842 1658 1842 3697 1842 1658 1842 3698 1842 3697 1842 1658 1843 1805 1843 3698 1843 1805 1843 3699 1843 3698 1843 1805 1844 1787 1844 3699 1844 1787 1844 3696 1844 3699 1844 3698 1476 3696 1476 3697 1476 3698 1476 3699 1476 3696 1476 1810 1820 1803 1820 3700 1820 1803 1820 3701 1820 3700 1820 1803 1842 1812 1842 3701 1842 1812 1842 3702 1842 3701 1842 1812 1843 1828 1843 3702 1843 1828 1843 3703 1843 3702 1843 1828 1844 1810 1844 3703 1844 1810 1844 3700 1844 3703 1844 3702 1476 3700 1476 3701 1476 3702 1476 3703 1476 3700 1476 1522 1820 1822 1820 3704 1820 1822 1820 3705 1820 3704 1820 1822 1842 1825 1842 3705 1842 1825 1842 3706 1842 3705 1842 1825 1843 1525 1843 3706 1843 1525 1843 3707 1843 3706 1843 1525 1844 1522 1844 3707 1844 1522 1844 3704 1844 3707 1844 3706 1476 3704 1476 3705 1476 3706 1476 3707 1476 3704 1476 1659 1820 1663 1820 3708 1820 1663 1820 3709 1820 3708 1820 1663 1842 1662 1842 3709 1842 1662 1842 3710 1842 3709 1842 1662 1843 1660 1843 3710 1843 1660 1843 3711 1843 3710 1843 1660 1844 1659 1844 3711 1844 1659 1844 3708 1844 3711 1844 3712 3139 1136 3139 3713 3139 3712 3140 1134 3140 1136 3140 3714 1476 3715 1476 1146 1476 3716 1476 3717 1476 3708 1476 3718 1476 3708 1476 3717 1476 3714 1476 1146 1476 1148 1476 3719 1476 3720 1476 1149 1476 3721 1476 3716 1476 3708 1476 3722 1476 3708 1476 3718 1476 3723 1476 1132 1476 1134 1476 3719 3141 1149 3141 1151 3141 3724 1476 3721 1476 3708 1476 3723 1476 1134 1476 3712 1476 3725 3142 3708 3142 3722 3142 3726 1476 3714 1476 1148 1476 3726 3143 1148 3143 1150 3143 3727 1476 3724 1476 3708 1476 3728 1476 3708 1476 3725 1476 3729 3144 3727 3144 3708 3144 3730 1476 3731 1476 3709 1476 3732 1476 3708 1476 3728 1476 3733 1476 3734 1476 3709 1476 1103 1476 3711 1476 1101 1476 3735 1476 3729 1476 3708 1476 3736 1476 3708 1476 3732 1476 3737 3145 3735 3145 3708 3145 3738 3146 1151 3146 1111 3146 3738 3147 3719 3147 1151 3147 3739 1476 3708 1476 3736 1476 3740 1476 3737 1476 3708 1476 3741 1476 3740 1476 3708 1476 1105 1476 3711 1476 1103 1476 3742 1476 3730 1476 3709 1476 3743 1476 1132 1476 3723 1476 3743 1476 1130 1476 1132 1476 3744 3148 3708 3148 3739 3148 3745 3149 3726 3149 1150 3149 3745 3150 1150 3150 1112 3150 3746 3151 1129 3151 1131 3151 3746 3152 3747 3152 1129 3152 3748 1476 1130 1476 3743 1476 3748 3153 1128 3153 1130 3153 3749 1476 3708 1476 3744 1476 3750 1476 3738 1476 1111 1476 3751 1476 3741 1476 3708 1476 3750 1476 1111 1476 1110 1476 3752 1476 3745 1476 1112 1476 3752 3154 1112 3154 1109 3154 3753 3155 1131 3155 1133 3155 3753 1476 3746 1476 1131 1476 1118 1476 3708 1476 3749 1476 1127 1476 3733 1476 3709 1476 3754 3156 3742 3156 3709 3156 3755 1476 3751 1476 3708 1476 1107 3157 3711 3157 1105 3157 3756 3158 1123 3158 1126 3158 3756 1476 3757 1476 1123 1476 3758 3159 1133 3159 1135 3159 3758 1476 3753 1476 1133 1476 3759 1476 1110 1476 1113 1476 3759 1476 3750 1476 1110 1476 3760 1476 3754 1476 3709 1476 3761 1476 3758 1476 1135 1476 3762 3160 1128 3160 3748 3160 3762 3161 1124 3161 1128 3161 3761 3162 1135 3162 1137 3162 1069 1476 3711 1476 1107 1476 3763 1476 3752 1476 1109 1476 3763 3163 1109 3163 1114 3163 3764 3164 1113 3164 1115 3164 3765 3165 3761 3165 1137 3165 3765 3166 1137 3166 1139 3166 3764 1476 3759 1476 1113 1476 3766 1476 3760 1476 3709 1476 3710 3167 1082 3167 1084 3167 3710 3168 1079 3168 1082 3168 3710 3169 1076 3169 1079 3169 3710 3170 1072 3170 1076 3170 3710 3171 1070 3171 1072 3171 3710 1476 1067 1476 1070 1476 3710 1476 1068 1476 1067 1476 3710 3172 1108 3172 1068 3172 3710 3173 1106 3173 1108 3173 3710 1476 1104 1476 1106 1476 1066 3174 3711 3174 1069 3174 3710 3175 1102 3175 1104 3175 3710 3176 1100 3176 1102 3176 3710 3177 1098 3177 1100 3177 3710 1476 1096 1476 1098 1476 3710 3178 1094 3178 1096 3178 3710 3179 1092 3179 1094 3179 3710 3180 1090 3180 1092 3180 3710 3181 1088 3181 1090 3181 3710 3182 1086 3182 1088 3182 3710 3183 1083 3183 1086 3183 3709 1476 3710 1476 1084 1476 3709 3184 1084 3184 3767 3184 3709 3185 3767 3185 3768 3185 3709 3186 3768 3186 3769 3186 3709 1476 3769 1476 1125 1476 1125 3187 3769 3187 1122 3187 1122 3188 3769 3188 1119 3188 3709 3189 1125 3189 1127 3189 3710 1476 3711 1476 1080 1476 1080 1476 3711 1476 1077 1476 3710 3190 1080 3190 1083 3190 3711 1476 3708 1476 1118 1476 3711 3191 1118 3191 1117 3191 3711 3192 1117 3192 1121 3192 3711 3193 1121 3193 1124 3193 3711 1476 1124 1476 3770 1476 3770 3194 1124 3194 3771 3194 3771 3195 1124 3195 3762 3195 3711 3196 3770 3196 1075 3196 3769 3197 3764 3197 1115 3197 3772 1476 3765 1476 1139 1476 3773 1476 3763 1476 1114 1476 3773 3198 1114 3198 1116 3198 3769 3199 1115 3199 1119 3199 3772 1476 1139 1476 1141 1476 3774 1476 3772 1476 1141 1476 3775 1476 3766 1476 3709 1476 1071 1476 3711 1476 1066 1476 3774 3200 1141 3200 1143 3200 3747 3201 1126 3201 1129 3201 3747 1476 3756 1476 1126 1476 3776 1476 3775 1476 3709 1476 3777 3202 1143 3202 1145 3202 3777 1476 3774 1476 1143 1476 1073 1476 3711 1476 1071 1476 3778 3203 3773 3203 1116 3203 3778 3204 1116 3204 1120 3204 3711 1476 1095 1476 1097 1476 3711 3205 1093 3205 1095 3205 3711 3206 1091 3206 1093 3206 3711 1476 1089 1476 1091 1476 3711 1476 1087 1476 1089 1476 3711 3207 1085 3207 1087 3207 3711 3208 1081 3208 1085 3208 3711 3209 1078 3209 1081 3209 3711 3210 1074 3210 1078 3210 3711 3211 1075 3211 1074 3211 3779 3212 3777 3212 1145 3212 3780 1476 3781 1476 1140 1476 3780 3213 1140 3213 1142 3213 3782 3214 1140 3214 3781 3214 3782 3215 1138 3215 1140 3215 3779 3216 1145 3216 1147 3216 3783 3217 1142 3217 1144 3217 3783 3218 3780 3218 1142 3218 3713 3219 1136 3219 1138 3219 1099 1476 3711 1476 1097 1476 3713 1476 1138 1476 3782 1476 3715 1476 3783 1476 1144 1476 3715 3220 1144 3220 1146 3220 1077 1476 3711 1476 1073 1476 3734 3221 3776 3221 3709 3221 3720 3222 1147 3222 1149 3222 3720 3223 3779 3223 1147 3223 3757 3224 1120 3224 1123 3224 3757 1476 3778 1476 1120 1476 3709 3225 3784 3225 3755 3225 3709 3226 3785 3226 3784 3226 3709 3227 3786 3227 3785 3227 3709 3228 3787 3228 3786 3228 3709 3229 3788 3229 3787 3229 3709 3230 3789 3230 3788 3230 3709 3231 3790 3231 3789 3231 3709 1476 3791 1476 3790 1476 3709 3232 3792 3232 3791 3232 3709 3233 3793 3233 3792 3233 3709 1476 3755 1476 3708 1476 1101 1476 3711 1476 1099 1476 3731 1476 3793 1476 3709 1476 3787 3234 3794 3234 3795 3234 3728 3235 3725 3235 3796 3235 3728 3236 3796 3236 3797 3236 3787 3237 3788 3237 3794 3237 3732 3238 3728 3238 3797 3238 3786 3239 3795 3239 3798 3239 3732 3238 3797 3238 3799 3238 3786 3240 3787 3240 3795 3240 3736 3241 3799 3241 3800 3241 3736 3242 3732 3242 3799 3242 3785 3243 3798 3243 3801 3243 3733 3244 1127 3244 897 3244 3785 3245 3786 3245 3798 3245 3733 3246 897 3246 3802 3246 3739 3247 3800 3247 3803 3247 3784 3248 3801 3248 3804 3248 3739 3249 3736 3249 3800 3249 3784 3250 3785 3250 3801 3250 3734 3251 3802 3251 3805 3251 3734 3252 3733 3252 3802 3252 3744 3253 3803 3253 3806 3253 3755 3254 3804 3254 3807 3254 3744 3255 3739 3255 3803 3255 3755 3256 3784 3256 3804 3256 3776 3257 3805 3257 3808 3257 3749 3258 3806 3258 3809 3258 3749 3259 3744 3259 3806 3259 3776 3260 3734 3260 3805 3260 3751 3261 3807 3261 3810 3261 1118 3262 3749 3262 3809 3262 1118 3263 3809 3263 879 3263 3751 3264 3755 3264 3807 3264 3775 3265 3808 3265 3811 3265 3775 3266 3776 3266 3808 3266 3741 3267 3810 3267 3812 3267 3741 3268 3751 3268 3810 3268 3766 3269 3811 3269 3813 3269 3766 3270 3775 3270 3811 3270 3740 3271 3812 3271 3814 3271 3740 3272 3741 3272 3812 3272 3760 3273 3813 3273 3815 3273 3760 3274 3766 3274 3813 3274 3737 3275 3814 3275 3816 3275 3737 3276 3740 3276 3814 3276 3754 3277 3815 3277 3817 3277 3754 3278 3760 3278 3815 3278 3735 3279 3816 3279 3818 3279 3735 3279 3737 3279 3816 3279 3742 3280 3817 3280 3819 3280 3742 3281 3754 3281 3817 3281 3729 3282 3818 3282 3820 3282 3729 3282 3735 3282 3818 3282 3730 3283 3819 3283 3821 3283 3730 3284 3742 3284 3819 3284 3727 3285 3729 3285 3820 3285 3727 3285 3820 3285 3822 3285 3731 3286 3821 3286 3823 3286 3731 3287 3730 3287 3821 3287 3724 3288 3727 3288 3822 3288 3724 3288 3822 3288 3824 3288 3793 3289 3823 3289 3825 3289 3793 3289 3731 3289 3823 3289 3721 3290 3724 3290 3824 3290 3721 3291 3824 3291 3826 3291 3792 3292 3825 3292 3827 3292 3792 3292 3793 3292 3825 3292 3716 3293 3721 3293 3826 3293 3716 3294 3826 3294 3828 3294 3791 3295 3827 3295 3829 3295 3791 3296 3792 3296 3827 3296 3717 3297 3716 3297 3828 3297 3717 3298 3828 3298 3830 3298 3790 3299 3829 3299 3831 3299 3790 3299 3791 3299 3829 3299 3718 3300 3717 3300 3830 3300 3718 3301 3830 3301 3832 3301 3789 3302 3831 3302 3833 3302 3789 3303 3790 3303 3831 3303 3722 3304 3718 3304 3832 3304 3722 3305 3832 3305 3834 3305 3788 3306 3833 3306 3794 3306 3725 3307 3722 3307 3834 3307 3788 3306 3789 3306 3833 3306 3725 3307 3834 3307 3796 3307 745 3308 946 3308 945 3308 745 3309 945 3309 968 3309 745 3310 968 3310 991 3310 745 1476 991 1476 1012 1476 745 3311 1012 3311 1037 3311 745 3312 1037 3312 1057 3312 745 3313 1057 3313 711 3313 745 3314 711 3314 710 3314 745 1476 710 1476 731 1476 745 3315 762 3315 784 3315 745 3316 784 3316 803 3316 745 3317 803 3317 828 3317 745 3318 828 3318 852 3318 745 3319 852 3319 868 3319 745 3320 868 3320 885 3320 745 3321 885 3321 925 3321 745 3322 925 3322 949 3322 745 3323 949 3323 966 3323 745 3324 966 3324 986 3324 745 3325 986 3325 1008 3325 745 3326 1008 3326 1029 3326 745 3327 1029 3327 1054 3327 745 3328 1054 3328 691 3328 745 3329 691 3329 690 3329 745 3330 690 3330 733 3330 745 1476 733 1476 751 1476 745 1476 751 1476 764 1476 745 1476 764 1476 781 1476 745 3331 781 3331 801 3331 745 3332 801 3332 820 3332 745 3333 820 3333 844 3333 745 3334 844 3334 871 3334 745 1476 871 1476 891 1476 745 3335 891 3335 915 3335 745 3336 915 3336 941 3336 745 3337 941 3337 940 3337 745 3338 940 3338 3835 3338 745 3339 3835 3339 3836 3339 745 3340 3836 3340 3837 3340 745 1476 3837 1476 3838 1476 745 3341 3838 3341 3839 3341 745 3342 3839 3342 3840 3342 745 3343 3840 3343 3841 3343 745 3344 3841 3344 3842 3344 745 3345 3842 3345 3843 3345 745 3346 3843 3346 3844 3346 745 3347 3844 3347 3845 3347 745 3348 3845 3348 3846 3348 745 3349 3846 3349 3847 3349 745 3350 3847 3350 3848 3350 745 3351 3848 3351 3849 3351 745 3352 3849 3352 3850 3352 745 3353 3850 3353 3851 3353 745 3354 3851 3354 3852 3354 745 3355 3852 3355 3853 3355 745 3356 3853 3356 3854 3356 745 3357 3854 3357 3855 3357 745 3358 3855 3358 3856 3358 745 3359 3856 3359 3857 3359 745 3360 3857 3360 3858 3360 745 3361 3858 3361 3859 3361 745 3362 3859 3362 3860 3362 745 3363 3860 3363 3861 3363 745 3364 3861 3364 3862 3364 745 3365 3862 3365 3863 3365 745 3366 3863 3366 3864 3366 745 3367 3864 3367 3865 3367 745 3368 3865 3368 3866 3368 745 3369 3866 3369 3867 3369 745 3370 3867 3370 3868 3370 745 1476 3868 1476 3869 1476 745 3371 3869 3371 3870 3371 745 3372 3870 3372 3871 3372 745 3373 3871 3373 946 3373 3753 3234 3872 3234 3873 3234 3723 3235 3712 3235 3874 3235 3723 3236 3874 3236 3875 3236 3753 3237 3758 3237 3872 3237 3743 3238 3723 3238 3875 3238 3746 3374 3873 3374 3876 3374 3743 3238 3875 3238 3877 3238 3746 3375 3753 3375 3873 3375 3748 3241 3877 3241 3878 3241 3748 3242 3743 3242 3877 3242 3747 3376 3876 3376 3879 3376 3767 3244 1084 3244 520 3244 3747 3377 3746 3377 3876 3377 3767 3246 520 3246 3880 3246 3762 3247 3878 3247 3881 3247 3756 3248 3879 3248 3882 3248 3762 3249 3748 3249 3878 3249 3756 3250 3747 3250 3879 3250 3768 3251 3880 3251 3883 3251 3768 3252 3767 3252 3880 3252 3771 3253 3881 3253 3884 3253 3757 3378 3882 3378 3885 3378 3771 3255 3762 3255 3881 3255 3757 3379 3756 3379 3882 3379 3769 3257 3883 3257 3886 3257 3770 3258 3884 3258 3887 3258 3770 3259 3771 3259 3884 3259 3769 3260 3768 3260 3883 3260 3778 3380 3885 3380 3888 3380 1075 3262 3770 3262 3887 3262 1075 3263 3887 3263 502 3263 3778 3381 3757 3381 3885 3381 3764 3265 3886 3265 3889 3265 3764 3266 3769 3266 3886 3266 3773 3267 3888 3267 3890 3267 3773 3268 3778 3268 3888 3268 3759 3269 3889 3269 3891 3269 3759 3270 3764 3270 3889 3270 3763 3382 3890 3382 3892 3382 3763 3383 3773 3383 3890 3383 3750 3273 3891 3273 3893 3273 3750 3274 3759 3274 3891 3274 3752 3384 3892 3384 3894 3384 3752 3385 3763 3385 3892 3385 3738 3277 3893 3277 3895 3277 3738 3278 3750 3278 3893 3278 3745 3279 3894 3279 3896 3279 3745 3279 3752 3279 3894 3279 3719 3280 3895 3280 3897 3280 3719 3281 3738 3281 3895 3281 3726 3282 3896 3282 3898 3282 3726 3282 3745 3282 3896 3282 3720 3283 3897 3283 3899 3283 3720 3284 3719 3284 3897 3284 3714 3285 3726 3285 3898 3285 3714 3285 3898 3285 3900 3285 3779 3286 3899 3286 3901 3286 3779 3287 3720 3287 3899 3287 3715 3288 3714 3288 3900 3288 3715 3288 3900 3288 3902 3288 3777 3289 3901 3289 3903 3289 3777 3289 3779 3289 3901 3289 3783 3290 3715 3290 3902 3290 3783 3291 3902 3291 3904 3291 3774 3292 3903 3292 3905 3292 3774 3292 3777 3292 3903 3292 3780 3293 3783 3293 3904 3293 3780 3294 3904 3294 3906 3294 3772 3295 3905 3295 3907 3295 3772 3296 3774 3296 3905 3296 3781 3297 3780 3297 3906 3297 3781 3298 3906 3298 3908 3298 3765 3299 3907 3299 3909 3299 3765 3299 3772 3299 3907 3299 3782 3300 3781 3300 3908 3300 3782 3301 3908 3301 3910 3301 3761 3302 3909 3302 3911 3302 3761 3303 3765 3303 3909 3303 3713 3304 3782 3304 3910 3304 3713 3305 3910 3305 3912 3305 3758 3306 3911 3306 3872 3306 3712 3307 3713 3307 3912 3307 3758 3306 3761 3306 3911 3306 3712 3307 3912 3307 3874 3307 368 3386 569 3386 568 3386 368 3387 568 3387 591 3387 368 3310 591 3310 614 3310 368 1476 614 1476 635 1476 368 3311 635 3311 660 3311 368 3388 660 3388 680 3388 368 3389 680 3389 334 3389 368 3314 334 3314 333 3314 368 1476 333 1476 354 1476 368 3315 385 3315 407 3315 368 3316 407 3316 426 3316 368 3317 426 3317 451 3317 368 3318 451 3318 475 3318 368 3390 475 3390 491 3390 368 3391 491 3391 508 3391 368 3392 508 3392 548 3392 368 3393 548 3393 572 3393 368 3394 572 3394 589 3394 368 3395 589 3395 609 3395 368 3396 609 3396 631 3396 368 3397 631 3397 652 3397 368 3327 652 3327 677 3327 368 3328 677 3328 314 3328 368 3329 314 3329 313 3329 368 3330 313 3330 356 3330 368 1476 356 1476 374 1476 368 1476 374 1476 387 1476 368 1476 387 1476 404 1476 368 3398 404 3398 424 3398 368 3399 424 3399 443 3399 368 3333 443 3333 467 3333 368 3334 467 3334 494 3334 368 1476 494 1476 514 1476 368 3400 514 3400 538 3400 368 3401 538 3401 564 3401 368 3402 564 3402 563 3402 368 3403 563 3403 3913 3403 368 3339 3913 3339 3914 3339 368 3404 3914 3404 3915 3404 368 1476 3915 1476 3916 1476 368 3405 3916 3405 3917 3405 368 3406 3917 3406 3918 3406 368 3407 3918 3407 3919 3407 368 3408 3919 3408 3920 3408 368 3409 3920 3409 3921 3409 368 3346 3921 3346 3922 3346 368 3410 3922 3410 3923 3410 368 3411 3923 3411 3924 3411 368 3412 3924 3412 3925 3412 368 3413 3925 3413 3926 3413 368 3414 3926 3414 3927 3414 368 3415 3927 3415 3928 3415 368 3416 3928 3416 3929 3416 368 3354 3929 3354 3930 3354 368 3417 3930 3417 3931 3417 368 3418 3931 3418 3932 3418 368 3419 3932 3419 3933 3419 368 3420 3933 3420 3934 3420 368 3421 3934 3421 3935 3421 368 3422 3935 3422 3936 3422 368 3423 3936 3423 3937 3423 368 3424 3937 3424 3938 3424 368 3425 3938 3425 3939 3425 368 3364 3939 3364 3940 3364 368 3365 3940 3365 3941 3365 368 3366 3941 3366 3942 3366 368 3367 3942 3367 3943 3367 368 3426 3943 3426 3944 3426 368 3427 3944 3427 3945 3427 368 3370 3945 3370 3946 3370 368 1476 3946 1476 3947 1476 368 3428 3947 3428 3948 3428 368 3429 3948 3429 3949 3429 368 3430 3949 3430 569 3430 3950 3431 3830 3431 3828 3431 3951 3432 3860 3432 3859 3432 3950 3433 3952 3433 3830 3433 3951 3434 3859 3434 3953 3434 3954 3435 3955 3435 3956 3435 3954 3436 3957 3436 3955 3436 3958 3437 3959 3437 3960 3437 3958 3438 3961 3438 3959 3438 3962 3439 3963 3439 3827 3439 3962 3440 3827 3440 3825 3440 3964 3441 3842 3441 3841 3441 3964 3442 3965 3442 3966 3442 3964 3443 3967 3443 3965 3443 3964 3444 3841 3444 3967 3444 3968 3445 3956 3445 3969 3445 3970 3446 3952 3446 3950 3446 3968 3447 3969 3447 3971 3447 3970 3448 3960 3448 3952 3448 3972 3449 3957 3449 3954 3449 3972 3450 3951 3450 3957 3450 3972 3451 3860 3451 3951 3451 3973 3452 3828 3452 3826 3452 3974 3453 3971 3453 3963 3453 3973 3454 3950 3454 3828 3454 3974 3455 3963 3455 3962 3455 3975 3456 3966 3456 3961 3456 3975 3457 3961 3457 3958 3457 3976 3458 3954 3458 3956 3458 3976 3459 3956 3459 3968 3459 3977 3460 3958 3460 3960 3460 3977 3461 3960 3461 3970 3461 3978 3462 3962 3462 3825 3462 3978 3463 3825 3463 3823 3463 3979 3464 3970 3464 3950 3464 3979 3465 3950 3465 3973 3465 3980 3466 3971 3466 3974 3466 3981 3467 3843 3467 3842 3467 3980 3468 3968 3468 3971 3468 3981 3469 3842 3469 3964 3469 3981 3470 3964 3470 3966 3470 3981 3471 3966 3471 3975 3471 3982 3472 3861 3472 3860 3472 3982 3473 3954 3473 3976 3473 3982 3474 3972 3474 3954 3474 3982 3475 3860 3475 3972 3475 3983 3476 3826 3476 3824 3476 3984 3477 3962 3477 3978 3477 3983 3478 3973 3478 3826 3478 3984 3479 3974 3479 3962 3479 3985 3480 3978 3480 3823 3480 3986 3481 3975 3481 3958 3481 3986 3482 3958 3482 3977 3482 3985 3483 3823 3483 3821 3483 3987 3484 3968 3484 3980 3484 3988 3485 3977 3485 3970 3485 3988 3486 3970 3486 3979 3486 3989 3487 3973 3487 3983 3487 3987 3488 3976 3488 3968 3488 3990 3489 3974 3489 3984 3489 3990 3490 3980 3490 3974 3490 3989 3491 3979 3491 3973 3491 3991 3492 3981 3492 3975 3492 3991 3493 3844 3493 3843 3493 3992 3494 3978 3494 3985 3494 3991 3495 3975 3495 3986 3495 3991 3496 3843 3496 3981 3496 3992 3497 3984 3497 3978 3497 3993 3498 3824 3498 3822 3498 3994 3499 3976 3499 3987 3499 3993 3500 3983 3500 3824 3500 3994 3501 3982 3501 3976 3501 3994 3502 3862 3502 3861 3502 3995 3503 3977 3503 3988 3503 3994 3504 3861 3504 3982 3504 3996 3505 3821 3505 3819 3505 3995 3506 3986 3506 3977 3506 3996 3507 3985 3507 3821 3507 3997 3508 3822 3508 3820 3508 3998 3509 3980 3509 3990 3509 3997 3510 3993 3510 3822 3510 3999 3511 3979 3511 3989 3511 3998 3512 3987 3512 3980 3512 4000 3513 3990 3513 3984 3513 3999 3514 3988 3514 3979 3514 4000 3515 3984 3515 3992 3515 4001 3516 3983 3516 3993 3516 4002 3517 3992 3517 3985 3517 4001 3518 3989 3518 3983 3518 4002 3519 3985 3519 3996 3519 4003 3520 3844 3520 3991 3520 4003 3521 3991 3521 3986 3521 4003 3522 3986 3522 3995 3522 4004 3523 3994 3523 3987 3523 4003 3524 3845 3524 3844 3524 4004 3525 3987 3525 3998 3525 4004 3526 3862 3526 3994 3526 4004 3527 3863 3527 3862 3527 4005 3528 3997 3528 3820 3528 4006 3529 3819 3529 3817 3529 4007 3530 3993 3530 3997 3530 4007 3531 4001 3531 3993 3531 4006 3532 3996 3532 3819 3532 4008 3533 3998 3533 3990 3533 4008 3534 3990 3534 4000 3534 4009 3535 3995 3535 3988 3535 4009 3536 3988 3536 3999 3536 4010 3537 3817 3537 3815 3537 4011 3538 3999 3538 3989 3538 4011 3539 3989 3539 4001 3539 4010 3540 4006 3540 3817 3540 4012 3541 3992 3541 4002 3541 4012 3542 4000 3542 3992 3542 4013 3543 3820 3543 3818 3543 4013 3544 4005 3544 3820 3544 4014 3545 4002 3545 3996 3545 4015 3546 4007 3546 3997 3546 4014 3547 3996 3547 4006 3547 4015 3548 3997 3548 4005 3548 4016 3549 4004 3549 3998 3549 4016 3550 3998 3550 4008 3550 4017 3551 4001 3551 4007 3551 4016 3552 3863 3552 4004 3552 4017 3553 4011 3553 4001 3553 4016 3554 3864 3554 3863 3554 4018 3555 3995 3555 4009 3555 4018 3556 4003 3556 3995 3556 4018 3557 3845 3557 4003 3557 4019 3558 4010 3558 3815 3558 4018 3559 3846 3559 3845 3559 4020 3560 4014 3560 4006 3560 4020 3561 4006 3561 4010 3561 4021 3562 4013 3562 3818 3562 4022 3563 3999 3563 4011 3563 4023 3564 4008 3564 4000 3564 4022 3565 4009 3565 3999 3565 4023 3566 4000 3566 4012 3566 4024 3567 4005 3567 4013 3567 4024 3568 4015 3568 4005 3568 4025 3569 4012 3569 4002 3569 4025 3570 4002 3570 4014 3570 4026 3571 4007 3571 4015 3571 4026 3572 4017 3572 4007 3572 4027 3573 3815 3573 3813 3573 4027 3574 4019 3574 3815 3574 4028 3575 4011 3575 4017 3575 4029 3576 4020 3576 4010 3576 4029 3577 4010 3577 4019 3577 4028 3578 4022 3578 4011 3578 4030 3579 3818 3579 3816 3579 4030 3580 4021 3580 3818 3580 4031 3581 4014 3581 4020 3581 4031 3582 4025 3582 4014 3582 4032 3583 4024 3583 4013 3583 4033 3584 4016 3584 4008 3584 4033 3585 4008 3585 4023 3585 4033 3586 3864 3586 4016 3586 4032 3587 4013 3587 4021 3587 4033 3588 3865 3588 3864 3588 4034 3589 4018 3589 4009 3589 4034 3590 4009 3590 4022 3590 4034 3591 3846 3591 4018 3591 4034 3592 3847 3592 3846 3592 4035 3593 4027 3593 3813 3593 4036 3594 4026 3594 4015 3594 4036 3595 4015 3595 4024 3595 4037 3596 4023 3596 4012 3596 4037 3597 4012 3597 4025 3597 4038 3598 4030 3598 3816 3598 4039 3599 4019 3599 4027 3599 4039 3600 4029 3600 4019 3600 4040 3601 4017 3601 4026 3601 4040 3602 4028 3602 4017 3602 4041 3603 4031 3603 4020 3603 4041 3604 4020 3604 4029 3604 4042 3605 4034 3605 4022 3605 4042 3606 4022 3606 4028 3606 4043 3607 4025 3607 4031 3607 4042 3608 3847 3608 4034 3608 4043 3609 4037 3609 4025 3609 4044 3610 4021 3610 4030 3610 4044 3611 4032 3611 4021 3611 4045 3612 3813 3612 3811 3612 4045 3613 4035 3613 3813 3613 4046 3614 4036 3614 4024 3614 4046 3615 4024 3615 4032 3615 4047 3616 4027 3616 4035 3616 4047 3617 4039 3617 4027 3617 4048 3618 4040 3618 4026 3618 4048 3619 4026 3619 4036 3619 4049 3620 4033 3620 4023 3620 4049 3621 4023 3621 4037 3621 4049 3622 3866 3622 3865 3622 4049 3623 3865 3623 4033 3623 4050 3624 3816 3624 3814 3624 4050 3625 4038 3625 3816 3625 4051 3626 4029 3626 4039 3626 4051 3627 4041 3627 4029 3627 4052 3628 4030 3628 4038 3628 4052 3629 4044 3629 4030 3629 4053 3630 4045 3630 3811 3630 4054 3631 3848 3631 3847 3631 4055 3632 4043 3632 4031 3632 4054 3633 4028 3633 4040 3633 4054 3634 3847 3634 4042 3634 4054 3635 4042 3635 4028 3635 4055 3636 4031 3636 4041 3636 4056 3637 4037 3637 4043 3637 4056 3638 3866 3638 4049 3638 4057 3639 4050 3639 3814 3639 4056 3640 4049 3640 4037 3640 4058 3641 4047 3641 4035 3641 4059 3642 4032 3642 4044 3642 4059 3643 4046 3643 4032 3643 4058 3644 4035 3644 4045 3644 4060 3645 4051 3645 4039 3645 4060 3646 4039 3646 4047 3646 4061 3647 4048 3647 4036 3647 4061 3648 4036 3648 4046 3648 4062 3649 4040 3649 4048 3649 4063 3650 4055 3650 4041 3650 4063 3651 4041 3651 4051 3651 4062 3652 4054 3652 4040 3652 4062 3653 3848 3653 4054 3653 4064 3654 3811 3654 3808 3654 4064 3655 4053 3655 3811 3655 4065 3656 4038 3656 4050 3656 4065 3657 4052 3657 4038 3657 4066 3658 4045 3658 4053 3658 4067 3659 4044 3659 4052 3659 4067 3660 4059 3660 4044 3660 4066 3661 4058 3661 4045 3661 4068 3662 4056 3662 4043 3662 4069 3663 4065 3663 4050 3663 4068 3664 3866 3664 4056 3664 4068 3665 3867 3665 3866 3665 4069 3666 4050 3666 4057 3666 4068 3667 4043 3667 4055 3667 4070 3668 4061 3668 4046 3668 4071 3669 4064 3669 3808 3669 4072 3670 4060 3670 4047 3670 4070 3671 4046 3671 4059 3671 4073 3672 4057 3672 3814 3672 4073 3673 3814 3673 3812 3673 4072 3674 4047 3674 4058 3674 4074 3675 4051 3675 4060 3675 4075 3676 4062 3676 4048 3676 4074 3677 4063 3677 4051 3677 4075 3678 4048 3678 4061 3678 4075 3679 3848 3679 4062 3679 4075 3680 3849 3680 3848 3680 4076 3681 4052 3681 4065 3681 4077 3682 4055 3682 4063 3682 4077 3683 4068 3683 4055 3683 4077 3684 3867 3684 4068 3684 4076 3685 4067 3685 4052 3685 4078 3686 4066 3686 4053 3686 4079 3687 4070 3687 4059 3687 4079 3688 4059 3688 4067 3688 4078 3689 4053 3689 4064 3689 4080 3690 4065 3690 4069 3690 4080 3691 4076 3691 4065 3691 4081 3692 4058 3692 4066 3692 4081 3693 4072 3693 4058 3693 4082 3694 4061 3694 4070 3694 4082 3695 3849 3695 4075 3695 4082 3696 4075 3696 4061 3696 4083 3697 4057 3697 4073 3697 4084 3698 4078 3698 4064 3698 4083 3699 4069 3699 4057 3699 4084 3700 4064 3700 4071 3700 4085 3701 4074 3701 4060 3701 4085 3702 4060 3702 4072 3702 4086 3703 4067 3703 4076 3703 4086 3704 4079 3704 4067 3704 4087 3705 3808 3705 3805 3705 4087 3706 4071 3706 3808 3706 4088 3707 4082 3707 4070 3707 4088 3708 4070 3708 4079 3708 4088 3709 3849 3709 4082 3709 4089 3710 4077 3710 4063 3710 4088 3711 3850 3711 3849 3711 4089 3712 4063 3712 4074 3712 4089 3713 3867 3713 4077 3713 4090 3714 3812 3714 3810 3714 4089 3715 3868 3715 3867 3715 4091 3716 4066 3716 4078 3716 4091 3717 4081 3717 4066 3717 4090 3718 4073 3718 3812 3718 4092 3719 4076 3719 4080 3719 4092 3720 4086 3720 4076 3720 4093 3721 4085 3721 4072 3721 4093 3722 4072 3722 4081 3722 4094 3723 4080 3723 4069 3723 4094 3724 4069 3724 4083 3724 4095 3725 4078 3725 4084 3725 4095 3726 4091 3726 4078 3726 899 3727 3802 3727 897 3727 4096 3728 4088 3728 4079 3728 4096 3729 4079 3729 4086 3729 4096 3730 3850 3730 4088 3730 4097 3731 4089 3731 4074 3731 4097 3732 4074 3732 4085 3732 4098 3733 4083 3733 4073 3733 4097 3734 3868 3734 4089 3734 4099 3735 4071 3735 4087 3735 4098 3736 4073 3736 4090 3736 4099 3737 4084 3737 4071 3737 4100 3738 4086 3738 4092 3738 4100 3739 4096 3739 4086 3739 4100 3740 3851 3740 3850 3740 4100 3741 3850 3741 4096 3741 4101 3742 4081 3742 4091 3742 4101 3743 4093 3743 4081 3743 4102 3744 4080 3744 4094 3744 4102 3745 4092 3745 4080 3745 4103 3746 4097 3746 4085 3746 4103 3747 4085 3747 4093 3747 4104 3748 3810 3748 3807 3748 4103 3749 3868 3749 4097 3749 4104 3750 4090 3750 3810 3750 4103 3751 3869 3751 3868 3751 4105 3752 3805 3752 3802 3752 4105 3753 4087 3753 3805 3753 4106 3754 4083 3754 4098 3754 4106 3755 4094 3755 4083 3755 4105 3756 3802 3756 899 3756 4107 3757 4091 3757 4095 3757 4108 3758 877 3758 879 3758 4107 3759 4101 3759 4091 3759 4109 3760 4100 3760 4092 3760 4109 3761 3851 3761 4100 3761 4109 3762 4092 3762 4102 3762 4108 3763 879 3763 3809 3763 4110 3764 4095 3764 4084 3764 4111 3765 909 3765 877 3765 4110 3766 4084 3766 4099 3766 4112 3767 4098 3767 4090 3767 4113 3768 4093 3768 4101 3768 4112 3769 4090 3769 4104 3769 4113 3770 4103 3770 4093 3770 4111 3771 877 3771 4108 3771 4113 3772 3869 3772 4103 3772 4114 3773 3807 3773 3804 3773 4114 3774 4104 3774 3807 3774 4115 3775 4099 3775 4087 3775 4115 3776 899 3776 903 3776 4116 3777 3809 3777 3806 3777 4116 3778 4108 3778 3809 3778 4117 3779 4102 3779 4094 3779 4115 3780 4087 3780 4105 3780 4117 3781 4094 3781 4106 3781 4118 3782 920 3782 909 3782 4115 3783 4105 3783 899 3783 4118 3784 909 3784 4111 3784 4119 3785 3869 3785 4113 3785 4120 3786 4098 3786 4112 3786 4119 3787 3870 3787 3869 3787 4120 3788 4106 3788 4098 3788 4119 3789 4113 3789 4101 3789 4119 3790 4101 3790 4107 3790 4121 3791 4111 3791 4108 3791 4122 3792 4107 3792 4095 3792 4122 3793 4095 3793 4110 3793 4121 3794 4108 3794 4116 3794 4123 3795 4099 3795 4115 3795 4123 3796 903 3796 913 3796 4124 3797 4112 3797 4104 3797 4124 3798 4104 3798 4114 3798 4123 3799 4110 3799 4099 3799 4125 3800 3806 3800 3803 3800 4126 3801 3851 3801 4109 3801 4126 3802 3852 3802 3851 3802 4125 3803 4116 3803 3806 3803 4123 3804 4115 3804 903 3804 4127 3805 933 3805 920 3805 4128 3806 4107 3806 4122 3806 4126 3807 4102 3807 4117 3807 4128 3808 4119 3808 4107 3808 4126 3809 4109 3809 4102 3809 4128 3810 3870 3810 4119 3810 4127 3811 920 3811 4118 3811 4129 3812 4110 3812 4123 3812 4130 3813 3804 3813 3801 3813 4129 3814 913 3814 928 3814 4130 3815 4114 3815 3804 3815 4131 3816 3803 3816 3800 3816 4129 3817 4122 3817 4110 3817 4131 3818 4125 3818 3803 3818 4129 3819 4123 3819 913 3819 4132 3820 4122 3820 4129 3820 4133 3821 4111 3821 4121 3821 4132 3822 4128 3822 4122 3822 4134 3823 4106 3823 4120 3823 4132 3824 3870 3824 4128 3824 4132 3825 4129 3825 928 3825 4134 3826 4117 3826 4106 3826 4132 3827 928 3827 948 3827 4135 3828 4112 3828 4124 3828 4133 3829 4118 3829 4111 3829 4132 3830 948 3830 946 3830 4132 3831 3871 3831 3870 3831 4132 3832 946 3832 3871 3832 4136 3833 4121 3833 4116 3833 4135 3834 4120 3834 4112 3834 4137 3835 4114 3835 4130 3835 4137 3836 4124 3836 4114 3836 4136 3837 4116 3837 4125 3837 4138 3838 933 3838 4127 3838 4138 3839 938 3839 933 3839 4138 3840 940 3840 938 3840 4138 3841 3835 3841 940 3841 4139 3842 4126 3842 4117 3842 4139 3843 4117 3843 4134 3843 4139 3844 3852 3844 4126 3844 4139 3845 3853 3845 3852 3845 4140 3846 4130 3846 3801 3846 4141 3847 4131 3847 3800 3847 4142 3848 4136 3848 4125 3848 4140 3849 3801 3849 3798 3849 4142 3850 4125 3850 4131 3850 4143 3851 4120 3851 4135 3851 4144 3852 4127 3852 4118 3852 4143 3853 4134 3853 4120 3853 4144 3854 4118 3854 4133 3854 4145 3855 3798 3855 3795 3855 4145 3856 4140 3856 3798 3856 4146 3857 3800 3857 3799 3857 4147 3858 4135 3858 4124 3858 4146 3859 4141 3859 3800 3859 4148 3860 4121 3860 4136 3860 4147 3861 4124 3861 4137 3861 4148 3862 4133 3862 4121 3862 4149 3863 4137 3863 4130 3863 4149 3864 4130 3864 4140 3864 4150 3865 4142 3865 4131 3865 4150 3866 4131 3866 4141 3866 4151 3867 3853 3867 4139 3867 4152 3868 4136 3868 4142 3868 4151 3869 4134 3869 4143 3869 4152 3870 4148 3870 4136 3870 4151 3871 3854 3871 3853 3871 4151 3872 4139 3872 4134 3872 4153 3873 4127 3873 4144 3873 4153 3874 4138 3874 4127 3874 4153 3875 3836 3875 3835 3875 4154 3876 4145 3876 3795 3876 4153 3877 3835 3877 4138 3877 4155 3878 4146 3878 3799 3878 4156 3879 4140 3879 4145 3879 4156 3880 4149 3880 4140 3880 4157 3881 4150 3881 4141 3881 4158 3882 4143 3882 4135 3882 4157 3883 4141 3883 4146 3883 4158 3884 4135 3884 4147 3884 4159 3885 4133 3885 4148 3885 4160 3886 3795 3886 3794 3886 4159 3887 4144 3887 4133 3887 4160 3888 4154 3888 3795 3888 4161 3889 4142 3889 4150 3889 4162 3890 4137 3890 4149 3890 4162 3891 4147 3891 4137 3891 4161 3892 4152 3892 4142 3892 4163 3893 4159 3893 4148 3893 4164 3894 4156 3894 4145 3894 4163 3895 4148 3895 4152 3895 4164 3896 4145 3896 4154 3896 4165 3897 4149 3897 4156 3897 4166 3898 3799 3898 3797 3898 4165 3899 4162 3899 4149 3899 4166 3900 4155 3900 3799 3900 4167 3901 4143 3901 4158 3901 4167 3902 4151 3902 4143 3902 4167 3903 3854 3903 4151 3903 4168 3904 4157 3904 4146 3904 4168 3905 4146 3905 4155 3905 4167 3906 3855 3906 3854 3906 4169 3907 4150 3907 4157 3907 4169 3908 4161 3908 4150 3908 4170 3909 4144 3909 4159 3909 4171 3910 4160 3910 3794 3910 4172 3911 4154 3911 4160 3911 4170 3912 4153 3912 4144 3912 4172 3913 4164 3913 4154 3913 4170 3914 3836 3914 4153 3914 4170 3915 3837 3915 3836 3915 4173 3916 4166 3916 3797 3916 4174 3917 4147 3917 4162 3917 4174 3918 4158 3918 4147 3918 4175 3919 4163 3919 4152 3919 4176 3920 4156 3920 4164 3920 4176 3921 4165 3921 4156 3921 4175 3922 4152 3922 4161 3922 4177 3923 4162 3923 4165 3923 4178 3924 4159 3924 4163 3924 4177 3925 4174 3925 4162 3925 4178 3926 4170 3926 4159 3926 4178 3927 3837 3927 4170 3927 4179 3928 4155 3928 4166 3928 4180 3929 3794 3929 3833 3929 4179 3930 4168 3930 4155 3930 4180 3931 4171 3931 3794 3931 4181 3932 4172 3932 4160 3932 4182 3933 4157 3933 4168 3933 4181 3934 4160 3934 4171 3934 4182 3935 4169 3935 4157 3935 4183 3936 4175 3936 4161 3936 4184 3937 4164 3937 4172 3937 4184 3938 4176 3938 4164 3938 4183 3939 4161 3939 4169 3939 4185 3940 4173 3940 3797 3940 4186 3941 4167 3941 4158 3941 4186 3942 4158 3942 4174 3942 4185 3943 3797 3943 3796 3943 4186 3944 3855 3944 4167 3944 4186 3945 3856 3945 3855 3945 4187 3946 4166 3946 4173 3946 4188 3947 4180 3947 3833 3947 4187 3948 4179 3948 4166 3948 4189 3949 4163 3949 4175 3949 4189 3950 4178 3950 4163 3950 4190 3951 4165 3951 4176 3951 4189 3952 3838 3952 3837 3952 4190 3953 4177 3953 4165 3953 4189 3954 3837 3954 4178 3954 4191 3955 4182 3955 4168 3955 4191 3956 4168 3956 4179 3956 4192 3957 4186 3957 4174 3957 4192 3958 4174 3958 4177 3958 4192 3959 3856 3959 4186 3959 4193 3960 4181 3960 4171 3960 4194 3961 4185 3961 3796 3961 4193 3962 4171 3962 4180 3962 4195 3963 4184 3963 4172 3963 4196 3964 4169 3964 4182 3964 4195 3965 4172 3965 4181 3965 4196 3966 4183 3966 4169 3966 4197 3967 4189 3967 4175 3967 4197 3968 4175 3968 4183 3968 4197 3969 3838 3969 4189 3969 4198 3970 4176 3970 4184 3970 4198 3971 4190 3971 4176 3971 4199 3972 4187 3972 4173 3972 4199 3973 4173 3973 4185 3973 4200 3974 4188 3974 3833 3974 4200 3975 3833 3975 3831 3975 4201 3976 4193 3976 4180 3976 4202 3977 4191 3977 4179 3977 4201 3978 4180 3978 4188 3978 4202 3979 4179 3979 4187 3979 4203 3980 3856 3980 4192 3980 4203 3981 4192 3981 4177 3981 4204 3982 4182 3982 4191 3982 4203 3983 3857 3983 3856 3983 4204 3984 4196 3984 4182 3984 4203 3985 4177 3985 4190 3985 4205 3986 4195 3986 4181 3986 4206 3987 4199 3987 4185 3987 4205 3988 4181 3988 4193 3988 4206 3989 4185 3989 4194 3989 4207 3990 3796 3990 3834 3990 4207 3991 4194 3991 3796 3991 4208 3992 4200 3992 3831 3992 4209 3993 4184 3993 4195 3993 4209 3994 4198 3994 4184 3994 4210 3995 3838 3995 4197 3995 4210 3996 4197 3996 4183 3996 4210 3997 3839 3997 3838 3997 4210 3998 4183 3998 4196 3998 4211 3999 4190 3999 4198 3999 4212 4000 4202 4000 4187 4000 4211 4001 4203 4001 4190 4001 4211 4002 3857 4002 4203 4002 4213 4003 4201 4003 4188 4003 4212 4004 4187 4004 4199 4004 4214 4005 4204 4005 4191 4005 4214 4006 4191 4006 4202 4006 4213 4007 4188 4007 4200 4007 4215 4008 4196 4008 4204 4008 4215 4009 3839 4009 4210 4009 4216 4010 4193 4010 4201 4010 4215 4011 4210 4011 4196 4011 4216 4012 4205 4012 4193 4012 4217 4013 4199 4013 4206 4013 4217 4014 4212 4014 4199 4014 4218 4015 4195 4015 4205 4015 4219 4016 4206 4016 4194 4016 4218 4017 4209 4017 4195 4017 4220 4018 4200 4018 4208 4018 4219 4019 4194 4019 4207 4019 4220 4020 4213 4020 4200 4020 4221 4021 4214 4021 4202 4021 4222 4022 3831 4022 3829 4022 4222 4023 4208 4023 3831 4023 4221 4024 4202 4024 4212 4024 4223 4025 4198 4025 4209 4025 4224 4026 3834 4026 3832 4026 4224 4027 4207 4027 3834 4027 4223 4028 3857 4028 4211 4028 4223 4029 3858 4029 3857 4029 4223 4030 4211 4030 4198 4030 4225 4031 4216 4031 4201 4031 4226 4032 4215 4032 4204 4032 4226 4033 3840 4033 3839 4033 4226 4034 4204 4034 4214 4034 4225 4035 4201 4035 4213 4035 4226 4036 3839 4036 4215 4036 4227 4037 4212 4037 4217 4037 4228 4038 4218 4038 4205 4038 4227 4039 4221 4039 4212 4039 4228 4040 4205 4040 4216 4040 4229 4041 4223 4041 4209 4041 4230 4042 4206 4042 4219 4042 4229 4043 4209 4043 4218 4043 4229 4044 3858 4044 4223 4044 3955 4045 4213 4045 4220 4045 4230 4046 4217 4046 4206 4046 4231 4047 4214 4047 4221 4047 3955 4048 4225 4048 4213 4048 4231 4049 3840 4049 4226 4049 4231 4050 4226 4050 4214 4050 3959 4051 4219 4051 4207 4051 3959 4052 4207 4052 4224 4052 3969 4053 4220 4053 4208 4053 3969 4054 4208 4054 4222 4054 4232 4055 4228 4055 4216 4055 4233 4056 4231 4056 4221 4056 4233 4057 4221 4057 4227 4057 4232 4058 4216 4058 4225 4058 4233 4059 3840 4059 4231 4059 4233 4060 3841 4060 3840 4060 3965 4061 4227 4061 4217 4061 3965 4062 4217 4062 4230 4062 3963 4063 3829 4063 3827 4063 3963 4064 4222 4064 3829 4064 3952 4065 4224 4065 3832 4065 4234 4066 4229 4066 4218 4066 4234 4067 4218 4067 4228 4067 3952 4068 3832 4068 3830 4068 4234 4069 3858 4069 4229 4069 4234 4070 3859 4070 3858 4070 3957 4071 4225 4071 3955 4071 3957 4072 4232 4072 4225 4072 3961 4073 4230 4073 4219 4073 3961 4074 4219 4074 3959 4074 3956 4075 4220 4075 3969 4075 3956 4076 3955 4076 4220 4076 3967 4077 4233 4077 4227 4077 3967 4078 4227 4078 3965 4078 3967 4079 3841 4079 4233 4079 3953 4080 4234 4080 4228 4080 3953 4081 4228 4081 4232 4081 3953 4082 3859 4082 4234 4082 3960 4083 3959 4083 4224 4083 3960 4084 4224 4084 3952 4084 3971 4085 4222 4085 3963 4085 3966 4086 4230 4086 3961 4086 3966 4087 3965 4087 4230 4087 3971 4088 3969 4088 4222 4088 3951 4089 4232 4089 3957 4089 3951 4090 3953 4090 4232 4090 4235 4091 3908 4091 3906 4091 4236 4092 3938 4092 3937 4092 4235 3433 4237 3433 3908 3433 4236 4093 3937 4093 4238 4093 4239 4094 4240 4094 4241 4094 4239 4095 4242 4095 4240 4095 4243 3437 4244 3437 4245 3437 4243 3438 4246 3438 4244 3438 4247 3439 4248 3439 3905 3439 4247 3440 3905 3440 3903 3440 4249 4096 3920 4096 3919 4096 4249 3442 4250 3442 4251 3442 4249 4097 4252 4097 4250 4097 4249 4098 3919 4098 4252 4098 4253 4099 4241 4099 4254 4099 4255 4100 4237 4100 4235 4100 4253 4101 4254 4101 4256 4101 4255 4102 4245 4102 4237 4102 4257 4103 4242 4103 4239 4103 4257 4104 4236 4104 4242 4104 4257 3451 3938 3451 4236 3451 4258 4105 3906 4105 3904 4105 4259 3453 4256 3453 4248 3453 4258 4106 4235 4106 3906 4106 4259 4107 4248 4107 4247 4107 4260 4108 4251 4108 4246 4108 4260 4109 4246 4109 4243 4109 4261 3458 4239 3458 4241 3458 4261 4110 4241 4110 4253 4110 4262 4111 4243 4111 4245 4111 4262 3461 4245 3461 4255 3461 4263 4112 4247 4112 3903 4112 4263 4113 3903 4113 3901 4113 4264 3464 4255 3464 4235 3464 4264 3465 4235 3465 4258 3465 4265 4114 4256 4114 4259 4114 4266 4115 3921 4115 3920 4115 4265 4116 4253 4116 4256 4116 4266 4117 3920 4117 4249 4117 4266 4118 4249 4118 4251 4118 4266 4119 4251 4119 4260 4119 4267 4120 3939 4120 3938 4120 4267 3473 4239 3473 4261 3473 4267 4121 4257 4121 4239 4121 4267 3475 3938 3475 4257 3475 4268 4122 3904 4122 3902 4122 4269 3477 4247 3477 4263 3477 4268 4123 4258 4123 3904 4123 4269 4124 4259 4124 4247 4124 4270 4125 4263 4125 3901 4125 4271 3481 4260 3481 4243 3481 4271 4126 4243 4126 4262 4126 4270 3483 3901 3483 3899 3483 4272 4127 4253 4127 4265 4127 4273 4128 4262 4128 4255 4128 4273 3486 4255 3486 4264 3486 4274 4129 4258 4129 4268 4129 4272 4130 4261 4130 4253 4130 4275 4131 4259 4131 4269 4131 4275 3490 4265 3490 4259 3490 4274 4132 4264 4132 4258 4132 4276 4133 4266 4133 4260 4133 4276 3493 3922 3493 3921 3493 4277 3494 4263 3494 4270 3494 4276 4134 4260 4134 4271 4134 4276 4135 3921 4135 4266 4135 4277 4136 4269 4136 4263 4136 4278 4137 3902 4137 3900 4137 4279 4138 4261 4138 4272 4138 4278 4139 4268 4139 3902 4139 4279 4140 4267 4140 4261 4140 4279 3502 3940 3502 3939 3502 4280 4141 4262 4141 4273 4141 4279 4142 3939 4142 4267 4142 4281 4143 3899 4143 3897 4143 4280 4144 4271 4144 4262 4144 4281 4145 4270 4145 3899 4145 4282 3508 3900 3508 3898 3508 4283 4146 4265 4146 4275 4146 4282 4147 4278 4147 3900 4147 4284 4148 4264 4148 4274 4148 4283 3512 4272 3512 4265 3512 4285 3513 4275 3513 4269 3513 4284 4149 4273 4149 4264 4149 4285 4150 4269 4150 4277 4150 4286 4151 4268 4151 4278 4151 4287 4152 4277 4152 4270 4152 4286 4153 4274 4153 4268 4153 4287 3519 4270 3519 4281 3519 4288 3520 3922 3520 4276 3520 4288 4154 4276 4154 4271 4154 4288 4155 4271 4155 4280 4155 4289 4156 4279 4156 4272 4156 4288 4157 3923 4157 3922 4157 4289 4158 4272 4158 4283 4158 4289 4159 3940 4159 4279 4159 4289 4160 3941 4160 3940 4160 4290 3528 4282 3528 3898 3528 4291 3529 3897 3529 3895 3529 4292 3530 4278 3530 4282 3530 4292 4161 4286 4161 4278 4161 4291 4162 4281 4162 3897 4162 4293 3533 4283 3533 4275 3533 4293 3534 4275 3534 4285 3534 4294 3535 4280 3535 4273 3535 4294 4163 4273 4163 4284 4163 4295 4164 3895 4164 3893 4164 4296 4165 4284 4165 4274 4165 4296 4166 4274 4166 4286 4166 4295 4167 4291 4167 3895 4167 4297 3541 4277 3541 4287 3541 4297 4168 4285 4168 4277 4168 4298 3543 3898 3543 3896 3543 4298 4169 4290 4169 3898 4169 4299 4170 4287 4170 4281 4170 4300 4171 4292 4171 4282 4171 4299 3547 4281 3547 4291 3547 4300 4172 4282 4172 4290 4172 4301 4173 4289 4173 4283 4173 4301 3550 4283 3550 4293 3550 4302 4174 4286 4174 4292 4174 4301 4175 3941 4175 4289 4175 4302 4176 4296 4176 4286 4176 4301 3554 3942 3554 3941 3554 4303 4177 4280 4177 4294 4177 4303 4178 4288 4178 4280 4178 4303 4179 3923 4179 4288 4179 4304 4180 4295 4180 3893 4180 4303 4181 3924 4181 3923 4181 4305 4182 4299 4182 4291 4182 4305 4183 4291 4183 4295 4183 4306 4184 4298 4184 3896 4184 4307 3563 4284 3563 4296 3563 4308 3564 4293 3564 4285 3564 4307 4185 4294 4185 4284 4185 4308 3566 4285 3566 4297 3566 4309 4186 4290 4186 4298 4186 4309 4187 4300 4187 4290 4187 4310 4188 4297 4188 4287 4188 4310 3570 4287 3570 4299 3570 4311 3571 4292 3571 4300 3571 4311 4189 4302 4189 4292 4189 4312 4190 3893 4190 3891 4190 4312 4191 4304 4191 3893 4191 4313 4192 4296 4192 4302 4192 4314 4193 4305 4193 4295 4193 4314 3577 4295 3577 4304 3577 4313 4194 4307 4194 4296 4194 4315 4195 3896 4195 3894 4195 4315 4196 4306 4196 3896 4196 4316 4197 4299 4197 4305 4197 4316 3582 4310 3582 4299 3582 4317 4198 4309 4198 4298 4198 4318 4199 4301 4199 4293 4199 4318 4200 4293 4200 4308 4200 4318 3586 3942 3586 4301 3586 4317 4201 4298 4201 4306 4201 4318 4202 3943 4202 3942 4202 4319 4203 4303 4203 4294 4203 4319 4204 4294 4204 4307 4204 4319 4205 3924 4205 4303 4205 4319 4206 3925 4206 3924 4206 4320 4207 4312 4207 3891 4207 4321 4208 4311 4208 4300 4208 4321 4209 4300 4209 4309 4209 4322 4210 4308 4210 4297 4210 4322 4211 4297 4211 4310 4211 4323 4212 4315 4212 3894 4212 4324 3599 4304 3599 4312 3599 4324 4213 4314 4213 4304 4213 4325 4214 4302 4214 4311 4214 4325 4215 4313 4215 4302 4215 4326 3603 4316 3603 4305 3603 4326 4216 4305 4216 4314 4216 4327 4217 4319 4217 4307 4217 4327 4218 4307 4218 4313 4218 4328 4219 4310 4219 4316 4219 4327 4220 3925 4220 4319 4220 4328 4221 4322 4221 4310 4221 4329 4222 4306 4222 4315 4222 4329 4223 4317 4223 4306 4223 4330 4224 3891 4224 3889 4224 4330 4225 4320 4225 3891 4225 4331 4226 4321 4226 4309 4226 4331 4227 4309 4227 4317 4227 4332 3616 4312 3616 4320 3616 4332 4228 4324 4228 4312 4228 4333 4229 4325 4229 4311 4229 4333 4230 4311 4230 4321 4230 4334 3620 4318 3620 4308 3620 4334 4231 4308 4231 4322 4231 4334 4232 3944 4232 3943 4232 4334 4233 3943 4233 4318 4233 4335 4234 3894 4234 3892 4234 4335 4235 4323 4235 3894 4235 4336 4236 4314 4236 4324 4236 4336 4237 4326 4237 4314 4237 4337 4238 4315 4238 4323 4238 4337 4239 4329 4239 4315 4239 4338 4240 4330 4240 3889 4240 4339 4241 3926 4241 3925 4241 4340 4242 4328 4242 4316 4242 4339 4243 4313 4243 4325 4243 4339 4244 3925 4244 4327 4244 4339 4245 4327 4245 4313 4245 4340 4246 4316 4246 4326 4246 4341 4247 4322 4247 4328 4247 4341 4248 3944 4248 4334 4248 4342 4249 4335 4249 3892 4249 4341 3640 4334 3640 4322 3640 4343 4250 4332 4250 4320 4250 4344 3642 4317 3642 4329 3642 4344 4251 4331 4251 4317 4251 4343 4252 4320 4252 4330 4252 4345 4253 4336 4253 4324 4253 4345 4254 4324 4254 4332 4254 4346 4255 4333 4255 4321 4255 4346 4256 4321 4256 4331 4256 4347 4257 4325 4257 4333 4257 4348 4258 4340 4258 4326 4258 4348 4259 4326 4259 4336 4259 4347 4260 4339 4260 4325 4260 4347 4261 3926 4261 4339 4261 4349 3654 3889 3654 3886 3654 4349 3655 4338 3655 3889 3655 4350 4262 4323 4262 4335 4262 4350 4263 4337 4263 4323 4263 4351 4264 4330 4264 4338 4264 4352 3659 4329 3659 4337 3659 4352 4265 4344 4265 4329 4265 4351 4266 4343 4266 4330 4266 4353 4267 4341 4267 4328 4267 4354 3663 4350 3663 4335 3663 4353 4268 3944 4268 4341 4268 4353 4269 3945 4269 3944 4269 4354 3666 4335 3666 4342 3666 4353 4270 4328 4270 4340 4270 4355 3668 4346 3668 4331 3668 4356 3669 4349 3669 3886 3669 4357 4271 4345 4271 4332 4271 4355 4272 4331 4272 4344 4272 4358 4273 4342 4273 3892 4273 4358 4274 3892 4274 3890 4274 4357 4275 4332 4275 4343 4275 4359 3675 4336 3675 4345 3675 4360 4276 4347 4276 4333 4276 4359 4277 4348 4277 4336 4277 4360 4278 4333 4278 4346 4278 4360 4279 3926 4279 4347 4279 4360 4280 3927 4280 3926 4280 4361 4281 4337 4281 4350 4281 4362 4282 4340 4282 4348 4282 4362 3683 4353 3683 4340 3683 4362 4283 3945 4283 4353 4283 4361 4284 4352 4284 4337 4284 4363 4285 4351 4285 4338 4285 4364 4286 4355 4286 4344 4286 4364 3688 4344 3688 4352 3688 4363 4287 4338 4287 4349 4287 4365 3690 4350 3690 4354 3690 4365 4288 4361 4288 4350 4288 4366 3692 4343 3692 4351 3692 4366 3693 4357 3693 4343 3693 4367 4289 4346 4289 4355 4289 4367 3695 3927 3695 4360 3695 4367 4290 4360 4290 4346 4290 4368 4291 4342 4291 4358 4291 4369 4292 4363 4292 4349 4292 4368 4293 4354 4293 4342 4293 4369 3700 4349 3700 4356 3700 4370 4294 4359 4294 4345 4294 4370 4295 4345 4295 4357 4295 4371 4296 4352 4296 4361 4296 4371 4297 4364 4297 4352 4297 4372 4298 3886 4298 3883 4298 4372 3706 4356 3706 3886 3706 4373 3707 4367 3707 4355 3707 4373 4299 4355 4299 4364 4299 4373 3709 3927 3709 4367 3709 4374 3710 4362 3710 4348 3710 4373 4300 3928 4300 3927 4300 4374 4301 4348 4301 4359 4301 4374 4302 3945 4302 4362 4302 4375 4303 3890 4303 3888 4303 4374 4304 3946 4304 3945 4304 4376 3716 4351 3716 4363 3716 4376 3717 4366 3717 4351 3717 4375 4305 4358 4305 3890 4305 4377 4306 4361 4306 4365 4306 4377 4307 4371 4307 4361 4307 4378 4308 4370 4308 4357 4308 4378 4309 4357 4309 4366 4309 4379 4310 4365 4310 4354 4310 4379 4311 4354 4311 4368 4311 4380 3725 4363 3725 4369 3725 4380 3726 4376 3726 4363 3726 522 3727 3880 3727 520 3727 4381 4312 4373 4312 4364 4312 4381 4313 4364 4313 4371 4313 4381 4314 3928 4314 4373 4314 4382 3731 4374 3731 4359 3731 4382 3732 4359 3732 4370 3732 4383 4315 4368 4315 4358 4315 4382 4316 3946 4316 4374 4316 4384 4317 4356 4317 4372 4317 4383 4318 4358 4318 4375 4318 4384 3737 4369 3737 4356 3737 4385 4319 4371 4319 4377 4319 4385 4320 4381 4320 4371 4320 4385 4321 3929 4321 3928 4321 4385 4322 3928 4322 4381 4322 4386 4323 4366 4323 4376 4323 4386 3743 4378 3743 4366 3743 4387 4324 4365 4324 4379 4324 4387 4325 4377 4325 4365 4325 4388 4326 4382 4326 4370 4326 4388 3747 4370 3747 4378 3747 4389 4327 3888 4327 3885 4327 4388 3749 3946 3749 4382 3749 4389 4328 4375 4328 3888 4328 4388 3751 3947 3751 3946 3751 4390 4329 3883 4329 3880 4329 4390 4330 4372 4330 3883 4330 4391 4331 4368 4331 4383 4331 4391 4332 4379 4332 4368 4332 4390 3756 3880 3756 522 3756 4392 3757 4376 3757 4380 3757 4393 3758 500 3758 502 3758 4392 3759 4386 3759 4376 3759 4394 4333 4385 4333 4377 4333 4394 3761 3929 3761 4385 3761 4394 4334 4377 4334 4387 4334 4393 3763 502 3763 3887 3763 4395 3764 4380 3764 4369 3764 4396 3765 532 3765 500 3765 4395 3766 4369 3766 4384 3766 4397 3767 4383 3767 4375 3767 4398 3768 4378 3768 4386 3768 4397 3769 4375 3769 4389 3769 4398 4335 4388 4335 4378 4335 4396 4336 500 4336 4393 4336 4398 3772 3947 3772 4388 3772 4399 4337 3885 4337 3882 4337 4399 4338 4389 4338 3885 4338 4400 4339 4384 4339 4372 4339 4400 4340 522 4340 526 4340 4401 3777 3887 3777 3884 3777 4401 4341 4393 4341 3887 4341 4402 4342 4387 4342 4379 4342 4400 4343 4372 4343 4390 4343 4402 4344 4379 4344 4391 4344 4403 3782 543 3782 532 3782 4400 3783 4390 3783 522 3783 4403 3784 532 3784 4396 3784 4404 3785 3947 3785 4398 3785 4405 3786 4383 3786 4397 3786 4404 4345 3948 4345 3947 4345 4405 4346 4391 4346 4383 4346 4404 4347 4398 4347 4386 4347 4404 4348 4386 4348 4392 4348 4406 4349 4396 4349 4393 4349 4407 3792 4392 3792 4380 3792 4407 4350 4380 4350 4395 4350 4406 4351 4393 4351 4401 4351 4408 4352 4384 4352 4400 4352 4408 3796 526 3796 536 3796 4409 3797 4397 3797 4389 3797 4409 3798 4389 3798 4399 3798 4408 4353 4395 4353 4384 4353 4410 3800 3884 3800 3881 3800 4411 4354 3929 4354 4394 4354 4411 4355 3930 4355 3929 4355 4410 3803 4401 3803 3884 3803 4408 3804 4400 3804 526 3804 4412 4356 556 4356 543 4356 4413 4357 4392 4357 4407 4357 4411 4358 4387 4358 4402 4358 4413 4359 4404 4359 4392 4359 4411 3809 4394 3809 4387 3809 4413 4360 3948 4360 4404 4360 4412 4361 543 4361 4403 4361 4414 4362 4395 4362 4408 4362 4415 4363 3882 4363 3879 4363 4414 4364 536 4364 551 4364 4415 4365 4399 4365 3882 4365 4416 4366 3881 4366 3878 4366 4414 4367 4407 4367 4395 4367 4416 3818 4410 3818 3881 3818 4414 4368 4408 4368 536 4368 4417 4369 4407 4369 4414 4369 4418 4370 4396 4370 4406 4370 4417 4371 4413 4371 4407 4371 4419 4372 4391 4372 4405 4372 4417 3824 3948 3824 4413 3824 4417 4373 4414 4373 551 4373 4419 4374 4402 4374 4391 4374 4417 3827 551 3827 571 3827 4420 3828 4397 3828 4409 3828 4418 4375 4403 4375 4396 4375 4417 4376 571 4376 569 4376 4417 4377 3949 4377 3948 4377 4417 4378 569 4378 3949 4378 4421 4379 4406 4379 4401 4379 4420 4380 4405 4380 4397 4380 4422 4381 4399 4381 4415 4381 4422 3836 4409 3836 4399 3836 4421 4382 4401 4382 4410 4382 4423 4383 556 4383 4412 4383 4423 3839 561 3839 556 3839 4423 3840 563 3840 561 3840 4423 3841 3913 3841 563 3841 4424 4384 4411 4384 4402 4384 4424 4385 4402 4385 4419 4385 4424 4386 3930 4386 4411 4386 4424 4387 3931 4387 3930 4387 4425 4388 4415 4388 3879 4388 4426 4389 4416 4389 3878 4389 4427 4390 4421 4390 4410 4390 4425 4391 3879 4391 3876 4391 4427 4392 4410 4392 4416 4392 4428 4393 4405 4393 4420 4393 4429 3852 4412 3852 4403 3852 4428 4394 4419 4394 4405 4394 4429 4395 4403 4395 4418 4395 4430 4396 3876 4396 3873 4396 4430 4397 4425 4397 3876 4397 4431 4398 3878 4398 3877 4398 4432 4399 4420 4399 4409 4399 4431 4400 4426 4400 3878 4400 4433 4401 4406 4401 4421 4401 4432 4402 4409 4402 4422 4402 4433 4403 4418 4403 4406 4403 4434 4404 4422 4404 4415 4404 4434 4405 4415 4405 4425 4405 4435 4406 4427 4406 4416 4406 4435 3866 4416 3866 4426 3866 4436 4407 3931 4407 4424 4407 4437 4408 4421 4408 4427 4408 4436 4409 4419 4409 4428 4409 4437 4410 4433 4410 4421 4410 4436 3871 3932 3871 3931 3871 4436 4411 4424 4411 4419 4411 4438 3873 4412 3873 4429 3873 4438 4412 4423 4412 4412 4412 4438 4413 3914 4413 3913 4413 4439 4414 4430 4414 3873 4414 4438 3877 3913 3877 4423 3877 4440 4415 4431 4415 3877 4415 4441 3879 4425 3879 4430 3879 4441 4416 4434 4416 4425 4416 4442 4417 4435 4417 4426 4417 4443 4418 4428 4418 4420 4418 4442 4419 4426 4419 4431 4419 4443 3884 4420 3884 4432 3884 4444 3885 4418 3885 4433 3885 4445 4420 3873 4420 3872 4420 4444 3887 4429 3887 4418 3887 4445 4421 4439 4421 3873 4421 4446 4422 4427 4422 4435 4422 4447 4423 4422 4423 4434 4423 4447 4424 4432 4424 4422 4424 4446 4425 4437 4425 4427 4425 4448 4426 4444 4426 4433 4426 4449 3894 4441 3894 4430 3894 4448 4427 4433 4427 4437 4427 4449 4428 4430 4428 4439 4428 4450 4429 4434 4429 4441 4429 4451 4430 3877 4430 3875 4430 4450 4431 4447 4431 4434 4431 4451 4432 4440 4432 3877 4432 4452 3901 4428 3901 4443 3901 4452 4433 4436 4433 4428 4433 4452 4434 3932 4434 4436 4434 4453 4435 4442 4435 4431 4435 4453 3905 4431 3905 4440 3905 4452 3906 3933 3906 3932 3906 4454 4436 4435 4436 4442 4436 4454 3908 4446 3908 4435 3908 4455 4437 4429 4437 4444 4437 4456 3910 4445 3910 3872 3910 4457 4438 4439 4438 4445 4438 4455 4439 4438 4439 4429 4439 4457 4440 4449 4440 4439 4440 4455 4441 3914 4441 4438 4441 4455 4442 3915 4442 3914 4442 4458 4443 4451 4443 3875 4443 4459 4444 4432 4444 4447 4444 4459 4445 4443 4445 4432 4445 4460 3919 4448 3919 4437 3919 4461 3920 4441 3920 4449 3920 4461 4446 4450 4446 4441 4446 4460 3922 4437 3922 4446 3922 4462 4447 4447 4447 4450 4447 4463 4448 4444 4448 4448 4448 4462 4449 4459 4449 4447 4449 4463 4450 4455 4450 4444 4450 4463 3927 3915 3927 4455 3927 4464 4451 4440 4451 4451 4451 4465 3929 3872 3929 3911 3929 4464 4452 4453 4452 4440 4452 4465 4453 4456 4453 3872 4453 4466 3932 4457 3932 4445 3932 4467 4454 4442 4454 4453 4454 4466 3934 4445 3934 4456 3934 4467 4455 4454 4455 4442 4455 4468 4456 4460 4456 4446 4456 4469 4457 4449 4457 4457 4457 4469 4458 4461 4458 4449 4458 4468 3939 4446 3939 4454 3939 4470 4459 4458 4459 3875 4459 4471 4460 4452 4460 4443 4460 4471 4461 4443 4461 4459 4461 4470 4462 3875 4462 3874 4462 4471 4463 3933 4463 4452 4463 4471 4464 3934 4464 3933 4464 4472 4465 4451 4465 4458 4465 4473 4466 4465 4466 3911 4466 4472 4467 4464 4467 4451 4467 4474 4468 4448 4468 4460 4468 4474 4469 4463 4469 4448 4469 4475 3951 4450 3951 4461 3951 4474 3952 3916 3952 3915 3952 4475 4470 4462 4470 4450 4470 4474 3954 3915 3954 4463 3954 4476 4471 4467 4471 4453 4471 4476 4472 4453 4472 4464 4472 4477 4473 4471 4473 4459 4473 4477 4474 4459 4474 4462 4474 4477 4475 3934 4475 4471 4475 4478 4476 4466 4476 4456 4476 4479 4477 4470 4477 3874 4477 4478 4478 4456 4478 4465 4478 4480 3963 4469 3963 4457 3963 4481 3964 4454 3964 4467 3964 4480 4479 4457 4479 4466 4479 4481 3966 4468 3966 4454 3966 4482 3967 4474 3967 4460 3967 4482 3968 4460 3968 4468 3968 4482 4480 3916 4480 4474 4480 4483 3970 4461 3970 4469 3970 4483 4481 4475 4481 4461 4481 4484 4482 4472 4482 4458 4482 4484 3973 4458 3973 4470 3973 4485 4483 4473 4483 3911 4483 4485 3975 3911 3975 3909 3975 4486 4484 4478 4484 4465 4484 4487 3977 4476 3977 4464 3977 4486 4485 4465 4485 4473 4485 4487 4486 4464 4486 4472 4486 4488 4487 3934 4487 4477 4487 4488 4488 4477 4488 4462 4488 4489 4489 4467 4489 4476 4489 4488 4490 3935 4490 3934 4490 4489 4491 4481 4491 4467 4491 4488 4492 4462 4492 4475 4492 4490 4493 4480 4493 4466 4493 4491 3987 4484 3987 4470 3987 4490 4494 4466 4494 4478 4494 4491 4495 4470 4495 4479 4495 4492 3990 3874 3990 3912 3990 4492 4496 4479 4496 3874 4496 4493 3992 4485 3992 3909 3992 4494 3993 4469 3993 4480 3993 4494 4497 4483 4497 4469 4497 4495 3995 3916 3995 4482 3995 4495 3996 4482 3996 4468 3996 4495 4498 3917 4498 3916 4498 4495 3998 4468 3998 4481 3998 4496 4499 4475 4499 4483 4499 4497 4500 4487 4500 4472 4500 4496 4501 4488 4501 4475 4501 4496 4002 3935 4002 4488 4002 4498 4502 4486 4502 4473 4502 4497 4503 4472 4503 4484 4503 4499 4504 4489 4504 4476 4504 4499 4505 4476 4505 4487 4505 4498 4506 4473 4506 4485 4506 4500 4507 4481 4507 4489 4507 4500 4508 3917 4508 4495 4508 4501 4010 4478 4010 4486 4010 4500 4011 4495 4011 4481 4011 4501 4509 4490 4509 4478 4509 4502 4013 4484 4013 4491 4013 4502 4510 4497 4510 4484 4510 4503 4511 4480 4511 4490 4511 4504 4512 4491 4512 4479 4512 4503 4017 4494 4017 4480 4017 4505 4018 4485 4018 4493 4018 4504 4513 4479 4513 4492 4513 4505 4514 4498 4514 4485 4514 4506 4515 4499 4515 4487 4515 4507 4516 3909 4516 3907 4516 4507 4023 4493 4023 3909 4023 4506 4517 4487 4517 4497 4517 4508 4025 4483 4025 4494 4025 4509 4518 3912 4518 3910 4518 4509 4519 4492 4519 3912 4519 4508 4520 3935 4520 4496 4520 4508 4521 3936 4521 3935 4521 4508 4030 4496 4030 4483 4030 4510 4522 4501 4522 4486 4522 4511 4032 4500 4032 4489 4032 4511 4523 3918 4523 3917 4523 4511 4524 4489 4524 4499 4524 4510 4035 4486 4035 4498 4035 4511 4036 3917 4036 4500 4036 4512 4525 4497 4525 4502 4525 4513 4526 4503 4526 4490 4526 4512 4527 4506 4527 4497 4527 4513 4528 4490 4528 4501 4528 4514 4529 4508 4529 4494 4529 4515 4530 4491 4530 4504 4530 4514 4043 4494 4043 4503 4043 4514 4531 3936 4531 4508 4531 4240 4532 4498 4532 4505 4532 4515 4533 4502 4533 4491 4533 4516 4047 4499 4047 4506 4047 4240 4534 4510 4534 4498 4534 4516 4535 3918 4535 4511 4535 4516 4536 4511 4536 4499 4536 4244 4537 4504 4537 4492 4537 4244 4538 4492 4538 4509 4538 4254 4539 4505 4539 4493 4539 4254 4540 4493 4540 4507 4540 4517 4055 4513 4055 4501 4055 4518 4541 4516 4541 4506 4541 4518 4542 4506 4542 4512 4542 4517 4543 4501 4543 4510 4543 4518 4059 3918 4059 4516 4059 4518 4544 3919 4544 3918 4544 4250 4061 4512 4061 4502 4061 4250 4545 4502 4545 4515 4545 4248 4546 3907 4546 3905 4546 4248 4547 4507 4547 3907 4547 4237 4065 4509 4065 3910 4065 4519 4548 4514 4548 4503 4548 4519 4067 4503 4067 4513 4067 4237 4068 3910 4068 3908 4068 4519 4549 3936 4549 4514 4549 4519 4550 3937 4550 3936 4550 4242 4551 4510 4551 4240 4551 4242 4072 4517 4072 4510 4072 4246 4552 4515 4552 4504 4552 4246 4553 4504 4553 4244 4553 4241 4554 4505 4554 4254 4554 4241 4555 4240 4555 4505 4555 4252 4556 4518 4556 4512 4556 4252 4557 4512 4557 4250 4557 4252 4558 3919 4558 4518 4558 4238 4559 4519 4559 4513 4559 4238 4560 4513 4560 4517 4560 4238 4561 3937 4561 4519 4561 4245 4083 4244 4083 4509 4083 4245 4562 4509 4562 4237 4562 4256 4563 4507 4563 4248 4563 4251 4564 4515 4564 4246 4564 4251 4565 4250 4565 4515 4565 4256 4566 4254 4566 4507 4566 4236 4089 4517 4089 4242 4089 4236 4567 4238 4567 4517 4567 1661 1820 1720 1820 4520 1820 1720 1820 4521 1820 4520 1820 1720 1842 1767 1842 4521 1842 1767 1842 4522 1842 4521 1842 1767 1843 1773 1843 4522 1843 1773 1843 4523 1843 4522 1843 1773 1844 1661 1844 4523 1844 1661 1844 4520 1844 4523 1844 4522 1476 4520 1476 4521 1476 4522 1476 4523 1476 4520 1476 4524 1820 4525 1820 4526 1820 4527 1820 4524 1820 4526 1820 4528 1820 4524 1820 4527 1820 4529 4568 4526 4568 4525 4568 4530 4569 4529 4569 4525 4569 4531 4570 4528 4570 4527 4570 4532 1820 4528 1820 4531 1820 4533 1820 4531 1820 4529 1820 4533 1820 4529 1820 4530 1820 4533 4571 4532 4571 4531 4571 4534 1820 4535 1820 4536 1820 4536 1820 4535 1820 4537 1820 4536 4572 4537 4572 4538 4572 4539 4573 4535 4573 4540 4573 4535 1820 4534 1820 4540 1820 4539 1820 4540 1820 4541 1820 4541 4574 4542 4574 4543 4574 4539 1820 4541 1820 4543 1820 4538 1820 4537 1820 4543 1820 4542 1820 4538 1820 4543 1820 2032 1842 4544 1842 1792 1842 4535 1842 1792 1842 4537 1842 1792 1842 4544 1842 4537 1842 1801 1843 1968 1843 4545 1843 1968 1843 4546 1843 4545 1843 1838 1844 4539 1844 4543 1844 1951 1844 1838 1844 4547 1844 1838 1844 4543 1844 4547 1844 4544 1476 4547 1476 4543 1476 4544 1476 4543 1476 4537 1476 4535 1845 4539 1845 1792 1845 4539 1845 1838 1845 1792 1845 4548 1842 4525 1842 4549 1842 4525 1842 4524 1842 4549 1842 4541 4575 4550 4575 4542 4575 4550 4576 4551 4576 4542 4576 4551 4577 4552 4577 4542 4577 4552 4578 4553 4578 4542 4578 4553 4579 4554 4579 4542 4579 4554 4580 4555 4580 4542 4580 4555 4581 4556 4581 4542 4581 4556 4582 4549 4582 4542 4582 4549 4583 4524 4583 4528 4583 4542 4584 4549 4584 4528 4584 4538 1845 4542 1845 4532 1845 4542 1845 4528 1845 4532 1845 4538 4585 4557 4585 4558 4585 4557 4586 4538 4586 4559 4586 4538 4587 4558 4587 4560 4587 4559 4588 4538 4588 4561 4588 4538 4589 4560 4589 4562 4589 4538 4590 4562 4590 4563 4590 4561 4591 4538 4591 4564 4591 4538 4592 4563 4592 4536 4592 4564 4593 4538 4593 4532 4593 4564 4594 4532 4594 4533 4594 4530 1844 4565 1844 4533 1844 4565 1844 4564 1844 4533 1844 4566 1476 4567 1476 4568 1476 4569 1476 4566 1476 4568 1476 4570 1476 4566 1476 4571 1476 4566 1476 4569 1476 4571 1476 4572 1476 4570 1476 4573 1476 4570 1476 4571 1476 4573 1476 4567 1476 4574 1476 4575 1476 4568 1476 4567 1476 4575 1476 4574 1476 4565 1476 4548 1476 4575 1476 4574 1476 4548 1476 4565 1476 4530 1476 4525 1476 4548 1476 4565 1476 4525 1476 4573 1476 4540 1476 4534 1476 4572 1476 4573 1476 4534 1476 4529 1842 4531 1842 4576 1842 4577 1842 4529 1842 4576 1842 4578 1476 4576 1476 4527 1476 4576 1476 4531 1476 4527 1476 4526 1844 4579 1844 4527 1844 4579 1844 4578 1844 4527 1844 4577 1845 4579 1845 4529 1845 4579 1845 4526 1845 4529 1845 4576 1820 4578 1820 4579 1820 4576 1820 4579 1820 4577 1820 1801 4595 4545 4595 4580 4595 2088 4596 4580 4596 4581 4596 2088 4597 1801 4597 4580 4597 2086 4598 4582 4598 4583 4598 2086 4599 4581 4599 4582 4599 2086 4600 2088 4600 4581 4600 2067 4601 4583 4601 4584 4601 2067 4602 2086 4602 4583 4602 2053 4603 4585 4603 4586 4603 2053 4604 4584 4604 4585 4604 2053 4605 2067 4605 4584 4605 2044 4606 4586 4606 4587 4606 2044 4607 2053 4607 4586 4607 2032 4608 4587 4608 4544 4608 2032 4609 2044 4609 4587 4609 1951 4610 4547 4610 4588 4610 1985 4611 4589 4611 4590 4611 1985 4612 4588 4612 4589 4612 1985 4613 1951 4613 4588 4613 1535 4614 4590 4614 4591 4614 1535 4615 1985 4615 4590 4615 1516 4616 4592 4616 4593 4616 1516 4617 4591 4617 4592 4617 1516 4618 1535 4618 4591 4618 2098 4619 4593 4619 4594 4619 2098 4620 1516 4620 4593 4620 2079 4621 4594 4621 4546 4621 2079 4622 2098 4622 4594 4622 1968 4623 2079 4623 4546 4623 4580 4624 4545 4624 4546 4624 4580 4625 4546 4625 4594 4625 4581 4626 4594 4626 4593 4626 4581 4627 4580 4627 4594 4627 4582 4628 4581 4628 4593 4628 4583 4629 4593 4629 4592 4629 4583 4630 4582 4630 4593 4630 4584 4631 4592 4631 4591 4631 4584 4632 4583 4632 4592 4632 4585 4633 4591 4633 4590 4633 4585 4634 4584 4634 4591 4634 4586 4635 4590 4635 4589 4635 4586 4636 4585 4636 4590 4636 4587 4637 4589 4637 4588 4637 4587 4638 4586 4638 4589 4638 4544 4639 4588 4639 4547 4639 4544 4640 4587 4640 4588 4640 4548 4641 4549 4641 4556 4641 4575 4642 4555 4642 4554 4642 4575 4643 4556 4643 4555 4643 4575 4644 4548 4644 4556 4644 4568 4645 4554 4645 4553 4645 4568 4646 4575 4646 4554 4646 4569 4647 4553 4647 4552 4647 4569 4648 4568 4648 4553 4648 4571 4649 4552 4649 4551 4649 4571 4650 4569 4650 4552 4650 4573 4651 4551 4651 4550 4651 4573 4652 4571 4652 4551 4652 4540 4653 4550 4653 4541 4653 4540 4654 4573 4654 4550 4654 4561 4655 4565 4655 4574 4655 4561 4656 4564 4656 4565 4656 4559 4657 4574 4657 4567 4657 4559 4658 4561 4658 4574 4658 4557 4659 4567 4659 4566 4659 4557 4660 4559 4660 4567 4660 4558 4661 4566 4661 4570 4661 4558 4662 4557 4662 4566 4662 4560 4663 4570 4663 4572 4663 4560 4664 4558 4664 4570 4664 4562 4665 4560 4665 4572 4665 4563 4666 4572 4666 4534 4666 4563 4667 4562 4667 4572 4667 4536 4668 4563 4668 4534 4668 1782 1820 1984 1820 4595 1820 1984 1820 4596 1820 4595 1820 1984 1844 1966 1844 4596 1844 1966 1844 4597 1844 4596 1844 1966 1820 1840 1820 4597 1820 1840 1820 4598 1820 4597 1820 1840 1842 1948 1842 4598 1842 1948 1842 4599 1842 4598 1842 1948 1820 1839 1820 4599 1820 1839 1820 4600 1820 4599 1820 1839 1842 1541 1842 4600 1842 1541 1842 4601 1842 4600 1842 1541 1843 1546 1843 4601 1843 1546 1843 4602 1843 4601 1843 1546 1844 1782 1844 4602 1844 1782 1844 4595 1844 4602 1844 4595 4669 4603 4669 4604 4669 4595 4670 4605 4670 4606 4670 4595 4671 4607 4671 4608 4671 4595 4672 4609 4672 4610 4672 4596 4673 4611 4673 4612 4673 4596 4674 4613 4674 4614 4674 4595 4675 4615 4675 249 4675 4595 1476 4596 1476 4614 1476 4616 1476 4600 1476 310 1476 244 1476 4601 1476 242 1476 4600 4676 4617 4676 4618 4676 262 4677 4601 4677 258 4677 4617 1476 4600 1476 4619 1476 4596 1476 4599 1476 4620 1476 4599 4678 4621 4678 4620 4678 4619 4679 4600 4679 4622 4679 4599 1476 4600 1476 4623 1476 4600 4680 4618 4680 4623 4680 4622 1476 4600 1476 4624 1476 254 1476 4601 1476 250 1476 4596 4681 4612 4681 4625 4681 4599 4682 4623 4682 4626 4682 4596 4683 4620 4683 4627 4683 4624 1476 4600 1476 4628 1476 4599 4684 4626 4684 4629 4684 4595 4685 4614 4685 4630 4685 4597 1476 4598 1476 4596 1476 4598 1476 4599 1476 4596 1476 4595 4686 4610 4686 4605 4686 4628 4687 4600 4687 4631 4687 4595 4688 4606 4688 4607 4688 258 4689 4601 4689 254 4689 4599 4690 4629 4690 4632 4690 4595 4691 4608 4691 4615 4691 4595 4692 4604 4692 4609 4692 4631 1476 4600 1476 4633 1476 4596 4693 4627 4693 4634 4693 310 1476 4600 1476 4601 1476 308 1476 310 1476 4601 1476 304 1476 308 1476 4601 1476 300 1476 304 1476 4601 1476 298 1476 300 1476 4601 1476 292 1476 298 1476 4601 1476 290 1476 292 1476 4601 1476 286 4694 290 4694 4601 4694 4599 4695 4632 4695 4635 4695 282 4696 286 4696 4601 4696 278 1476 282 1476 4601 1476 274 1476 278 1476 4601 1476 270 1476 274 1476 4601 1476 266 4697 270 4697 4601 4697 262 1476 266 1476 4601 1476 4596 4698 4625 4698 4613 4698 4595 4699 4630 4699 4603 4699 4599 4700 4635 4700 4636 4700 250 1476 4601 1476 244 1476 4633 1476 4600 1476 4637 1476 4595 1476 249 1476 4602 1476 238 1476 242 1476 4602 1476 241 1476 238 1476 4602 1476 306 1476 241 1476 4602 1476 301 4701 306 4701 4602 4701 4596 4702 4634 4702 4611 4702 296 4703 301 4703 4602 4703 293 1476 296 1476 4602 1476 288 4704 293 4704 4602 4704 284 1476 288 1476 4602 1476 4599 4705 4636 4705 4621 4705 280 1476 284 1476 4602 1476 276 1476 280 1476 4602 1476 272 4706 276 4706 4602 4706 268 4707 272 4707 4602 4707 264 1476 268 1476 4602 1476 260 1476 264 1476 4602 1476 256 1476 260 1476 4602 1476 252 1476 256 1476 4602 1476 246 1476 252 1476 4602 1476 249 1476 246 1476 4602 1476 242 1476 4601 1476 4602 1476 4637 1476 4600 1476 4616 1476 4621 4708 4638 4708 4639 4708 4621 4709 4636 4709 4638 4709 4620 4710 4639 4710 4640 4710 4620 4710 4621 4710 4639 4710 4627 4711 4640 4711 4641 4711 4627 4712 4620 4712 4640 4712 4616 4713 310 4713 311 4713 4616 4713 311 4713 4642 4713 4634 4714 4641 4714 4643 4714 4634 4715 4627 4715 4641 4715 4637 4716 4642 4716 4644 4716 4637 4717 4616 4717 4642 4717 4611 4718 4643 4718 4645 4718 4611 4718 4634 4718 4643 4718 4633 4719 4644 4719 4646 4719 4633 4720 4637 4720 4644 4720 4612 4721 4645 4721 4647 4721 4612 4722 4611 4722 4645 4722 4631 4723 4646 4723 4648 4723 4631 4723 4633 4723 4646 4723 4625 4724 4647 4724 4649 4724 4625 4725 4612 4725 4647 4725 4628 4726 4648 4726 4650 4726 4628 4727 4631 4727 4648 4727 4613 4728 4649 4728 4651 4728 4613 4728 4625 4728 4649 4728 4624 4729 4628 4729 4650 4729 4624 4729 4650 4729 4652 4729 4614 4730 4651 4730 4653 4730 4614 4731 4613 4731 4651 4731 4622 4732 4624 4732 4652 4732 4622 4732 4652 4732 4654 4732 4630 4733 4653 4733 4655 4733 4630 4733 4614 4733 4653 4733 4619 4734 4622 4734 4654 4734 4619 4735 4654 4735 4656 4735 4603 4736 4655 4736 4657 4736 4603 4737 4630 4737 4655 4737 4617 4738 4619 4738 4656 4738 4617 4738 4656 4738 4658 4738 4604 4739 4657 4739 4659 4739 4604 4739 4603 4739 4657 4739 4618 4740 4617 4740 4658 4740 4618 4741 4658 4741 4660 4741 4609 4742 4659 4742 4661 4742 4609 4743 4604 4743 4659 4743 4623 4744 4618 4744 4660 4744 4623 4744 4660 4744 4662 4744 4610 4745 4661 4745 4663 4745 4610 4745 4609 4745 4661 4745 4605 4746 4610 4746 4663 4746 4626 4747 4662 4747 4664 4747 4626 4748 4623 4748 4662 4748 4605 4746 4663 4746 4665 4746 4606 4749 4665 4749 4666 4749 4629 4750 4664 4750 4667 4750 4606 4751 4605 4751 4665 4751 4629 4750 4626 4750 4664 4750 4607 4752 4606 4752 4666 4752 4632 4753 4667 4753 4668 4753 4607 4752 4666 4752 4669 4752 4632 4754 4629 4754 4667 4754 4608 4755 4669 4755 4670 4755 4635 4756 4668 4756 4671 4756 4635 4757 4632 4757 4668 4757 4608 4758 4607 4758 4669 4758 4615 4759 4670 4759 4672 4759 4615 4760 4608 4760 4670 4760 249 4761 4672 4761 247 4761 4636 4762 4671 4762 4638 4762 249 4761 4615 4761 4672 4761 4636 4762 4635 4762 4671 4762 279 4763 247 4763 4672 4763 279 4764 4672 4764 4670 4764 279 4765 4670 4765 4669 4765 279 4766 4669 4766 4666 4766 279 4767 4666 4767 4665 4767 279 4768 4665 4768 4663 4768 279 4769 4663 4769 4661 4769 279 4770 4661 4770 4659 4770 279 4771 4659 4771 4657 4771 279 4772 4657 4772 4655 4772 279 4773 4655 4773 4653 4773 279 4774 4653 4774 4651 4774 279 4775 4651 4775 4649 4775 279 4776 4649 4776 4647 4776 279 4777 4647 4777 4645 4777 279 4778 4645 4778 4643 4778 279 4779 4643 4779 4641 4779 279 4780 4641 4780 4640 4780 279 4781 4640 4781 4639 4781 279 4782 4639 4782 4638 4782 279 4783 4638 4783 4671 4783 279 4784 4671 4784 4668 4784 279 4785 4668 4785 4667 4785 279 4786 4667 4786 4664 4786 279 4787 4664 4787 4662 4787 279 4788 4662 4788 4660 4788 279 4789 4660 4789 4658 4789 279 4790 4658 4790 4656 4790 279 4791 4656 4791 4654 4791 279 4792 4654 4792 4652 4792 279 4793 4652 4793 4650 4793 279 4794 4650 4794 4648 4794 279 4795 4648 4795 4646 4795 279 4796 4646 4796 4644 4796 279 4797 4644 4797 4642 4797 279 4798 4642 4798 311 4798 279 4799 311 4799 309 4799 279 4800 309 4800 305 4800 279 4801 305 4801 302 4801 279 4802 302 4802 299 4802 279 4803 299 4803 295 4803 279 1476 295 1476 291 1476 279 4804 291 4804 287 4804 279 1476 287 1476 283 1476 279 4805 275 4805 271 4805 279 4806 271 4806 267 4806 279 4807 267 4807 263 4807 279 4808 263 4808 259 4808 279 4809 259 4809 255 4809 279 4810 255 4810 251 4810 279 4811 251 4811 245 4811 279 4812 245 4812 243 4812 279 4813 243 4813 240 4813 279 4814 240 4814 239 4814 279 4815 239 4815 307 4815 279 4816 307 4816 303 4816 279 4817 303 4817 297 4817 279 4818 297 4818 294 4818 279 4819 294 4819 289 4819 279 4820 289 4820 285 4820 279 1476 285 1476 281 1476 279 1476 281 1476 277 1476 279 1476 277 1476 273 1476 279 4821 273 4821 269 4821 279 1476 269 1476 265 1476 279 4822 265 4822 261 4822 279 4823 261 4823 257 4823 279 4824 257 4824 253 4824 279 4825 253 4825 248 4825 279 4826 248 4826 247 4826 4673 1843 4674 1843 4675 1843 4675 1843 4674 1843 4676 1843 1712 1843 1711 1843 4677 1843 4676 1843 4674 1843 4678 1843 4678 4827 4674 4827 4679 4827 4680 1843 4681 1843 4674 1843 4681 1843 4682 1843 4674 1843 4682 4828 4683 4828 4674 4828 4683 4829 4684 4829 4674 4829 4684 1843 4685 1843 4674 1843 4685 1843 4686 1843 4674 1843 4686 1843 4677 1843 4674 1843 4677 1843 1711 1843 4674 1843 4679 1843 4674 1843 4687 1843 4680 1843 4674 1843 4688 1843 4687 4830 4674 4830 4689 4830 4688 1843 4674 1843 4690 1843 4689 1843 4674 1843 4691 1843 4690 1843 4674 1843 4692 1843 4693 1843 4694 1843 4695 1843 4694 1843 4696 1843 4695 1843 4696 1843 4697 1843 4695 1843 4697 4831 4698 4831 4695 4831 4698 4832 4699 4832 4695 4832 4699 4833 4700 4833 4695 4833 4700 4834 4701 4834 4695 4834 4692 1843 4674 1843 4702 1843 4701 1843 4703 1843 4695 1843 4703 1843 4704 1843 4695 1843 4704 1843 4705 1843 4695 1843 4705 1843 4706 1843 4695 1843 4706 1843 4707 1843 4695 1843 4707 1843 4708 1843 4695 1843 4708 1843 4709 1843 4695 1843 4709 1843 4710 1843 4695 1843 4710 1843 4711 1843 4695 1843 4711 1843 4712 1843 4695 1843 4712 4827 4713 4827 4695 4827 4713 1843 4714 1843 4695 1843 4714 4835 4715 4835 4695 4835 4715 1843 4716 1843 4695 1843 4702 1843 4674 1843 4717 1843 1587 1843 4693 1843 4695 1843 4718 1843 4674 1843 4695 1843 4719 1843 4674 1843 4718 1843 4720 1843 4674 1843 4719 1843 4691 1843 4674 1843 4720 1843 4721 4836 4718 4836 4695 4836 4722 1843 4721 1843 4695 1843 4716 1843 4722 1843 4695 1843 4717 1843 4674 1843 4723 1843 4723 1843 4674 1843 4673 1843 1587 1843 1586 1843 4693 1843 1578 1842 4724 1842 4693 1842 1586 1842 1578 1842 4693 1842 4725 1843 4726 1843 4727 1843 4726 1843 4728 1843 4727 1843 4728 1843 4729 1843 4727 1843 4729 1843 4730 1843 4727 1843 4730 1843 4731 1843 4727 1843 4724 4837 4725 4837 4727 4837 4731 4838 4732 4838 4727 4838 4732 1843 4733 1843 4727 1843 4733 1843 4734 1843 4727 1843 4734 1843 4735 1843 4727 1843 4735 4839 4736 4839 4727 4839 4736 4840 4737 4840 4727 4840 4737 1843 4738 1843 4727 1843 4738 1843 4739 1843 4727 1843 4739 4841 4740 4841 4727 4841 4740 1843 4741 1843 4727 1843 4741 1843 4742 1843 4727 1843 4742 1843 4743 1843 4727 1843 4743 1843 4744 1843 4727 1843 4744 1843 4745 1843 4727 1843 4745 1843 4746 1843 4727 1843 4746 1843 4747 1843 4727 1843 4747 1843 4748 1843 4727 1843 4748 1843 4749 1843 4727 1843 4749 4842 4750 4842 4727 4842 4750 1843 4751 1843 4727 1843 4751 1843 4752 1843 4727 1843 4752 1843 4753 1843 4727 1843 4753 4843 4754 4843 4727 4843 4754 4844 4755 4844 4727 4844 4755 1843 4756 1843 4727 1843 4756 1843 4757 1843 4727 1843 4757 1843 4758 1843 4727 1843 4758 4845 4759 4845 4727 4845 4759 1843 4760 1843 4727 1843 4760 1843 4761 1843 4727 1843 4762 1843 4763 1843 4727 1843 4763 1843 4764 1843 4727 1843 4764 1843 4765 1843 4727 1843 4765 1843 4766 1843 4727 1843 4766 1843 4767 1843 4727 1843 4767 1843 4768 1843 4727 1843 4768 1843 4769 1843 4727 1843 4769 1843 4770 1843 4727 1843 4770 1843 4771 1843 4727 1843 4771 1843 4772 1843 4727 1843 4772 1843 4724 1843 4727 1843 1714 1843 4725 1843 4724 1843 1578 1843 1714 1843 4724 1843 1712 1844 4677 1844 4725 1844 1714 1844 1712 1844 4725 1844 4773 1843 4774 1843 2145 1843 4774 1843 2148 1843 2145 1843 4775 1842 4773 1842 2145 1842 4775 4846 2145 4846 1587 4846 4775 1842 1587 1842 4776 1842 4776 1842 1587 1842 4695 1842 4777 1476 4776 1476 4674 1476 4776 1476 4695 1476 4674 1476 4778 1844 4777 1844 1711 1844 4777 1844 4674 1844 1711 1844 4778 4847 1711 4847 2148 4847 4778 1844 2148 1844 4774 1844 4775 1845 4778 1845 4773 1845 4778 1845 4774 1845 4773 1845 4779 1820 4780 1820 4781 1820 4782 1820 4780 1820 4783 1820 222 1820 218 1820 4784 1820 167 1820 4784 1820 174 1820 214 1820 4784 1820 218 1820 199 1820 194 1820 4785 1820 226 1820 222 1820 4784 1820 210 1820 4784 1820 214 1820 4786 4848 4787 4848 204 4848 4786 4849 4788 4849 4787 4849 4786 4850 4789 4850 4788 4850 4786 4851 4790 4851 4789 4851 4786 4852 4791 4852 4790 4852 148 1820 236 1820 4785 1820 4786 4853 4792 4853 4791 4853 230 1820 226 1820 4784 1820 4786 4854 4793 4854 4792 4854 4786 4855 4794 4855 4793 4855 171 1820 165 1820 4784 1820 4786 4856 4795 4856 4794 4856 232 4857 228 4857 4785 4857 4786 4858 4796 4858 4795 4858 4786 4859 4797 4859 4796 4859 4786 4860 4798 4860 4797 4860 4786 4861 4799 4861 4798 4861 4786 4862 4800 4862 4799 4862 234 4863 230 4863 4784 4863 4786 4864 4801 4864 4800 4864 4786 4865 4802 4865 4801 4865 4786 4866 4803 4866 4802 4866 4786 4867 4804 4867 4803 4867 4786 4868 4805 4868 4804 4868 4786 4869 4806 4869 4805 4869 154 1820 149 1820 4785 1820 4786 4870 4807 4870 4806 4870 206 1820 4784 1820 210 1820 4786 4871 4808 4871 4807 4871 4786 4872 4809 4872 4808 4872 4786 4873 4780 4873 4809 4873 4786 1820 204 1820 4785 1820 4810 1820 4780 1820 4811 1820 161 1820 4784 1820 167 1820 166 1820 158 1820 4785 1820 198 1820 4784 1820 206 1820 150 1820 234 1820 4784 1820 184 1820 178 1820 4785 1820 4780 4874 4812 4874 4813 4874 4780 1820 4784 1820 160 1820 4780 4875 4814 4875 4812 4875 4780 4876 4815 4876 4814 4876 194 4877 190 4877 4785 4877 4780 4878 4816 4878 4815 4878 4780 4879 4817 4879 4816 4879 4780 4880 4818 4880 4817 4880 177 1820 171 1820 4784 1820 4783 1820 4780 1820 4779 1820 4780 4881 4819 4881 4818 4881 4780 4882 4820 4882 4819 4882 192 1820 4784 1820 198 1820 4780 4883 4821 4883 4820 4883 4780 4884 4822 4884 4821 4884 4780 4885 4823 4885 4822 4885 4780 4886 4824 4886 4823 4886 4780 4887 4825 4887 4824 4887 4809 1820 4780 1820 4826 1820 4780 4888 160 4888 4825 4888 4781 4889 4780 4889 4827 4889 178 1820 172 1820 4785 1820 146 1820 150 1820 4784 1820 160 1820 4784 1820 161 1820 186 1820 4784 1820 192 1820 153 4890 146 4890 4784 4890 4811 4891 4780 4891 4813 4891 183 1820 177 1820 4784 1820 180 1820 4784 1820 186 1820 190 4892 184 4892 4785 4892 4826 1820 4780 1820 4782 1820 204 1820 199 1820 4785 1820 158 1820 154 1820 4785 1820 157 1820 153 1820 4784 1820 149 1820 148 1820 4785 1820 236 4893 232 4893 4785 4893 4827 1820 4780 1820 4810 1820 172 1820 166 1820 4785 1820 174 1820 4784 1820 180 1820 4785 4894 183 4894 4784 4894 4785 4895 189 4895 183 4895 4785 4896 196 4896 189 4896 4785 4897 202 4897 196 4897 4785 4898 208 4898 202 4898 4785 4899 212 4899 208 4899 4785 4900 216 4900 212 4900 4785 4901 220 4901 216 4901 4785 4902 224 4902 220 4902 4785 4903 228 4903 224 4903 165 1820 157 1820 4784 1820 4766 4904 4703 4904 4701 4904 4767 4905 4766 4905 4701 4905 4767 4906 4701 4906 4700 4906 4768 4907 4700 4907 4699 4907 4768 4908 4767 4908 4700 4908 4751 4909 4750 4909 4718 4909 4751 4910 4718 4910 4721 4910 4769 4911 4699 4911 4698 4911 4769 4912 4768 4912 4699 4912 4752 4913 4721 4913 4722 4913 4752 4914 4751 4914 4721 4914 4770 4915 4698 4915 4697 4915 4770 4916 4769 4916 4698 4916 4753 4917 4722 4917 4716 4917 4753 4918 4752 4918 4722 4918 4771 4919 4697 4919 4696 4919 4771 4919 4770 4919 4697 4919 4772 4920 4696 4920 4694 4920 4772 4921 4771 4921 4696 4921 4754 4922 4716 4922 4715 4922 4754 4923 4753 4923 4716 4923 4724 4924 4694 4924 4693 4924 4724 4925 4772 4925 4694 4925 4755 4926 4715 4926 4714 4926 4755 4927 4754 4927 4715 4927 4756 4928 4714 4928 4713 4928 4756 4929 4755 4929 4714 4929 4757 4930 4713 4930 4712 4930 4757 4931 4756 4931 4713 4931 4758 4932 4712 4932 4711 4932 4758 4933 4757 4933 4712 4933 4759 4934 4711 4934 4710 4934 4759 4934 4758 4934 4711 4934 4760 4935 4710 4935 4709 4935 4760 4936 4759 4936 4710 4936 4761 4937 4709 4937 4708 4937 4761 4938 4760 4938 4709 4938 4727 4939 4761 4939 4708 4939 4727 4940 4708 4940 4707 4940 4762 4941 4727 4941 4707 4941 4762 4942 4707 4942 4706 4942 4763 4943 4762 4943 4706 4943 4763 4944 4706 4944 4705 4944 4764 4945 4763 4945 4705 4945 4764 4946 4705 4946 4704 4946 4765 4947 4764 4947 4704 4947 4765 4947 4704 4947 4703 4947 4766 4948 4765 4948 4703 4948 4680 4949 4688 4949 4734 4949 4681 4950 4733 4950 4732 4950 4681 4951 4680 4951 4733 4951 4682 4952 4732 4952 4731 4952 4682 4953 4681 4953 4732 4953 4719 4954 4750 4954 4749 4954 4719 4954 4718 4954 4750 4954 4683 4955 4731 4955 4730 4955 4683 4956 4682 4956 4731 4956 4720 4957 4749 4957 4748 4957 4720 4958 4719 4958 4749 4958 4684 4959 4730 4959 4729 4959 4684 4960 4683 4960 4730 4960 4691 4961 4748 4961 4747 4961 4691 4962 4720 4962 4748 4962 4685 4963 4729 4963 4728 4963 4685 4964 4684 4964 4729 4964 4686 4965 4728 4965 4726 4965 4686 4966 4685 4966 4728 4966 4689 4967 4747 4967 4746 4967 4689 4968 4691 4968 4747 4968 4677 4969 4726 4969 4725 4969 4677 4970 4686 4970 4726 4970 4687 4971 4746 4971 4745 4971 4687 4972 4689 4972 4746 4972 4679 4973 4745 4973 4744 4973 4679 4974 4687 4974 4745 4974 4678 4975 4744 4975 4743 4975 4678 4976 4679 4976 4744 4976 4676 4977 4743 4977 4742 4977 4676 4978 4678 4978 4743 4978 4675 4979 4742 4979 4741 4979 4675 4979 4676 4979 4742 4979 4673 4980 4741 4980 4740 4980 4673 4981 4675 4981 4741 4981 4723 4982 4740 4982 4739 4982 4723 4982 4673 4982 4740 4982 4717 4983 4723 4983 4739 4983 4717 4984 4739 4984 4738 4984 4702 4985 4717 4985 4738 4985 4702 4986 4738 4986 4737 4986 4692 4987 4737 4987 4736 4987 4692 4988 4702 4988 4737 4988 4690 4989 4736 4989 4735 4989 4690 4990 4692 4990 4736 4990 4688 4991 4735 4991 4734 4991 4688 4991 4690 4991 4735 4991 4680 4992 4734 4992 4733 4992 4828 4993 4829 4993 4803 4993 4829 4994 4802 4994 4803 4994 4830 4995 4815 4995 4816 4995 4831 4996 4830 4996 4816 4996 4832 4997 4828 4997 4804 4997 4831 4998 4816 4998 4817 4998 4828 4997 4803 4997 4804 4997 4833 4999 4831 4999 4817 4999 4834 5000 4832 5000 4805 5000 4833 5001 4817 5001 4818 5001 205 5002 204 5002 4787 5002 4835 5003 4833 5003 4818 5003 4832 5004 4804 5004 4805 5004 4836 5005 205 5005 4787 5005 4837 5006 4834 5006 4806 5006 4835 5007 4818 5007 4819 5007 4836 5008 4787 5008 4788 5008 4838 5007 4835 5007 4819 5007 4839 5009 4836 5009 4788 5009 4834 5006 4805 5006 4806 5006 4838 5010 4819 5010 4820 5010 4840 5011 4837 5011 4807 5011 4841 5010 4838 5010 4820 5010 4839 5012 4788 5012 4789 5012 4837 5013 4806 5013 4807 5013 4842 5012 4839 5012 4789 5012 4841 5014 4820 5014 4821 5014 4843 5015 4840 5015 4808 5015 4844 5016 4841 5016 4821 5016 4840 5015 4807 5015 4808 5015 4842 5017 4789 5017 4790 5017 4845 5017 4842 5017 4790 5017 4844 5018 4821 5018 4822 5018 4846 5019 4843 5019 4809 5019 4847 5018 4844 5018 4822 5018 4843 5020 4808 5020 4809 5020 4845 5021 4790 5021 4791 5021 4848 5021 4845 5021 4791 5021 4847 5022 4822 5022 4823 5022 4849 5023 4846 5023 4826 5023 4850 5024 4847 5024 4823 5024 4846 5023 4809 5023 4826 5023 4848 5025 4791 5025 4792 5025 4851 5026 4848 5026 4792 5026 4850 5027 4823 5027 4824 5027 4852 5028 4849 5028 4782 5028 4853 5029 4850 5029 4824 5029 4849 5028 4826 5028 4782 5028 4851 5030 4792 5030 4793 5030 4853 5031 4824 5031 4825 5031 4854 5032 4851 5032 4793 5032 4855 5033 4853 5033 4825 5033 4852 5034 4782 5034 4783 5034 4856 5035 4852 5035 4783 5035 4855 5036 4825 5036 160 5036 159 5037 4855 5037 160 5037 4854 5038 4793 5038 4794 5038 4857 5039 4854 5039 4794 5039 4856 5040 4783 5040 4779 5040 4858 5040 4856 5040 4779 5040 4857 5041 4794 5041 4795 5041 4859 5041 4857 5041 4795 5041 4858 5042 4779 5042 4781 5042 4860 5043 4858 5043 4781 5043 4859 5044 4795 5044 4796 5044 4861 5045 4859 5045 4796 5045 4860 5046 4781 5046 4827 5046 4862 5046 4860 5046 4827 5046 4861 5047 4796 5047 4797 5047 4863 5048 4861 5048 4797 5048 4862 5049 4827 5049 4810 5049 4864 5050 4862 5050 4810 5050 4863 5051 4797 5051 4798 5051 4865 5052 4863 5052 4798 5052 4864 5053 4810 5053 4811 5053 4866 5054 4864 5054 4811 5054 4865 5055 4798 5055 4799 5055 4867 5056 4865 5056 4799 5056 4866 5057 4811 5057 4813 5057 4868 5058 4866 5058 4813 5058 4867 5059 4799 5059 4800 5059 4869 5060 4867 5060 4800 5060 4868 5061 4813 5061 4812 5061 4870 5062 4868 5062 4812 5062 4869 5063 4800 5063 4801 5063 4871 5064 4869 5064 4801 5064 4870 5065 4812 5065 4814 5065 4872 5066 4870 5066 4814 5066 4829 5067 4871 5067 4802 5067 4871 5067 4801 5067 4802 5067 4872 5068 4814 5068 4815 5068 4830 5069 4872 5069 4815 5069 4865 5070 205 5070 4836 5070 4865 5071 4836 5071 4839 5071 4865 5072 4839 5072 4842 5072 4865 5073 4842 5073 4845 5073 4865 5074 4845 5074 4848 5074 4865 5075 4848 5075 4851 5075 4865 1820 4851 1820 4854 1820 4865 5076 4854 5076 4857 5076 4865 5077 4857 5077 4859 5077 4865 5078 4859 5078 4861 5078 4865 1820 4861 1820 4863 1820 4865 5079 4867 5079 4869 5079 4865 1820 4869 1820 4871 1820 4865 1820 4871 1820 4829 1820 4865 5080 4829 5080 4828 5080 4865 5081 4828 5081 4832 5081 4865 5082 4832 5082 4834 5082 4865 1820 4834 1820 4837 1820 4865 5083 4837 5083 4840 5083 4865 5084 4840 5084 4843 5084 4865 1820 4843 1820 4846 1820 4865 5085 4846 5085 4849 5085 4865 5086 4849 5086 4852 5086 4865 5087 4852 5087 4856 5087 4865 1820 4856 1820 4858 1820 4865 5088 4858 5088 4860 5088 4865 5089 4860 5089 4862 5089 4865 5090 4862 5090 4864 5090 4865 5091 4864 5091 4866 5091 4865 5092 4866 5092 4868 5092 4865 5093 4868 5093 4870 5093 4865 5094 4870 5094 4872 5094 4865 5095 4872 5095 4830 5095 4865 5096 4830 5096 4831 5096 4865 5097 4831 5097 4833 5097 4865 5098 4833 5098 4835 5098 4865 5099 4835 5099 4838 5099 4865 5100 4838 5100 4841 5100 4865 5101 4841 5101 4844 5101 4865 5102 4844 5102 4847 5102 4865 5103 4847 5103 4850 5103 4865 5104 4850 5104 4853 5104 4865 5105 4853 5105 4855 5105 4865 5106 4855 5106 159 5106 4865 5107 159 5107 163 5107 4865 5108 163 5108 169 5108 4865 5109 169 5109 175 5109 4865 5110 175 5110 181 5110 4865 5111 181 5111 187 5111 4865 5112 187 5112 193 5112 4865 5113 193 5113 200 5113 4865 5114 200 5114 207 5114 4865 5115 207 5115 211 5115 4865 5116 211 5116 215 5116 4865 5117 215 5117 219 5117 4865 5118 219 5118 223 5118 4865 5119 223 5119 227 5119 4865 5120 227 5120 231 5120 4865 5121 231 5121 235 5121 4865 5122 235 5122 145 5122 4865 5123 145 5123 144 5123 4865 5124 144 5124 152 5124 4865 5125 152 5125 156 5125 4865 1820 156 1820 164 1820 4865 5126 164 5126 170 5126 4865 5127 170 5127 176 5127 4865 5128 176 5128 182 5128 4865 1820 182 1820 188 1820 4865 5129 188 5129 195 5129 4865 5130 195 5130 203 5130 4865 1820 203 1820 209 1820 4865 5131 209 5131 213 5131 4865 5132 213 5132 217 5132 4865 5133 217 5133 221 5133 4865 1820 221 1820 225 1820 4865 1820 225 1820 229 1820 4865 5134 229 5134 233 5134 4865 1820 233 1820 237 1820 4865 1820 237 1820 147 1820 4865 1820 147 1820 151 1820 4865 5135 151 5135 155 5135 4865 5136 155 5136 162 5136 4865 5137 162 5137 168 5137 4865 1820 168 1820 173 1820 4865 5138 173 5138 179 5138 4865 5139 179 5139 185 5139 4865 5140 185 5140 191 5140 4865 5141 191 5141 197 5141 4865 5142 197 5142 201 5142 4865 5143 201 5143 205 5143 4776 5144 4777 5144 4873 5144 4874 5145 4873 5145 4875 5145 4874 5146 4776 5146 4873 5146 4876 5147 4875 5147 4877 5147 4876 5148 4874 5148 4875 5148 4878 5149 4876 5149 4877 5149 4879 5150 4877 5150 4880 5150 4879 5151 4878 5151 4877 5151 4881 5152 4880 5152 4882 5152 4881 5153 4879 5153 4880 5153 4883 5154 4882 5154 4884 5154 4883 5155 4881 5155 4882 5155 4885 5156 4883 5156 4884 5156 4886 5157 4884 5157 4780 5157 4886 5158 4885 5158 4884 5158 4786 5159 4886 5159 4780 5159 4873 5160 4777 5160 4778 5160 4873 5161 4778 5161 4887 5161 4875 5162 4887 5162 4888 5162 4875 5163 4873 5163 4887 5163 4877 5164 4888 5164 4889 5164 4877 5165 4875 5165 4888 5165 4880 5166 4889 5166 4890 5166 4880 5167 4877 5167 4889 5167 4882 5168 4890 5168 4891 5168 4882 5169 4880 5169 4890 5169 4884 5170 4891 5170 4892 5170 4884 5171 4882 5171 4891 5171 4780 5172 4892 5172 4784 5172 4780 5173 4884 5173 4892 5173 4893 5174 4776 5174 4874 5174 4893 5175 4775 5175 4776 5175 4894 5176 4874 5176 4876 5176 4894 5177 4893 5177 4874 5177 4895 5178 4876 5178 4878 5178 4895 5179 4894 5179 4876 5179 4896 5180 4878 5180 4879 5180 4896 5181 4895 5181 4878 5181 4897 5182 4879 5182 4881 5182 4897 5183 4896 5183 4879 5183 4898 5184 4881 5184 4883 5184 4898 5185 4897 5185 4881 5185 4899 5186 4883 5186 4885 5186 4899 5187 4898 5187 4883 5187 4900 5188 4885 5188 4886 5188 4900 5189 4899 5189 4885 5189 4785 5190 4886 5190 4786 5190 4785 5191 4900 5191 4886 5191 4887 5192 4778 5192 4775 5192 4887 5193 4775 5193 4893 5193 4888 5194 4893 5194 4894 5194 4888 5195 4887 5195 4893 5195 4889 5196 4894 5196 4895 5196 4889 5197 4895 5197 4896 5197 4889 5198 4888 5198 4894 5198 4890 5199 4896 5199 4897 5199 4890 5200 4889 5200 4896 5200 4891 5201 4897 5201 4898 5201 4891 5202 4890 5202 4897 5202 4892 5203 4898 5203 4899 5203 4892 5204 4899 5204 4900 5204 4892 5205 4891 5205 4898 5205 4784 5206 4900 5206 4785 5206 4784 5207 4892 5207 4900 5207 1793 1820 1766 1820 4901 1820 1766 1820 4902 1820 4901 1820 1766 1842 1778 1842 4902 1842 1778 1842 4903 1842 4902 1842 1778 1843 1806 1843 4903 1843 1806 1843 4904 1843 4903 1843 1806 1844 1793 1844 4904 1844 1793 1844 4901 1844 4904 1844 4903 1476 4901 1476 4902 1476 4903 1476 4904 1476 4901 1476 1819 1820 1807 1820 4905 1820 1807 1820 4906 1820 4905 1820 1807 1842 1820 1842 4906 1842 1820 1842 4907 1842 4906 1842 1820 1843 1916 1843 4907 1843 1916 1843 4908 1843 4907 1843 1916 1844 1819 1844 4908 1844 1819 1844 4905 1844 4908 1844 4907 1476 4905 1476 4906 1476 4907 1476 4908 1476 4905 1476 1763 1820 1713 1820 4909 1820 1713 1820 4910 1820 4909 1820 1713 1842 1748 1842 4910 1842 1748 1842 4911 1842 4910 1842 1748 1843 1777 1843 4911 1843 1777 1843 4912 1843 4911 1843 1777 1844 1763 1844 4912 1844 1763 1844 4909 1844 4912 1844 4911 1476 4909 1476 4910 1476 4911 1476 4912 1476 4909 1476 2233 5208 1738 5208 1739 5208 2232 5209 2233 5209 1739 5209 2232 5210 1739 5210 1742 5210 2231 5211 2232 5211 1742 5211 2230 5212 2231 5212 1752 5212 2231 5213 1742 5213 1752 5213 140 5214 139 5214 1636 5214 2272 5215 140 5215 1636 5215 2229 5216 2230 5216 1754 5216 2230 5217 1752 5217 1754 5217 2273 5218 2272 5218 1719 5218 2272 5219 1636 5219 1719 5219 2229 5220 1754 5220 1756 5220 2228 5221 2229 5221 1756 5221 2246 5222 2273 5222 1718 5222 2273 5222 1719 5222 1718 5222 2227 5223 2228 5223 1757 5223 2228 5224 1756 5224 1757 5224 2245 5225 2246 5225 1721 5225 2246 5226 1718 5226 1721 5226 2225 5227 2227 5227 1760 5227 2227 5228 1757 5228 1760 5228 2244 5229 2245 5229 1722 5229 2245 5230 1721 5230 1722 5230 2224 5231 2225 5231 1761 5231 2225 5231 1760 5231 1761 5231 2243 5232 2244 5232 1723 5232 2244 5232 1722 5232 1723 5232 2222 5233 2224 5233 1762 5233 2224 5234 1761 5234 1762 5234 2243 5235 1723 5235 1724 5235 2242 5236 2243 5236 1724 5236 2220 5237 2222 5237 1707 5237 2222 5238 1762 5238 1707 5238 2242 5239 1724 5239 1725 5239 2241 5239 2242 5239 1725 5239 2218 5240 2220 5240 1706 5240 2220 5240 1707 5240 1706 5240 2241 5241 1725 5241 1726 5241 2216 5242 2218 5242 1698 5242 2240 5243 2241 5243 1726 5243 2218 5244 1706 5244 1698 5244 2240 5245 1726 5245 1727 5245 2215 5246 2216 5246 1697 5246 2239 5247 2240 5247 1727 5247 2216 5246 1698 5246 1697 5246 2239 5248 1727 5248 1728 5248 2212 5249 2215 5249 1700 5249 2215 5249 1697 5249 1700 5249 2238 5248 2239 5248 1728 5248 2238 5250 1728 5250 1729 5250 2278 5251 2212 5251 1701 5251 2237 5250 2238 5250 1729 5250 2212 5251 1700 5251 1701 5251 2278 5252 1701 5252 1702 5252 2237 5253 1729 5253 1730 5253 2275 5254 2278 5254 1702 5254 2236 5255 2237 5255 1730 5255 2275 5256 1702 5256 1703 5256 2274 5257 2275 5257 1703 5257 2236 5258 1730 5258 1731 5258 2274 5259 1703 5259 83 5259 82 5259 2274 5259 83 5259 2235 5258 2236 5258 1731 5258 2235 5260 1731 5260 1735 5260 2234 5261 2235 5261 1735 5261 2234 5262 1735 5262 1738 5262 2233 5262 2234 5262 1738 5262 2264 5263 2022 5263 1494 5263 2263 5264 2264 5264 1494 5264 2263 5265 1494 5265 1496 5265 2262 5266 2263 5266 1496 5266 2261 5267 2262 5267 1996 5267 2262 5267 1496 5267 1996 5267 73 5268 72 5268 1935 5268 2276 5268 73 5268 1935 5268 2260 5269 2261 5269 1999 5269 2261 5269 1996 5269 1999 5269 2277 5270 2276 5270 1958 5270 2276 5270 1935 5270 1958 5270 2260 5271 1999 5271 2000 5271 2259 5271 2260 5271 2000 5271 2213 5272 2277 5272 2033 5272 2277 5272 1958 5272 2033 5272 2258 5273 2259 5273 2002 5273 2259 5274 2000 5274 2002 5274 2211 5275 2213 5275 2128 5275 2213 5276 2033 5276 2128 5276 2257 5277 2258 5277 2003 5277 2258 5278 2002 5278 2003 5278 2214 5279 2211 5279 1532 5279 2211 5280 2128 5280 1532 5280 2256 5281 2257 5281 2004 5281 2257 5281 2003 5281 2004 5281 2214 5282 1532 5282 1534 5282 2217 5282 2214 5282 1534 5282 2255 5283 2256 5283 2005 5283 2256 5283 2004 5283 2005 5283 2217 5284 1534 5284 1584 5284 2219 5284 2217 5284 1584 5284 2254 5285 2255 5285 2008 5285 2255 5285 2005 5285 2008 5285 2219 5286 1584 5286 1603 5286 2221 5286 2219 5286 1603 5286 2253 5287 2254 5287 2009 5287 2254 5287 2008 5287 2009 5287 2221 5288 1603 5288 1736 5288 2223 5289 2221 5289 1736 5289 2252 5290 2253 5290 2012 5290 2253 5291 2009 5291 2012 5291 2223 5292 1736 5292 1928 5292 2226 5292 2223 5292 1928 5292 2251 5293 2252 5293 2014 5293 2252 5294 2012 5294 2014 5294 2226 5295 1928 5295 1929 5295 2269 5296 2226 5296 1929 5296 2250 5297 2251 5297 2015 5297 2251 5297 2014 5297 2015 5297 2250 5298 2015 5298 2018 5298 2269 5299 1929 5299 1930 5299 2268 5299 2269 5299 1930 5299 2249 5300 2250 5300 2018 5300 2249 5301 2018 5301 2019 5301 2268 5302 1930 5302 1931 5302 2267 5302 2268 5302 1931 5302 2247 5303 2249 5303 2019 5303 2247 5304 2019 5304 2020 5304 2267 5305 1931 5305 1933 5305 2248 5306 2247 5306 2020 5306 2266 5307 2267 5307 1933 5307 2248 5308 2020 5308 2021 5308 2266 5309 1933 5309 1954 5309 2271 5308 2248 5308 2021 5308 2265 5310 2266 5310 1954 5310 2271 5311 2021 5311 1655 5311 2270 5311 2271 5311 1655 5311 2265 5312 1954 5312 2022 5312 2270 5313 1655 5313 9 5313 8 5313 2270 5313 9 5313 2264 5314 2265 5314 2022 5314</p>
        </triangles>
      </mesh>
    </geometry>
  </library_geometries>
  <library_controllers/>
  <library_visual_scenes>
    <visual_scene id="Scene" name="Scene">
      <node id="Camera" name="Camera" type="NODE">
        <matrix sid="transform">0.6859207 -0.3240135 0.6515582 7.481132 0.7276763 0.3054208 -0.6141704 -6.50764 0 0.8953956 0.4452714 5.343665 0 0 0 1</matrix>
        <instance_camera url="#Camera-camera"/>
      </node>
      <node id="Lamp" name="Lamp" type="NODE">
        <matrix sid="transform">-0.2908646 -0.7711008 0.5663932 4.076245 0.9551712 -0.1998834 0.2183912 1.005454 -0.05518906 0.6045247 0.7946723 5.903862 0 0 0 1</matrix>
        <instance_light url="#Lamp-light"/>
      </node>
      <node id="nano_jetson" name="nano_jetson" type="NODE">
        <matrix sid="transform">1 0 0 0 0 1 0 0 0 0 1 0 0 0 0 1</matrix>
        <instance_geometry url="#nano_jetson-mesh" name="nano_jetson"/>
      </node>
      <node id="arduino_uno" name="arduino_uno" type="NODE">
        <matrix sid="transform">9.99987e-4 0 0 0.001280628 0 -4.37108e-11 -9.99987e-4 -0.0146333 0 9.99987e-4 -4.37108e-11 0.02774584 0 0 0 1</matrix>
        <instance_geometry url="#arduino_uno-mesh" name="arduino_uno"/>
      </node>
    </visual_scene>
  </library_visual_scenes>
  <scene>
    <instance_visual_scene url="#Scene"/>
  </scene>
</COLLADA>