<?xml version="1.0" encoding="utf-8"?>
<COLLADA xmlns="http://www.collada.org/2005/11/COLLADASchema" version="1.4.1">
  <asset>
    <contributor>
      <author>Blender User</author>
      <authoring_tool>Blender 2.79.0</authoring_tool>
    </contributor>
    <created>2021-01-10T21:53:18</created>
    <modified>2021-01-10T21:53:18</modified>
    <unit name="meter" meter="1"/>
    <up_axis>Z_UP</up_axis>
  </asset>
  <library_cameras>
    <camera id="Camera-camera" name="Camera">
      <optics>
        <technique_common>
          <perspective>
            <xfov sid="xfov">49.13434</xfov>
            <aspect_ratio>1.777778</aspect_ratio>
            <znear sid="znear">0.1</znear>
            <zfar sid="zfar">100</zfar>
          </perspective>
        </technique_common>
      </optics>
      <extra>
        <technique profile="blender">
          <shiftx sid="shiftx" type="float">0</shiftx>
          <shifty sid="shifty" type="float">0</shifty>
          <YF_dofdist sid="YF_dofdist" type="float">0</YF_dofdist>
        </technique>
      </extra>
    </camera>
  </library_cameras>
  <library_lights>
    <light id="Lamp-light" name="Lamp">
      <technique_common>
        <point>
          <color sid="color">1 1 1</color>
          <constant_attenuation>1</constant_attenuation>
          <linear_attenuation>0</linear_attenuation>
          <quadratic_attenuation>0.00111109</quadratic_attenuation>
        </point>
      </technique_common>
      <extra>
        <technique profile="blender">
          <type sid="type" type="int">0</type>
          <flag sid="flag" type="int">0</flag>
          <mode sid="mode" type="int">8192</mode>
          <gamma sid="blender_gamma" type="float">1</gamma>
          <red sid="red" type="float">1</red>
          <green sid="green" type="float">1</green>
          <blue sid="blue" type="float">1</blue>
          <shadow_r sid="blender_shadow_r" type="float">0</shadow_r>
          <shadow_g sid="blender_shadow_g" type="float">0</shadow_g>
          <shadow_b sid="blender_shadow_b" type="float">0</shadow_b>
          <energy sid="blender_energy" type="float">1</energy>
          <dist sid="blender_dist" type="float">29.99998</dist>
          <spotsize sid="spotsize" type="float">75</spotsize>
          <spotblend sid="spotblend" type="float">0.15</spotblend>
          <halo_intensity sid="blnder_halo_intensity" type="float">1</halo_intensity>
          <att1 sid="att1" type="float">0</att1>
          <att2 sid="att2" type="float">1</att2>
          <falloff_type sid="falloff_type" type="int">2</falloff_type>
          <clipsta sid="clipsta" type="float">1.000799</clipsta>
          <clipend sid="clipend" type="float">30.002</clipend>
          <bias sid="bias" type="float">1</bias>
          <soft sid="soft" type="float">3</soft>
          <compressthresh sid="compressthresh" type="float">0.04999995</compressthresh>
          <bufsize sid="bufsize" type="int">2880</bufsize>
          <samp sid="samp" type="int">3</samp>
          <buffers sid="buffers" type="int">1</buffers>
          <filtertype sid="filtertype" type="int">0</filtertype>
          <bufflag sid="bufflag" type="int">0</bufflag>
          <buftype sid="buftype" type="int">2</buftype>
          <ray_samp sid="ray_samp" type="int">1</ray_samp>
          <ray_sampy sid="ray_sampy" type="int">1</ray_sampy>
          <ray_sampz sid="ray_sampz" type="int">1</ray_sampz>
          <ray_samp_type sid="ray_samp_type" type="int">0</ray_samp_type>
          <area_shape sid="area_shape" type="int">1</area_shape>
          <area_size sid="area_size" type="float">0.1</area_size>
          <area_sizey sid="area_sizey" type="float">0.1</area_sizey>
          <area_sizez sid="area_sizez" type="float">1</area_sizez>
          <adapt_thresh sid="adapt_thresh" type="float">0.000999987</adapt_thresh>
          <ray_samp_method sid="ray_samp_method" type="int">1</ray_samp_method>
          <shadhalostep sid="shadhalostep" type="int">0</shadhalostep>
          <sun_effect_type sid="sun_effect_type" type="int">0</sun_effect_type>
          <skyblendtype sid="skyblendtype" type="int">1</skyblendtype>
          <horizon_brightness sid="horizon_brightness" type="float">1</horizon_brightness>
          <spread sid="spread" type="float">1</spread>
          <sun_brightness sid="sun_brightness" type="float">1</sun_brightness>
          <sun_size sid="sun_size" type="float">1</sun_size>
          <backscattered_light sid="backscattered_light" type="float">1</backscattered_light>
          <sun_intensity sid="sun_intensity" type="float">1</sun_intensity>
          <atm_turbidity sid="atm_turbidity" type="float">2</atm_turbidity>
          <atm_extinction_factor sid="atm_extinction_factor" type="float">1</atm_extinction_factor>
          <atm_distance_factor sid="atm_distance_factor" type="float">1</atm_distance_factor>
          <skyblendfac sid="skyblendfac" type="float">1</skyblendfac>
          <sky_exposure sid="sky_exposure" type="float">1</sky_exposure>
          <sky_colorspace sid="sky_colorspace" type="int">0</sky_colorspace>
        </technique>
      </extra>
    </light>
  </library_lights>
  <library_images/>
  <library_geometries>
    <geometry id="lower_plate-mesh" name="lower plate">
      <mesh>
        <source id="lower_plate-mesh-positions">
          <float_array id="lower_plate-mesh-positions-array" count="22104">86.64025 8.546574 52.58319 82.66912 2.196574 56.55433 86.64025 2.196574 52.58319 49.50308 8.546574 89.72039 46.45475 8.546574 92.76869 46.45475 2.196574 92.76869 49.50308 2.196574 89.72039 -46.10149 8.546574 -167.7985 -46.36278 2.196574 -167.7769 -46.10149 2.196574 -167.7985 -22.35249 8.546574 -167.7985 -30.68651 2.196574 -167.7985 -22.35249 2.196574 -167.7985 25.27251 8.546574 -167.7985 25.01121 2.196574 -167.7769 25.27251 2.196574 -167.7985 49.02151 8.546574 -167.7985 40.37598 2.196574 -167.7985 49.02151 2.196574 -167.7985 -46.36278 8.546574 -167.7769 -46.61695 2.196574 -167.7125 25.01121 8.546574 -167.7769 24.75705 2.196574 -167.7125 -46.61695 8.546574 -167.7125 -46.85706 2.196574 -167.6072 24.75705 8.546574 -167.7125 24.51694 2.196574 -167.6072 -46.85706 8.546574 -167.6072 -47.07655 2.196574 -167.4638 24.51694 8.546574 -167.6072 24.29744 2.196574 -167.4638 -47.07655 8.546574 -167.4638 -47.26945 2.196574 -167.2862 24.29744 8.546574 -167.4638 24.10455 2.196574 -167.2862 -47.26945 8.546574 -167.2862 -47.43049 2.196574 -167.0793 24.10455 8.546574 -167.2862 23.94351 2.196574 -167.0793 -47.43049 8.546574 -167.0793 -47.55528 2.196574 -166.8488 23.94351 8.546574 -167.0793 23.81872 2.196574 -166.8488 -47.55528 8.546574 -166.8488 -47.64041 2.196574 -166.6008 23.81872 8.546574 -166.8488 23.73359 2.196574 -166.6008 -47.64041 8.546574 -166.6008 -47.68357 2.196574 -166.3422 23.73359 8.546574 -166.6008 23.69043 2.196574 -166.3422 -47.68357 8.546574 -166.3422 -47.68357 2.196574 -166.08 23.69043 8.546574 -166.3422 23.69043 2.196574 -166.08 -47.68357 8.546574 -166.08 -47.64041 2.196574 -165.8213 23.69043 8.546574 -166.08 23.73359 2.196574 -165.8213 -47.64041 8.546574 -165.8213 -47.55528 2.196574 -165.5734 23.73359 8.546574 -165.8213 23.81872 2.196574 -165.5734 -47.55528 8.546574 -165.5734 -47.43049 2.196574 -165.3428 23.81872 8.546574 -165.5734 23.94351 2.196574 -165.3428 -47.43049 8.546574 -165.3428 -47.26945 2.196574 -165.1359 23.94351 8.546574 -165.3428 24.10455 2.196574 -165.1359 -47.26945 8.546574 -165.1359 -47.07655 2.196574 -164.9583 24.10455 8.546574 -165.1359 24.29744 2.196574 -164.9583 -47.07655 8.546574 -164.9583 -46.85706 2.196574 -164.8149 24.29744 8.546574 -164.9583 24.51694 2.196574 -164.8149 -46.85706 8.546574 -164.8149 -46.61695 2.196574 -164.7096 24.51694 8.546574 -164.8149 24.75705 2.196574 -164.7096 -46.61695 8.546574 -164.7096 -46.36278 2.196574 -164.6452 24.75705 8.546574 -164.7096 25.01121 2.196574 -164.6452 -46.36278 8.546574 -164.6452 -46.10149 2.196574 -164.6236 25.01121 8.546574 -164.6452 25.27251 2.196574 -164.6236 -46.10149 8.546574 -164.6236 -37.45596 2.196574 -164.6236 25.27251 8.546574 -164.6236 33.98153 2.196574 -164.6236 5.334112 2.196574 -137.5781 5.334112 8.546574 -137.5781 4.635007 2.196574 -137.636 4.635007 8.546574 -137.636 3.863485 2.196574 -137.636 6.181394 2.196574 -137.378 6.181394 8.546574 -137.378 5.418889 2.196574 -137.5711 5.418889 8.546574 -137.5711 6.901709 2.196574 -137.062 6.901709 8.546574 -137.062 7.560202 2.196574 -136.6318 7.560202 8.546574 -136.6318 8.138899 2.196574 -136.0991 8.138899 8.546574 -136.0991 8.622015 2.196574 -135.4784 8.622015 8.546574 -135.4784 8.996382 2.196574 -134.7866 8.996382 8.546574 -134.7866 9.251776 2.196574 -134.0427 9.251776 8.546574 -134.0427 9.381247 2.196574 -133.2668 9.381247 8.546574 -133.2668 9.381247 2.196574 -132.4803 9.381247 8.546574 -132.4803 9.251776 2.196574 -131.7044 9.251776 8.546574 -131.7044 8.996382 2.196574 -130.9605 8.996382 8.546574 -130.9605 8.622015 2.196574 -130.2687 8.622015 8.546574 -130.2687 8.138899 2.196574 -129.648 8.138899 8.546574 -129.648 7.560202 2.196574 -129.1153 7.560202 8.546574 -129.1153 6.901709 2.196574 -128.6851 6.901709 8.546574 -128.6851 6.181394 2.196574 -128.3691 6.181394 8.546574 -128.3691 5.418889 2.196574 -128.176 5.418889 8.546574 -128.176 5.334112 2.196574 -128.169 5.334112 8.546574 -128.169 -1.71499 8.546574 -128.111 -1.127306 2.196574 -128.111 -1.71499 2.196574 -128.111 4.635007 8.546574 -128.111 4.635007 2.196574 -128.111 -70.60686 2.196574 -117.5642 -70.60686 8.546574 -117.5642 -70.77124 2.196574 -117.5778 -70.77124 8.546574 -117.5778 -77.71665 2.196574 -117.5778 -70.25579 2.196574 -117.4918 -70.25579 8.546574 -117.4918 -70.50995 2.196574 -117.5562 -70.50995 8.546574 -117.5562 -70.01568 2.196574 -117.3865 -70.01568 8.546574 -117.3865 -69.79619 2.196574 -117.2431 -69.79619 8.546574 -117.2431 -69.60329 2.196574 -117.0655 -69.60329 8.546574 -117.0655 -69.44225 2.196574 -116.8586 -69.44225 8.546574 -116.8586 -69.31746 2.196574 -116.628 -69.31746 8.546574 -116.628 -69.23233 2.196574 -116.38 -69.23233 8.546574 -116.38 -69.20822 2.196574 -116.2356 -69.20822 8.546574 -116.2356 -69.18917 2.196574 -115.8592 -69.18917 8.546574 -115.8592 -69.18917 2.196574 -116.1214 -69.18917 8.546574 -116.1214 -69.23233 2.196574 -115.6006 -69.23233 8.546574 -115.6006 -69.31746 2.196574 -115.3526 -69.31746 8.546574 -115.3526 -69.44225 2.196574 -115.122 -69.44225 8.546574 -115.122 -69.60329 2.196574 -114.9151 -69.60329 8.546574 -114.9151 -69.79619 2.196574 -114.7375 -69.79619 8.546574 -114.7375 -70.01568 2.196574 -114.5941 -70.01568 8.546574 -114.5941 -70.25579 2.196574 -114.4888 -70.25579 8.546574 -114.4888 -70.50995 2.196574 -114.4245 -70.50995 8.546574 -114.4245 -70.60686 2.196574 -114.4164 -70.60686 8.546574 -114.4164 -78.70874 8.546574 -114.4028 -77.71665 2.196574 -114.4028 -78.70874 2.196574 -114.4028 -70.77124 8.546574 -114.4028 -70.77124 2.196574 -114.4028 -70.60686 2.196574 -109.6267 -70.60686 8.546574 -109.6267 -70.77124 2.196574 -109.6403 -70.77124 8.546574 -109.6403 -77.71665 2.196574 -109.6403 -70.25579 2.196574 -109.5543 -70.25579 8.546574 -109.5543 -70.50995 2.196574 -109.6187 -70.50995 8.546574 -109.6187 -70.01568 2.196574 -109.449 -70.01568 8.546574 -109.449 -69.79619 2.196574 -109.3056 -69.79619 8.546574 -109.3056 -69.60329 2.196574 -109.128 -69.60329 8.546574 -109.128 -69.44225 2.196574 -108.9211 -69.44225 8.546574 -108.9211 -69.31746 2.196574 -108.6905 -69.31746 8.546574 -108.6905 -69.23233 2.196574 -108.4425 -69.23233 8.546574 -108.4425 -69.18917 2.196574 -108.1839 -69.18917 8.546574 -108.1839 -69.18917 2.196574 -107.9217 -69.18917 8.546574 -107.9217 -69.23233 2.196574 -107.6631 -69.23233 8.546574 -107.6631 -69.31746 2.196574 -107.4151 -69.31746 8.546574 -107.4151 -69.44225 2.196574 -107.1845 -69.44225 8.546574 -107.1845 -69.60329 2.196574 -106.9776 -69.60329 8.546574 -106.9776 -69.79619 2.196574 -106.8 -69.79619 8.546574 -106.8 -70.01568 2.196574 -106.6567 -70.01568 8.546574 -106.6567 13.52624 8.546574 -106.6669 13.3402 2.196574 -106.6514 13.52624 2.196574 -106.6669 13.71229 8.546574 -106.6514 13.71229 2.196574 -106.6514 77.02624 8.546574 -106.6669 76.8402 2.196574 -106.6514 77.02624 2.196574 -106.6669 77.21228 8.546574 -106.6514 77.21228 2.196574 -106.6514 -70.25579 2.196574 -106.5513 -70.25579 8.546574 -106.5513 13.3402 8.546574 -106.6514 13.15924 2.196574 -106.6056 13.89326 8.546574 -106.6056 13.89326 2.196574 -106.6056 76.8402 8.546574 -106.6514 76.65924 2.196574 -106.6056 77.39324 8.546574 -106.6056 77.39324 2.196574 -106.6056 13.15924 8.546574 -106.6056 12.98828 2.196574 -106.5306 14.06421 8.546574 -106.5306 14.06421 2.196574 -106.5306 76.65924 8.546574 -106.6056 76.48828 2.196574 -106.5306 77.5642 8.546574 -106.5306 77.5642 2.196574 -106.5306 -70.50995 2.196574 -106.487 -70.50995 8.546574 -106.487 12.98828 8.546574 -106.5306 12.832 2.196574 -106.4285 14.22049 8.546574 -106.4285 14.22049 2.196574 -106.4285 76.48828 8.546574 -106.5306 76.332 2.196574 -106.4285 77.72048 8.546574 -106.4285 77.72048 2.196574 -106.4285 -70.60686 2.196574 -106.4789 -70.60686 8.546574 -106.4789 -78.70874 8.546574 -106.4653 -77.71665 2.196574 -106.4653 -78.70874 2.196574 -106.4653 -70.77124 8.546574 -106.4653 -70.77124 2.196574 -106.4653 12.832 8.546574 -106.4285 12.69465 2.196574 -106.3021 14.35783 8.546574 -106.3021 14.35783 2.196574 -106.3021 76.332 8.546574 -106.4285 76.19465 2.196574 -106.3021 77.85783 8.546574 -106.3021 77.85783 2.196574 -106.3021 12.69465 8.546574 -106.3021 12.57999 2.196574 -106.1548 14.47249 8.546574 -106.1548 14.47249 2.196574 -106.1548 76.19465 8.546574 -106.3021 76.08 2.196574 -106.1548 77.9725 8.546574 -106.1548 77.9725 2.196574 -106.1548 12.57999 8.546574 -106.1548 12.49115 2.196574 -105.9906 14.56135 8.546574 -105.9906 14.56135 2.196574 -105.9906 76.08 8.546574 -106.1548 75.99114 2.196574 -105.9906 78.06134 8.546574 -105.9906 78.06134 2.196574 -105.9906 12.49115 8.546574 -105.9906 12.43053 2.196574 -105.814 14.62196 8.546574 -105.814 14.62196 2.196574 -105.814 75.99114 8.546574 -105.9906 75.93052 2.196574 -105.814 78.12196 8.546574 -105.814 78.12196 2.196574 -105.814 12.43053 8.546574 -105.814 12.39981 2.196574 -105.6299 14.65268 8.546574 -105.6299 14.65268 2.196574 -105.6299 75.93052 8.546574 -105.814 75.89981 2.196574 -105.6299 78.15267 8.546574 -105.6299 78.15267 2.196574 -105.6299 12.39981 8.546574 -105.6299 12.39981 2.196574 -105.4432 14.65268 8.546574 -105.4432 14.65268 2.196574 -105.4432 75.89981 8.546574 -105.6299 75.89981 2.196574 -105.4432 78.15267 8.546574 -105.4432 78.15267 2.196574 -105.4432 12.39981 8.546574 -105.4432 12.40104 2.196574 -105.4358 14.65144 8.546574 -105.4358 14.65144 2.196574 -105.4358 75.89981 8.546574 -105.4432 75.90104 2.196574 -105.4358 78.15144 8.546574 -105.4358 78.15144 2.196574 -105.4358 12.43053 8.546574 -105.2591 12.49115 2.196574 -105.0825 12.43053 2.196574 -105.2591 12.40104 8.546574 -105.4358 14.62196 8.546574 -105.2591 14.62196 2.196574 -105.2591 14.56135 8.546574 -105.0825 14.56135 2.196574 -105.0825 75.93052 8.546574 -105.2591 75.99114 2.196574 -105.0825 75.93052 2.196574 -105.2591 75.90104 8.546574 -105.4358 78.12196 8.546574 -105.2591 78.12196 2.196574 -105.2591 78.06134 8.546574 -105.0825 78.06134 2.196574 -105.0825 12.49115 8.546574 -105.0825 12.57999 2.196574 -104.9183 14.47249 8.546574 -104.9183 14.47249 2.196574 -104.9183 75.99114 8.546574 -105.0825 76.08 2.196574 -104.9183 77.9725 8.546574 -104.9183 77.9725 2.196574 -104.9183 12.57999 8.546574 -104.9183 12.69465 2.196574 -104.771 14.35783 8.546574 -104.771 14.35783 2.196574 -104.771 76.08 8.546574 -104.9183 76.19465 2.196574 -104.771 77.85783 8.546574 -104.771 77.85783 2.196574 -104.771 12.69465 8.546574 -104.771 12.832 2.196574 -104.6446 14.22049 8.546574 -104.6446 14.22049 2.196574 -104.6446 76.19465 8.546574 -104.771 76.332 2.196574 -104.6446 77.72048 8.546574 -104.6446 77.72048 2.196574 -104.6446 12.832 8.546574 -104.6446 12.98828 2.196574 -104.5425 14.06421 8.546574 -104.5425 14.06421 2.196574 -104.5425 76.332 8.546574 -104.6446 76.48828 2.196574 -104.5425 77.5642 8.546574 -104.5425 77.5642 2.196574 -104.5425 12.98828 8.546574 -104.5425 13.15924 2.196574 -104.4675 13.89326 8.546574 -104.4675 13.89326 2.196574 -104.4675 76.48828 8.546574 -104.5425 76.65924 2.196574 -104.4675 77.39324 8.546574 -104.4675 77.39324 2.196574 -104.4675 13.15924 8.546574 -104.4675 13.3402 2.196574 -104.4217 13.71229 8.546574 -104.4217 13.71229 2.196574 -104.4217 76.65924 8.546574 -104.4675 76.8402 2.196574 -104.4217 77.21228 8.546574 -104.4217 77.21228 2.196574 -104.4217 13.3402 8.546574 -104.4217 13.52624 2.196574 -104.4063 13.52624 8.546574 -104.4063 76.8402 8.546574 -104.4217 77.02624 2.196574 -104.4063 77.02624 8.546574 -104.4063 -82.5464 2.196574 -81.27439 -82.5464 8.546574 -81.27439 -82.80859 2.196574 -81.27439 -82.80859 8.546574 -81.27439 -83.06721 2.196574 -81.23123 -82.28778 2.196574 -81.23123 -82.28778 8.546574 -81.23123 -83.06721 8.546574 -81.23123 -83.31519 2.196574 -81.1461 -82.03981 2.196574 -81.1461 -82.03981 8.546574 -81.1461 -83.31519 8.546574 -81.1461 -83.54578 2.196574 -81.0213 -81.80921 2.196574 -81.0213 -81.80921 8.546574 -81.0213 -83.54578 8.546574 -81.0213 -83.75268 2.196574 -80.86027 -81.60231 2.196574 -80.86027 -81.60231 8.546574 -80.86027 -83.75268 8.546574 -80.86027 -83.93026 2.196574 -80.66738 -81.42473 2.196574 -80.66738 -81.42473 8.546574 -80.66738 -83.93026 8.546574 -80.66738 -84.07366 2.196574 -80.44787 -81.28133 2.196574 -80.44787 -81.28133 8.546574 -80.44787 -84.07366 8.546574 -80.44787 -84.17898 2.196574 -80.20777 -81.17601 2.196574 -80.20777 -81.17601 8.546574 -80.20777 -84.17898 8.546574 -80.20777 -84.24335 2.196574 -79.9536 -81.11164 2.196574 -79.9536 -81.11164 8.546574 -79.9536 -84.24335 8.546574 -79.9536 -84.265 2.196574 -79.69231 -81.08999 2.196574 -79.69231 -81.08999 8.546574 -79.69231 -84.265 8.546574 -79.69231 -84.265 8.546574 -71.75481 -84.265 2.196574 -71.75481 -74.00675 8.546574 -71.91686 -74.19279 2.196574 -71.90145 -74.00675 2.196574 -71.91686 -73.82071 8.546574 -71.90145 -73.82071 2.196574 -71.90145 -26.00674 8.546574 -71.91686 -26.19278 2.196574 -71.90145 -26.00674 2.196574 -71.91686 -25.8207 8.546574 -71.90145 -25.8207 2.196574 -71.90145 -74.19279 8.546574 -71.90145 -74.37376 2.196574 -71.85562 -73.63974 8.546574 -71.85562 -73.63974 2.196574 -71.85562 -26.19278 8.546574 -71.90145 -26.37375 2.196574 -71.85562 -25.63973 8.546574 -71.85562 -25.63973 2.196574 -71.85562 -74.37376 8.546574 -71.85562 -74.54471 2.196574 -71.78063 -73.46879 8.546574 -71.78063 -73.46879 2.196574 -71.78063 -26.37375 8.546574 -71.85562 -26.54471 2.196574 -71.78063 -25.46878 8.546574 -71.78063 -25.46878 2.196574 -71.78063 -74.54471 8.546574 -71.78063 -74.70099 2.196574 -71.67852 -73.3125 8.546574 -71.67852 -73.3125 2.196574 -71.67852 -26.54471 8.546574 -71.78063 -26.70099 2.196574 -71.67852 -25.3125 8.546574 -71.67852 -25.3125 2.196574 -71.67852 -81.10955 2.196574 -71.50646 -81.10955 8.546574 -71.50646 -81.08999 2.196574 -71.75481 -81.08999 8.546574 -71.75481 -74.70099 8.546574 -71.67852 -74.83834 2.196574 -71.55209 -73.17516 8.546574 -71.55209 -73.17516 2.196574 -71.55209 -26.70099 8.546574 -71.67852 -26.83833 2.196574 -71.55209 -25.17515 8.546574 -71.55209 -25.17515 2.196574 -71.55209 -74.83834 8.546574 -71.55209 -74.953 2.196574 -71.40477 -73.0605 8.546574 -71.40477 -73.0605 2.196574 -71.40477 -26.83833 8.546574 -71.55209 -26.95299 2.196574 -71.40477 -25.06049 8.546574 -71.40477 -25.06049 2.196574 -71.40477 -81.1677 2.196574 -71.26424 -81.1677 8.546574 -71.26424 -74.953 8.546574 -71.40477 -75.04184 2.196574 -71.2406 -72.97165 8.546574 -71.2406 -72.97165 2.196574 -71.2406 -26.95299 8.546574 -71.40477 -27.04184 2.196574 -71.2406 -24.97164 8.546574 -71.2406 -24.97164 2.196574 -71.2406 -81.26303 2.196574 -71.0341 -81.26303 8.546574 -71.0341 -75.04184 8.546574 -71.2406 -75.10247 2.196574 -71.06403 -72.91104 8.546574 -71.06403 -72.91104 2.196574 -71.06403 -27.04184 8.546574 -71.2406 -27.10246 2.196574 -71.06403 -24.91103 8.546574 -71.06403 -24.91103 2.196574 -71.06403 -75.10247 8.546574 -71.06403 -75.13319 2.196574 -70.87989 -72.88031 8.546574 -70.87989 -72.88031 2.196574 -70.87989 -27.10246 8.546574 -71.06403 -27.13318 2.196574 -70.87989 -24.8803 8.546574 -70.87989 -24.8803 2.196574 -70.87989 -81.39318 2.196574 -70.8217 -81.39318 8.546574 -70.8217 23.68501 8.546574 -70.96105 23.42372 2.196574 -70.9394 23.68501 2.196574 -70.96105 31.62251 2.196574 -70.96105 31.62251 8.546574 -70.96105 57.0225 8.546574 -70.96105 56.76121 2.196574 -70.9394 57.0225 2.196574 -70.96105 64.96002 2.196574 -70.96105 64.96002 8.546574 -70.96105 23.42372 8.546574 -70.9394 23.16954 2.196574 -70.87505 56.76121 8.546574 -70.9394 56.50704 2.196574 -70.87505 -75.13319 8.546574 -70.87989 -75.13319 2.196574 -70.69322 -72.88031 8.546574 -70.69322 -72.88031 2.196574 -70.69322 -27.13318 8.546574 -70.87989 -27.13318 2.196574 -70.69322 -24.8803 8.546574 -70.69322 -24.8803 2.196574 -70.69322 23.16954 8.546574 -70.87505 22.92944 2.196574 -70.76972 56.50704 8.546574 -70.87505 56.26695 2.196574 -70.76972 -81.55496 2.196574 -70.63227 -81.55496 8.546574 -70.63227 22.92944 8.546574 -70.76972 22.70995 2.196574 -70.62631 56.26695 8.546574 -70.76972 56.04745 2.196574 -70.62631 -75.13319 8.546574 -70.69322 -75.10247 2.196574 -70.50909 -72.91104 8.546574 -70.50909 -72.91104 2.196574 -70.50909 -27.13318 8.546574 -70.69322 -27.10246 2.196574 -70.50909 -24.91103 8.546574 -70.50909 -24.91103 2.196574 -70.50909 -81.74439 2.196574 -70.47049 -81.74439 8.546574 -70.47049 22.70995 8.546574 -70.62631 22.51705 2.196574 -70.44874 56.04745 8.546574 -70.62631 55.85455 2.196574 -70.44874 -75.10247 8.546574 -70.50909 -75.04184 2.196574 -70.33252 -72.97165 8.546574 -70.33252 -72.97165 2.196574 -70.33252 -27.10246 8.546574 -70.50909 -27.04184 2.196574 -70.33252 -24.97164 8.546574 -70.33252 -24.97164 2.196574 -70.33252 -81.95679 2.196574 -70.34033 -81.95679 8.546574 -70.34033 22.51705 8.546574 -70.44874 22.35601 2.196574 -70.24184 55.85455 8.546574 -70.44874 55.69351 2.196574 -70.24184 -82.18694 2.196574 -70.24501 -82.18694 8.546574 -70.24501 -75.04184 8.546574 -70.33252 -74.953 2.196574 -70.16835 -73.0605 8.546574 -70.16835 -73.0605 2.196574 -70.16835 -27.04184 8.546574 -70.33252 -26.95299 2.196574 -70.16835 -25.06049 8.546574 -70.16835 -25.06049 2.196574 -70.16835 -82.42916 2.196574 -70.18685 -82.42916 8.546574 -70.18685 22.35601 8.546574 -70.24184 22.23122 2.196574 -70.01125 55.69351 8.546574 -70.24184 55.56872 2.196574 -70.01125 -82.67749 2.196574 -70.16731 -82.67749 8.546574 -70.16731 -74.953 8.546574 -70.16835 -74.83834 2.196574 -70.02102 -73.17516 8.546574 -70.02102 -73.17516 2.196574 -70.02102 -26.95299 8.546574 -70.16835 -26.83833 2.196574 -70.02102 -25.17515 8.546574 -70.02102 -25.17515 2.196574 -70.02102 -74.83834 8.546574 -70.02102 -74.70099 2.196574 -69.89459 -73.3125 8.546574 -69.89459 -73.3125 2.196574 -69.89459 -26.83833 8.546574 -70.02102 -26.70099 2.196574 -69.89459 -25.3125 8.546574 -69.89459 -25.3125 2.196574 -69.89459 22.23122 8.546574 -70.01125 22.14608 2.196574 -69.76326 55.56872 8.546574 -70.01125 55.48359 2.196574 -69.76326 -74.70099 8.546574 -69.89459 -74.54471 2.196574 -69.79249 -73.46879 8.546574 -69.79249 -73.46879 2.196574 -69.79249 -26.70099 8.546574 -69.89459 -26.54471 2.196574 -69.79249 -25.46878 8.546574 -69.79249 -25.46878 2.196574 -69.79249 -74.54471 8.546574 -69.79249 -74.37376 2.196574 -69.7175 -73.63974 8.546574 -69.7175 -73.63974 2.196574 -69.7175 -26.54471 8.546574 -69.79249 -26.37375 2.196574 -69.7175 -25.63973 8.546574 -69.7175 -25.63973 2.196574 -69.7175 22.14608 8.546574 -69.76326 22.10293 2.196574 -69.50466 55.48359 8.546574 -69.76326 55.44042 2.196574 -69.50466 -74.37376 8.546574 -69.7175 -74.19279 2.196574 -69.67167 -73.82071 8.546574 -69.67167 -73.82071 2.196574 -69.67167 -26.37375 8.546574 -69.7175 -26.19278 2.196574 -69.67167 -25.8207 8.546574 -69.67167 -25.8207 2.196574 -69.67167 -74.19279 8.546574 -69.67167 -74.00675 2.196574 -69.65626 -74.00675 8.546574 -69.65626 -26.19278 8.546574 -69.67167 -26.00674 2.196574 -69.65626 -26.00674 8.546574 -69.65626 22.10293 8.546574 -69.50466 22.10293 2.196574 -69.24246 55.44042 8.546574 -69.50466 55.44042 2.196574 -69.24246 22.10293 8.546574 -69.24246 22.14608 2.196574 -68.98385 55.44042 8.546574 -69.24246 55.48359 2.196574 -68.98385 22.14608 8.546574 -68.98385 22.23122 2.196574 -68.73587 55.48359 8.546574 -68.98385 55.56872 2.196574 -68.73587 22.23122 8.546574 -68.73587 22.23918 2.196574 -68.72116 55.56872 8.546574 -68.73587 55.57667 2.196574 -68.72116 22.23918 8.546574 -68.72116 22.35601 2.196574 -68.50527 22.35601 8.546574 -68.50527 22.51705 2.196574 -68.29837 55.57667 8.546574 -68.72116 55.69351 2.196574 -68.50527 55.69351 8.546574 -68.50527 55.85455 2.196574 -68.29837 22.51705 8.546574 -68.29837 22.70995 2.196574 -68.1208 55.85455 8.546574 -68.29837 56.04745 2.196574 -68.1208 22.70995 8.546574 -68.1208 22.92944 2.196574 -67.9774 56.04745 8.546574 -68.1208 56.26695 2.196574 -67.9774 22.92944 8.546574 -67.9774 23.16954 2.196574 -67.87207 56.26695 8.546574 -67.9774 56.50704 2.196574 -67.87207 23.16954 8.546574 -67.87207 23.42372 2.196574 -67.80771 56.50704 8.546574 -67.87207 56.76121 2.196574 -67.80771 23.42372 8.546574 -67.80771 23.68501 2.196574 -67.78606 56.76121 8.546574 -67.80771 57.0225 2.196574 -67.78606 23.68501 8.546574 -67.78606 31.62251 8.546574 -67.78606 31.62251 2.196574 -67.78606 57.0225 8.546574 -67.78606 64.96002 8.546574 -67.78606 64.96002 2.196574 -67.78606 23.68501 8.546574 -55.08606 23.42372 2.196574 -55.06441 23.68501 2.196574 -55.08606 31.62251 2.196574 -55.08606 31.62251 8.546574 -55.08606 57.0225 8.546574 -55.08606 56.76121 2.196574 -55.06441 57.0225 2.196574 -55.08606 64.96002 2.196574 -55.08606 64.96002 8.546574 -55.08606 23.42372 8.546574 -55.06441 23.16954 2.196574 -55.00004 56.76121 8.546574 -55.06441 56.50704 2.196574 -55.00004 23.16954 8.546574 -55.00004 22.92944 2.196574 -54.89472 56.50704 8.546574 -55.00004 56.26695 2.196574 -54.89472 22.92944 8.546574 -54.89472 22.70995 2.196574 -54.75132 56.26695 8.546574 -54.89472 56.04745 2.196574 -54.75132 22.70995 8.546574 -54.75132 22.51705 2.196574 -54.57374 56.04745 8.546574 -54.75132 55.85455 2.196574 -54.57374 22.51705 8.546574 -54.57374 22.35601 2.196574 -54.36684 55.85455 8.546574 -54.57374 55.69351 2.196574 -54.36684 22.35601 8.546574 -54.36684 22.23122 2.196574 -54.13625 55.69351 8.546574 -54.36684 55.56872 2.196574 -54.13625 22.23122 8.546574 -54.13625 22.14608 2.196574 -53.88826 55.56872 8.546574 -54.13625 55.48359 2.196574 -53.88826 22.14608 8.546574 -53.88826 22.10293 2.196574 -53.62965 55.48359 8.546574 -53.88826 55.44042 2.196574 -53.62965 22.10293 8.546574 -53.62965 22.10293 2.196574 -53.36746 55.44042 8.546574 -53.62965 55.44042 2.196574 -53.36746 22.10293 8.546574 -53.36746 22.14608 2.196574 -53.10884 55.44042 8.546574 -53.36746 55.48359 2.196574 -53.10884 22.14608 8.546574 -53.10884 22.23122 2.196574 -52.86087 55.48359 8.546574 -53.10884 55.56872 2.196574 -52.86087 22.23122 8.546574 -52.86087 22.35601 2.196574 -52.63028 55.56872 8.546574 -52.86087 55.69351 2.196574 -52.63028 22.35601 8.546574 -52.63028 22.51705 2.196574 -52.42337 55.69351 8.546574 -52.63028 55.85455 2.196574 -52.42337 22.51705 8.546574 -52.42337 22.70995 2.196574 -52.2458 55.85455 8.546574 -52.42337 56.04745 2.196574 -52.2458 22.70995 8.546574 -52.2458 22.92944 2.196574 -52.10239 56.04745 8.546574 -52.2458 56.26695 2.196574 -52.10239 22.92944 8.546574 -52.10239 23.16954 2.196574 -51.99707 56.26695 8.546574 -52.10239 56.50704 2.196574 -51.99707 23.16954 8.546574 -51.99707 23.42372 2.196574 -51.93271 56.50704 8.546574 -51.99707 56.76121 2.196574 -51.93271 23.42372 8.546574 -51.93271 23.68501 2.196574 -51.91106 56.76121 8.546574 -51.93271 57.0225 2.196574 -51.91106 23.68501 8.546574 -51.91106 31.62251 8.546574 -51.91106 31.62251 2.196574 -51.91106 57.0225 8.546574 -51.91106 64.96002 8.546574 -51.91106 64.96002 2.196574 -51.91106 23.68501 8.546574 -26.51106 23.42372 2.196574 -26.48941 23.68501 2.196574 -26.51106 31.62251 2.196574 -26.51106 31.62251 8.546574 -26.51106 57.0225 8.546574 -26.51106 56.76121 2.196574 -26.48941 57.0225 2.196574 -26.51106 64.96002 2.196574 -26.51106 64.96002 8.546574 -26.51106 23.42372 8.546574 -26.48941 23.16954 2.196574 -26.42503 56.76121 8.546574 -26.48941 56.50704 2.196574 -26.42503 23.16954 8.546574 -26.42503 22.92944 2.196574 -26.31972 56.50704 8.546574 -26.42503 56.26695 2.196574 -26.31972 22.92944 8.546574 -26.31972 22.70995 2.196574 -26.17632 56.26695 8.546574 -26.31972 56.04745 2.196574 -26.17632 22.70995 8.546574 -26.17632 22.51705 2.196574 -25.99873 56.04745 8.546574 -26.17632 55.85455 2.196574 -25.99873 22.51705 8.546574 -25.99873 22.35601 2.196574 -25.79184 55.85455 8.546574 -25.99873 55.69351 2.196574 -25.79184 22.35601 8.546574 -25.79184 22.23122 2.196574 -25.56125 55.69351 8.546574 -25.79184 55.56872 2.196574 -25.56125 22.23122 8.546574 -25.56125 22.14608 2.196574 -25.31326 55.56872 8.546574 -25.56125 55.48359 2.196574 -25.31326 22.14608 8.546574 -25.31326 22.10293 2.196574 -25.05466 55.48359 8.546574 -25.31326 55.44042 2.196574 -25.05466 22.10293 8.546574 -25.05466 22.10293 2.196574 -24.79247 55.44042 8.546574 -25.05466 55.44042 2.196574 -24.79247 22.10293 8.546574 -24.79247 22.13775 2.196574 -24.5838 55.44042 8.546574 -24.79247 55.47525 2.196574 -24.5838 22.13775 8.546574 -24.5838 22.14608 2.196574 -24.53384 22.14608 8.546574 -24.53384 22.23122 2.196574 -24.28586 55.47525 8.546574 -24.5838 55.48359 2.196574 -24.53384 55.48359 8.546574 -24.53384 55.56872 2.196574 -24.28586 22.23122 8.546574 -24.28586 22.35601 2.196574 -24.05527 55.56872 8.546574 -24.28586 55.69351 2.196574 -24.05527 22.35601 8.546574 -24.05527 22.51705 2.196574 -23.84837 55.69351 8.546574 -24.05527 55.85455 2.196574 -23.84837 22.51705 8.546574 -23.84837 22.70995 2.196574 -23.67079 55.85455 8.546574 -23.84837 56.04745 2.196574 -23.67079 22.70995 8.546574 -23.67079 22.92944 2.196574 -23.52739 56.04745 8.546574 -23.67079 56.26695 2.196574 -23.52739 22.92944 8.546574 -23.52739 23.16954 2.196574 -23.42207 56.26695 8.546574 -23.52739 56.50704 2.196574 -23.42207 23.16954 8.546574 -23.42207 23.42372 2.196574 -23.35771 56.50704 8.546574 -23.42207 56.76121 2.196574 -23.35771 23.42372 8.546574 -23.35771 23.68501 2.196574 -23.33606 56.76121 8.546574 -23.35771 57.0225 2.196574 -23.33606 23.68501 8.546574 -23.33606 31.62251 8.546574 -23.33606 31.62251 2.196574 -23.33606 57.0225 8.546574 -23.33606 64.96002 8.546574 -23.33606 64.96002 2.196574 -23.33606 13.52624 8.546574 -5.066851 13.3402 2.196574 -5.051439 13.52624 2.196574 -5.066851 13.71229 8.546574 -5.051439 13.71229 2.196574 -5.051439 77.02624 8.546574 -5.066851 76.8402 2.196574 -5.051439 77.02624 2.196574 -5.066851 77.21228 8.546574 -5.051439 77.21228 2.196574 -5.051439 13.3402 8.546574 -5.051439 13.15924 2.196574 -5.005617 13.89326 8.546574 -5.005617 13.89326 2.196574 -5.005617 76.8402 8.546574 -5.051439 76.65924 2.196574 -5.005617 77.39324 8.546574 -5.005617 77.39324 2.196574 -5.005617 13.15924 8.546574 -5.005617 12.98828 2.196574 -4.93062 14.06421 8.546574 -4.93062 14.06421 2.196574 -4.93062 76.65924 8.546574 -5.005617 76.48828 2.196574 -4.93062 77.5642 8.546574 -4.93062 77.5642 2.196574 -4.93062 12.98828 8.546574 -4.93062 12.832 2.196574 -4.828524 14.22049 8.546574 -4.828524 14.22049 2.196574 -4.828524 76.48828 8.546574 -4.93062 76.332 2.196574 -4.828524 77.72048 8.546574 -4.828524 77.72048 2.196574 -4.828524 12.832 8.546574 -4.828524 12.69465 2.196574 -4.702089 14.35783 8.546574 -4.702089 14.35783 2.196574 -4.702089 76.332 8.546574 -4.828524 76.19465 2.196574 -4.702089 77.85783 8.546574 -4.702089 77.85783 2.196574 -4.702089 12.69465 8.546574 -4.702089 12.57999 2.196574 -4.554766 14.47249 8.546574 -4.554766 14.47249 2.196574 -4.554766 76.19465 8.546574 -4.702089 76.08 2.196574 -4.554766 77.9725 8.546574 -4.554766 77.9725 2.196574 -4.554766 12.57999 8.546574 -4.554766 12.49115 2.196574 -4.390596 14.56135 8.546574 -4.390596 14.56135 2.196574 -4.390596 76.08 8.546574 -4.554766 75.99114 2.196574 -4.390596 78.06134 8.546574 -4.390596 78.06134 2.196574 -4.390596 12.49115 8.546574 -4.390596 12.43053 2.196574 -4.214022 14.62196 8.546574 -4.214022 14.62196 2.196574 -4.214022 75.99114 8.546574 -4.390596 75.93052 2.196574 -4.214022 78.12196 8.546574 -4.214022 78.12196 2.196574 -4.214022 12.43053 8.546574 -4.214022 12.39981 2.196574 -4.029894 14.65268 8.546574 -4.029894 14.65268 2.196574 -4.029894 75.93052 8.546574 -4.214022 75.89981 2.196574 -4.029894 78.15267 8.546574 -4.029894 78.15267 2.196574 -4.029894 12.39981 8.546574 -4.029894 12.39981 2.196574 -3.843218 14.65268 8.546574 -3.843218 14.65268 2.196574 -3.843218 75.89981 8.546574 -4.029894 75.89981 2.196574 -3.843218 78.15267 8.546574 -3.843218 78.15267 2.196574 -3.843218 12.39981 8.546574 -3.843218 12.43053 2.196574 -3.65909 14.62196 8.546574 -3.65909 14.62196 2.196574 -3.65909 75.89981 8.546574 -3.843218 75.93052 2.196574 -3.65909 78.12196 8.546574 -3.65909 78.12196 2.196574 -3.65909 12.43053 8.546574 -3.65909 12.49115 2.196574 -3.482515 14.56135 8.546574 -3.482515 14.56135 2.196574 -3.482515 75.93052 8.546574 -3.65909 75.99114 2.196574 -3.482515 78.06134 8.546574 -3.482515 78.06134 2.196574 -3.482515 12.49115 8.546574 -3.482515 12.57999 2.196574 -3.318346 14.47249 8.546574 -3.318346 14.47249 2.196574 -3.318346 75.99114 8.546574 -3.482515 76.08 2.196574 -3.318346 77.9725 8.546574 -3.318346 77.9725 2.196574 -3.318346 12.57999 8.546574 -3.318346 12.69465 2.196574 -3.171022 14.35783 8.546574 -3.171022 14.35783 2.196574 -3.171022 76.08 8.546574 -3.318346 76.19465 2.196574 -3.171022 77.85783 8.546574 -3.171022 77.85783 2.196574 -3.171022 12.69465 8.546574 -3.171022 12.832 2.196574 -3.044588 14.22049 8.546574 -3.044588 14.22049 2.196574 -3.044588 76.19465 8.546574 -3.171022 76.332 2.196574 -3.044588 77.72048 8.546574 -3.044588 77.72048 2.196574 -3.044588 12.832 8.546574 -3.044588 12.98828 2.196574 -2.942492 14.06421 8.546574 -2.942492 14.06421 2.196574 -2.942492 76.332 8.546574 -3.044588 76.48828 2.196574 -2.942492 77.5642 8.546574 -2.942492 77.5642 2.196574 -2.942492 12.98828 8.546574 -2.942492 13.15924 2.196574 -2.867495 13.89326 8.546574 -2.867495 13.89326 2.196574 -2.867495 76.48828 8.546574 -2.942492 76.65924 2.196574 -2.867495 77.39324 8.546574 -2.867495 77.39324 2.196574 -2.867495 13.15924 8.546574 -2.867495 13.3402 2.196574 -2.821672 13.71229 8.546574 -2.821672 13.71229 2.196574 -2.821672 76.65924 8.546574 -2.867495 76.8402 2.196574 -2.821672 77.21228 8.546574 -2.821672 77.21228 2.196574 -2.821672 13.3402 8.546574 -2.821672 13.52624 2.196574 -2.806261 13.52624 8.546574 -2.806261 76.8402 8.546574 -2.821672 77.02624 2.196574 -2.806261 77.02624 8.546574 -2.806261 75.43875 8.546574 7.512495 75.25271 2.196574 7.527906 75.43875 2.196574 7.512495 75.62478 8.546574 7.527906 75.62478 2.196574 7.527906 75.25271 8.546574 7.527906 75.07174 2.196574 7.573729 75.80575 8.546574 7.573729 75.80575 2.196574 7.573729 75.07174 8.546574 7.573729 74.90078 2.196574 7.648725 75.97671 8.546574 7.648725 75.97671 2.196574 7.648725 74.90078 8.546574 7.648725 74.7445 2.196574 7.750822 76.13298 8.546574 7.750822 76.13298 2.196574 7.750822 74.7445 8.546574 7.750822 74.62921 2.196574 7.856962 76.27033 8.546574 7.877256 76.27033 2.196574 7.877256 74.60716 8.546574 7.877256 74.49249 2.196574 8.02458 74.60716 2.196574 7.877256 74.62921 8.546574 7.856962 76.38499 8.546574 8.02458 76.38499 2.196574 8.02458 74.49249 8.546574 8.02458 74.40364 2.196574 8.18875 76.47384 8.546574 8.18875 76.47384 2.196574 8.18875 74.40364 8.546574 8.18875 74.34303 2.196574 8.365324 76.53445 8.546574 8.365324 76.53445 2.196574 8.365324 74.34303 8.546574 8.365324 74.3123 2.196574 8.549452 76.56518 8.546574 8.549452 76.56518 2.196574 8.549452 74.3123 8.546574 8.549452 74.3123 2.196574 8.736128 76.56518 8.546574 8.736128 76.56518 2.196574 8.736128 74.3123 8.546574 8.736128 74.34303 2.196574 8.920271 76.53445 8.546574 8.920271 76.53445 2.196574 8.920271 74.34303 8.546574 8.920271 74.40364 2.196574 9.096831 76.47384 8.546574 9.096831 76.47384 2.196574 9.096831 74.40364 8.546574 9.096831 74.49249 2.196574 9.261015 76.38499 8.546574 9.261015 76.38499 2.196574 9.261015 74.49249 8.546574 9.261015 74.60716 2.196574 9.408324 76.27033 8.546574 9.408324 76.27033 2.196574 9.408324 74.60716 8.546574 9.408324 74.62921 2.196574 9.428633 76.13298 8.546574 9.534758 76.13298 2.196574 9.534758 74.7445 8.546574 9.534758 74.90078 2.196574 9.63687 74.7445 2.196574 9.534758 74.62921 8.546574 9.428633 75.97671 8.546574 9.63687 75.97671 2.196574 9.63687 74.90078 8.546574 9.63687 75.07174 2.196574 9.711852 75.80575 8.546574 9.711852 75.80575 2.196574 9.711852 75.07174 8.546574 9.711852 75.25271 2.196574 9.757674 75.62478 8.546574 9.757674 75.62478 2.196574 9.757674 75.25271 8.546574 9.757674 75.43875 2.196574 9.7731 75.43875 8.546574 9.7731 16.81554 8.546574 17.98999 16.6295 2.196574 18.00542 16.81554 2.196574 17.98999 17.00159 8.546574 18.00542 17.00159 2.196574 18.00542 16.6295 8.546574 18.00542 16.44854 2.196574 18.05124 17.18255 8.546574 18.05124 17.18255 2.196574 18.05124 16.44854 8.546574 18.05124 16.27758 2.196574 18.12622 17.35351 8.546574 18.12622 17.35351 2.196574 18.12622 16.27758 8.546574 18.12622 16.1213 2.196574 18.22833 17.50979 8.546574 18.22833 17.50979 2.196574 18.22833 16.1213 8.546574 18.22833 15.98395 2.196574 18.35477 17.64713 8.546574 18.35477 17.64713 2.196574 18.35477 15.98395 8.546574 18.35477 15.86929 2.196574 18.50208 17.76179 8.546574 18.50208 17.76179 2.196574 18.50208 15.86929 8.546574 18.50208 15.78045 2.196574 18.66626 17.85065 8.546574 18.66626 17.85065 2.196574 18.66626 15.78045 8.546574 18.66626 15.71983 2.196574 18.84282 17.91126 8.546574 18.84282 17.91126 2.196574 18.84282 15.71983 8.546574 18.84282 15.68911 2.196574 19.02696 17.94198 8.546574 19.02696 17.94198 2.196574 19.02696 15.68911 8.546574 19.02696 15.68911 2.196574 19.21364 17.94198 8.546574 19.21364 17.94198 2.196574 19.21364 15.68911 8.546574 19.21364 15.71983 2.196574 19.39777 17.91126 8.546574 19.39777 17.91126 2.196574 19.39777 15.71983 8.546574 19.39777 15.78045 2.196574 19.57433 17.85065 8.546574 19.57433 17.85065 2.196574 19.57433 15.78045 8.546574 19.57433 15.86929 2.196574 19.73851 17.76179 8.546574 19.73851 17.76179 2.196574 19.73851 15.86929 8.546574 19.73851 15.98395 2.196574 19.88583 17.64713 8.546574 19.88583 17.64713 2.196574 19.88583 15.98395 8.546574 19.88583 16.1213 2.196574 20.01227 17.50979 8.546574 20.01227 17.50979 2.196574 20.01227 16.1213 8.546574 20.01227 16.27758 2.196574 20.11437 17.35351 8.546574 20.11437 17.35351 2.196574 20.11437 16.27758 8.546574 20.11437 16.44854 2.196574 20.18935 17.18255 8.546574 20.18935 17.18255 2.196574 20.18935 16.44854 8.546574 20.18935 16.6295 2.196574 20.23518 17.00159 8.546574 20.23518 17.00159 2.196574 20.23518 16.6295 8.546574 20.23518 16.81554 2.196574 20.2506 16.81554 8.546574 20.2506 16.81554 8.546574 29.42 16.6295 2.196574 29.43541 16.81554 2.196574 29.42 17.00159 8.546574 29.43541 17.00159 2.196574 29.43541 16.6295 8.546574 29.43541 16.44854 2.196574 29.48123 17.18255 8.546574 29.48123 17.18255 2.196574 29.48123 16.44854 8.546574 29.48123 16.27758 2.196574 29.55623 17.35351 8.546574 29.55623 17.35351 2.196574 29.55623 16.27758 8.546574 29.55623 16.1213 2.196574 29.65833 17.50979 8.546574 29.65833 17.50979 2.196574 29.65833 16.1213 8.546574 29.65833 15.98395 2.196574 29.78476 17.64713 8.546574 29.78476 17.64713 2.196574 29.78476 15.98395 8.546574 29.78476 15.86929 2.196574 29.93208 17.76179 8.546574 29.93208 17.76179 2.196574 29.93208 15.86929 8.546574 29.93208 15.78045 2.196574 30.09625 17.85065 8.546574 30.09625 17.85065 2.196574 30.09625 15.78045 8.546574 30.09625 15.71983 2.196574 30.27283 17.91126 8.546574 30.27283 17.91126 2.196574 30.27283 15.71983 8.546574 30.27283 15.68911 2.196574 30.45696 17.94198 8.546574 30.45696 17.94198 2.196574 30.45696 15.68911 8.546574 30.45696 15.68911 2.196574 30.64363 17.94198 8.546574 30.64363 17.94198 2.196574 30.64363 15.68911 8.546574 30.64363 15.71983 2.196574 30.82777 17.91126 8.546574 30.82777 17.91126 2.196574 30.82777 15.71983 8.546574 30.82777 15.78045 2.196574 31.00433 17.85065 8.546574 31.00433 17.85065 2.196574 31.00433 15.78045 8.546574 31.00433 15.86929 2.196574 31.16852 17.76179 8.546574 31.16852 17.76179 2.196574 31.16852 15.86929 8.546574 31.16852 15.98395 2.196574 31.31583 17.64713 8.546574 31.31583 17.64713 2.196574 31.31583 15.98395 8.546574 31.31583 16.1213 2.196574 31.44226 17.50979 8.546574 31.44226 17.50979 2.196574 31.44226 16.1213 8.546574 31.44226 16.27758 2.196574 31.54436 17.35351 8.546574 31.54436 17.35351 2.196574 31.54436 16.27758 8.546574 31.54436 16.44854 2.196574 31.61935 17.18255 8.546574 31.61935 17.18255 2.196574 31.61935 16.44854 8.546574 31.61935 16.6295 2.196574 31.66518 17.00159 8.546574 31.66518 17.00159 2.196574 31.66518 16.6295 8.546574 31.66518 16.81554 2.196574 31.68059 16.81554 8.546574 31.68059 -74.00675 8.546574 33.08314 -74.19279 2.196574 33.09856 -74.00675 2.196574 33.08314 -73.82071 8.546574 33.09856 -73.82071 2.196574 33.09856 -26.00674 8.546574 33.08314 -26.19278 2.196574 33.09856 -26.00674 2.196574 33.08314 -25.8207 8.546574 33.09856 -25.8207 2.196574 33.09856 -74.19279 8.546574 33.09856 -74.37376 2.196574 33.14439 -73.63974 8.546574 33.14439 -73.63974 2.196574 33.14439 -26.19278 8.546574 33.09856 -26.37375 2.196574 33.14439 -25.63973 8.546574 33.14439 -25.63973 2.196574 33.14439 -74.37376 8.546574 33.14439 -74.54471 2.196574 33.21937 -73.46879 8.546574 33.21937 -73.46879 2.196574 33.21937 -26.37375 8.546574 33.14439 -26.54471 2.196574 33.21937 -25.46878 8.546574 33.21937 -25.46878 2.196574 33.21937 -74.54471 8.546574 33.21937 -74.70099 2.196574 33.32147 -73.3125 8.546574 33.32147 -73.3125 2.196574 33.32147 -26.54471 8.546574 33.21937 -26.70099 2.196574 33.32147 -25.3125 8.546574 33.32147 -25.3125 2.196574 33.32147 -74.70099 8.546574 33.32147 -74.83834 2.196574 33.4479 -73.17516 8.546574 33.4479 -73.17516 2.196574 33.4479 -26.70099 8.546574 33.32147 -26.83833 2.196574 33.4479 -25.17515 8.546574 33.4479 -25.17515 2.196574 33.4479 -74.83834 8.546574 33.4479 -74.953 2.196574 33.59523 -73.0605 8.546574 33.59523 -73.0605 2.196574 33.59523 -26.83833 8.546574 33.4479 -26.95299 2.196574 33.59523 -25.06049 8.546574 33.59523 -25.06049 2.196574 33.59523 -74.953 8.546574 33.59523 -75.04184 2.196574 33.75941 -72.97165 8.546574 33.75941 -72.97165 2.196574 33.75941 -26.95299 8.546574 33.59523 -27.04184 2.196574 33.75941 -24.97164 8.546574 33.75941 -24.97164 2.196574 33.75941 -75.04184 8.546574 33.75941 -75.10247 2.196574 33.93597 -72.91104 8.546574 33.93597 -72.91104 2.196574 33.93597 -27.04184 8.546574 33.75941 -27.10246 2.196574 33.93597 -24.91103 8.546574 33.93597 -24.91103 2.196574 33.93597 -75.10247 8.546574 33.93597 -75.13319 2.196574 34.1201 -72.88031 8.546574 34.1201 -72.88031 2.196574 34.1201 -27.10246 8.546574 33.93597 -27.13318 2.196574 34.1201 -24.8803 8.546574 34.1201 -24.8803 2.196574 34.1201 -75.13319 8.546574 34.1201 -75.13319 2.196574 34.30677 -72.88031 8.546574 34.30677 -72.88031 2.196574 34.30677 -27.13318 8.546574 34.1201 -27.13318 2.196574 34.30677 -24.8803 8.546574 34.30677 -24.8803 2.196574 34.30677 -75.13319 8.546574 34.30677 -75.10247 2.196574 34.49092 -72.91104 8.546574 34.49092 -72.91104 2.196574 34.49092 -27.13318 8.546574 34.30677 -27.10246 2.196574 34.49092 -24.91103 8.546574 34.49092 -24.91103 2.196574 34.49092 -75.10247 8.546574 34.49092 -75.04184 2.196574 34.66748 -72.97165 8.546574 34.66748 -72.97165 2.196574 34.66748 -27.10246 8.546574 34.49092 -27.04184 2.196574 34.66748 -24.97164 8.546574 34.66748 -24.97164 2.196574 34.66748 -75.04184 8.546574 34.66748 -74.953 2.196574 34.83166 -73.0605 8.546574 34.83166 -73.0605 2.196574 34.83166 -27.04184 8.546574 34.66748 -26.95299 2.196574 34.83166 -25.06049 8.546574 34.83166 -25.06049 2.196574 34.83166 -74.953 8.546574 34.83166 -74.83834 2.196574 34.97897 -73.17516 8.546574 34.97897 -73.17516 2.196574 34.97897 -26.95299 8.546574 34.83166 -26.83833 2.196574 34.97897 -25.17515 8.546574 34.97897 -25.17515 2.196574 34.97897 -74.83834 8.546574 34.97897 -74.70099 2.196574 35.1054 -73.3125 8.546574 35.1054 -73.3125 2.196574 35.1054 -26.83833 8.546574 34.97897 -26.70099 2.196574 35.1054 -25.3125 8.546574 35.1054 -25.3125 2.196574 35.1054 -74.70099 8.546574 35.1054 -74.54471 2.196574 35.20751 -73.46879 8.546574 35.20751 -73.46879 2.196574 35.20751 -26.70099 8.546574 35.1054 -26.54471 2.196574 35.20751 -25.46878 8.546574 35.20751 -25.46878 2.196574 35.20751 -74.54471 8.546574 35.20751 -74.37376 2.196574 35.2825 -73.63974 8.546574 35.2825 -73.63974 2.196574 35.2825 -26.54471 8.546574 35.20751 -26.37375 2.196574 35.2825 -25.63973 8.546574 35.2825 -25.63973 2.196574 35.2825 -74.37376 8.546574 35.2825 -74.19279 2.196574 35.32832 -73.82071 8.546574 35.32832 -73.82071 2.196574 35.32832 -26.37375 8.546574 35.2825 -26.19278 2.196574 35.32832 -25.8207 8.546574 35.32832 -25.8207 2.196574 35.32832 -74.19279 8.546574 35.32832 -74.00675 2.196574 35.34375 -74.00675 8.546574 35.34375 -26.19278 8.546574 35.32832 -26.00674 2.196574 35.34375 -26.00674 8.546574 35.34375 75.43875 8.546574 39.89749 75.25271 2.196574 39.91291 75.43875 2.196574 39.89749 75.62478 8.546574 39.91291 75.62478 2.196574 39.91291 75.25271 8.546574 39.91291 75.07174 2.196574 39.95874 75.80575 8.546574 39.95874 75.80575 2.196574 39.95874 75.07174 8.546574 39.95874 74.90078 2.196574 40.03372 75.97671 8.546574 40.03372 75.97671 2.196574 40.03372 74.90078 8.546574 40.03372 74.7445 2.196574 40.13583 76.13298 8.546574 40.13583 76.13298 2.196574 40.13583 74.7445 8.546574 40.13583 74.62921 2.196574 40.24195 76.27033 8.546574 40.26226 76.27033 2.196574 40.26226 74.60716 8.546574 40.26226 74.49249 2.196574 40.40957 74.60716 2.196574 40.26226 74.62921 8.546574 40.24195 76.38499 8.546574 40.40957 76.38499 2.196574 40.40957 74.49249 8.546574 40.40957 74.40364 2.196574 40.57376 76.47384 8.546574 40.57376 76.47384 2.196574 40.57376 74.40364 8.546574 40.57376 74.34303 2.196574 40.75032 76.53445 8.546574 40.75032 76.53445 2.196574 40.75032 74.34303 8.546574 40.75032 74.3123 2.196574 40.93446 76.56518 8.546574 40.93446 76.56518 2.196574 40.93446 74.3123 8.546574 40.93446 74.3123 2.196574 41.12113 76.56518 8.546574 41.12113 76.56518 2.196574 41.12113 74.3123 8.546574 41.12113 74.34303 2.196574 41.30526 76.53445 8.546574 41.30526 76.53445 2.196574 41.30526 74.34303 8.546574 41.30526 74.40364 2.196574 41.48182 76.47384 8.546574 41.48182 76.47384 2.196574 41.48182 74.40364 8.546574 41.48182 74.49249 2.196574 41.64601 76.38499 8.546574 41.64601 76.38499 2.196574 41.64601 74.49249 8.546574 41.64601 74.60716 2.196574 41.79331 76.27033 8.546574 41.79331 76.27033 2.196574 41.79331 74.60716 8.546574 41.79331 74.62921 2.196574 41.81362 76.13298 8.546574 41.91975 76.13298 2.196574 41.91975 74.7445 8.546574 41.91975 74.90078 2.196574 42.02186 74.7445 2.196574 41.91975 74.62921 8.546574 41.81362 75.97671 8.546574 42.02186 75.97671 2.196574 42.02186 74.90078 8.546574 42.02186 75.07174 2.196574 42.09684 75.80575 8.546574 42.09684 75.80575 2.196574 42.09684 75.07174 8.546574 42.09684 75.25271 2.196574 42.14268 75.62478 8.546574 42.14268 75.62478 2.196574 42.14268 75.25271 8.546574 42.14268 75.43875 2.196574 42.15809 75.43875 8.546574 42.15809 -79.03376 2.196574 48.76281 -79.03376 8.546574 48.76281 -79.29573 2.196574 48.75198 -79.29573 8.546574 48.75198 -79.5559 2.196574 48.7844 82.47592 2.196574 48.7844 82.47592 8.546574 48.7844 82.21574 2.196574 48.75198 82.21574 8.546574 48.75198 81.95378 2.196574 48.76281 -78.77716 2.196574 48.81661 -78.77716 8.546574 48.81661 81.95378 8.546574 48.76281 81.69717 2.196574 48.81661 -79.5559 8.546574 48.7844 -79.8072 2.196574 48.85922 82.72721 2.196574 48.85922 82.72721 8.546574 48.85922 -78.5329 2.196574 48.91192 -78.5329 8.546574 48.91192 81.69717 8.546574 48.81661 81.45291 2.196574 48.91192 -79.8072 8.546574 48.85922 -80.04274 2.196574 48.97438 82.96275 2.196574 48.97438 82.96275 8.546574 48.97438 -78.30767 2.196574 49.04614 -78.30767 8.546574 49.04614 81.45291 8.546574 48.91192 81.22767 2.196574 49.04614 -80.04274 8.546574 48.97438 -80.25612 2.196574 49.12672 83.17614 2.196574 49.12672 83.17614 8.546574 49.12672 -78.10759 2.196574 49.21559 -78.10759 8.546574 49.21559 81.22767 8.546574 49.04614 81.0276 2.196574 49.21559 -80.25612 8.546574 49.12672 -80.44152 2.196574 49.31211 83.36152 2.196574 49.31211 83.36152 8.546574 49.31211 -77.71665 2.196574 49.60653 -77.71665 8.546574 49.60653 81.0276 8.546574 49.21559 79.71464 2.196574 50.52856 -80.44152 8.546574 49.31211 -80.59387 2.196574 49.52551 83.51388 2.196574 49.52551 83.51388 8.546574 49.52551 -80.59387 8.546574 49.52551 -80.70903 2.196574 49.76104 83.62904 2.196574 49.76104 83.62904 8.546574 49.76104 -80.70903 8.546574 49.76104 -80.78383 2.196574 50.01234 83.70385 2.196574 50.01234 83.70385 8.546574 50.01234 -80.78383 8.546574 50.01234 -80.81626 2.196574 50.27252 83.73628 2.196574 50.27252 83.73628 8.546574 50.27252 -80.81626 8.546574 50.27252 -80.80568 2.196574 50.52856 83.72569 2.196574 50.52856 83.72569 8.546574 50.52856 -80.80568 8.546574 50.52856 -80.80544 2.196574 50.53448 -80.80544 8.546574 50.53448 -80.75163 2.196574 50.79109 83.67164 2.196574 50.79109 83.67164 8.546574 50.79109 83.72544 2.196574 50.53448 83.72544 8.546574 50.53448 -80.75163 8.546574 50.79109 -80.65632 2.196574 51.03535 83.57633 2.196574 51.03535 83.57633 8.546574 51.03535 -80.65632 8.546574 51.03535 -80.52211 2.196574 51.26058 83.44212 2.196574 51.26058 83.44212 8.546574 51.26058 -80.52211 8.546574 51.26058 -80.35266 2.196574 51.46064 83.27267 2.196574 51.46064 83.27267 8.546574 51.46064 -80.35266 8.546574 51.46064 -77.71665 2.196574 54.09666 79.49313 8.546574 55.2402 79.49313 2.196574 55.2402 -72.32276 2.196574 55.03215 -72.32276 8.546574 55.03215 -72.49493 2.196574 54.82824 -72.49493 8.546574 54.82824 -76.79463 2.196574 50.52856 75.41494 8.546574 54.82824 75.24278 2.196574 55.03215 75.41494 2.196574 54.82824 -72.18717 2.196574 55.26199 -72.18717 8.546574 55.26199 75.24278 8.546574 55.03215 75.10719 2.196574 55.26199 -72.09201 2.196574 55.5113 -72.09201 8.546574 55.5113 75.10719 8.546574 55.26199 75.01202 2.196574 55.5113 -72.03994 2.196574 55.77304 -72.03994 8.546574 55.77304 75.01202 8.546574 55.5113 74.95996 2.196574 55.77304 -72.03247 2.196574 56.03979 -72.03247 8.546574 56.03979 74.95996 8.546574 55.77304 74.95248 2.196574 56.03979 -72.06977 2.196574 56.30403 -72.06977 8.546574 56.30403 74.95248 8.546574 56.03979 74.98979 2.196574 56.30403 -72.14955 2.196574 56.55433 -72.14955 8.546574 56.55433 74.98979 8.546574 56.30403 75.06956 2.196574 56.55433 -72.27329 2.196574 56.79537 -72.27329 8.546574 56.79537 -72.15081 2.196574 56.55828 -72.15081 8.546574 56.55828 75.06956 8.546574 56.55433 75.07083 2.196574 56.55828 75.07083 8.546574 56.55828 75.19329 2.196574 56.79537 -72.43376 2.196574 57.0086 -72.43376 8.546574 57.0086 75.19329 8.546574 56.79537 75.35377 2.196574 57.0086 -72.62767 2.196574 57.19194 -72.62767 8.546574 57.19194 75.35377 8.546574 57.0086 75.54769 2.196574 57.19194 77.47059 2.196574 57.2351 77.47059 8.546574 57.2351 77.66001 2.196574 57.07331 77.66001 8.546574 57.07331 78.17898 2.196574 56.55433 -72.84957 2.196574 57.3402 -72.84957 8.546574 57.3402 75.54769 8.546574 57.19194 75.76957 2.196574 57.3402 77.25819 2.196574 57.36526 77.25819 8.546574 57.36526 -73.09314 2.196574 57.4492 -73.09314 8.546574 57.4492 75.76957 8.546574 57.3402 76.01315 2.196574 57.4492 77.02804 2.196574 57.46058 77.02804 8.546574 57.46058 -73.35155 2.196574 57.51585 -73.35155 8.546574 57.51585 76.01315 8.546574 57.4492 76.27156 2.196574 57.51585 76.78582 2.196574 57.51873 76.78582 8.546574 57.51873 -73.61746 2.196574 57.53828 -73.61746 8.546574 57.53828 76.27156 8.546574 57.51585 76.53747 2.196574 57.53828 76.53747 8.546574 57.53828 27.78502 8.546574 57.83398 26.9012 2.196574 57.87437 27.78502 2.196574 57.83398 29.37983 2.196574 57.96612 29.37983 8.546574 57.96612 26.9012 8.546574 57.87437 21.23391 2.196574 57.89277 30.93113 2.196574 58.35897 30.93113 8.546574 58.35897 -11.23999 8.546574 57.99832 -11.27093 2.196574 57.99836 -11.23999 2.196574 57.99832 -11.19554 2.196574 58.00199 -11.19554 8.546574 58.00199 -11.27093 8.546574 57.99836 -16.93246 2.196574 58.01675 -23.89854 8.546574 58.03938 -25.5259 2.196574 58.33522 -23.89854 2.196574 58.03938 -19.10764 8.546574 58.02381 -19.10764 2.196574 58.02381 -8.147227 2.196574 58.5144 -8.147227 8.546574 58.5144 -9.672228 2.196574 58.12821 -9.672228 8.546574 58.12821 -25.5259 8.546574 58.33522 -27.07754 2.196574 58.90814 32.39662 2.196574 59.0018 32.39662 8.546574 59.0018 -8.042765 2.196574 58.56022 -8.042765 8.546574 58.56022 -27.07754 8.546574 58.90814 -28.50668 2.196574 59.74084 33.73632 2.196574 59.87707 33.73632 8.546574 59.87707 -5.389612 2.196574 60.00675 -5.389612 8.546574 60.00675 -6.706591 2.196574 59.14633 -6.706591 8.546574 59.14633 -28.50668 8.546574 59.74084 -29.77022 2.196574 60.80822 33.98153 2.196574 60.10279 33.98153 8.546574 60.10279 -4.232218 2.196574 61.0722 -4.232218 8.546574 61.0722 -29.77022 8.546574 60.80822 -30.68651 2.196574 61.90611 35.8966 2.196574 62.22375 35.8966 8.546574 62.22375 34.91369 2.196574 60.9609 34.91369 8.546574 60.9609 -3.265978 2.196574 62.31362 -3.265978 8.546574 62.31362 -30.68651 8.546574 61.90611 -30.83005 2.196574 62.07809 -30.83005 8.546574 62.07809 -31.65422 2.196574 63.51217 36.65825 2.196574 63.63114 36.65825 8.546574 63.63114 -2.517252 2.196574 63.69717 -2.517252 8.546574 63.69717 -31.65422 8.546574 63.51217 -32.21788 2.196574 65.06719 37.17786 2.196574 65.14472 37.17786 8.546574 65.14472 -2.006448 2.196574 65.18507 -2.006448 8.546574 65.18507 -32.21788 8.546574 65.06719 -32.50401 2.196574 66.69631 37.44126 2.196574 66.72318 37.44126 8.546574 66.72318 -1.747522 2.196574 66.73676 -1.747522 8.546574 66.73676 -32.50401 8.546574 66.69631 -32.50401 2.196574 68.35033 37.44126 2.196574 68.32346 37.44126 8.546574 68.32346 -1.747522 2.196574 68.30989 -1.747522 8.546574 68.30989 -2.006448 2.196574 69.86157 -2.006448 8.546574 69.86157 37.17786 2.196574 69.9019 37.17786 8.546574 69.9019 -32.50401 8.546574 68.35033 -32.21788 2.196574 69.97943 -2.517252 2.196574 71.34947 -2.517252 8.546574 71.34947 36.65825 2.196574 71.41548 36.65825 8.546574 71.41548 -32.21788 8.546574 69.97943 -31.65422 2.196574 71.53446 -3.265978 2.196574 72.733 -3.265978 8.546574 72.733 35.8966 2.196574 72.82288 35.8966 8.546574 72.82288 -31.65422 8.546574 71.53446 -30.83005 2.196574 72.96854 -4.232218 2.196574 73.97443 -4.232218 8.546574 73.97443 34.91369 2.196574 74.08573 34.91369 8.546574 74.08573 -30.83005 8.546574 72.96854 -30.68651 2.196574 73.14052 -5.389612 2.196574 75.03989 -5.389612 8.546574 75.03989 33.98153 2.196574 74.94384 33.98153 8.546574 74.94384 -30.68651 8.546574 73.14052 -29.77022 2.196574 74.23841 -29.77022 8.546574 74.23841 -28.50668 2.196574 75.30579 -6.706591 2.196574 75.9003 -6.706591 8.546574 75.9003 32.39662 2.196574 76.04483 32.39662 8.546574 76.04483 33.73632 2.196574 75.16957 33.73632 8.546574 75.16957 -28.50668 8.546574 75.30579 -27.07754 2.196574 76.13849 -8.042765 2.196574 76.48641 -8.042765 8.546574 76.48641 30.93113 2.196574 76.68766 30.93113 8.546574 76.68766 -27.07754 8.546574 76.13849 -25.5259 2.196574 76.7114 -9.672228 2.196574 76.91841 -9.672228 8.546574 76.91841 -8.147227 2.196574 76.53223 -8.147227 8.546574 76.53223 29.37983 2.196574 77.08051 29.37983 8.546574 77.08051 -25.5259 8.546574 76.7114 -23.89854 2.196574 77.00725 -11.19554 2.196574 77.04463 -11.19554 8.546574 77.04463 -23.89854 8.546574 77.00725 -19.10764 2.196574 77.02281 -11.23999 8.546574 77.04831 -11.23999 2.196574 77.04831 28.77664 2.196574 77.13048 28.77664 8.546574 77.13048 14.21158 8.546574 77.13105 15.1709 2.196574 77.13416 14.21158 2.196574 77.13105 26.9012 8.546574 77.17226 27.78502 2.196574 77.21265 26.9012 2.196574 77.17226 21.23391 8.546574 77.15386 21.23391 2.196574 77.15386 27.78502 8.546574 77.21265 -46.81879 2.196574 80.97779 -46.81879 8.546574 80.97779 -47.08075 2.196574 80.96695 -47.08075 8.546574 80.96695 -47.34093 2.196574 80.99938 50.26095 2.196574 80.99938 50.26095 8.546574 80.99938 50.00077 2.196574 80.96695 50.00077 8.546574 80.96695 49.73881 2.196574 80.97779 -46.56218 2.196574 81.03159 -46.56218 8.546574 81.03159 49.73881 8.546574 80.97779 49.4822 2.196574 81.03159 -47.34093 8.546574 80.99938 -47.59222 2.196574 81.07419 50.51223 2.196574 81.07419 50.51223 8.546574 81.07419 -46.31793 2.196574 81.12689 -46.31793 8.546574 81.12689 49.4822 8.546574 81.03159 49.23794 2.196574 81.12689 -47.59222 8.546574 81.07419 -47.82777 2.196574 81.18935 50.74778 2.196574 81.18935 50.74778 8.546574 81.18935 -46.09269 2.196574 81.26111 -46.09269 8.546574 81.26111 49.23794 8.546574 81.12689 49.01271 2.196574 81.26111 -47.82777 8.546574 81.18935 -48.04115 2.196574 81.34169 50.96116 2.196574 81.34169 50.96116 8.546574 81.34169 -45.89262 2.196574 81.43056 -45.89262 8.546574 81.43056 49.01271 8.546574 81.26111 48.81263 2.196574 81.43056 -48.04115 8.546574 81.34169 -48.22655 2.196574 81.52709 51.06584 2.196574 81.44637 51.06584 8.546574 81.44637 -40.27996 2.196574 87.04323 48.81263 8.546574 81.43056 43.19998 8.546574 87.04323 43.19998 2.196574 87.04323 -48.22655 8.546574 81.52709 -48.3789 2.196574 81.74048 51.29891 2.196574 81.74048 51.29891 8.546574 81.74048 51.14656 2.196574 81.52709 51.14656 8.546574 81.52709 -48.3789 8.546574 81.74048 -48.49405 2.196574 81.97603 51.41407 2.196574 81.97603 51.41407 8.546574 81.97603 -48.49405 8.546574 81.97603 -48.56886 2.196574 82.22731 51.48889 2.196574 82.22731 51.48889 8.546574 82.22731 -48.56886 8.546574 82.22731 -48.60129 2.196574 82.48749 51.52131 2.196574 82.48749 51.52131 8.546574 82.48749 -48.60129 8.546574 82.48749 -48.59046 2.196574 82.74945 51.51048 2.196574 82.74945 51.51048 8.546574 82.74945 -48.59046 8.546574 82.74945 -48.53665 2.196574 83.00608 51.45668 2.196574 83.00608 51.45668 8.546574 83.00608 -48.53665 8.546574 83.00608 -48.44134 2.196574 83.25032 51.36137 2.196574 83.25032 51.36137 8.546574 83.25032 -48.44134 8.546574 83.25032 -48.30714 2.196574 83.47556 51.22715 2.196574 83.47556 51.22715 8.546574 83.47556 -48.30714 8.546574 83.47556 -48.13768 2.196574 83.67563 51.06584 2.196574 83.66602 51.06584 8.546574 83.66602 -48.13768 8.546574 83.67563 -42.52502 8.546574 89.28829 -42.52502 2.196574 89.28829 51.0577 8.546574 83.67563 51.0577 2.196574 83.67563 45.44503 2.196574 89.28829 -40.10779 2.196574 87.24712 -40.10779 8.546574 87.24712 -40.27996 8.546574 87.04323 43.02781 2.196574 87.24712 -39.9722 2.196574 87.47695 -39.9722 8.546574 87.47695 43.02781 8.546574 87.24712 42.89222 2.196574 87.47695 -39.87703 2.196574 87.72628 -39.87703 8.546574 87.72628 42.89222 8.546574 87.47695 42.79705 2.196574 87.72628 -39.82497 2.196574 87.98802 -39.82497 8.546574 87.98802 42.79705 8.546574 87.72628 42.74499 2.196574 87.98802 -39.81749 2.196574 88.25478 -39.81749 8.546574 88.25478 42.74499 8.546574 87.98802 42.7375 2.196574 88.25478 -39.85479 2.196574 88.519 -39.85479 8.546574 88.519 42.7375 8.546574 88.25478 42.77481 2.196574 88.519 -39.93583 2.196574 88.77327 -39.93583 8.546574 88.77327 42.77481 8.546574 88.519 42.85585 2.196574 88.77327 -40.05832 2.196574 89.01036 -40.05832 8.546574 89.01036 42.85585 8.546574 88.77327 42.97833 2.196574 89.01036 -40.21878 2.196574 89.22359 -40.21878 8.546574 89.22359 42.97833 8.546574 89.01036 43.1388 2.196574 89.22359 -40.4127 2.196574 89.40691 -40.4127 8.546574 89.40691 43.1388 8.546574 89.22359 43.33271 2.196574 89.40691 45.25561 2.196574 89.45006 45.25561 8.546574 89.45006 45.44503 8.546574 89.28829 -40.63459 2.196574 89.55516 -40.63459 8.546574 89.55516 43.33271 8.546574 89.40691 43.55461 2.196574 89.55516 45.04322 2.196574 89.58022 45.04322 8.546574 89.58022 -40.87817 2.196574 89.66417 -40.87817 8.546574 89.66417 43.55461 8.546574 89.55516 43.79818 2.196574 89.66417 44.81307 2.196574 89.67555 44.81307 8.546574 89.67555 -41.09607 2.196574 89.72039 -41.09607 8.546574 89.72039 43.79818 8.546574 89.66417 44.01608 2.196574 89.72039 44.62638 2.196574 89.72039 44.62638 8.546574 89.72039 -41.40249 2.196574 89.75325 -41.40249 8.546574 89.75325 -41.13657 2.196574 89.73082 -41.13657 8.546574 89.73082 44.01608 8.546574 89.72039 44.05659 2.196574 89.73082 44.05659 8.546574 89.73082 44.3225 2.196574 89.75325 44.3225 8.546574 89.75325 44.57084 2.196574 89.73372 44.57084 8.546574 89.73372 -56.28902 2.196574 -140.4078 -66.01343 2.196574 -170.6608 -62.03999 2.196574 -170.9736 -56.28902 2.196574 -170.9736 -62.03999 8.546574 -170.9736 -48.75632 2.196574 -140.4078 -48.75632 2.196574 -170.9736 -56.28902 8.546574 -170.9736 -37.45596 2.196574 -170.9736 -37.45596 2.196574 -167.7985 -48.75632 8.546574 -170.9736 -30.68651 2.196574 -170.9736 -37.45596 8.546574 -170.9736 -19.10764 2.196574 -170.9736 -30.68651 8.546574 -170.9736 -21.59693 2.196574 -167.6072 -21.83703 2.196574 -167.7125 -19.10764 2.196574 -140.4078 -20.81357 2.196574 -165.8213 -20.77041 2.196574 -166.08 -20.77041 2.196574 -166.3422 -20.81357 2.196574 -166.6008 -20.8987 2.196574 -166.8488 -21.02349 2.196574 -167.0793 -21.18453 2.196574 -167.2862 -21.37743 2.196574 -167.4638 -22.0912 2.196574 -167.7769 -16.93246 2.196574 -140.4078 -16.93246 2.196574 -170.9736 -19.10764 8.546574 -170.9736 -14.41499 2.196574 -146.4435 -14.6836 2.196574 -146.4212 -14.14638 2.196574 -146.4212 -11.19554 2.196574 -170.9736 -14.94488 2.196574 -146.3551 -15.19172 2.196574 -146.2468 -15.41735 2.196574 -146.0994 -15.61566 2.196574 -145.9169 -15.78121 2.196574 -145.7041 -15.90949 2.196574 -145.4671 -15.99701 2.196574 -145.2122 -16.04137 2.196574 -144.9463 -16.93246 8.546574 -170.9736 -13.8851 2.196574 -146.3551 -13.04878 2.196574 -145.7041 -13.21433 2.196574 -145.9169 -13.41262 2.196574 -146.0994 -13.63827 2.196574 -146.2468 -12.78861 2.196574 -144.9463 -12.83298 2.196574 -145.2122 -12.9205 2.196574 -145.4671 -11.19554 2.196574 -140.4078 -8.042765 2.196574 -140.4078 -8.042765 2.196574 -170.9736 -11.19554 8.546574 -170.9736 -1.127306 2.196574 -140.4078 -1.127306 2.196574 -170.9736 -8.042765 8.546574 -170.9736 3.863485 2.196574 -140.4078 3.863485 2.196574 -170.9736 -1.127306 8.546574 -170.9736 5.334112 2.196574 -140.4078 5.334112 2.196574 -170.9736 3.863485 8.546574 -170.9736 10.89673 2.196574 -140.4078 10.89673 2.196574 -170.9736 5.334112 8.546574 -170.9736 15.1709 2.196574 -140.4078 15.1709 2.196574 -170.9736 10.89673 8.546574 -170.9736 21.23391 2.196574 -170.9736 17.60362 2.196574 -146.4212 17.33501 2.196574 -146.4435 17.06641 2.196574 -146.4212 16.80512 2.196574 -146.3551 16.55829 2.196574 -146.2468 16.33265 2.196574 -146.0994 16.13434 2.196574 -145.9169 15.96879 2.196574 -145.7041 15.84051 2.196574 -145.4671 15.753 2.196574 -145.2122 15.70863 2.196574 -144.9463 15.1709 8.546574 -170.9736 21.23391 2.196574 -140.4078 33.98153 2.196574 -170.9736 33.98153 2.196574 -167.7985 17.86491 2.196574 -146.3551 18.70122 2.196574 -145.7041 18.53567 2.196574 -145.9169 18.33738 2.196574 -146.0994 18.11173 2.196574 -146.2468 18.91702 2.196574 -145.2122 18.8295 2.196574 -145.4671 21.23391 8.546574 -170.9736 40.37598 2.196574 -170.9736 33.98153 8.546574 -170.9736 51.06584 2.196574 -170.9736 40.37598 8.546574 -170.9736 51.06584 2.196574 -140.4078 50.60359 2.196574 -166.08 50.60359 2.196574 -166.3422 49.77708 2.196574 -167.6072 49.53697 2.196574 -167.7125 50.56044 2.196574 -166.6008 50.47531 2.196574 -166.8488 50.3505 2.196574 -167.0793 50.18946 2.196574 -167.2862 49.99656 2.196574 -167.4638 49.2828 2.196574 -167.7769 53.47883 2.196574 -140.4078 53.47883 2.196574 -170.9736 51.06584 8.546574 -170.9736 64.96002 2.196574 -170.9736 53.47883 8.546574 -170.9736 66.56974 2.196574 -170.8469 66.56974 2.196574 -140.4078 64.96002 8.546574 -170.9736 68.93344 2.196574 -170.6608 66.56974 8.546574 -170.8469 -69.88903 2.196574 -169.7304 -66.01343 8.546574 -170.6608 72.80905 2.196574 -169.7304 72.80905 8.546574 -169.7304 68.93344 8.546574 -170.6608 -70.60686 2.196574 -140.4078 -70.60686 2.196574 -169.4331 -70.60686 8.546574 -169.4331 -69.88903 8.546574 -169.7304 74.62921 2.196574 -140.4078 74.62921 2.196574 -168.9765 -73.57135 2.196574 -168.2051 -73.57135 8.546574 -168.2051 76.49136 2.196574 -168.2051 74.62921 8.546574 -168.9765 -76.96974 2.196574 -166.1226 79.49313 2.196574 -140.4078 79.49313 2.196574 -166.3656 76.49136 8.546574 -168.2051 -37.45596 8.546574 -167.7985 -30.68651 8.546574 -167.7985 -22.0912 8.546574 -167.7769 33.98153 8.546574 -167.7985 40.37598 8.546574 -167.7985 49.2828 8.546574 -167.7769 -21.83703 8.546574 -167.7125 49.53697 8.546574 -167.7125 -21.59693 8.546574 -167.6072 49.77708 8.546574 -167.6072 -21.37743 8.546574 -167.4638 49.99656 8.546574 -167.4638 -21.18453 8.546574 -167.2862 50.18946 8.546574 -167.2862 -21.02349 8.546574 -167.0793 50.3505 8.546574 -167.0793 -20.8987 8.546574 -166.8488 50.47531 8.546574 -166.8488 -20.81357 8.546574 -166.6008 50.56044 8.546574 -166.6008 -20.77041 8.546574 -166.3422 50.60359 8.546574 -166.3422 79.88975 2.196574 -166.1226 79.49313 8.546574 -166.3656 -20.77041 8.546574 -166.08 50.60359 8.546574 -166.08 -77.71665 2.196574 -165.4847 -77.71665 8.546574 -165.4847 -76.96974 8.546574 -166.1226 82.92053 2.196574 -163.5341 82.92053 8.546574 -163.5341 79.88975 8.546574 -166.1226 -20.81357 8.546574 -165.8213 50.56044 2.196574 -165.8213 50.56044 8.546574 -165.8213 -20.8987 2.196574 -165.5734 -20.8987 8.546574 -165.5734 50.47531 2.196574 -165.5734 50.47531 8.546574 -165.5734 -21.02349 2.196574 -165.3428 -21.02349 8.546574 -165.3428 50.3505 2.196574 -165.3428 50.3505 8.546574 -165.3428 -77.71665 2.196574 -140.4078 -80.00051 2.196574 -163.5341 -80.00051 8.546574 -163.5341 -21.18453 2.196574 -165.1359 -21.18453 8.546574 -165.1359 50.18946 2.196574 -165.1359 50.18946 8.546574 -165.1359 -21.37743 2.196574 -164.9583 -21.37743 8.546574 -164.9583 49.99656 2.196574 -164.9583 49.99656 8.546574 -164.9583 -21.59693 2.196574 -164.8149 -21.59693 8.546574 -164.8149 49.77708 2.196574 -164.8149 49.77708 8.546574 -164.8149 -21.83703 2.196574 -164.7096 -21.83703 8.546574 -164.7096 50.609 2.196574 -148.7485 49.53697 2.196574 -164.7096 49.53697 8.546574 -164.7096 -22.0912 2.196574 -164.6452 -22.0912 8.546574 -164.6452 50.56991 2.196574 -149.2452 49.2828 2.196574 -164.6452 49.2828 8.546574 -164.6452 -45.01067 2.196574 -151.8845 -45.49512 2.196574 -151.7682 -45.95541 2.196574 -151.5775 -46.38021 2.196574 -151.3172 -46.75905 2.196574 -150.9936 -47.08262 2.196574 -150.6148 -47.6499 2.196574 -149.2452 -47.34294 2.196574 -150.19 -47.53359 2.196574 -149.7297 -20.92038 2.196574 -149.7297 -21.11104 2.196574 -150.19 -21.37137 2.196574 -150.6148 -22.49857 2.196574 -151.5775 -22.95887 2.196574 -151.7682 -23.44331 2.196574 -151.8845 -22.35249 2.196574 -164.6236 -20.80408 2.196574 -149.2452 -21.69493 2.196574 -150.9936 -22.07377 2.196574 -151.3172 -22.35249 8.546574 -164.6236 26.36333 2.196574 -151.8845 25.87888 2.196574 -151.7682 25.41859 2.196574 -151.5775 24.99379 2.196574 -151.3172 24.61495 2.196574 -150.9936 24.29138 2.196574 -150.6148 24.03106 2.196574 -150.19 23.84041 2.196574 -149.7297 23.7241 2.196574 -149.2452 49.67907 2.196574 -150.9936 49.30023 2.196574 -151.3172 48.87542 2.196574 -151.5775 48.41514 2.196574 -151.7682 47.93069 2.196574 -151.8845 49.02151 2.196574 -164.6236 50.45361 2.196574 -149.7297 50.26295 2.196574 -150.19 50.00263 2.196574 -150.6148 49.02151 8.546574 -164.6236 -37.45596 2.196574 -151.9235 -44.51399 2.196574 -151.9235 -30.68651 2.196574 -164.6236 -30.68651 2.196574 -151.9235 -37.45596 8.546574 -164.6236 -23.93999 2.196574 -151.9235 -30.68651 8.546574 -164.6236 33.98153 2.196574 -151.9235 26.86001 2.196574 -151.9235 40.37598 2.196574 -164.6236 40.37598 2.196574 -151.9235 33.98153 8.546574 -164.6236 47.43402 2.196574 -151.9235 40.37598 8.546574 -164.6236 -82.58903 2.196574 -160.5033 85.50904 2.196574 -160.5033 85.50904 8.546574 -160.5033 -84.67156 2.196574 -157.1049 -82.58903 8.546574 -160.5033 87.59158 2.196574 -157.1049 87.59158 8.546574 -157.1049 -86.19683 2.196574 -153.4226 -84.67156 8.546574 -157.1049 89.11685 2.196574 -153.4226 89.11685 8.546574 -153.4226 -87.12728 2.196574 -149.547 -86.19683 8.546574 -153.4226 90.0473 2.196574 -149.547 90.0473 8.546574 -149.547 -37.45596 8.546574 -151.9235 -44.51399 8.546574 -151.9235 -30.68651 8.546574 -151.9235 -23.93999 8.546574 -151.9235 -23.44331 8.546574 -151.8845 33.98153 8.546574 -151.9235 26.86001 8.546574 -151.9235 40.37598 8.546574 -151.9235 47.43402 8.546574 -151.9235 47.93069 8.546574 -151.8845 -45.01067 8.546574 -151.8845 -22.95887 8.546574 -151.7682 26.36333 8.546574 -151.8845 48.41514 8.546574 -151.7682 -45.49512 8.546574 -151.7682 -22.49857 8.546574 -151.5775 25.87888 8.546574 -151.7682 48.87542 8.546574 -151.5775 -45.95541 8.546574 -151.5775 -22.07377 8.546574 -151.3172 25.41859 8.546574 -151.5775 49.30023 8.546574 -151.3172 -46.38021 8.546574 -151.3172 -21.69493 8.546574 -150.9936 24.99379 8.546574 -151.3172 49.67907 8.546574 -150.9936 -46.75905 8.546574 -150.9936 -21.37137 8.546574 -150.6148 24.61495 8.546574 -150.9936 50.00263 8.546574 -150.6148 -47.08262 8.546574 -150.6148 -21.11104 8.546574 -150.19 24.29138 8.546574 -150.6148 50.26295 8.546574 -150.19 -47.34294 8.546574 -150.19 -20.92038 8.546574 -149.7297 24.03106 8.546574 -150.19 50.45361 8.546574 -149.7297 -47.53359 8.546574 -149.7297 -20.80408 8.546574 -149.2452 23.84041 8.546574 -149.7297 50.56991 8.546574 -149.2452 -87.44 2.196574 -145.5736 -87.12728 8.546574 -149.547 90.36001 2.196574 -145.5736 90.36001 8.546574 -145.5736 -47.68899 2.196574 -148.7485 -47.6499 8.546574 -149.2452 -20.76499 2.196574 -148.7485 -20.76499 8.546574 -148.7485 23.68501 2.196574 -148.7485 23.7241 8.546574 -149.2452 50.609 8.546574 -148.7485 -47.68899 2.196574 -140.4078 -47.68899 8.546574 -148.7485 -20.76499 2.196574 -140.4078 -20.76499 8.546574 -140.4078 23.68501 2.196574 -140.4078 23.68501 8.546574 -148.7485 50.609 2.196574 -140.4078 50.609 8.546574 -140.4078 -14.41499 8.546574 -146.4435 -14.14638 8.546574 -146.4212 17.33501 8.546574 -146.4435 17.60362 8.546574 -146.4212 -14.6836 8.546574 -146.4212 -13.8851 8.546574 -146.3551 17.06641 8.546574 -146.4212 17.86491 8.546574 -146.3551 -14.94488 8.546574 -146.3551 -13.63827 8.546574 -146.2468 16.80512 8.546574 -146.3551 18.11173 8.546574 -146.2468 -15.19172 8.546574 -146.2468 -13.41262 8.546574 -146.0994 16.55829 8.546574 -146.2468 18.33738 8.546574 -146.0994 -15.41735 8.546574 -146.0994 -13.21433 8.546574 -145.9169 16.33265 8.546574 -146.0994 18.53567 8.546574 -145.9169 -15.61566 8.546574 -145.9169 -13.04878 8.546574 -145.7041 16.13434 8.546574 -145.9169 18.70122 8.546574 -145.7041 -15.78121 8.546574 -145.7041 -12.9205 8.546574 -145.4671 15.96879 8.546574 -145.7041 18.8295 8.546574 -145.4671 -87.44 2.196574 -140.4078 -87.44 8.546574 -140.4078 -87.44 8.546574 -145.5736 90.36001 2.196574 -140.4078 -15.90949 8.546574 -145.4671 -12.83298 8.546574 -145.2122 15.84051 8.546574 -145.4671 18.91702 8.546574 -145.2122 -15.99701 8.546574 -145.2122 -12.78861 8.546574 -144.9463 15.753 8.546574 -145.2122 18.96138 2.196574 -144.9463 18.96138 8.546574 -144.9463 -16.04137 8.546574 -144.9463 -16.04137 2.196574 -144.6768 -12.78861 2.196574 -144.6768 -12.78861 8.546574 -144.6768 15.70863 8.546574 -144.9463 15.70863 2.196574 -144.6768 18.96138 2.196574 -144.6768 18.96138 8.546574 -144.6768 -16.04137 8.546574 -144.6768 -15.99701 2.196574 -144.4109 -12.83298 2.196574 -144.4109 -12.83298 8.546574 -144.4109 15.70863 8.546574 -144.6768 15.753 2.196574 -144.4109 18.91702 2.196574 -144.4109 18.91702 8.546574 -144.4109 -15.99701 8.546574 -144.4109 -15.90949 2.196574 -144.156 -12.9205 2.196574 -144.156 -12.9205 8.546574 -144.156 15.753 8.546574 -144.4109 15.84051 2.196574 -144.156 18.8295 2.196574 -144.156 18.8295 8.546574 -144.156 -15.90949 8.546574 -144.156 -15.78121 2.196574 -143.919 -13.04878 2.196574 -143.919 -13.04878 8.546574 -143.919 15.84051 8.546574 -144.156 15.96879 2.196574 -143.919 18.70122 2.196574 -143.919 18.70122 8.546574 -143.919 -15.78121 8.546574 -143.919 -15.61566 2.196574 -143.7063 -13.21433 2.196574 -143.7063 -13.21433 8.546574 -143.7063 15.96879 8.546574 -143.919 16.13434 2.196574 -143.7063 18.53567 2.196574 -143.7063 18.53567 8.546574 -143.7063 -15.61566 8.546574 -143.7063 -15.41735 2.196574 -143.5237 -13.41262 2.196574 -143.5237 -13.41262 8.546574 -143.5237 16.13434 8.546574 -143.7063 16.33265 2.196574 -143.5237 18.33738 2.196574 -143.5237 18.33738 8.546574 -143.5237 -15.41735 8.546574 -143.5237 -15.19172 2.196574 -143.3763 -13.63827 2.196574 -143.3763 -13.63827 8.546574 -143.3763 16.33265 8.546574 -143.5237 16.55829 2.196574 -143.3763 18.11173 2.196574 -143.3763 18.11173 8.546574 -143.3763 -15.19172 8.546574 -143.3763 -14.94488 2.196574 -143.268 -13.8851 2.196574 -143.268 -13.8851 8.546574 -143.268 16.55829 8.546574 -143.3763 16.80512 2.196574 -143.268 17.86491 2.196574 -143.268 17.86491 8.546574 -143.268 -14.94488 8.546574 -143.268 -14.6836 2.196574 -143.2019 -14.14638 2.196574 -143.2019 -14.14638 8.546574 -143.2019 16.80512 8.546574 -143.268 17.06641 2.196574 -143.2019 17.60362 2.196574 -143.2019 17.60362 8.546574 -143.2019 -14.6836 8.546574 -143.2019 -14.41499 2.196574 -143.1796 -14.41499 8.546574 -143.1796 17.06641 8.546574 -143.2019 17.33501 2.196574 -143.1796 17.33501 8.546574 -143.1796 -77.71665 2.196574 -126.8023 -87.44 2.196574 -126.8023 -87.44 8.546574 -126.8023 -70.60686 2.196574 -126.8023 -56.28902 2.196574 -126.8023 -48.75632 2.196574 -126.8023 -47.68899 2.196574 -126.8023 -47.68899 8.546574 -140.4078 -19.10764 2.196574 -126.8023 -20.76499 2.196574 -126.8023 -20.76499 8.546574 -126.8023 -16.93246 2.196574 -126.8023 -11.19554 2.196574 -126.8023 -8.042765 2.196574 -126.8023 -3.981691 2.196574 -137.062 -4.640177 2.196574 -136.6318 -2.498872 2.196574 -137.5711 -3.261369 2.196574 -137.378 -5.218874 2.196574 -136.0991 -5.701998 2.196574 -135.4784 -6.076357 2.196574 -134.7866 -6.331758 2.196574 -134.0427 -6.461222 2.196574 -133.2668 -1.71499 2.196574 -137.636 -1.127306 2.196574 -137.636 10.89673 2.196574 -126.8023 15.1709 2.196574 -126.8023 21.23391 2.196574 -126.8023 23.68501 2.196574 -126.8023 23.68501 8.546574 -140.4078 51.06584 2.196574 -126.8023 50.609 2.196574 -126.8023 50.609 8.546574 -126.8023 53.47883 2.196574 -126.8023 66.56974 2.196574 -126.8023 74.62921 2.196574 -126.8023 79.49313 2.196574 -126.8023 90.36001 2.196574 -126.8023 90.36001 8.546574 -140.4078 -1.71499 8.546574 -137.636 -1.127306 8.546574 -137.636 3.863485 8.546574 -137.636 -2.498872 8.546574 -137.5711 -3.261369 8.546574 -137.378 -3.981691 8.546574 -137.062 -4.640177 8.546574 -136.6318 -5.218874 8.546574 -136.0991 -5.701998 8.546574 -135.4784 -6.076357 8.546574 -134.7866 -6.331758 8.546574 -134.0427 -6.461222 2.196574 -132.4803 -6.461222 8.546574 -133.2668 -6.331758 2.196574 -131.7044 -6.461222 8.546574 -132.4803 -6.076357 2.196574 -130.9605 -6.331758 8.546574 -131.7044 -5.701998 2.196574 -130.2687 -6.076357 8.546574 -130.9605 -5.218874 2.196574 -129.648 -5.701998 8.546574 -130.2687 -4.640177 2.196574 -129.1153 -5.218874 8.546574 -129.648 -3.981691 2.196574 -128.6851 -4.640177 8.546574 -129.1153 -3.261369 2.196574 -128.3691 -3.981691 8.546574 -128.6851 -2.498872 2.196574 -128.176 -1.127306 2.196574 -126.8023 -3.261369 8.546574 -128.3691 5.334112 2.196574 -126.8023 -2.498872 8.546574 -128.176 3.863485 2.196574 -128.111 3.863485 2.196574 -126.8023 -1.127306 8.546574 -128.111 3.863485 8.546574 -128.111 -77.71665 2.196574 -119.9037 -87.44 2.196574 -119.9037 -87.44 8.546574 -119.9037 -70.60686 2.196574 -119.9037 -62.30861 2.196574 -125.4713 -62.56988 2.196574 -125.4051 -62.81672 2.196574 -125.2968 -63.04236 2.196574 -125.1494 -63.24066 2.196574 -124.9668 -63.40621 2.196574 -124.7542 -63.53449 2.196574 -124.5171 -63.62201 2.196574 -124.2622 -63.66637 2.196574 -123.9963 -62.03999 2.196574 -125.4935 -61.03762 2.196574 -125.1494 -61.26327 2.196574 -125.2968 -61.5101 2.196574 -125.4051 -61.77138 2.196574 -125.4713 -60.45798 2.196574 -124.2622 -60.5455 2.196574 -124.5171 -56.28902 2.196574 -119.9037 -60.41361 2.196574 -123.7268 -60.41361 2.196574 -123.9963 -60.67378 2.196574 -124.7542 -60.83932 2.196574 -124.9668 -48.75632 2.196574 -119.9037 -47.68899 2.196574 -120.5546 -47.68899 8.546574 -126.8023 -20.76499 2.196574 -120.5546 -20.76499 8.546574 -120.5546 -19.10764 2.196574 -119.9037 -16.93246 2.196574 -119.9037 -11.19554 2.196574 -119.9037 -8.042765 2.196574 -119.9037 -1.127306 2.196574 -119.9037 3.863485 2.196574 -119.9037 5.334112 2.196574 -119.9037 10.89673 2.196574 -119.9037 15.1709 2.196574 -119.9037 21.23391 2.196574 -119.9037 23.68501 2.196574 -120.5546 23.68501 8.546574 -126.8023 50.609 2.196574 -120.5546 50.609 8.546574 -120.5546 51.06584 2.196574 -119.9037 53.47883 2.196574 -119.9037 64.69141 2.196574 -125.4713 64.43012 2.196574 -125.4051 64.18329 2.196574 -125.2968 63.95764 2.196574 -125.1494 63.75935 2.196574 -124.9668 63.59379 2.196574 -124.7542 63.46551 2.196574 -124.5171 63.378 2.196574 -124.2622 63.33363 2.196574 -123.9963 65.48992 2.196574 -125.4051 65.22863 2.196574 -125.4713 66.45452 2.196574 -124.5171 66.32624 2.196574 -124.7542 66.16068 2.196574 -124.9668 64.96002 2.196574 -125.4935 65.96237 2.196574 -125.1494 65.73674 2.196574 -125.2968 66.56974 2.196574 -124.0961 66.54203 2.196574 -124.2622 74.62921 2.196574 -119.9037 66.58638 2.196574 -123.7268 66.58638 2.196574 -123.9963 79.49313 2.196574 -119.9037 90.36001 2.196574 -119.9037 90.36001 8.546574 -126.8023 -62.03999 8.546574 -125.4935 -61.77138 8.546574 -125.4713 64.96002 8.546574 -125.4935 65.22863 8.546574 -125.4713 -62.30861 8.546574 -125.4713 -61.5101 8.546574 -125.4051 64.69141 8.546574 -125.4713 65.48992 8.546574 -125.4051 -62.56988 8.546574 -125.4051 -61.26327 8.546574 -125.2968 64.43012 8.546574 -125.4051 65.73674 8.546574 -125.2968 -62.81672 8.546574 -125.2968 -61.03762 8.546574 -125.1494 64.18329 8.546574 -125.2968 65.96237 8.546574 -125.1494 -63.04236 8.546574 -125.1494 -60.83932 8.546574 -124.9668 63.95764 8.546574 -125.1494 66.16068 8.546574 -124.9668 -63.24066 8.546574 -124.9668 -60.67378 8.546574 -124.7542 63.75935 8.546574 -124.9668 66.32624 8.546574 -124.7542 -63.40621 8.546574 -124.7542 -60.5455 8.546574 -124.5171 63.59379 8.546574 -124.7542 66.45452 8.546574 -124.5171 -63.53449 8.546574 -124.5171 -60.45798 8.546574 -124.2622 63.46551 8.546574 -124.5171 66.54203 8.546574 -124.2622 -63.62201 8.546574 -124.2622 -60.41361 8.546574 -123.9963 63.378 8.546574 -124.2622 66.56974 8.546574 -124.0961 66.58638 8.546574 -123.9963 -63.66637 8.546574 -123.9963 -63.66637 2.196574 -123.7268 -60.41361 8.546574 -123.7268 63.33363 8.546574 -123.9963 63.33363 2.196574 -123.7268 66.58638 8.546574 -123.7268 -63.66637 8.546574 -123.7268 -63.62201 2.196574 -123.4609 -60.45798 2.196574 -123.4609 -60.45798 8.546574 -123.4609 63.33363 8.546574 -123.7268 63.378 2.196574 -123.4609 66.56974 2.196574 -123.627 66.56974 8.546574 -123.627 66.56974 2.196574 -119.9037 66.54203 2.196574 -123.4609 66.54203 8.546574 -123.4609 -63.62201 8.546574 -123.4609 -63.53449 2.196574 -123.206 -60.5455 2.196574 -123.206 -60.5455 8.546574 -123.206 63.378 8.546574 -123.4609 63.46551 2.196574 -123.206 66.45452 2.196574 -123.206 66.45452 8.546574 -123.206 -63.53449 8.546574 -123.206 -63.40621 2.196574 -122.969 -60.67378 2.196574 -122.969 -60.67378 8.546574 -122.969 63.46551 8.546574 -123.206 63.59379 2.196574 -122.969 66.32624 2.196574 -122.969 66.32624 8.546574 -122.969 -63.40621 8.546574 -122.969 -63.24066 2.196574 -122.7563 -60.83932 2.196574 -122.7563 -60.83932 8.546574 -122.7563 63.59379 8.546574 -122.969 63.75935 2.196574 -122.7563 66.16068 2.196574 -122.7563 66.16068 8.546574 -122.7563 -63.24066 8.546574 -122.7563 -63.04236 2.196574 -122.5737 -61.03762 2.196574 -122.5737 -61.03762 8.546574 -122.5737 63.75935 8.546574 -122.7563 63.95764 2.196574 -122.5737 65.96237 2.196574 -122.5737 65.96237 8.546574 -122.5737 -63.04236 8.546574 -122.5737 -62.81672 2.196574 -122.4263 -61.26327 2.196574 -122.4263 -61.26327 8.546574 -122.4263 63.95764 8.546574 -122.5737 64.18329 2.196574 -122.4263 65.73674 2.196574 -122.4263 65.73674 8.546574 -122.4263 -62.81672 8.546574 -122.4263 -62.56988 2.196574 -122.318 -61.5101 2.196574 -122.318 -61.5101 8.546574 -122.318 64.18329 8.546574 -122.4263 64.43012 2.196574 -122.318 65.48992 2.196574 -122.318 65.48992 8.546574 -122.318 -62.56988 8.546574 -122.318 -62.30861 2.196574 -122.2519 -61.77138 2.196574 -122.2519 -61.77138 8.546574 -122.2519 64.43012 8.546574 -122.318 64.69141 2.196574 -122.2519 65.22863 2.196574 -122.2519 65.22863 8.546574 -122.2519 -62.30861 8.546574 -122.2519 -62.03999 2.196574 -122.2296 -62.03999 8.546574 -122.2296 64.69141 8.546574 -122.2519 64.96002 2.196574 -122.2296 64.96002 8.546574 -122.2296 -47.6499 2.196574 -120.0579 -47.68899 8.546574 -120.5546 -20.80408 2.196574 -120.0579 -20.80408 8.546574 -120.0579 23.7241 2.196574 -120.0579 23.68501 8.546574 -120.5546 50.56991 2.196574 -120.0579 50.56991 8.546574 -120.0579 -47.61289 2.196574 -119.9037 -47.6499 8.546574 -120.0579 -20.84109 2.196574 -119.9037 -20.84109 8.546574 -119.9037 23.76111 2.196574 -119.9037 23.7241 8.546574 -120.0579 50.53291 2.196574 -119.9037 50.53291 8.546574 -119.9037 -80.24767 2.196574 -116.38 -87.44 2.196574 -116.2356 -79.68381 2.196574 -117.2431 -79.87671 2.196574 -117.0655 -79.46431 2.196574 -117.3865 -80.03775 2.196574 -116.8586 -80.16254 2.196574 -116.628 -79.22421 2.196574 -117.4918 -87.44 8.546574 -116.2356 -78.70874 2.196574 -117.5778 -78.97004 2.196574 -117.5562 -56.28902 2.196574 -116.2356 -48.75632 2.196574 -116.2356 -47.53359 2.196574 -119.5734 -47.61289 8.546574 -119.9037 -20.92038 2.196574 -119.5734 -20.92038 8.546574 -119.5734 -19.10764 2.196574 -116.2356 -21.11104 2.196574 -119.1131 -16.93246 2.196574 -116.2356 -11.19554 2.196574 -116.2356 -8.042765 2.196574 -116.2356 -1.127306 2.196574 -116.2356 3.863485 2.196574 -116.2356 5.334112 2.196574 -116.2356 10.89673 2.196574 -116.2356 15.1709 2.196574 -116.2356 21.23391 2.196574 -116.2356 23.84041 2.196574 -119.5734 23.76111 8.546574 -119.9037 50.45361 2.196574 -119.5734 50.45361 8.546574 -119.5734 51.06584 2.196574 -116.2356 50.26295 2.196574 -119.1131 53.47883 2.196574 -116.2356 66.56974 2.196574 -116.2356 74.62921 2.196574 -116.2356 79.49313 2.196574 -116.2356 90.36001 2.196574 -116.2356 90.36001 8.546574 -119.9037 -47.34294 2.196574 -119.1131 -47.53359 8.546574 -119.5734 -21.11104 8.546574 -119.1131 24.03106 2.196574 -119.1131 23.84041 8.546574 -119.5734 50.26295 8.546574 -119.1131 -47.08262 2.196574 -118.6883 -47.34294 8.546574 -119.1131 -21.37137 2.196574 -118.6883 -21.37137 8.546574 -118.6883 24.29138 2.196574 -118.6883 24.03106 8.546574 -119.1131 50.00263 2.196574 -118.6883 50.00263 8.546574 -118.6883 -46.75905 2.196574 -118.3095 -47.08262 8.546574 -118.6883 -21.69493 2.196574 -118.3095 -21.69493 8.546574 -118.3095 24.61495 2.196574 -118.3095 24.29138 8.546574 -118.6883 49.67907 2.196574 -118.3095 49.67907 8.546574 -118.3095 -46.38021 2.196574 -117.9859 -46.75905 8.546574 -118.3095 -22.07377 2.196574 -117.9859 -22.07377 8.546574 -117.9859 24.99379 2.196574 -117.9859 24.61495 8.546574 -118.3095 49.30023 2.196574 -117.9859 49.30023 8.546574 -117.9859 -45.95541 2.196574 -117.7256 -46.38021 8.546574 -117.9859 -22.49857 2.196574 -117.7256 -22.49857 8.546574 -117.7256 25.41859 2.196574 -117.7256 24.99379 8.546574 -117.9859 48.87542 2.196574 -117.7256 48.87542 8.546574 -117.7256 -45.49512 2.196574 -117.535 -45.95541 8.546574 -117.7256 -22.95887 2.196574 -117.535 -22.95887 8.546574 -117.535 25.87888 2.196574 -117.535 25.41859 8.546574 -117.7256 48.41514 2.196574 -117.535 48.41514 8.546574 -117.535 -78.70874 8.546574 -117.5778 -77.71665 8.546574 -117.5778 -78.97004 8.546574 -117.5562 -45.01067 2.196574 -117.4187 -45.49512 8.546574 -117.535 -23.44331 2.196574 -117.4187 -23.44331 8.546574 -117.4187 26.36333 2.196574 -117.4187 25.87888 8.546574 -117.535 47.93069 2.196574 -117.4187 47.93069 8.546574 -117.4187 -79.22421 8.546574 -117.4918 -44.51399 2.196574 -117.3796 -45.01067 8.546574 -117.4187 -23.93999 2.196574 -117.3796 -23.93999 8.546574 -117.3796 26.86001 2.196574 -117.3796 26.36333 8.546574 -117.4187 47.43402 2.196574 -117.3796 47.43402 8.546574 -117.3796 -79.46431 8.546574 -117.3865 -37.45596 2.196574 -117.3796 -37.45596 2.196574 -116.2356 -44.51399 8.546574 -117.3796 -30.68651 2.196574 -117.3796 -30.68651 2.196574 -116.2356 -37.45596 8.546574 -117.3796 -30.68651 8.546574 -117.3796 33.98153 2.196574 -117.3796 33.98153 2.196574 -116.2356 26.86001 8.546574 -117.3796 40.37598 2.196574 -117.3796 40.37598 2.196574 -116.2356 33.98153 8.546574 -117.3796 40.37598 8.546574 -117.3796 -79.68381 8.546574 -117.2431 -79.87671 8.546574 -117.0655 -80.03775 8.546574 -116.8586 -80.16254 8.546574 -116.628 -80.27178 2.196574 -116.2356 -80.24767 8.546574 -116.38 -80.29082 2.196574 -115.8592 -87.44 2.196574 -112.0814 -80.29082 2.196574 -116.1214 -87.44 8.546574 -112.0814 -80.27178 8.546574 -116.2356 -56.28902 2.196574 -112.0814 -50.67823 2.196574 -115.0857 -50.95072 2.196574 -115.039 -51.21139 2.196574 -114.9469 -51.45275 2.196574 -114.812 -51.66785 2.196574 -114.6383 -51.8505 2.196574 -114.4308 -51.99546 2.196574 -114.1954 -52.09854 2.196574 -113.9389 -52.15679 2.196574 -113.6686 -49.08452 2.196574 -114.1954 -49.22948 2.196574 -114.4308 -48.98144 2.196574 -113.9389 -49.86859 2.196574 -114.9469 -50.12927 2.196574 -115.039 -50.40176 2.196574 -115.0857 -49.41213 2.196574 -114.6383 -49.62723 2.196574 -114.812 -48.75632 2.196574 -112.0814 -48.91146 2.196574 -113.3924 -48.92319 2.196574 -113.6686 -37.45596 2.196574 -112.0814 -30.68651 2.196574 -112.0814 -19.10764 2.196574 -112.0814 -16.93246 2.196574 -112.0814 -11.19554 2.196574 -112.0814 -8.042765 2.196574 -112.0814 -1.127306 2.196574 -112.0814 3.863485 2.196574 -112.0814 5.334112 2.196574 -112.0814 7.321775 2.196574 -115.0857 7.049284 2.196574 -115.039 6.78861 2.196574 -114.9469 6.547254 2.196574 -114.812 6.332151 2.196574 -114.6383 6.149496 2.196574 -114.4308 6.004545 2.196574 -114.1954 5.901456 2.196574 -113.9389 5.843214 2.196574 -113.6686 7.598242 2.196574 -115.0857 8.587874 2.196574 -114.6383 8.372771 2.196574 -114.812 8.131407 2.196574 -114.9469 7.870733 2.196574 -115.039 9.018561 2.196574 -113.9389 8.91548 2.196574 -114.1954 8.770529 2.196574 -114.4308 10.89673 2.196574 -112.0814 9.088545 2.196574 -113.3924 9.076811 2.196574 -113.6686 15.1709 2.196574 -112.0814 21.23391 2.196574 -112.0814 33.98153 2.196574 -112.0814 40.37598 2.196574 -112.0814 51.06584 2.196574 -112.0814 53.47883 2.196574 -112.0814 66.56974 2.196574 -112.0814 74.62921 2.196574 -112.0814 79.49313 2.196574 -112.0814 82.14605 2.196574 -114.5764 81.96 2.196574 -114.5919 81.77397 2.196574 -114.5764 81.593 2.196574 -114.5306 81.42204 2.196574 -114.4556 81.26576 2.196574 -114.3535 81.12841 2.196574 -114.2271 81.01376 2.196574 -114.0798 80.92491 2.196574 -113.9156 80.8643 2.196574 -113.739 82.79159 2.196574 -114.2271 82.65425 2.196574 -114.3535 82.49797 2.196574 -114.4556 82.32702 2.196574 -114.5306 83.05572 2.196574 -113.739 82.99511 2.196574 -113.9156 82.90626 2.196574 -114.0798 90.36001 2.196574 -112.0814 83.08645 2.196574 -113.3682 83.08645 2.196574 -113.5549 90.36001 8.546574 -116.2356 -80.29082 8.546574 -116.1214 -80.24767 2.196574 -115.6006 -80.29082 8.546574 -115.8592 -80.16254 2.196574 -115.3526 -80.24767 8.546574 -115.6006 -80.03775 2.196574 -115.122 -80.16254 8.546574 -115.3526 -79.87671 2.196574 -114.9151 -80.03775 8.546574 -115.122 -50.40176 8.546574 -115.0857 -50.67823 8.546574 -115.0857 -50.12927 8.546574 -115.039 7.598242 8.546574 -115.0857 7.321775 8.546574 -115.0857 7.870733 8.546574 -115.039 -50.95072 8.546574 -115.039 -49.86859 8.546574 -114.9469 7.049284 8.546574 -115.039 8.131407 8.546574 -114.9469 -51.21139 8.546574 -114.9469 -49.62723 8.546574 -114.812 6.78861 8.546574 -114.9469 8.372771 8.546574 -114.812 -79.68381 2.196574 -114.7375 -79.87671 8.546574 -114.9151 -51.45275 8.546574 -114.812 -49.41213 8.546574 -114.6383 6.547254 8.546574 -114.812 8.587874 8.546574 -114.6383 -79.46431 2.196574 -114.5941 -79.68381 8.546574 -114.7375 -51.66785 8.546574 -114.6383 -49.22948 8.546574 -114.4308 6.332151 8.546574 -114.6383 8.770529 8.546574 -114.4308 -77.71665 2.196574 -112.0814 -79.22421 2.196574 -114.4888 -79.46431 8.546574 -114.5941 -70.60686 2.196574 -112.0814 81.96 8.546574 -114.5919 82.14605 8.546574 -114.5764 81.77397 8.546574 -114.5764 82.32702 8.546574 -114.5306 81.593 8.546574 -114.5306 82.49797 8.546574 -114.4556 -78.97004 2.196574 -114.4245 -79.22421 8.546574 -114.4888 81.42204 8.546574 -114.4556 82.65425 8.546574 -114.3535 -51.8505 8.546574 -114.4308 -49.08452 8.546574 -114.1954 6.149496 8.546574 -114.4308 8.91548 8.546574 -114.1954 -78.97004 8.546574 -114.4245 -77.71665 8.546574 -114.4028 81.26576 8.546574 -114.3535 82.79159 8.546574 -114.2271 81.12841 8.546574 -114.2271 82.90626 8.546574 -114.0798 -51.99546 8.546574 -114.1954 -48.98144 8.546574 -113.9389 6.004545 8.546574 -114.1954 9.018561 8.546574 -113.9389 81.01376 8.546574 -114.0798 82.99511 8.546574 -113.9156 -52.09854 8.546574 -113.9389 -48.92319 8.546574 -113.6686 5.901456 8.546574 -113.9389 9.076811 8.546574 -113.6686 80.92491 8.546574 -113.9156 83.05572 8.546574 -113.739 80.8643 8.546574 -113.739 80.83357 2.196574 -113.5549 83.08645 8.546574 -113.5549 -52.16852 2.196574 -113.3924 -52.15679 8.546574 -113.6686 -48.91146 8.546574 -113.3924 5.83148 2.196574 -113.3924 5.843214 8.546574 -113.6686 9.088545 8.546574 -113.3924 80.83357 8.546574 -113.5549 80.83357 2.196574 -113.3682 83.08645 8.546574 -113.3682 -52.13341 2.196574 -113.1182 -52.16852 8.546574 -113.3924 -48.94658 2.196574 -113.1182 -48.94658 8.546574 -113.1182 5.866598 2.196574 -113.1182 5.83148 8.546574 -113.3924 9.053427 2.196574 -113.1182 9.053427 8.546574 -113.1182 80.83357 8.546574 -113.3682 80.8643 2.196574 -113.1841 83.05572 2.196574 -113.1841 83.05572 8.546574 -113.1841 80.8643 8.546574 -113.1841 80.92491 2.196574 -113.0075 82.99511 2.196574 -113.0075 82.99511 8.546574 -113.0075 -52.05245 2.196574 -112.8538 -52.13341 8.546574 -113.1182 -49.02753 2.196574 -112.8538 -49.02753 8.546574 -112.8538 5.947553 2.196574 -112.8538 5.866598 8.546574 -113.1182 8.972472 2.196574 -112.8538 8.972472 8.546574 -112.8538 80.92491 8.546574 -113.0075 81.01376 2.196574 -112.8433 82.90626 2.196574 -112.8433 82.90626 8.546574 -112.8433 -51.92798 2.196574 -112.6069 -52.05245 8.546574 -112.8538 -49.152 2.196574 -112.6069 -49.152 8.546574 -112.6069 6.072019 2.196574 -112.6069 5.947553 8.546574 -112.8538 8.848006 2.196574 -112.6069 8.848006 8.546574 -112.6069 81.01376 8.546574 -112.8433 81.12841 2.196574 -112.696 82.79159 2.196574 -112.696 82.79159 8.546574 -112.696 81.12841 8.546574 -112.696 81.26576 2.196574 -112.5696 82.65425 2.196574 -112.5696 82.65425 8.546574 -112.5696 -51.76359 2.196574 -112.3847 -51.92798 8.546574 -112.6069 -49.31639 2.196574 -112.3847 -49.31639 8.546574 -112.3847 6.236417 2.196574 -112.3847 6.072019 8.546574 -112.6069 8.683608 2.196574 -112.3847 8.683608 8.546574 -112.3847 81.26576 8.546574 -112.5696 81.42204 2.196574 -112.4675 82.49797 2.196574 -112.4675 82.49797 8.546574 -112.4675 81.42204 8.546574 -112.4675 81.593 2.196574 -112.3925 82.32702 2.196574 -112.3925 82.32702 8.546574 -112.3925 81.593 8.546574 -112.3925 81.77397 2.196574 -112.3467 82.14605 2.196574 -112.3467 82.14605 8.546574 -112.3467 -51.56399 2.196574 -112.1934 -51.76359 8.546574 -112.3847 -49.51599 2.196574 -112.1934 -49.51599 8.546574 -112.1934 6.43601 2.196574 -112.1934 6.236417 8.546574 -112.3847 8.484007 2.196574 -112.1934 8.484007 8.546574 -112.1934 81.77397 8.546574 -112.3467 81.96 2.196574 -112.3313 81.96 8.546574 -112.3313 -51.39835 2.196574 -112.0814 -51.56399 8.546574 -112.1934 -49.68163 2.196574 -112.0814 -49.68163 8.546574 -112.0814 6.601652 2.196574 -112.0814 6.43601 8.546574 -112.1934 8.318373 2.196574 -112.0814 8.318373 8.546574 -112.0814 -77.71665 2.196574 -110.7359 -87.44 2.196574 -110.7359 -87.44 8.546574 -110.7359 -70.60686 2.196574 -110.7359 -56.28902 2.196574 -110.7359 -51.33493 2.196574 -112.0385 -51.39835 8.546574 -112.0814 -49.74505 2.196574 -112.0385 -49.74505 8.546574 -112.0385 -48.75632 2.196574 -110.7359 -37.45596 2.196574 -110.7359 -30.68651 2.196574 -110.7359 -19.10764 2.196574 -110.7359 -16.93246 2.196574 -110.7359 -11.19554 2.196574 -110.7359 -8.042765 2.196574 -110.7359 -1.127306 2.196574 -110.7359 3.863485 2.196574 -110.7359 5.334112 2.196574 -110.7359 6.665067 2.196574 -112.0385 6.601652 8.546574 -112.0814 8.25495 2.196574 -112.0385 8.25495 8.546574 -112.0385 10.89673 2.196574 -110.7359 15.1709 2.196574 -110.7359 21.23391 2.196574 -110.7359 33.98153 2.196574 -110.7359 40.37598 2.196574 -110.7359 51.06584 2.196574 -110.7359 53.47883 2.196574 -110.7359 66.56974 2.196574 -110.7359 74.62921 2.196574 -110.7359 79.49313 2.196574 -110.7359 90.36001 2.196574 -110.7359 90.36001 8.546574 -112.0814 -51.08301 2.196574 -111.9247 -51.33493 8.546574 -112.0385 -49.99697 2.196574 -111.9247 -49.99697 8.546574 -111.9247 6.91699 2.196574 -111.9247 6.665067 8.546574 -112.0385 8.003027 2.196574 -111.9247 8.003027 8.546574 -111.9247 -50.81546 2.196574 -111.855 -51.08301 8.546574 -111.9247 -50.26452 2.196574 -111.855 -50.26452 8.546574 -111.855 7.184538 2.196574 -111.855 6.91699 8.546574 -111.9247 7.735479 2.196574 -111.855 7.735479 8.546574 -111.855 -50.53999 2.196574 -111.8315 -50.81546 8.546574 -111.855 -50.53999 8.546574 -111.8315 7.460012 2.196574 -111.8315 7.184538 8.546574 -111.855 7.460012 8.546574 -111.8315 -79.46431 2.196574 -109.449 -79.68381 2.196574 -109.3056 -79.87671 2.196574 -109.128 -80.03775 2.196574 -108.9211 -80.16254 2.196574 -108.6905 -80.24767 2.196574 -108.4425 -80.29082 2.196574 -108.1839 -87.44 2.196574 -105.4358 -78.97004 2.196574 -109.6187 -79.22421 2.196574 -109.5543 -87.44 8.546574 -105.4358 -78.70874 2.196574 -109.6403 -56.28902 2.196574 -105.4358 -48.75632 2.196574 -105.4358 -37.45596 2.196574 -105.4358 -30.68651 2.196574 -105.4358 -19.10764 2.196574 -105.4358 -16.93246 2.196574 -105.4358 -11.19554 2.196574 -105.4358 -8.042765 2.196574 -105.4358 -1.127306 2.196574 -105.4358 3.863485 2.196574 -105.4358 5.334112 2.196574 -105.4358 10.89673 2.196574 -105.4358 15.1709 2.196574 -105.4358 21.23391 2.196574 -105.4358 33.98153 2.196574 -105.4358 40.37598 2.196574 -105.4358 51.06584 2.196574 -105.4358 53.47883 2.196574 -105.4358 66.56974 2.196574 -105.4358 74.62921 2.196574 -105.4358 79.49313 2.196574 -105.4358 90.36001 2.196574 -105.4358 90.36001 8.546574 -110.7359 -78.70874 8.546574 -109.6403 -77.71665 8.546574 -109.6403 -78.97004 8.546574 -109.6187 -79.22421 8.546574 -109.5543 -79.46431 8.546574 -109.449 -79.68381 8.546574 -109.3056 -79.87671 8.546574 -109.128 -80.03775 8.546574 -108.9211 -80.16254 8.546574 -108.6905 -80.24767 8.546574 -108.4425 -80.29082 2.196574 -107.9217 -80.29082 8.546574 -108.1839 -80.24767 2.196574 -107.6631 -80.29082 8.546574 -107.9217 -80.16254 2.196574 -107.4151 -80.24767 8.546574 -107.6631 -80.03775 2.196574 -107.1845 -80.16254 8.546574 -107.4151 -79.87671 2.196574 -106.9776 -80.03775 8.546574 -107.1845 -79.68381 2.196574 -106.8 -79.87671 8.546574 -106.9776 -79.46431 2.196574 -106.6567 -79.68381 8.546574 -106.8 -79.22421 2.196574 -106.5513 -79.46431 8.546574 -106.6567 -70.60686 2.196574 -105.4358 -78.97004 2.196574 -106.487 -77.71665 2.196574 -105.4358 -79.22421 8.546574 -106.5513 -78.97004 8.546574 -106.487 -77.71665 8.546574 -106.4653 -77.71665 2.196574 -100.9857 -87.44 2.196574 -100.9857 -87.44 8.546574 -100.9857 -70.60686 2.196574 -100.9857 -56.28902 2.196574 -100.9857 -48.75632 2.196574 -100.9857 -37.45596 2.196574 -100.9857 -30.68651 2.196574 -100.9857 -19.10764 2.196574 -100.9857 -16.93246 2.196574 -100.9857 -11.19554 2.196574 -100.9857 -8.042765 2.196574 -100.9857 -1.127306 2.196574 -100.9857 3.863485 2.196574 -100.9857 5.334112 2.196574 -100.9857 10.89673 2.196574 -100.9857 15.1709 2.196574 -100.9857 21.23391 2.196574 -100.9857 33.98153 2.196574 -100.9857 40.37598 2.196574 -100.9857 51.06584 2.196574 -100.9857 53.47883 2.196574 -100.9857 66.56974 2.196574 -100.9857 74.62921 2.196574 -100.9857 79.49313 2.196574 -100.9857 90.36001 2.196574 -100.9857 90.36001 8.546574 -105.4358 -77.71665 2.196574 -83.86623 -87.44 2.196574 -83.86623 -87.44 8.546574 -83.86623 -70.60686 2.196574 -83.86623 -56.28902 2.196574 -83.86623 -48.75632 2.196574 -83.86623 -37.45596 2.196574 -83.86623 -30.68651 2.196574 -83.86623 -19.10764 2.196574 -83.86623 -16.93246 2.196574 -83.86623 -14.57878 2.196574 -97.5456 -14.82712 2.196574 -97.56515 -15.07547 2.196574 -97.5456 -16.2416 2.196574 -96.69837 -16.33693 2.196574 -96.46822 -15.31769 2.196574 -97.48745 -15.54783 2.196574 -97.39212 -15.76023 2.196574 -97.26197 -15.94966 2.196574 -97.10018 -16.11144 2.196574 -96.91075 -16.39508 2.196574 -96.22599 -16.41462 2.196574 -95.97766 -13.31733 2.196574 -96.46822 -13.41265 2.196574 -96.69837 -13.25917 2.196574 -96.22599 -13.54281 2.196574 -96.91075 -13.70459 2.196574 -97.10018 -13.89402 2.196574 -97.26197 -14.10641 2.196574 -97.39212 -14.33656 2.196574 -97.48745 -11.19554 2.196574 -83.86623 -13.23963 2.196574 -88.04015 -13.23963 2.196574 -95.97766 -8.042765 2.196574 -83.86623 -1.127306 2.196574 -83.86623 1.04788 2.196574 -97.56515 0.7995353 2.196574 -97.5456 0.1147665 2.196574 -97.26197 -0.074656 2.196574 -97.10018 0.5573096 2.196574 -97.48745 0.327169 2.196574 -97.39212 -0.2364373 2.196574 -96.91075 -0.3665948 2.196574 -96.69837 -0.4619241 2.196574 -96.46822 -0.5200753 2.196574 -96.22599 -0.5396218 2.196574 -95.97766 1.296217 2.196574 -97.5456 2.557676 2.196574 -96.46822 2.462347 2.196574 -96.69837 2.332189 2.196574 -96.91075 2.170408 2.196574 -97.10018 1.980985 2.196574 -97.26197 1.768591 2.196574 -97.39212 1.538442 2.196574 -97.48745 3.863485 2.196574 -83.86623 2.635374 2.196574 -95.97766 2.615835 2.196574 -96.22599 5.334112 2.196574 -83.86623 10.89673 2.196574 -83.86623 15.1709 2.196574 -83.86623 21.23391 2.196574 -83.86623 33.98153 2.196574 -83.86623 40.37598 2.196574 -83.86623 51.06584 2.196574 -83.86623 53.47883 2.196574 -83.86623 66.56974 2.196574 -83.86623 74.62921 2.196574 -83.86623 79.49313 2.196574 -83.86623 90.36001 2.196574 -83.86623 90.36001 8.546574 -100.9857 -14.57878 8.546574 -97.5456 -14.82712 8.546574 -97.56515 1.296217 8.546574 -97.5456 1.04788 8.546574 -97.56515 -15.07547 8.546574 -97.5456 -14.33656 8.546574 -97.48745 0.7995353 8.546574 -97.5456 1.538442 8.546574 -97.48745 -15.31769 8.546574 -97.48745 -14.10641 8.546574 -97.39212 0.5573096 8.546574 -97.48745 1.768591 8.546574 -97.39212 -15.54783 8.546574 -97.39212 -13.89402 8.546574 -97.26197 0.327169 8.546574 -97.39212 1.980985 8.546574 -97.26197 -15.76023 8.546574 -97.26197 -13.70459 8.546574 -97.10018 0.1147665 8.546574 -97.26197 2.170408 8.546574 -97.10018 -15.94966 8.546574 -97.10018 -13.54281 8.546574 -96.91075 -0.074656 8.546574 -97.10018 2.332189 8.546574 -96.91075 -16.11144 8.546574 -96.91075 -13.41265 8.546574 -96.69837 -0.2364373 8.546574 -96.91075 2.462347 8.546574 -96.69837 -16.2416 8.546574 -96.69837 -13.31733 8.546574 -96.46822 -0.3665948 8.546574 -96.69837 2.557676 8.546574 -96.46822 -16.33693 8.546574 -96.46822 -13.25917 8.546574 -96.22599 -0.4619241 8.546574 -96.46822 2.615835 8.546574 -96.22599 -16.39508 8.546574 -96.22599 -13.23963 8.546574 -95.97766 -0.5200753 8.546574 -96.22599 2.635374 8.546574 -95.97766 -16.41462 2.196574 -88.04015 -16.41462 8.546574 -95.97766 -16.41462 8.546574 -88.04015 -0.5396218 2.196574 -88.04015 -0.5396218 8.546574 -95.97766 -0.5396218 8.546574 -88.04015 2.635374 2.196574 -88.04015 -16.39297 2.196574 -87.77886 -13.26127 2.196574 -87.77886 -13.23963 8.546574 -88.04015 -13.26127 8.546574 -87.77886 -0.5179696 2.196574 -87.77886 2.613729 2.196574 -87.77886 2.635374 8.546574 -88.04015 2.613729 8.546574 -87.77886 -16.32861 2.196574 -87.52469 -16.39297 8.546574 -87.77886 -13.32564 2.196574 -87.52469 -13.32564 8.546574 -87.52469 -0.453608 2.196574 -87.52469 -0.5179696 8.546574 -87.77886 2.54936 2.196574 -87.52469 2.54936 8.546574 -87.52469 -16.22329 2.196574 -87.28459 -16.32861 8.546574 -87.52469 -13.43096 2.196574 -87.28459 -13.43096 8.546574 -87.28459 -0.3482843 2.196574 -87.28459 -0.453608 8.546574 -87.52469 2.444044 2.196574 -87.28459 2.444044 8.546574 -87.28459 -16.07988 2.196574 -87.06509 -16.22329 8.546574 -87.28459 -13.57437 2.196574 -87.06509 -13.57437 8.546574 -87.06509 -0.2048821 2.196574 -87.06509 -0.3482843 8.546574 -87.28459 2.300634 2.196574 -87.06509 2.300634 8.546574 -87.06509 -15.90231 2.196574 -86.87219 -16.07988 8.546574 -87.06509 -13.75194 2.196574 -86.87219 -13.75194 8.546574 -86.87219 -0.02730798 2.196574 -86.87219 -0.2048821 8.546574 -87.06509 2.12306 2.196574 -86.87219 2.12306 8.546574 -86.87219 -15.6954 2.196574 -86.71115 -15.90231 8.546574 -86.87219 -13.95884 2.196574 -86.71115 -13.95884 8.546574 -86.71115 0.1795935 2.196574 -86.71115 -0.02730798 8.546574 -86.87219 1.916158 2.196574 -86.71115 1.916158 8.546574 -86.71115 -15.46482 2.196574 -86.58636 -15.6954 8.546574 -86.71115 -14.18943 2.196574 -86.58636 -14.18943 8.546574 -86.58636 0.4101844 2.196574 -86.58636 0.1795935 8.546574 -86.71115 1.685567 2.196574 -86.58636 1.685567 8.546574 -86.58636 -15.21683 2.196574 -86.50123 -15.46482 8.546574 -86.58636 -14.43741 2.196574 -86.50123 -14.43741 8.546574 -86.50123 0.6581702 2.196574 -86.50123 0.4101844 8.546574 -86.58636 1.437582 2.196574 -86.50123 1.437582 8.546574 -86.50123 -14.95822 2.196574 -86.45808 -15.21683 8.546574 -86.50123 -14.69603 2.196574 -86.45808 -14.69603 8.546574 -86.45808 0.9167839 2.196574 -86.45808 0.6581702 8.546574 -86.50123 1.178976 2.196574 -86.45808 1.178976 8.546574 -86.45808 -14.95822 8.546574 -86.45808 0.9167839 8.546574 -86.45808 -87.44 2.196574 -68.72116 -87.44 8.546574 -68.72116 -77.71665 2.196574 -68.72116 -70.60686 2.196574 -68.72116 -56.28902 2.196574 -68.72116 -48.75632 2.196574 -68.72116 -37.45596 2.196574 -68.72116 -30.68651 2.196574 -68.72116 -19.10764 2.196574 -68.72116 -16.93246 2.196574 -68.72116 -11.19554 2.196574 -68.72116 -8.042765 2.196574 -68.72116 -1.127306 2.196574 -68.72116 3.863485 2.196574 -68.72116 5.334112 2.196574 -68.72116 10.89673 2.196574 -68.72116 15.1709 2.196574 -68.72116 21.23391 2.196574 -68.72116 32.37808 2.196574 -70.76972 32.13797 2.196574 -70.87505 31.8838 2.196574 -70.9394 32.95151 2.196574 -70.24184 32.79047 2.196574 -70.44874 32.59757 2.196574 -70.62631 33.98153 2.196574 -68.72116 33.16143 2.196574 -69.76326 33.0763 2.196574 -70.01125 40.37598 2.196574 -68.72116 51.06584 2.196574 -68.72116 53.47883 2.196574 -68.72116 65.47548 2.196574 -70.87505 65.22132 2.196574 -70.9394 66.41381 2.196574 -70.01125 66.28902 2.196574 -70.24184 66.12798 2.196574 -70.44874 66.56974 2.196574 -68.72116 66.5421 2.196574 -69.50466 66.49893 2.196574 -69.76326 65.93508 2.196574 -70.62631 65.71558 2.196574 -70.76972 74.62921 2.196574 -68.72116 79.49313 2.196574 -68.72116 90.36001 2.196574 -68.72116 90.36001 8.546574 -83.86623 -84.24545 2.196574 -71.50646 -84.1873 2.196574 -71.26424 -84.24545 8.546574 -71.50646 -84.09197 2.196574 -71.0341 -84.1873 8.546574 -71.26424 -83.96181 2.196574 -70.8217 -84.09197 8.546574 -71.0341 31.8838 8.546574 -70.9394 65.22132 8.546574 -70.9394 32.13797 8.546574 -70.87505 65.47548 8.546574 -70.87505 32.37808 8.546574 -70.76972 65.71558 8.546574 -70.76972 -83.80003 2.196574 -70.63227 -83.96181 8.546574 -70.8217 32.59757 8.546574 -70.62631 65.93508 8.546574 -70.62631 -83.61061 2.196574 -70.47049 -83.80003 8.546574 -70.63227 32.79047 8.546574 -70.44874 66.12798 8.546574 -70.44874 -83.3982 2.196574 -70.34033 -83.61061 8.546574 -70.47049 32.95151 8.546574 -70.24184 66.28902 8.546574 -70.24184 -83.16806 2.196574 -70.24501 -83.3982 8.546574 -70.34033 -82.92584 2.196574 -70.18685 -83.16806 8.546574 -70.24501 33.0763 8.546574 -70.01125 66.41381 8.546574 -70.01125 -82.92584 8.546574 -70.18685 33.16143 8.546574 -69.76326 66.49893 8.546574 -69.76326 33.20458 2.196574 -69.50466 33.20458 8.546574 -69.50466 66.5421 8.546574 -69.50466 33.20458 2.196574 -69.24246 33.20458 8.546574 -69.24246 66.5421 2.196574 -69.24246 66.5421 8.546574 -69.24246 33.16143 2.196574 -68.98385 33.16143 8.546574 -68.98385 66.49893 2.196574 -68.98385 66.49893 8.546574 -68.98385 33.0763 2.196574 -68.73587 33.0763 8.546574 -68.73587 66.41381 2.196574 -68.73587 66.41381 8.546574 -68.73587 33.06834 2.196574 -68.72116 33.06834 8.546574 -68.72116 66.40584 2.196574 -68.72116 66.40584 8.546574 -68.72116 -77.71665 2.196574 -61.43605 -87.44 2.196574 -61.43605 -87.44 8.546574 -61.43605 -70.60686 2.196574 -61.43605 -56.28902 2.196574 -61.43605 -48.75632 2.196574 -61.43605 -37.45596 2.196574 -61.43605 -30.68651 2.196574 -61.43605 -19.10764 2.196574 -61.43605 -16.93246 2.196574 -61.43605 -11.19554 2.196574 -61.43605 -8.042765 2.196574 -61.43605 -1.127306 2.196574 -61.43605 3.863485 2.196574 -61.43605 5.334112 2.196574 -61.43605 10.89673 2.196574 -61.43605 15.1709 2.196574 -61.43605 21.23391 2.196574 -61.43605 32.95151 2.196574 -68.50527 32.95151 8.546574 -68.50527 33.98153 2.196574 -61.43605 32.79047 2.196574 -68.29837 40.37598 2.196574 -61.43605 51.06584 2.196574 -61.43605 53.47883 2.196574 -61.43605 66.28902 2.196574 -68.50527 66.28902 8.546574 -68.50527 66.56974 2.196574 -61.43605 74.62921 2.196574 -61.43605 79.49313 2.196574 -61.43605 90.36001 2.196574 -61.43605 90.36001 8.546574 -68.72116 32.79047 8.546574 -68.29837 66.12798 2.196574 -68.29837 66.12798 8.546574 -68.29837 32.59757 2.196574 -68.1208 32.59757 8.546574 -68.1208 65.93508 2.196574 -68.1208 65.93508 8.546574 -68.1208 32.37808 2.196574 -67.9774 32.37808 8.546574 -67.9774 65.71558 2.196574 -67.9774 65.71558 8.546574 -67.9774 32.13797 2.196574 -67.87207 32.13797 8.546574 -67.87207 65.47548 2.196574 -67.87207 65.47548 8.546574 -67.87207 31.8838 2.196574 -67.80771 31.8838 8.546574 -67.80771 65.22132 2.196574 -67.80771 65.22132 8.546574 -67.80771 -77.71665 2.196574 -46.95686 -87.44 2.196574 -46.95686 -87.44 8.546574 -46.95686 -70.60686 2.196574 -46.95686 -56.28902 2.196574 -46.95686 -48.75632 2.196574 -46.95686 -37.45596 2.196574 -46.95686 -30.68651 2.196574 -46.95686 -19.10764 2.196574 -46.95686 -16.93246 2.196574 -46.95686 -14.57878 2.196574 -53.09561 -14.82712 2.196574 -53.11515 -15.07547 2.196574 -53.09561 -15.31769 2.196574 -53.03746 -15.54783 2.196574 -52.94213 -15.76023 2.196574 -52.81196 -15.94966 2.196574 -52.65018 -16.11144 2.196574 -52.46076 -16.2416 2.196574 -52.24836 -16.33693 2.196574 -52.01821 -16.39508 2.196574 -51.77599 -16.41462 2.196574 -51.52765 -13.41265 2.196574 -52.24836 -13.54281 2.196574 -52.46076 -13.70459 2.196574 -52.65018 -13.89402 2.196574 -52.81196 -14.10641 2.196574 -52.94213 -14.33656 2.196574 -53.03746 -11.19554 2.196574 -46.95686 -13.25917 2.196574 -51.77599 -13.31733 2.196574 -52.01821 -8.042765 2.196574 -46.95686 -1.127306 2.196574 -46.95686 1.04788 2.196574 -53.11515 0.7995353 2.196574 -53.09561 0.1147665 2.196574 -52.81196 -0.074656 2.196574 -52.65018 0.5573096 2.196574 -53.03746 0.327169 2.196574 -52.94213 -0.2364373 2.196574 -52.46076 -0.3665948 2.196574 -52.24836 -0.4619241 2.196574 -52.01821 -0.5200753 2.196574 -51.77599 -0.5396218 2.196574 -51.52765 1.296217 2.196574 -53.09561 2.170408 2.196574 -52.65018 1.980985 2.196574 -52.81196 2.557676 2.196574 -52.01821 2.462347 2.196574 -52.24836 2.332189 2.196574 -52.46076 1.768591 2.196574 -52.94213 1.538442 2.196574 -53.03746 3.863485 2.196574 -46.95686 2.635374 2.196574 -51.52765 2.615835 2.196574 -51.77599 5.334112 2.196574 -46.95686 10.89673 2.196574 -46.95686 15.1709 2.196574 -46.95686 21.23391 2.196574 -46.95686 32.37808 2.196574 -54.89472 32.13797 2.196574 -55.00004 31.8838 2.196574 -55.06441 33.0763 2.196574 -54.13625 32.95151 2.196574 -54.36684 32.79047 2.196574 -54.57374 32.59757 2.196574 -54.75132 33.98153 2.196574 -46.95686 33.20458 2.196574 -53.62965 33.16143 2.196574 -53.88826 40.37598 2.196574 -46.95686 51.06584 2.196574 -46.95686 53.47883 2.196574 -46.95686 65.47548 2.196574 -55.00004 65.22132 2.196574 -55.06441 66.41381 2.196574 -54.13625 66.28902 2.196574 -54.36684 66.12798 2.196574 -54.57374 66.56974 2.196574 -46.95686 66.5421 2.196574 -53.62965 66.49893 2.196574 -53.88826 65.93508 2.196574 -54.75132 65.71558 2.196574 -54.89472 74.62921 2.196574 -46.95686 79.49313 2.196574 -46.95686 90.36001 2.196574 -46.95686 90.36001 8.546574 -61.43605 31.8838 8.546574 -55.06441 65.22132 8.546574 -55.06441 32.13797 8.546574 -55.00004 65.47548 8.546574 -55.00004 32.37808 8.546574 -54.89472 65.71558 8.546574 -54.89472 32.59757 8.546574 -54.75132 65.93508 8.546574 -54.75132 32.79047 8.546574 -54.57374 66.12798 8.546574 -54.57374 32.95151 8.546574 -54.36684 66.28902 8.546574 -54.36684 33.0763 8.546574 -54.13625 66.41381 8.546574 -54.13625 33.16143 8.546574 -53.88826 66.49893 8.546574 -53.88826 33.20458 8.546574 -53.62965 66.5421 8.546574 -53.62965 33.20458 2.196574 -53.36746 33.20458 8.546574 -53.36746 66.5421 2.196574 -53.36746 66.5421 8.546574 -53.36746 33.16143 2.196574 -53.10884 33.16143 8.546574 -53.10884 66.49893 2.196574 -53.10884 66.49893 8.546574 -53.10884 -14.57878 8.546574 -53.09561 -14.82712 8.546574 -53.11515 1.296217 8.546574 -53.09561 1.04788 8.546574 -53.11515 33.0763 2.196574 -52.86087 33.0763 8.546574 -52.86087 66.41381 2.196574 -52.86087 66.41381 8.546574 -52.86087 -15.07547 8.546574 -53.09561 -14.33656 8.546574 -53.03746 0.7995353 8.546574 -53.09561 1.538442 8.546574 -53.03746 -15.31769 8.546574 -53.03746 -14.10641 8.546574 -52.94213 0.5573096 8.546574 -53.03746 1.768591 8.546574 -52.94213 -15.54783 8.546574 -52.94213 -13.89402 8.546574 -52.81196 0.327169 8.546574 -52.94213 1.980985 8.546574 -52.81196 32.95151 2.196574 -52.63028 32.95151 8.546574 -52.63028 66.28902 2.196574 -52.63028 66.28902 8.546574 -52.63028 -15.76023 8.546574 -52.81196 -13.70459 8.546574 -52.65018 0.1147665 8.546574 -52.81196 2.170408 8.546574 -52.65018 -15.94966 8.546574 -52.65018 -13.54281 8.546574 -52.46076 -0.074656 8.546574 -52.65018 2.332189 8.546574 -52.46076 32.79047 2.196574 -52.42337 32.79047 8.546574 -52.42337 66.12798 2.196574 -52.42337 66.12798 8.546574 -52.42337 -16.11144 8.546574 -52.46076 -13.41265 8.546574 -52.24836 -0.2364373 8.546574 -52.46076 2.462347 8.546574 -52.24836 32.59757 2.196574 -52.2458 32.59757 8.546574 -52.2458 65.93508 2.196574 -52.2458 65.93508 8.546574 -52.2458 -16.2416 8.546574 -52.24836 -13.31733 8.546574 -52.01821 -0.3665948 8.546574 -52.24836 2.557676 8.546574 -52.01821 32.37808 2.196574 -52.10239 32.37808 8.546574 -52.10239 65.71558 2.196574 -52.10239 65.71558 8.546574 -52.10239 32.13797 2.196574 -51.99707 32.13797 8.546574 -51.99707 65.47548 2.196574 -51.99707 65.47548 8.546574 -51.99707 -16.33693 8.546574 -52.01821 -13.25917 8.546574 -51.77599 -0.4619241 8.546574 -52.01821 2.615835 8.546574 -51.77599 31.8838 2.196574 -51.93271 31.8838 8.546574 -51.93271 65.22132 2.196574 -51.93271 65.22132 8.546574 -51.93271 -16.39508 8.546574 -51.77599 -13.23963 8.546574 -51.52765 -13.23963 2.196574 -51.52765 -0.5200753 8.546574 -51.77599 2.635374 8.546574 -51.52765 -16.41462 2.196574 -46.95686 -16.41462 8.546574 -51.52765 -13.23963 2.196574 -46.95686 -13.23963 8.546574 -46.95686 -0.5396218 2.196574 -46.95686 -0.5396218 8.546574 -51.52765 2.635374 2.196574 -46.95686 2.635374 8.546574 -46.95686 -77.71665 2.196574 -35.54711 -87.44 2.196574 -35.54711 -87.44 8.546574 -35.54711 -70.60686 2.196574 -35.54711 -56.28902 2.196574 -35.54711 -48.75632 2.196574 -35.54711 -37.45596 2.196574 -35.54711 -30.68651 2.196574 -35.54711 -19.10764 2.196574 -35.54711 -16.93246 2.196574 -35.54711 -16.41462 2.196574 -43.59015 -16.41462 8.546574 -46.95686 -13.23963 2.196574 -43.59015 -13.23963 8.546574 -43.59015 -11.19554 2.196574 -35.54711 -13.26127 2.196574 -43.32886 -8.042765 2.196574 -35.54711 -1.127306 2.196574 -35.54711 -0.5396218 2.196574 -43.59015 -0.5396218 8.546574 -46.95686 2.635374 2.196574 -43.59015 2.635374 8.546574 -43.59015 2.613729 2.196574 -43.32886 3.863485 2.196574 -35.54711 5.334112 2.196574 -35.54711 10.89673 2.196574 -35.54711 15.1709 2.196574 -35.54711 21.23391 2.196574 -35.54711 33.98153 2.196574 -35.54711 40.37598 2.196574 -35.54711 51.06584 2.196574 -35.54711 53.47883 2.196574 -35.54711 66.56974 2.196574 -35.54711 74.62921 2.196574 -35.54711 79.49313 2.196574 -35.54711 90.36001 2.196574 -35.54711 90.36001 8.546574 -46.95686 -16.39297 2.196574 -43.32886 -16.41462 8.546574 -43.59015 -13.26127 8.546574 -43.32886 -0.5179696 2.196574 -43.32886 -0.5396218 8.546574 -43.59015 2.613729 8.546574 -43.32886 -16.32861 2.196574 -43.07469 -16.39297 8.546574 -43.32886 -13.32564 2.196574 -43.07469 -13.32564 8.546574 -43.07469 -0.453608 2.196574 -43.07469 -0.5179696 8.546574 -43.32886 2.54936 2.196574 -43.07469 2.54936 8.546574 -43.07469 -16.22329 2.196574 -42.83458 -16.32861 8.546574 -43.07469 -13.43096 2.196574 -42.83458 -13.43096 8.546574 -42.83458 -0.3482843 2.196574 -42.83458 -0.453608 8.546574 -43.07469 2.444044 2.196574 -42.83458 2.444044 8.546574 -42.83458 -16.07988 2.196574 -42.61508 -16.22329 8.546574 -42.83458 -13.57437 2.196574 -42.61508 -13.57437 8.546574 -42.61508 -0.2048821 2.196574 -42.61508 -0.3482843 8.546574 -42.83458 2.300634 2.196574 -42.61508 2.300634 8.546574 -42.61508 -15.90231 2.196574 -42.4222 -16.07988 8.546574 -42.61508 -13.75194 2.196574 -42.4222 -13.75194 8.546574 -42.4222 -0.02730798 2.196574 -42.4222 -0.2048821 8.546574 -42.61508 2.12306 2.196574 -42.4222 2.12306 8.546574 -42.4222 -15.6954 2.196574 -42.26116 -15.90231 8.546574 -42.4222 -13.95884 2.196574 -42.26116 -13.95884 8.546574 -42.26116 0.1795935 2.196574 -42.26116 -0.02730798 8.546574 -42.4222 1.916158 2.196574 -42.26116 1.916158 8.546574 -42.26116 -15.46482 2.196574 -42.13636 -15.6954 8.546574 -42.26116 -14.18943 2.196574 -42.13636 -14.18943 8.546574 -42.13636 0.4101844 2.196574 -42.13636 0.1795935 8.546574 -42.26116 1.685567 2.196574 -42.13636 1.685567 8.546574 -42.13636 -15.21683 2.196574 -42.05123 -15.46482 8.546574 -42.13636 -14.43741 2.196574 -42.05123 -14.43741 8.546574 -42.05123 0.6581702 2.196574 -42.05123 0.4101844 8.546574 -42.13636 1.437582 2.196574 -42.05123 1.437582 8.546574 -42.05123 -14.95822 2.196574 -42.00807 -15.21683 8.546574 -42.05123 -14.69603 2.196574 -42.00807 -14.69603 8.546574 -42.00807 0.9167839 2.196574 -42.00807 0.6581702 8.546574 -42.05123 1.178976 2.196574 -42.00807 1.178976 8.546574 -42.00807 -14.95822 8.546574 -42.00807 0.9167839 8.546574 -42.00807 -77.71665 2.196574 -24.5838 -87.44 2.196574 -24.5838 -87.44 8.546574 -24.5838 -70.60686 2.196574 -24.5838 -56.28902 2.196574 -24.5838 -50.95072 2.196574 -29.03896 -51.21139 2.196574 -28.94685 -51.8505 2.196574 -28.4308 -51.99546 2.196574 -28.19539 -52.09854 2.196574 -27.93886 -51.45275 2.196574 -28.81203 -51.66785 2.196574 -28.63834 -50.67823 2.196574 -29.08568 -49.86859 2.196574 -28.94685 -50.12927 2.196574 -29.03896 -50.40176 2.196574 -29.08568 -49.08452 2.196574 -28.19539 -49.22948 2.196574 -28.4308 -48.98144 2.196574 -27.93886 -49.41213 2.196574 -28.63834 -49.62723 2.196574 -28.81203 -48.75632 2.196574 -24.5838 -48.91146 2.196574 -27.39238 -48.92319 2.196574 -27.6686 -37.45596 2.196574 -24.5838 -30.68651 2.196574 -24.5838 -19.10764 2.196574 -24.5838 -16.93246 2.196574 -24.5838 -11.19554 2.196574 -24.5838 -8.042765 2.196574 -24.5838 -1.127306 2.196574 -24.5838 3.863485 2.196574 -24.5838 5.334112 2.196574 -24.5838 7.049284 2.196574 -29.03896 6.78861 2.196574 -28.94685 7.321775 2.196574 -29.08568 6.149496 2.196574 -28.4308 6.004545 2.196574 -28.19539 6.547254 2.196574 -28.81203 6.332151 2.196574 -28.63834 5.901456 2.196574 -27.93886 5.843214 2.196574 -27.6686 7.598242 2.196574 -29.08568 8.372771 2.196574 -28.81203 8.131407 2.196574 -28.94685 7.870733 2.196574 -29.03896 8.91548 2.196574 -28.19539 8.770529 2.196574 -28.4308 8.587874 2.196574 -28.63834 10.89673 2.196574 -24.5838 9.076811 2.196574 -27.6686 9.018561 2.196574 -27.93886 15.1709 2.196574 -24.5838 21.23391 2.196574 -24.5838 32.95151 2.196574 -25.79184 32.79047 2.196574 -25.99873 32.59757 2.196574 -26.17632 32.37808 2.196574 -26.31972 32.13797 2.196574 -26.42503 31.8838 2.196574 -26.48941 33.98153 2.196574 -24.5838 33.16143 2.196574 -25.31326 33.0763 2.196574 -25.56125 40.37598 2.196574 -24.5838 51.06584 2.196574 -24.5838 53.47883 2.196574 -24.5838 66.41381 2.196574 -25.56125 66.28902 2.196574 -25.79184 66.12798 2.196574 -25.99873 65.93508 2.196574 -26.17632 65.71558 2.196574 -26.31972 65.47548 2.196574 -26.42503 65.22132 2.196574 -26.48941 66.56974 2.196574 -24.5838 66.5421 2.196574 -25.05466 66.49893 2.196574 -25.31326 74.62921 2.196574 -24.5838 79.49313 2.196574 -24.5838 90.36001 2.196574 -24.5838 90.36001 8.546574 -35.54711 -50.40176 8.546574 -29.08568 -50.67823 8.546574 -29.08568 -50.12927 8.546574 -29.03896 7.598242 8.546574 -29.08568 7.321775 8.546574 -29.08568 7.870733 8.546574 -29.03896 -50.95072 8.546574 -29.03896 -49.86859 8.546574 -28.94685 7.049284 8.546574 -29.03896 8.131407 8.546574 -28.94685 -51.21139 8.546574 -28.94685 -49.62723 8.546574 -28.81203 6.78861 8.546574 -28.94685 8.372771 8.546574 -28.81203 -51.45275 8.546574 -28.81203 -49.41213 8.546574 -28.63834 6.547254 8.546574 -28.81203 8.587874 8.546574 -28.63834 -51.66785 8.546574 -28.63834 -49.22948 8.546574 -28.4308 6.332151 8.546574 -28.63834 8.770529 8.546574 -28.4308 -51.8505 8.546574 -28.4308 -49.08452 8.546574 -28.19539 6.149496 8.546574 -28.4308 8.91548 8.546574 -28.19539 -51.99546 8.546574 -28.19539 -48.98144 8.546574 -27.93886 6.004545 8.546574 -28.19539 9.018561 8.546574 -27.93886 -52.15679 2.196574 -27.6686 -52.09854 8.546574 -27.93886 -48.92319 8.546574 -27.6686 5.901456 8.546574 -27.93886 9.076811 8.546574 -27.6686 -52.16852 2.196574 -27.39238 -52.15679 8.546574 -27.6686 -48.91146 8.546574 -27.39238 5.83148 2.196574 -27.39238 5.843214 8.546574 -27.6686 9.088545 2.196574 -27.39238 9.088545 8.546574 -27.39238 -52.13341 2.196574 -27.11815 -52.16852 8.546574 -27.39238 -48.94658 2.196574 -27.11815 -48.94658 8.546574 -27.11815 5.866598 2.196574 -27.11815 5.83148 8.546574 -27.39238 9.053427 2.196574 -27.11815 9.053427 8.546574 -27.11815 -52.05245 2.196574 -26.85381 -52.13341 8.546574 -27.11815 -49.02753 2.196574 -26.85381 -49.02753 8.546574 -26.85381 5.947553 2.196574 -26.85381 5.866598 8.546574 -27.11815 8.972472 2.196574 -26.85381 8.972472 8.546574 -26.85381 -51.92798 2.196574 -26.60693 -52.05245 8.546574 -26.85381 -49.152 2.196574 -26.60693 -49.152 8.546574 -26.60693 6.072019 2.196574 -26.60693 5.947553 8.546574 -26.85381 8.848006 2.196574 -26.60693 8.848006 8.546574 -26.60693 -51.76359 2.196574 -26.38466 -51.92798 8.546574 -26.60693 -49.31639 2.196574 -26.38466 -49.31639 8.546574 -26.38466 6.236417 2.196574 -26.38466 6.072019 8.546574 -26.60693 8.683608 2.196574 -26.38466 8.683608 8.546574 -26.38466 31.8838 8.546574 -26.48941 65.22132 8.546574 -26.48941 32.13797 8.546574 -26.42503 65.47548 8.546574 -26.42503 32.37808 8.546574 -26.31972 65.71558 8.546574 -26.31972 -51.56399 2.196574 -26.19336 -51.76359 8.546574 -26.38466 -49.51599 2.196574 -26.19336 -49.51599 8.546574 -26.19336 6.43601 2.196574 -26.19336 6.236417 8.546574 -26.38466 8.484007 2.196574 -26.19336 8.484007 8.546574 -26.19336 32.59757 8.546574 -26.17632 65.93508 8.546574 -26.17632 -51.33493 2.196574 -26.03854 -51.56399 8.546574 -26.19336 -49.74505 2.196574 -26.03854 -49.74505 8.546574 -26.03854 6.665067 2.196574 -26.03854 6.43601 8.546574 -26.19336 8.25495 2.196574 -26.03854 8.25495 8.546574 -26.03854 32.79047 8.546574 -25.99873 66.12798 8.546574 -25.99873 -51.08301 2.196574 -25.92467 -51.33493 8.546574 -26.03854 -49.99697 2.196574 -25.92467 -49.99697 8.546574 -25.92467 6.91699 2.196574 -25.92467 6.665067 8.546574 -26.03854 8.003027 2.196574 -25.92467 8.003027 8.546574 -25.92467 32.95151 8.546574 -25.79184 66.28902 8.546574 -25.79184 -50.81546 2.196574 -25.855 -51.08301 8.546574 -25.92467 -50.26452 2.196574 -25.855 -50.26452 8.546574 -25.855 7.184538 2.196574 -25.855 6.91699 8.546574 -25.92467 7.735479 2.196574 -25.855 7.735479 8.546574 -25.855 -50.53999 2.196574 -25.83156 -50.81546 8.546574 -25.855 -50.53999 8.546574 -25.83156 7.460012 2.196574 -25.83156 7.184538 8.546574 -25.855 7.460012 8.546574 -25.83156 33.0763 8.546574 -25.56125 66.41381 8.546574 -25.56125 33.16143 8.546574 -25.31326 66.49893 8.546574 -25.31326 33.20458 2.196574 -25.05466 33.20458 8.546574 -25.05466 66.5421 8.546574 -25.05466 33.20458 2.196574 -24.79247 33.20458 8.546574 -24.79247 66.5421 2.196574 -24.79247 66.5421 8.546574 -24.79247 33.16976 2.196574 -24.5838 33.16976 8.546574 -24.5838 66.50727 2.196574 -24.5838 66.50727 8.546574 -24.5838 -77.71665 2.196574 -16.0006 -87.44 2.196574 -16.0006 -87.44 8.546574 -16.0006 -70.60686 2.196574 -16.0006 -56.28902 2.196574 -16.0006 -48.75632 2.196574 -16.0006 -37.45596 2.196574 -16.0006 -30.68651 2.196574 -16.0006 -19.10764 2.196574 -16.0006 -16.93246 2.196574 -16.0006 -11.19554 2.196574 -16.0006 -8.042765 2.196574 -16.0006 -1.127306 2.196574 -16.0006 3.863485 2.196574 -16.0006 5.334112 2.196574 -16.0006 10.89673 2.196574 -16.0006 15.1709 2.196574 -16.0006 21.23391 2.196574 -16.0006 33.16143 2.196574 -24.53384 33.16143 8.546574 -24.53384 33.98153 2.196574 -16.0006 32.95151 2.196574 -24.05527 33.0763 2.196574 -24.28586 40.37598 2.196574 -16.0006 51.06584 2.196574 -16.0006 53.47883 2.196574 -16.0006 66.49893 2.196574 -24.53384 66.49893 8.546574 -24.53384 66.56974 2.196574 -16.0006 66.41381 2.196574 -24.28586 74.62921 2.196574 -16.0006 79.49313 2.196574 -16.0006 90.36001 2.196574 -16.0006 90.36001 8.546574 -24.5838 33.0763 8.546574 -24.28586 66.41381 8.546574 -24.28586 32.95151 8.546574 -24.05527 66.28902 2.196574 -24.05527 66.28902 8.546574 -24.05527 32.79047 2.196574 -23.84837 32.79047 8.546574 -23.84837 66.12798 2.196574 -23.84837 66.12798 8.546574 -23.84837 32.59757 2.196574 -23.67079 32.59757 8.546574 -23.67079 65.93508 2.196574 -23.67079 65.93508 8.546574 -23.67079 32.37808 2.196574 -23.52739 32.37808 8.546574 -23.52739 65.71558 2.196574 -23.52739 65.71558 8.546574 -23.52739 32.13797 2.196574 -23.42207 32.13797 8.546574 -23.42207 65.47548 2.196574 -23.42207 65.47548 8.546574 -23.42207 31.8838 2.196574 -23.35771 31.8838 8.546574 -23.35771 65.22132 2.196574 -23.35771 65.22132 8.546574 -23.35771 -77.71665 2.196574 -6.865999 -87.44 2.196574 -6.865999 -87.44 8.546574 -6.865999 -70.60686 2.196574 -6.865999 -56.28902 2.196574 -6.865999 -48.75632 2.196574 -6.865999 -37.45596 2.196574 -6.865999 -30.68651 2.196574 -6.865999 -19.10764 2.196574 -6.865999 -16.93246 2.196574 -6.865999 -15.54783 2.196574 -8.492129 -15.76023 2.196574 -8.361971 -15.94966 2.196574 -8.200182 -16.11144 2.196574 -8.01076 -16.2416 2.196574 -7.798357 -16.33693 2.196574 -7.568224 -14.82712 2.196574 -8.665148 -15.07547 2.196574 -8.645602 -15.31769 2.196574 -8.58745 -14.57878 2.196574 -8.645602 -13.41265 2.196574 -7.798357 -13.54281 2.196574 -8.01076 -13.70459 2.196574 -8.200182 -13.89402 2.196574 -8.361971 -13.31733 2.196574 -7.568224 -11.19554 2.196574 -6.865999 -14.10641 2.196574 -8.492129 -14.33656 2.196574 -8.58745 -8.042765 2.196574 -6.865999 -1.127306 2.196574 -6.865999 0.7995353 2.196574 -8.645602 0.5573096 2.196574 -8.58745 1.04788 2.196574 -8.665148 0.327169 2.196574 -8.492129 0.1147665 2.196574 -8.361971 -0.074656 2.196574 -8.200182 -0.2364373 2.196574 -8.01076 -0.3665948 2.196574 -7.798357 1.296217 2.196574 -8.645602 1.768591 2.196574 -8.492129 1.538442 2.196574 -8.58745 2.332189 2.196574 -8.01076 2.170408 2.196574 -8.200182 1.980985 2.196574 -8.361971 3.863485 2.196574 -6.865999 2.557676 2.196574 -7.568224 2.462347 2.196574 -7.798357 5.334112 2.196574 -6.865999 10.89673 2.196574 -6.865999 15.1709 2.196574 -6.865999 21.23391 2.196574 -6.865999 33.98153 2.196574 -6.865999 40.37598 2.196574 -6.865999 51.06584 2.196574 -6.865999 53.47883 2.196574 -6.865999 66.56974 2.196574 -6.865999 74.62921 2.196574 -6.865999 79.49313 2.196574 -6.865999 90.36001 2.196574 -6.865999 90.36001 8.546574 -16.0006 -14.57878 8.546574 -8.645602 -14.82712 8.546574 -8.665148 1.296217 8.546574 -8.645602 1.04788 8.546574 -8.665148 -15.07547 8.546574 -8.645602 -14.33656 8.546574 -8.58745 0.7995353 8.546574 -8.645602 1.538442 8.546574 -8.58745 -15.31769 8.546574 -8.58745 -14.10641 8.546574 -8.492129 0.5573096 8.546574 -8.58745 1.768591 8.546574 -8.492129 -15.54783 8.546574 -8.492129 -13.89402 8.546574 -8.361971 0.327169 8.546574 -8.492129 1.980985 8.546574 -8.361971 -15.76023 8.546574 -8.361971 -13.70459 8.546574 -8.200182 0.1147665 8.546574 -8.361971 2.170408 8.546574 -8.200182 -15.94966 8.546574 -8.200182 -13.54281 8.546574 -8.01076 -0.074656 8.546574 -8.200182 2.332189 8.546574 -8.01076 -16.11144 8.546574 -8.01076 -13.41265 8.546574 -7.798357 -0.2364373 8.546574 -8.01076 2.462347 8.546574 -7.798357 -16.2416 8.546574 -7.798357 -13.31733 8.546574 -7.568224 -0.4619241 2.196574 -7.568224 -0.3665948 8.546574 -7.798357 2.557676 8.546574 -7.568224 -16.39508 2.196574 -7.325991 -16.33693 8.546574 -7.568224 -13.25917 8.546574 -7.325991 -13.25917 2.196574 -7.325991 -0.5200753 2.196574 -7.325991 -0.4619241 8.546574 -7.568224 2.615835 8.546574 -7.325991 2.615835 2.196574 -7.325991 -16.41462 2.196574 -7.077654 -16.39508 8.546574 -7.325991 -13.23963 8.546574 -7.077654 -13.23963 2.196574 -7.077654 -0.5396218 2.196574 -7.077654 -0.5200753 8.546574 -7.325991 2.635374 8.546574 -7.077654 2.635374 2.196574 -7.077654 -16.41462 2.196574 -6.865999 -16.41462 8.546574 -7.077654 -13.23963 2.196574 -6.865999 -13.23963 8.546574 -6.865999 -0.5396218 2.196574 -6.865999 -0.5396218 8.546574 -7.077654 2.635374 2.196574 -6.865999 2.635374 8.546574 -6.865999 -77.71665 2.196574 -0.1794608 -87.44 2.196574 -0.1794608 -87.44 8.546574 -0.1794608 -70.60686 2.196574 -0.1794608 -56.28902 2.196574 -0.1794608 -48.75632 2.196574 -0.1794608 -37.45596 2.196574 -0.1794608 -30.68651 2.196574 -0.1794608 -19.10764 2.196574 -0.1794608 -16.93246 2.196574 -0.1794608 -16.41462 2.196574 -0.1794608 -16.41462 8.546574 -6.865999 -11.19554 2.196574 -0.1794608 -13.23963 2.196574 -0.1794608 -13.23963 8.546574 -0.1794608 -8.042765 2.196574 -0.1794608 -1.127306 2.196574 -0.1794608 -0.5396218 2.196574 -0.1794608 -0.5396218 8.546574 -6.865999 3.863485 2.196574 -0.1794608 2.635374 2.196574 -0.1794608 2.635374 8.546574 -0.1794608 5.334112 2.196574 -0.1794608 10.89673 2.196574 -0.1794608 15.1709 2.196574 -0.1794608 21.23391 2.196574 -0.1794608 33.98153 2.196574 -0.1794608 40.37598 2.196574 -0.1794608 51.06584 2.196574 -0.1794608 53.47883 2.196574 -0.1794608 66.56974 2.196574 -0.1794608 74.62921 2.196574 -0.1794608 79.49313 2.196574 -0.1794608 90.36001 2.196574 -0.1794608 90.36001 8.546574 -6.865999 -77.71665 2.196574 24.8353 -87.44 2.196574 24.8353 -87.44 8.546574 24.8353 -70.60686 2.196574 24.8353 -56.28902 2.196574 24.8353 -48.75632 2.196574 24.8353 -37.45596 2.196574 24.8353 -30.68651 2.196574 24.8353 -19.10764 2.196574 24.8353 -16.93246 2.196574 24.8353 -16.39297 2.196574 1.121137 -16.41462 2.196574 0.8598458 -16.41462 8.546574 -0.1794608 -13.23963 2.196574 0.8598458 -13.23963 8.546574 0.8598458 -11.19554 2.196574 24.8353 -13.43096 2.196574 1.615415 -13.32564 2.196574 1.375303 -13.26127 2.196574 1.121137 -8.042765 2.196574 24.8353 -1.127306 2.196574 24.8353 -0.5179696 2.196574 1.121137 -0.5396218 2.196574 0.8598458 -0.5396218 8.546574 -0.1794608 2.635374 2.196574 0.8598458 2.635374 8.546574 0.8598458 3.863485 2.196574 24.8353 2.54936 2.196574 1.375303 2.613729 2.196574 1.121137 5.334112 2.196574 24.8353 10.89673 2.196574 24.8353 15.1709 2.196574 24.8353 21.23391 2.196574 24.8353 33.98153 2.196574 24.8353 40.37598 2.196574 24.8353 51.06584 2.196574 24.8353 53.47883 2.196574 24.8353 66.56974 2.196574 24.8353 79.49313 2.196574 24.8353 90.36001 2.196574 24.8353 90.36001 8.546574 -0.1794608 -16.41462 8.546574 0.8598458 -13.26127 8.546574 1.121137 -0.5396218 8.546574 0.8598458 2.613729 8.546574 1.121137 -16.32861 2.196574 1.375303 -16.39297 8.546574 1.121137 -13.32564 8.546574 1.375303 -0.453608 2.196574 1.375303 -0.5179696 8.546574 1.121137 2.54936 8.546574 1.375303 -16.22329 2.196574 1.615415 -16.32861 8.546574 1.375303 -13.43096 8.546574 1.615415 -0.3482843 2.196574 1.615415 -0.453608 8.546574 1.375303 2.444044 2.196574 1.615415 2.444044 8.546574 1.615415 -16.07988 2.196574 1.834913 -16.22329 8.546574 1.615415 -13.57437 2.196574 1.834913 -13.57437 8.546574 1.834913 -0.2048821 2.196574 1.834913 -0.3482843 8.546574 1.615415 2.300634 2.196574 1.834913 2.300634 8.546574 1.834913 -15.90231 2.196574 2.027815 -16.07988 8.546574 1.834913 -13.75194 2.196574 2.027815 -13.75194 8.546574 2.027815 -0.02730798 2.196574 2.027815 -0.2048821 8.546574 1.834913 2.12306 2.196574 2.027815 2.12306 8.546574 2.027815 -15.6954 2.196574 2.188856 -15.90231 8.546574 2.027815 -13.95884 2.196574 2.188856 -13.95884 8.546574 2.188856 0.1795935 2.196574 2.188856 -0.02730798 8.546574 2.027815 1.916158 2.196574 2.188856 1.916158 8.546574 2.188856 -15.46482 2.196574 2.313642 -15.6954 8.546574 2.188856 -14.18943 2.196574 2.313642 -14.18943 8.546574 2.313642 0.4101844 2.196574 2.313642 0.1795935 8.546574 2.188856 1.685567 2.196574 2.313642 1.685567 8.546574 2.313642 -15.21683 2.196574 2.398771 -15.46482 8.546574 2.313642 -14.43741 2.196574 2.398771 -14.43741 8.546574 2.398771 0.6581702 2.196574 2.398771 0.4101844 8.546574 2.313642 1.437582 2.196574 2.398771 1.437582 8.546574 2.398771 -14.95822 2.196574 2.441923 -15.21683 8.546574 2.398771 -14.69603 2.196574 2.441923 -14.69603 8.546574 2.441923 0.9167839 2.196574 2.441923 0.6581702 8.546574 2.398771 1.178976 2.196574 2.441923 1.178976 8.546574 2.441923 -14.95822 8.546574 2.441923 0.9167839 8.546574 2.441923 74.62921 2.196574 24.8353 -77.71665 2.196574 32.38187 -87.44 2.196574 32.38187 -87.44 8.546574 32.38187 -70.60686 2.196574 32.38187 -56.28902 2.196574 32.38187 -48.75632 2.196574 32.38187 -37.45596 2.196574 32.38187 -30.68651 2.196574 32.38187 -19.10764 2.196574 32.38187 -16.93246 2.196574 32.38187 -11.19554 2.196574 32.38187 -8.042765 2.196574 32.38187 -1.127306 2.196574 32.38187 3.863485 2.196574 32.38187 5.334112 2.196574 32.38187 10.89673 2.196574 32.38187 15.1709 2.196574 32.38187 21.23391 2.196574 32.38187 33.98153 2.196574 32.38187 40.37598 2.196574 32.38187 51.06584 2.196574 32.38187 53.47883 2.196574 32.38187 66.56974 2.196574 32.38187 74.62921 2.196574 32.38187 79.49313 2.196574 32.38187 90.36001 2.196574 32.38187 90.36001 8.546574 24.8353 -77.71665 2.196574 35.5643 -87.44 2.196574 35.5643 -87.44 8.546574 35.5643 -70.60686 2.196574 35.5643 -56.28902 2.196574 35.5643 -48.75632 2.196574 35.5643 -37.45596 2.196574 35.5643 -30.68651 2.196574 35.5643 -19.10764 2.196574 35.5643 -16.93246 2.196574 35.5643 -11.19554 2.196574 35.5643 -8.042765 2.196574 35.5643 -1.127306 2.196574 35.5643 3.863485 2.196574 35.5643 5.334112 2.196574 35.5643 10.89673 2.196574 35.5643 15.1709 2.196574 35.5643 21.23391 2.196574 35.5643 33.98153 2.196574 35.5643 40.37598 2.196574 35.5643 51.06584 2.196574 35.5643 53.47883 2.196574 35.5643 66.56974 2.196574 35.5643 74.62921 2.196574 35.5643 79.49313 2.196574 35.5643 90.36001 2.196574 35.5643 90.36001 8.546574 32.38187 -77.71665 2.196574 42.28312 -87.44 2.196574 42.28312 -87.44 8.546574 42.28312 -70.60686 2.196574 42.28312 -56.28902 2.196574 42.28312 -48.75632 2.196574 42.28312 -37.45596 2.196574 42.28312 -30.68651 2.196574 42.28312 -19.10764 2.196574 42.28312 -16.93246 2.196574 42.28312 -15.07547 2.196574 35.80439 -15.31769 2.196574 35.86254 -15.54783 2.196574 35.95787 -15.76023 2.196574 36.08804 -16.2416 2.196574 36.65164 -16.33693 2.196574 36.88179 -15.94966 2.196574 36.24981 -16.11144 2.196574 36.43923 -16.39508 2.196574 37.124 -16.41462 2.196574 37.37234 -14.82712 2.196574 35.78485 -13.25917 2.196574 37.124 -13.31733 2.196574 36.88179 -13.41265 2.196574 36.65164 -13.54281 2.196574 36.43923 -13.70459 2.196574 36.24981 -13.89402 2.196574 36.08804 -14.10641 2.196574 35.95787 -14.33656 2.196574 35.86254 -14.57878 2.196574 35.80439 -11.19554 2.196574 42.28312 -13.23963 2.196574 42.28312 -13.23963 2.196574 37.37234 -8.042765 2.196574 42.28312 -1.127306 2.196574 42.28312 0.7995353 2.196574 35.80439 0.5573096 2.196574 35.86254 0.327169 2.196574 35.95787 0.1147665 2.196574 36.08804 -0.074656 2.196574 36.24981 -0.2364373 2.196574 36.43923 -0.3665948 2.196574 36.65164 -0.4619241 2.196574 36.88179 -0.5200753 2.196574 37.124 -0.5396218 2.196574 37.37234 1.04788 2.196574 35.78485 1.768591 2.196574 35.95787 1.538442 2.196574 35.86254 1.296217 2.196574 35.80439 2.615835 2.196574 37.124 2.557676 2.196574 36.88179 2.462347 2.196574 36.65164 2.332189 2.196574 36.43923 2.170408 2.196574 36.24981 1.980985 2.196574 36.08804 3.863485 2.196574 42.28312 2.635374 2.196574 42.28312 2.635374 2.196574 37.37234 5.334112 2.196574 42.28312 10.89673 2.196574 42.28312 15.1709 2.196574 42.28312 21.23391 2.196574 42.28312 33.98153 2.196574 42.28312 40.37598 2.196574 42.28312 51.06584 2.196574 42.28312 53.47883 2.196574 42.28312 66.56974 2.196574 42.28312 79.49313 2.196574 42.28312 90.36001 2.196574 42.28312 90.36001 8.546574 35.5643 -14.57878 8.546574 35.80439 -14.82712 8.546574 35.78485 1.296217 8.546574 35.80439 1.04788 8.546574 35.78485 -15.07547 8.546574 35.80439 -14.33656 8.546574 35.86254 0.7995353 8.546574 35.80439 1.538442 8.546574 35.86254 -15.31769 8.546574 35.86254 -14.10641 8.546574 35.95787 0.5573096 8.546574 35.86254 1.768591 8.546574 35.95787 -15.54783 8.546574 35.95787 -13.89402 8.546574 36.08804 0.327169 8.546574 35.95787 1.980985 8.546574 36.08804 -15.76023 8.546574 36.08804 -13.70459 8.546574 36.24981 0.1147665 8.546574 36.08804 2.170408 8.546574 36.24981 -15.94966 8.546574 36.24981 -13.54281 8.546574 36.43923 -0.074656 8.546574 36.24981 2.332189 8.546574 36.43923 -16.11144 8.546574 36.43923 -13.41265 8.546574 36.65164 -0.2364373 8.546574 36.43923 2.462347 8.546574 36.65164 -16.2416 8.546574 36.65164 -13.31733 8.546574 36.88179 -0.3665948 8.546574 36.65164 2.557676 8.546574 36.88179 -16.33693 8.546574 36.88179 -13.25917 8.546574 37.124 -0.4619241 8.546574 36.88179 2.615835 8.546574 37.124 -16.39508 8.546574 37.124 -13.23963 8.546574 37.37234 -0.5200753 8.546574 37.124 2.635374 8.546574 37.37234 -16.41462 2.196574 42.28312 -16.41462 8.546574 37.37234 -13.23963 8.546574 42.28312 -0.5396218 2.196574 42.28312 -0.5396218 8.546574 37.37234 2.635374 8.546574 42.28312 74.62921 2.196574 42.28312 -87.44 2.196574 43.60293 -87.44 8.546574 43.60293 -87.28364 2.196574 45.58964 -77.71665 2.196574 45.78305 -74.23425 2.196574 42.64648 -74.37159 2.196574 42.77291 -74.07796 2.196574 42.54437 -74.48625 2.196574 42.92022 -74.57509 2.196574 43.08441 -74.63571 2.196574 43.26097 -73.54 2.196574 42.40814 -73.72604 2.196574 42.42355 -73.90701 2.196574 42.46939 -74.66644 2.196574 43.44509 -74.66644 2.196574 43.63179 -72.41355 2.196574 43.44509 -72.44428 2.196574 43.26097 -72.5049 2.196574 43.08441 -72.59375 2.196574 42.92022 -72.70841 2.196574 42.77291 -72.84575 2.196574 42.64648 -73.00203 2.196574 42.54437 -73.17299 2.196574 42.46939 -73.35396 2.196574 42.42355 -70.60686 2.196574 45.78305 -72.44428 2.196574 43.81591 -72.41355 2.196574 43.63179 -56.28902 2.196574 45.78305 -48.75632 2.196574 45.78305 -37.45596 2.196574 45.78305 -30.68651 2.196574 45.78305 -19.10764 2.196574 45.78305 -16.93246 2.196574 45.78305 -16.41462 2.196574 45.30984 -16.41462 8.546574 42.28312 -13.23963 2.196574 45.30984 -13.23963 8.546574 45.30984 -11.19554 2.196574 45.78305 -8.042765 2.196574 45.78305 -1.127306 2.196574 45.78305 -0.5396218 2.196574 45.30984 -0.5396218 8.546574 42.28312 2.635374 2.196574 45.30984 2.635374 8.546574 45.30984 3.863485 2.196574 45.78305 5.334112 2.196574 45.78305 10.89673 2.196574 45.78305 15.1709 2.196574 45.78305 21.23391 2.196574 45.78305 33.98153 2.196574 45.78305 40.37598 2.196574 45.78305 51.06584 2.196574 45.78305 53.47883 2.196574 45.78305 66.56974 2.196574 45.78305 74.62921 2.196574 45.78305 79.49313 2.196574 45.78305 81.26576 2.196574 42.64648 81.12841 2.196574 42.77291 81.42204 2.196574 42.54437 81.01376 2.196574 42.92022 80.92491 2.196574 43.08441 80.8643 2.196574 43.26097 81.96 2.196574 42.40814 81.77397 2.196574 42.42355 81.593 2.196574 42.46939 80.83357 2.196574 43.44509 80.83357 2.196574 43.63179 82.99511 2.196574 43.08441 82.90626 2.196574 42.92022 83.05572 2.196574 43.26097 82.79159 2.196574 42.77291 82.65425 2.196574 42.64648 82.49797 2.196574 42.54437 82.32702 2.196574 42.46939 82.14605 2.196574 42.42355 90.36001 2.196574 43.60293 83.08645 2.196574 43.63179 83.08645 2.196574 43.44509 90.36001 8.546574 42.28312 -73.54 8.546574 42.40814 -73.35396 8.546574 42.42355 81.96 8.546574 42.40814 82.14605 8.546574 42.42355 -73.72604 8.546574 42.42355 -73.17299 8.546574 42.46939 81.77397 8.546574 42.42355 82.32702 8.546574 42.46939 -73.90701 8.546574 42.46939 -73.00203 8.546574 42.54437 81.593 8.546574 42.46939 82.49797 8.546574 42.54437 -74.07796 8.546574 42.54437 -72.84575 8.546574 42.64648 81.42204 8.546574 42.54437 82.65425 8.546574 42.64648 -74.23425 8.546574 42.64648 -72.70841 8.546574 42.77291 81.26576 8.546574 42.64648 82.79159 8.546574 42.77291 -74.37159 8.546574 42.77291 -72.59375 8.546574 42.92022 81.12841 8.546574 42.77291 82.90626 8.546574 42.92022 -74.48625 8.546574 42.92022 -72.5049 8.546574 43.08441 81.01376 8.546574 42.92022 82.99511 8.546574 43.08441 -74.57509 8.546574 43.08441 -72.44428 8.546574 43.26097 80.92491 8.546574 43.08441 83.05572 8.546574 43.26097 -74.63571 8.546574 43.26097 -72.41355 8.546574 43.44509 80.8643 8.546574 43.26097 83.08645 8.546574 43.44509 -74.66644 8.546574 43.44509 -72.41355 8.546574 43.63179 80.83357 8.546574 43.44509 83.08645 8.546574 43.63179 90.20365 2.196574 45.58964 83.05572 2.196574 43.81591 90.36001 8.546574 43.60293 90.20365 8.546574 45.58964 -74.66644 8.546574 43.63179 -74.63571 2.196574 43.81591 -72.44428 8.546574 43.81591 80.83357 8.546574 43.63179 80.8643 2.196574 43.81591 83.05572 8.546574 43.81591 -74.63571 8.546574 43.81591 -74.57509 2.196574 43.99247 -72.5049 2.196574 43.99247 -72.5049 8.546574 43.99247 80.8643 8.546574 43.81591 80.92491 2.196574 43.99247 82.99511 2.196574 43.99247 82.99511 8.546574 43.99247 -74.57509 8.546574 43.99247 -74.48625 2.196574 44.15666 -72.59375 2.196574 44.15666 -72.59375 8.546574 44.15666 80.92491 8.546574 43.99247 81.01376 2.196574 44.15666 90.15722 2.196574 45.78305 82.90626 2.196574 44.15666 82.90626 8.546574 44.15666 -74.48625 8.546574 44.15666 -74.37159 2.196574 44.30397 -72.70841 2.196574 44.30397 -72.70841 8.546574 44.30397 81.01376 8.546574 44.15666 81.12841 2.196574 44.30397 82.79159 2.196574 44.30397 82.79159 8.546574 44.30397 -74.37159 8.546574 44.30397 -74.23425 2.196574 44.4304 -72.84575 2.196574 44.4304 -72.84575 8.546574 44.4304 81.12841 8.546574 44.30397 81.26576 2.196574 44.4304 82.65425 2.196574 44.4304 82.65425 8.546574 44.4304 -74.23425 8.546574 44.4304 -74.07796 2.196574 44.53251 -73.00203 2.196574 44.53251 -73.00203 8.546574 44.53251 81.26576 8.546574 44.4304 81.42204 2.196574 44.53251 82.49797 2.196574 44.53251 82.49797 8.546574 44.53251 -74.07796 8.546574 44.53251 -73.90701 2.196574 44.60749 -73.17299 2.196574 44.60749 -73.17299 8.546574 44.60749 81.42204 8.546574 44.53251 81.593 2.196574 44.60749 82.32702 2.196574 44.60749 82.32702 8.546574 44.60749 -73.90701 8.546574 44.60749 -73.72604 2.196574 44.65333 -73.35396 2.196574 44.65333 -73.35396 8.546574 44.65333 81.593 8.546574 44.60749 81.77397 2.196574 44.65333 82.14605 2.196574 44.65333 82.14605 8.546574 44.65333 -73.72604 8.546574 44.65333 -73.54 2.196574 44.66874 -73.54 8.546574 44.66874 81.77397 8.546574 44.65333 81.96 2.196574 44.66874 81.96 8.546574 44.66874 -16.39297 2.196574 45.57115 -16.41462 8.546574 45.30984 -13.26127 2.196574 45.57115 -13.26127 8.546574 45.57115 -0.5179696 2.196574 45.57115 -0.5396218 8.546574 45.30984 2.613729 2.196574 45.57115 2.613729 8.546574 45.57115 -16.33931 2.196574 45.78305 -16.39297 8.546574 45.57115 -13.31494 2.196574 45.78305 -13.31494 8.546574 45.78305 -0.4643121 2.196574 45.78305 -0.5179696 8.546574 45.57115 2.560064 2.196574 45.78305 2.560064 8.546574 45.78305 -87.23721 2.196574 45.78305 -87.28364 8.546574 45.58964 -87.23721 8.546574 45.78305 -86.81842 2.196574 47.52745 -86.81842 8.546574 47.52745 -70.60686 2.196574 50.52856 -56.28902 2.196574 50.52856 -48.75632 2.196574 50.52856 -37.45596 2.196574 50.52856 -30.68651 2.196574 50.52856 -19.10764 2.196574 50.52856 -16.93246 2.196574 50.52856 -16.32861 2.196574 45.82531 -16.22329 2.196574 46.06541 -16.33931 8.546574 45.78305 -13.32564 2.196574 45.82531 -13.32564 8.546574 45.82531 -11.19554 2.196574 50.52856 -13.43096 2.196574 46.06541 -8.042765 2.196574 50.52856 -1.127306 2.196574 50.52856 -0.453608 2.196574 45.82531 -0.3482843 2.196574 46.06541 -0.4643121 8.546574 45.78305 2.54936 2.196574 45.82531 2.54936 8.546574 45.82531 3.863485 2.196574 50.52856 2.300634 2.196574 46.28491 2.444044 2.196574 46.06541 5.334112 2.196574 50.52856 10.89673 2.196574 50.52856 15.1709 2.196574 50.52856 21.23391 2.196574 50.52856 33.98153 2.196574 50.52856 40.37598 2.196574 50.52856 51.06584 2.196574 50.52856 53.47883 2.196574 50.52856 66.56974 2.196574 50.52856 74.62921 2.196574 50.52856 79.49313 2.196574 50.52856 89.73843 2.196574 47.52745 90.15722 8.546574 45.78305 -16.32861 8.546574 45.82531 -13.43096 8.546574 46.06541 -0.453608 8.546574 45.82531 2.444044 8.546574 46.06541 -16.07988 2.196574 46.28491 -16.22329 8.546574 46.06541 -13.57437 2.196574 46.28491 -13.57437 8.546574 46.28491 -0.2048821 2.196574 46.28491 -0.3482843 8.546574 46.06541 2.300634 8.546574 46.28491 -15.90231 2.196574 46.47781 -16.07988 8.546574 46.28491 -13.75194 2.196574 46.47781 -13.75194 8.546574 46.47781 -0.02730798 2.196574 46.47781 -0.2048821 8.546574 46.28491 2.12306 2.196574 46.47781 2.12306 8.546574 46.47781 -15.6954 2.196574 46.63885 -15.90231 8.546574 46.47781 -13.95884 2.196574 46.63885 -13.95884 8.546574 46.63885 0.1795935 2.196574 46.63885 -0.02730798 8.546574 46.47781 1.916158 2.196574 46.63885 1.916158 8.546574 46.63885 -15.46482 2.196574 46.76364 -15.6954 8.546574 46.63885 -14.18943 2.196574 46.76364 -14.18943 8.546574 46.76364 0.4101844 2.196574 46.76364 0.1795935 8.546574 46.63885 1.685567 2.196574 46.76364 1.685567 8.546574 46.76364 -15.21683 2.196574 46.84877 -15.46482 8.546574 46.76364 -14.43741 2.196574 46.84877 -14.43741 8.546574 46.84877 0.6581702 2.196574 46.84877 0.4101844 8.546574 46.76364 1.437582 2.196574 46.84877 1.437582 8.546574 46.84877 -14.95822 2.196574 46.89192 -15.21683 8.546574 46.84877 -14.69603 2.196574 46.89192 -14.69603 8.546574 46.89192 0.9167839 2.196574 46.89192 0.6581702 8.546574 46.84877 1.178976 2.196574 46.89192 1.178976 8.546574 46.89192 -14.95822 8.546574 46.89192 0.9167839 8.546574 46.89192 -86.05578 2.196574 49.3686 88.97579 2.196574 49.3686 88.97579 8.546574 49.3686 89.73843 8.546574 47.52745 -85.34496 2.196574 50.52856 -86.05578 8.546574 49.3686 -85.34496 8.546574 50.52856 88.26496 2.196574 50.52856 -76.79463 8.546574 50.52856 -85.01451 2.196574 51.06781 -85.01451 8.546574 51.06781 -70.60686 2.196574 56.55433 -62.56988 2.196574 52.39491 -62.81672 2.196574 52.50318 -62.30861 2.196574 52.32875 -63.40621 2.196574 53.04585 -63.53449 2.196574 53.28289 -63.04236 2.196574 52.6506 -63.24066 2.196574 52.83316 -63.62201 2.196574 53.53782 -63.66637 2.196574 53.80368 -62.03999 2.196574 52.30648 -61.77138 2.196574 52.32875 -61.5101 2.196574 52.39491 -56.28902 2.196574 56.55433 -60.41361 2.196574 54.07321 -60.41361 2.196574 53.80368 -60.45798 2.196574 53.53782 -60.5455 2.196574 53.28289 -60.67378 2.196574 53.04585 -60.83932 2.196574 52.83316 -61.03762 2.196574 52.6506 -61.26327 2.196574 52.50318 -48.75632 2.196574 56.55433 -37.45596 2.196574 56.55433 -30.68651 2.196574 56.55433 -19.10764 2.196574 56.55433 -16.93246 2.196574 56.55433 -11.19554 2.196574 56.55433 -8.042765 2.196574 56.55433 -1.127306 2.196574 56.55433 3.863485 2.196574 56.55433 5.334112 2.196574 56.55433 10.89673 2.196574 56.55433 15.1709 2.196574 56.55433 21.23391 2.196574 56.55433 33.98153 2.196574 56.55433 40.37598 2.196574 56.55433 51.06584 2.196574 56.55433 53.47883 2.196574 56.55433 64.43012 2.196574 52.39491 64.18329 2.196574 52.50318 63.95764 2.196574 52.6506 63.75935 2.196574 52.83316 63.59379 2.196574 53.04585 63.46551 2.196574 53.28289 63.378 2.196574 53.53782 63.33363 2.196574 53.80368 64.69141 2.196574 52.32875 66.54203 2.196574 53.53782 66.45452 2.196574 53.28289 66.32624 2.196574 53.04585 66.16068 2.196574 52.83316 65.96237 2.196574 52.6506 65.73674 2.196574 52.50318 65.48992 2.196574 52.39491 65.22863 2.196574 52.32875 64.96002 2.196574 52.30648 66.56974 2.196574 53.70388 74.62921 2.196574 56.55433 66.58638 2.196574 54.07321 66.58638 2.196574 53.80368 79.49313 2.196574 50.75007 79.71464 8.546574 50.52856 87.93452 2.196574 51.06781 88.26496 8.546574 50.52856 79.49313 8.546574 50.75007 -83.72025 2.196574 52.58319 87.93452 8.546574 51.06781 -62.03999 8.546574 52.30648 -61.77138 8.546574 52.32875 64.96002 8.546574 52.30648 65.22863 8.546574 52.32875 -62.30861 8.546574 52.32875 -61.5101 8.546574 52.39491 64.69141 8.546574 52.32875 65.48992 8.546574 52.39491 -62.56988 8.546574 52.39491 -61.26327 8.546574 52.50318 64.43012 8.546574 52.39491 65.73674 8.546574 52.50318 -62.81672 8.546574 52.50318 -61.03762 8.546574 52.6506 64.18329 8.546574 52.50318 65.96237 8.546574 52.6506 -79.7491 2.196574 56.55433 -79.7491 8.546574 56.55433 -83.72025 8.546574 52.58319 -63.04236 8.546574 52.6506 -60.83932 8.546574 52.83316 63.95764 8.546574 52.6506 66.16068 8.546574 52.83316 -63.24066 8.546574 52.83316 -60.67378 8.546574 53.04585 63.75935 8.546574 52.83316 66.32624 8.546574 53.04585 -63.40621 8.546574 53.04585 -60.5455 8.546574 53.28289 63.59379 8.546574 53.04585 66.45452 8.546574 53.28289 -63.53449 8.546574 53.28289 -60.45798 8.546574 53.53782 63.46551 8.546574 53.28289 66.54203 8.546574 53.53782 -63.62201 8.546574 53.53782 -60.41361 8.546574 53.80368 63.378 8.546574 53.53782 66.56974 8.546574 53.70388 66.58638 8.546574 53.80368 -63.66637 8.546574 53.80368 -63.66637 2.196574 54.07321 -60.41361 8.546574 54.07321 63.33363 8.546574 53.80368 63.33363 2.196574 54.07321 66.58638 8.546574 54.07321 -63.66637 8.546574 54.07321 -63.62201 2.196574 54.33906 -60.45798 2.196574 54.33906 -60.45798 8.546574 54.33906 63.33363 8.546574 54.07321 63.378 2.196574 54.33906 66.56974 2.196574 54.17298 66.56974 8.546574 54.17298 -77.71665 2.196574 56.55433 -75.25897 2.196574 56.55433 -77.71665 8.546574 54.09666 66.56974 2.196574 56.55433 66.54203 2.196574 54.33906 66.54203 8.546574 54.33906 -63.62201 8.546574 54.33906 -63.53449 2.196574 54.59399 -60.5455 2.196574 54.59399 -60.5455 8.546574 54.59399 63.378 8.546574 54.33906 63.46551 2.196574 54.59399 66.45452 2.196574 54.59399 66.45452 8.546574 54.59399 -63.53449 8.546574 54.59399 -63.40621 2.196574 54.83103 -60.67378 2.196574 54.83103 -60.67378 8.546574 54.83103 63.46551 8.546574 54.59399 63.59379 2.196574 54.83103 66.32624 2.196574 54.83103 66.32624 8.546574 54.83103 -63.40621 8.546574 54.83103 -63.24066 2.196574 55.04373 -60.83932 2.196574 55.04373 -60.83932 8.546574 55.04373 63.59379 8.546574 54.83103 63.75935 2.196574 55.04373 66.16068 2.196574 55.04373 66.16068 8.546574 55.04373 -63.24066 8.546574 55.04373 -63.04236 2.196574 55.22628 -61.03762 2.196574 55.22628 -61.03762 8.546574 55.22628 63.75935 8.546574 55.04373 63.95764 2.196574 55.22628 65.96237 2.196574 55.22628 65.96237 8.546574 55.22628 -63.04236 8.546574 55.22628 -62.81672 2.196574 55.3737 -61.26327 2.196574 55.3737 -61.26327 8.546574 55.3737 63.95764 8.546574 55.22628 64.18329 2.196574 55.3737 65.73674 2.196574 55.3737 65.73674 8.546574 55.3737 79.49313 2.196574 56.55433 78.17898 8.546574 56.55433 -62.81672 8.546574 55.3737 -62.56988 2.196574 55.48197 -61.5101 2.196574 55.48197 -61.5101 8.546574 55.48197 64.18329 8.546574 55.3737 64.43012 2.196574 55.48197 65.48992 2.196574 55.48197 65.48992 8.546574 55.48197 -62.56988 8.546574 55.48197 -62.30861 2.196574 55.54814 -61.77138 2.196574 55.54814 -61.77138 8.546574 55.54814 64.43012 8.546574 55.48197 64.69141 2.196574 55.54814 65.22863 2.196574 55.54814 65.22863 8.546574 55.54814 -62.30861 8.546574 55.54814 -62.03999 2.196574 55.57038 -62.03999 8.546574 55.57038 64.69141 8.546574 55.54814 64.96002 2.196574 55.57038 64.96002 8.546574 55.57038 -77.71665 2.196574 57.68612 -78.61731 2.196574 57.68612 -78.61731 8.546574 57.68612 -74.74 2.196574 57.07331 -75.25897 8.546574 56.55433 -70.60686 2.196574 57.68612 -56.28902 2.196574 57.68612 -48.75632 2.196574 57.68612 -37.45596 2.196574 57.68612 -30.68651 2.196574 57.68612 -19.10764 2.196574 57.68612 -16.93246 2.196574 57.68612 -11.19554 2.196574 57.68612 -8.042765 2.196574 57.68612 -1.127306 2.196574 57.68612 3.863485 2.196574 57.68612 5.334112 2.196574 57.68612 10.89673 2.196574 57.68612 15.1709 2.196574 57.68612 21.23391 2.196574 57.68612 33.98153 2.196574 57.68612 40.37598 2.196574 57.68612 51.06584 2.196574 57.68612 53.47883 2.196574 57.68612 66.56974 2.196574 57.68612 74.62921 2.196574 57.68612 79.49313 2.196574 57.68612 81.53732 2.196574 57.68612 82.66912 8.546574 56.55433 -74.55058 2.196574 57.2351 -74.74 8.546574 57.07331 -74.33818 2.196574 57.36526 -74.55058 8.546574 57.2351 -74.10803 2.196574 57.46058 -74.33818 8.546574 57.36526 -73.86581 2.196574 57.51873 -74.10803 8.546574 57.46058 -73.86581 8.546574 57.51873 -77.71665 2.196574 58.58679 -77.71665 8.546574 58.58679 -70.60686 2.196574 65.6966 -59.17295 2.196574 77.13048 -56.28902 2.196574 77.13048 -48.75632 2.196574 77.13048 -37.45596 2.196574 77.13048 -1.127306 2.196574 77.13048 3.863485 2.196574 77.13048 5.212057 2.196574 64.24377 4.78037 2.196574 65.85836 4.635007 2.196574 67.52332 5.334112 2.196574 63.98143 5.917013 2.196574 62.72843 6.873892 2.196574 61.35818 10.89673 2.196574 58.52075 9.420889 2.196574 59.21316 8.053755 2.196574 60.17448 14.21158 2.196574 57.91558 12.5471 2.196574 58.06636 10.93393 2.196574 58.50329 15.1709 2.196574 57.91247 40.37598 2.196574 77.13048 51.06584 2.196574 77.13048 53.47883 2.196574 77.13048 62.09297 2.196574 77.13048 66.56974 2.196574 72.65372 74.62921 2.196574 64.59423 79.49313 2.196574 59.73033 81.53732 8.546574 57.68612 21.23391 8.546574 57.89277 15.1709 8.546574 57.91247 14.21158 8.546574 57.91558 -16.93246 8.546574 58.01675 12.5471 8.546574 58.06636 10.93393 8.546574 58.50329 10.89673 8.546574 58.52075 -70.60686 8.546574 65.6966 9.420889 8.546574 59.21316 79.49313 8.546574 59.73033 8.053755 8.546574 60.17448 6.873892 8.546574 61.35818 5.917013 8.546574 62.72843 5.334112 8.546574 63.98143 5.212057 8.546574 64.24377 74.62921 8.546574 64.59423 -59.17295 8.546574 77.13048 4.78037 8.546574 65.85836 4.78037 2.196574 69.18828 4.635007 8.546574 67.52332 5.212057 2.196574 70.80286 4.78037 8.546574 69.18828 5.334112 2.196574 71.0652 5.334112 2.196574 77.13048 5.212057 8.546574 70.80286 5.917013 2.196574 72.31819 5.334112 8.546574 71.0652 6.873892 2.196574 73.68845 5.917013 8.546574 72.31819 66.56974 8.546574 72.65372 -30.68651 2.196574 77.13048 8.053755 2.196574 74.87215 6.873892 8.546574 73.68845 9.420889 2.196574 75.83347 8.053755 8.546574 74.87215 33.98153 2.196574 77.13048 10.89673 2.196574 76.52588 10.89673 2.196574 77.13048 9.420889 8.546574 75.83347 -8.042765 2.196574 77.13048 10.93393 2.196574 76.54334 10.89673 8.546574 76.52588 12.5471 2.196574 76.98027 10.93393 8.546574 76.54334 -11.19554 2.196574 77.13048 14.20544 2.196574 77.13048 12.5471 8.546574 76.98027 -19.10764 2.196574 77.13048 -16.93246 2.196574 77.02988 -19.10764 8.546574 77.02281 -16.93246 2.196574 77.13048 -11.27093 2.196574 77.04827 -16.93246 8.546574 77.02988 -11.27093 8.546574 77.04827 -56.28902 2.196574 78.89727 -57.40618 2.196574 78.89727 -57.40618 8.546574 78.89727 -48.75632 2.196574 78.89727 -37.45596 2.196574 78.89727 -30.68651 2.196574 78.89727 -19.10764 2.196574 78.89727 -16.93246 2.196574 78.89727 -11.19554 2.196574 78.89727 -8.042765 2.196574 78.89727 -1.127306 2.196574 78.89727 3.863485 2.196574 78.89727 5.334112 2.196574 78.89727 10.89673 2.196574 78.89727 15.1709 2.196574 78.89727 14.20544 8.546574 77.13048 33.98153 2.196574 78.89727 40.37598 2.196574 78.89727 51.06584 2.196574 78.89727 53.47883 2.196574 78.89727 60.3262 2.196574 78.89727 62.09297 8.546574 77.13048 15.1709 8.546574 77.13416 21.23391 2.196574 78.89727 -56.28902 2.196574 80.01442 -56.28902 8.546574 80.01442 -48.75632 2.196574 87.54711 -37.45596 2.196574 89.72039 -30.68651 2.196574 89.72039 -19.10764 2.196574 89.72039 -16.93246 2.196574 87.6118 -17.01424 2.196574 87.66524 -17.15158 2.196574 87.79167 -17.26624 2.196574 87.93898 -17.35509 2.196574 88.10317 -16.50603 2.196574 87.44231 -16.687 2.196574 87.48815 -16.31999 2.196574 87.4269 -15.95298 2.196574 87.48815 -16.13395 2.196574 87.44231 -16.85795 2.196574 87.56313 -15.22428 2.196574 88.27971 -15.28489 2.196574 88.10317 -15.37374 2.196574 87.93898 -15.4884 2.196574 87.79167 -15.62574 2.196574 87.66524 -15.78202 2.196574 87.56313 -11.19554 2.196574 89.72039 -8.042765 2.196574 89.72039 -1.127306 2.196574 89.72039 1.191404 2.196574 80.60413 0.9301201 2.196574 80.67029 0.6832862 2.196574 80.77857 0.4576469 2.196574 80.92598 0.2593436 2.196574 81.10852 0.09379339 2.196574 81.32123 -0.03448724 2.196574 81.55828 -0.122004 2.196574 81.81319 -0.1663689 2.196574 82.07906 -0.1663689 2.196574 82.34859 1.460012 2.196574 80.58187 1.72862 2.196574 80.60413 2.660673 2.196574 81.10852 2.462377 2.196574 80.92598 2.23673 2.196574 80.77857 1.989904 2.196574 80.67029 3.042021 2.196574 81.81319 2.954504 2.196574 81.55828 2.826223 2.196574 81.32123 3.863485 2.196574 89.72039 3.086385 2.196574 82.34859 3.086385 2.196574 82.07906 5.334112 2.196574 89.72039 10.89673 2.196574 89.72039 15.1709 2.196574 89.72039 18.873 2.196574 87.48815 18.70205 2.196574 87.56313 18.54577 2.196574 87.66524 18.40842 2.196574 87.79167 19.24001 2.196574 87.4269 19.05397 2.196574 87.44231 18.29376 2.196574 87.93898 18.20491 2.196574 88.10317 33.98153 2.196574 89.72039 21.23391 2.196574 89.72039 19.60701 2.196574 87.48815 19.42605 2.196574 87.44231 20.18626 2.196574 87.93898 20.0716 2.196574 87.79167 19.93425 2.196574 87.66524 19.77797 2.196574 87.56313 20.33572 2.196574 88.27971 20.27511 2.196574 88.10317 40.37598 2.196574 89.72039 53.47883 2.196574 85.74462 60.3262 8.546574 78.89727 -48.75632 8.546574 87.54711 1.460012 8.546574 80.58187 1.72862 8.546574 80.60413 1.191404 8.546574 80.60413 1.989904 8.546574 80.67029 0.9301201 8.546574 80.67029 2.23673 8.546574 80.77857 0.6832862 8.546574 80.77857 2.462377 8.546574 80.92598 0.4576469 8.546574 80.92598 2.660673 8.546574 81.10852 0.2593436 8.546574 81.10852 2.826223 8.546574 81.32123 0.09379339 8.546574 81.32123 2.954504 8.546574 81.55828 -0.03448724 8.546574 81.55828 3.042021 8.546574 81.81319 -0.122004 8.546574 81.81319 3.086385 8.546574 82.07906 -0.1663689 8.546574 82.07906 3.086385 8.546574 82.34859 -0.1663689 8.546574 82.34859 -0.122004 2.196574 82.61444 3.042021 2.196574 82.61444 3.042021 8.546574 82.61444 -0.122004 8.546574 82.61444 -0.03448724 2.196574 82.86937 2.954504 2.196574 82.86937 2.954504 8.546574 82.86937 -0.03448724 8.546574 82.86937 0.09379339 2.196574 83.1064 2.826223 2.196574 83.1064 2.826223 8.546574 83.1064 0.09379339 8.546574 83.1064 0.2593436 2.196574 83.31911 2.660673 2.196574 83.31911 2.660673 8.546574 83.31911 0.2593436 8.546574 83.31911 0.4576469 2.196574 83.50165 2.462377 2.196574 83.50165 2.462377 8.546574 83.50165 0.4576469 8.546574 83.50165 0.6832862 2.196574 83.64908 2.23673 2.196574 83.64908 2.23673 8.546574 83.64908 0.6832862 8.546574 83.64908 0.9301201 2.196574 83.75734 1.989904 2.196574 83.75734 1.989904 8.546574 83.75734 51.06584 2.196574 88.15761 -46.58306 2.196574 89.72039 0.9301201 8.546574 83.75734 1.191404 2.196574 83.8235 1.72862 2.196574 83.8235 1.72862 8.546574 83.8235 1.191404 8.546574 83.8235 1.460012 2.196574 83.84577 1.460012 8.546574 83.84577 53.47883 8.546574 85.74462 -16.31999 8.546574 87.4269 -16.13395 8.546574 87.44231 19.24001 8.546574 87.4269 19.42605 8.546574 87.44231 -16.50603 8.546574 87.44231 -15.95298 8.546574 87.48815 19.05397 8.546574 87.44231 19.60701 8.546574 87.48815 -16.687 8.546574 87.48815 -15.78202 8.546574 87.56313 18.873 8.546574 87.48815 19.77797 8.546574 87.56313 -46.58306 8.546574 89.72039 -16.85795 8.546574 87.56313 -15.62574 8.546574 87.66524 18.70205 8.546574 87.56313 19.93425 8.546574 87.66524 -16.93246 8.546574 87.6118 -17.01424 8.546574 87.66524 -15.4884 8.546574 87.79167 18.54577 8.546574 87.66524 20.0716 8.546574 87.79167 -17.15158 8.546574 87.79167 -15.37374 8.546574 87.93898 18.40842 8.546574 87.79167 20.18626 8.546574 87.93898 -17.26624 8.546574 87.93898 -15.28489 8.546574 88.10317 18.29376 8.546574 87.93898 20.27511 8.546574 88.10317 -17.35509 8.546574 88.10317 -17.41571 2.196574 88.27971 -15.22428 8.546574 88.27971 18.20491 8.546574 88.10317 18.1443 2.196574 88.27971 20.33572 8.546574 88.27971 51.06584 8.546574 88.15761 -17.41571 8.546574 88.27971 -17.44643 2.196574 88.46385 -15.19355 2.196574 88.46385 -15.19355 8.546574 88.46385 18.1443 8.546574 88.27971 18.11357 2.196574 88.46385 20.36645 2.196574 88.46385 20.36645 8.546574 88.46385 -17.44643 8.546574 88.46385 -17.44643 2.196574 88.65053 -15.19355 2.196574 88.65053 -15.19355 8.546574 88.65053 18.11357 8.546574 88.46385 18.11357 2.196574 88.65053 20.36645 2.196574 88.65053 20.36645 8.546574 88.65053 -17.44643 8.546574 88.65053 -17.41571 2.196574 88.83467 -15.22428 2.196574 88.83467 -15.22428 8.546574 88.83467 18.11357 8.546574 88.65053 18.1443 2.196574 88.83467 20.33572 2.196574 88.83467 20.33572 8.546574 88.83467 -17.41571 8.546574 88.83467 -17.35509 2.196574 89.01125 -15.28489 2.196574 89.01125 -15.28489 8.546574 89.01125 18.1443 8.546574 88.83467 18.20491 2.196574 89.01125 20.27511 2.196574 89.01125 20.27511 8.546574 89.01125 -17.35509 8.546574 89.01125 -17.26624 2.196574 89.1754 -15.37374 2.196574 89.1754 -15.37374 8.546574 89.1754 18.20491 8.546574 89.01125 18.29376 2.196574 89.1754 20.18626 2.196574 89.1754 20.18626 8.546574 89.1754 -17.26624 8.546574 89.1754 -17.15158 2.196574 89.32274 -15.4884 2.196574 89.32274 -15.4884 8.546574 89.32274 18.29376 8.546574 89.1754 18.40842 2.196574 89.32274 20.0716 2.196574 89.32274 20.0716 8.546574 89.32274 -42.3356 2.196574 89.45006 -17.15158 8.546574 89.32274 -17.01424 2.196574 89.44915 -15.62574 2.196574 89.44915 -15.62574 8.546574 89.44915 18.40842 8.546574 89.32274 18.54577 2.196574 89.44915 19.93425 2.196574 89.44915 19.93425 8.546574 89.44915 -17.01424 8.546574 89.44915 -16.93246 2.196574 89.50258 -16.93246 2.196574 89.72039 -15.78202 2.196574 89.55126 -15.78202 8.546574 89.55126 18.54577 8.546574 89.44915 18.70205 2.196574 89.55126 19.77797 2.196574 89.55126 19.77797 8.546574 89.55126 -42.1232 2.196574 89.58022 -42.3356 8.546574 89.45006 -16.93246 8.546574 89.50258 -16.85795 2.196574 89.55126 -16.85795 8.546574 89.55126 -16.687 2.196574 89.62624 -15.95298 2.196574 89.62624 -15.95298 8.546574 89.62624 18.70205 8.546574 89.55126 18.873 2.196574 89.62624 19.60701 2.196574 89.62624 19.60701 8.546574 89.62624 -41.89306 2.196574 89.67555 -42.1232 8.546574 89.58022 -16.687 8.546574 89.62624 -16.50603 2.196574 89.67208 -16.13395 2.196574 89.67208 -16.13395 8.546574 89.67208 18.873 8.546574 89.62624 19.05397 2.196574 89.67208 19.42605 2.196574 89.67208 19.42605 8.546574 89.67208 -16.50603 8.546574 89.67208 -16.31999 2.196574 89.68749 -16.31999 8.546574 89.68749 19.05397 8.546574 89.67208 19.24001 2.196574 89.68749 19.24001 8.546574 89.68749 -41.70637 2.196574 89.72039 -41.89306 8.546574 89.67555 -43.53474 2.196574 92.76869 -43.53474 8.546574 92.76869 -41.65083 2.196574 89.73372 -41.70637 8.546574 89.72039 -37.45596 2.196574 100.0201 -39.97135 2.196574 99.76222 -30.68651 2.196574 100.0201 -19.10764 2.196574 100.0201 -16.93246 2.196574 100.0201 -11.19554 2.196574 100.0201 -8.042765 2.196574 100.0201 -1.127306 2.196574 100.0201 3.863485 2.196574 100.0201 5.334112 2.196574 100.0201 10.89673 2.196574 100.0201 15.1709 2.196574 100.0201 21.23391 2.196574 100.0201 33.98153 2.196574 100.0201 40.37598 2.196574 100.0201 42.89137 2.196574 99.76222 -40.43657 2.196574 97.82445 43.35659 2.196574 97.82445 44.11923 2.196574 95.98329 -42.24047 2.196574 94.28408 -41.65083 8.546574 89.73372 45.16049 2.196574 94.28408 -41.19921 2.196574 95.98329 -42.24047 8.546574 94.28408 -41.19921 8.546574 95.98329 45.16049 8.546574 94.28408 -40.43657 8.546574 97.82445 44.11923 8.546574 95.98329 -39.97135 8.546574 99.76222 43.35659 8.546574 97.82445 -39.95106 2.196574 100.0201 -39.95106 8.546574 100.0201 42.87107 2.196574 100.0201 42.89137 8.546574 99.76222 -39.81499 2.196574 101.749 -39.81499 8.546574 101.749 -39.81499 2.196574 138.6228 -33.46499 2.196574 111.5908 -33.7336 2.196574 111.6131 -33.99488 2.196574 111.6792 -34.24171 2.196574 111.7875 -34.46735 2.196574 111.935 -34.66565 2.196574 112.1175 -34.83121 2.196574 112.3302 -34.95949 2.196574 112.5672 -35.047 2.196574 112.8222 -35.09136 2.196574 113.088 -37.45596 2.196574 138.6228 -35.09136 2.196574 113.3576 -33.19638 2.196574 111.6131 -19.10764 2.196574 110.3385 -29.53999 2.196574 110.3385 -30.68651 2.196574 138.6228 -31.88298 2.196574 112.8222 -31.9705 2.196574 112.5672 -32.46263 2.196574 111.935 -32.68827 2.196574 111.7875 -32.9351 2.196574 111.6792 -31.83861 2.196574 113.3576 -31.83861 2.196574 113.088 -32.09878 2.196574 112.3302 -32.26432 2.196574 112.1175 -16.93246 2.196574 110.3385 -16.31999 2.196574 110.2869 -16.49067 2.196574 110.2999 -15.98253 2.196574 110.3385 -16.1493 2.196574 110.2999 -16.65744 2.196574 110.3385 -11.19554 2.196574 110.3385 -8.042765 2.196574 110.3385 -1.127306 2.196574 110.3385 3.863485 2.196574 110.3385 5.334112 2.196574 110.3385 10.89673 2.196574 110.3385 15.1709 2.196574 110.3385 18.90255 2.196574 110.3385 19.24001 2.196574 110.2869 19.06933 2.196574 110.2999 32.46001 2.196574 110.3385 21.23391 2.196574 110.3385 19.57747 2.196574 110.3385 19.41069 2.196574 110.2999 36.1164 2.196574 111.6131 35.85511 2.196574 111.6792 36.385 2.196574 111.5908 35.60829 2.196574 111.7875 35.38264 2.196574 111.935 35.18434 2.196574 112.1175 35.01879 2.196574 112.3302 34.89051 2.196574 112.5672 34.803 2.196574 112.8222 34.75863 2.196574 113.088 34.75863 2.196574 113.3576 33.98153 2.196574 138.6228 36.65362 2.196574 111.6131 42.73501 2.196574 101.749 40.37598 2.196574 138.6228 37.96702 2.196574 112.8222 37.8795 2.196574 112.5672 37.38737 2.196574 111.935 37.16173 2.196574 111.7875 36.9149 2.196574 111.6792 38.01139 2.196574 113.3576 38.01139 2.196574 113.088 37.75122 2.196574 112.3302 37.58567 2.196574 112.1175 42.87107 8.546574 100.0201 -39.81499 8.546574 138.6228 42.73501 2.196574 138.6228 42.73501 8.546574 101.749 -16.31999 8.546574 110.2869 -16.1493 8.546574 110.2999 19.24001 8.546574 110.2869 19.41069 8.546574 110.2999 -16.49067 8.546574 110.2999 -15.98253 8.546574 110.3385 19.06933 8.546574 110.2999 19.57747 8.546574 110.3385 -29.53999 2.196574 138.6228 -29.53999 8.546574 110.3385 -19.10764 8.546574 110.3385 -16.93246 8.546574 110.3385 -16.65744 8.546574 110.3385 -11.19554 8.546574 110.3385 -8.042765 8.546574 110.3385 -1.127306 8.546574 110.3385 3.863485 8.546574 110.3385 5.334112 8.546574 110.3385 10.89673 8.546574 110.3385 15.1709 8.546574 110.3385 18.90255 8.546574 110.3385 21.23391 8.546574 110.3385 32.46001 8.546574 110.3385 32.46001 2.196574 138.6228 32.46001 8.546574 138.6228 -33.46499 8.546574 111.5908 -33.19638 8.546574 111.6131 36.385 8.546574 111.5908 36.65362 8.546574 111.6131 -33.7336 8.546574 111.6131 -32.9351 8.546574 111.6792 36.1164 8.546574 111.6131 36.9149 8.546574 111.6792 -33.99488 8.546574 111.6792 -32.68827 8.546574 111.7875 35.85511 8.546574 111.6792 37.16173 8.546574 111.7875 -34.24171 8.546574 111.7875 -32.46263 8.546574 111.935 35.60829 8.546574 111.7875 37.38737 8.546574 111.935 -34.46735 8.546574 111.935 -32.26432 8.546574 112.1175 35.38264 8.546574 111.935 37.58567 8.546574 112.1175 -34.66565 8.546574 112.1175 -32.09878 8.546574 112.3302 35.18434 8.546574 112.1175 37.75122 8.546574 112.3302 -34.83121 8.546574 112.3302 -31.9705 8.546574 112.5672 35.01879 8.546574 112.3302 37.8795 8.546574 112.5672 -34.95949 8.546574 112.5672 -31.88298 8.546574 112.8222 34.89051 8.546574 112.5672 37.96702 8.546574 112.8222 -35.047 8.546574 112.8222 -31.83861 8.546574 113.088 34.803 8.546574 112.8222 38.01139 8.546574 113.088 -35.09136 8.546574 113.088 -31.83861 8.546574 113.3576 34.75863 8.546574 113.088 38.01139 8.546574 113.3576 -35.09136 8.546574 113.3576 -35.047 2.196574 113.6234 -31.88298 2.196574 113.6234 -31.88298 8.546574 113.6234 34.75863 8.546574 113.3576 34.803 2.196574 113.6234 37.96702 2.196574 113.6234 37.96702 8.546574 113.6234 -35.047 8.546574 113.6234 -34.95949 2.196574 113.8783 -31.9705 2.196574 113.8783 -31.9705 8.546574 113.8783 34.803 8.546574 113.6234 34.89051 2.196574 113.8783 37.8795 2.196574 113.8783 37.8795 8.546574 113.8783 -34.95949 8.546574 113.8783 -34.83121 2.196574 114.1154 -32.09878 2.196574 114.1154 -32.09878 8.546574 114.1154 34.89051 8.546574 113.8783 35.01879 2.196574 114.1154 37.75122 2.196574 114.1154 37.75122 8.546574 114.1154 -34.83121 8.546574 114.1154 -34.66565 2.196574 114.3281 -32.26432 2.196574 114.3281 -32.26432 8.546574 114.3281 35.01879 8.546574 114.1154 35.18434 2.196574 114.3281 37.58567 2.196574 114.3281 37.58567 8.546574 114.3281 -34.66565 8.546574 114.3281 -34.46735 2.196574 114.5106 -32.46263 2.196574 114.5106 -32.46263 8.546574 114.5106 35.18434 8.546574 114.3281 35.38264 2.196574 114.5106 37.38737 2.196574 114.5106 37.38737 8.546574 114.5106 -34.46735 8.546574 114.5106 -34.24171 2.196574 114.658 -32.68827 2.196574 114.658 -32.68827 8.546574 114.658 35.38264 8.546574 114.5106 35.60829 2.196574 114.658 37.16173 2.196574 114.658 37.16173 8.546574 114.658 -34.24171 8.546574 114.658 -33.99488 2.196574 114.7663 -32.9351 2.196574 114.7663 -32.9351 8.546574 114.7663 35.60829 8.546574 114.658 35.85511 2.196574 114.7663 36.9149 2.196574 114.7663 36.9149 8.546574 114.7663 -33.99488 8.546574 114.7663 -33.7336 2.196574 114.8325 -33.19638 2.196574 114.8325 -33.19638 8.546574 114.8325 35.85511 8.546574 114.7663 36.1164 2.196574 114.8325 36.65362 2.196574 114.8325 36.65362 8.546574 114.8325 -33.7336 8.546574 114.8325 -33.46499 2.196574 114.8547 -33.46499 8.546574 114.8547 36.1164 8.546574 114.8325 36.385 2.196574 114.8547 36.385 8.546574 114.8547 -37.45596 2.196574 165.7397 -39.81499 2.196574 165.7397 -39.81499 8.546574 165.7397 -33.46499 2.196574 162.3908 -33.7336 2.196574 162.4131 -33.99488 2.196574 162.4793 -34.24171 2.196574 162.5875 -34.46735 2.196574 162.7349 -34.66565 2.196574 162.9175 -34.83121 2.196574 163.1302 -34.95949 2.196574 163.3672 -29.53999 2.196574 165.7397 -30.68651 2.196574 165.7397 -32.9351 2.196574 162.4793 -33.19638 2.196574 162.4131 -32.09878 2.196574 163.1302 -32.26432 2.196574 162.9175 -32.46263 2.196574 162.7349 -32.68827 2.196574 162.5875 -31.88298 2.196574 163.6222 -31.9705 2.196574 163.3672 -29.53999 8.546574 138.6228 33.98153 2.196574 165.7397 32.46001 2.196574 165.7397 32.46001 8.546574 165.7397 36.65362 2.196574 162.4131 36.385 2.196574 162.3908 36.1164 2.196574 162.4131 35.85511 2.196574 162.4793 35.60829 2.196574 162.5875 35.38264 2.196574 162.7349 35.18434 2.196574 162.9175 35.01879 2.196574 163.1302 34.89051 2.196574 163.3672 34.803 2.196574 163.6222 42.73501 2.196574 165.7397 40.37598 2.196574 165.7397 36.9149 2.196574 162.4793 37.75122 2.196574 163.1302 37.58567 2.196574 162.9175 37.38737 2.196574 162.7349 37.16173 2.196574 162.5875 37.96702 2.196574 163.6222 37.8795 2.196574 163.3672 42.73501 8.546574 138.6228 -33.46499 8.546574 162.3908 -33.19638 8.546574 162.4131 36.385 8.546574 162.3908 36.65362 8.546574 162.4131 -33.7336 8.546574 162.4131 -32.9351 8.546574 162.4793 36.1164 8.546574 162.4131 36.9149 8.546574 162.4793 -33.99488 8.546574 162.4793 -32.68827 8.546574 162.5875 35.85511 8.546574 162.4793 37.16173 8.546574 162.5875 -34.24171 8.546574 162.5875 -32.46263 8.546574 162.7349 35.60829 8.546574 162.5875 37.38737 8.546574 162.7349 -34.46735 8.546574 162.7349 -32.26432 8.546574 162.9175 35.38264 8.546574 162.7349 37.58567 8.546574 162.9175 -34.66565 8.546574 162.9175 -32.09878 8.546574 163.1302 35.18434 8.546574 162.9175 37.75122 8.546574 163.1302 -34.83121 8.546574 163.1302 -31.9705 8.546574 163.3672 35.01879 8.546574 163.1302 37.8795 8.546574 163.3672 -34.95949 8.546574 163.3672 -35.047 2.196574 163.6222 -31.88298 8.546574 163.6222 34.89051 8.546574 163.3672 37.96702 8.546574 163.6222 -35.047 8.546574 163.6222 -35.09136 2.196574 163.888 -31.83861 2.196574 163.888 -31.83861 8.546574 163.888 34.803 8.546574 163.6222 34.75863 2.196574 163.888 38.01139 2.196574 163.888 38.01139 8.546574 163.888 -35.09136 8.546574 163.888 -35.09136 2.196574 164.1575 -31.83861 2.196574 164.1575 -31.83861 8.546574 164.1575 34.75863 8.546574 163.888 34.75863 2.196574 164.1575 38.01139 2.196574 164.1575 38.01139 8.546574 164.1575 -35.09136 8.546574 164.1575 -35.047 2.196574 164.4234 -31.88298 2.196574 164.4234 -31.88298 8.546574 164.4234 34.75863 8.546574 164.1575 34.803 2.196574 164.4234 37.96702 2.196574 164.4234 37.96702 8.546574 164.4234 -35.047 8.546574 164.4234 -34.95949 2.196574 164.6783 -31.9705 2.196574 164.6783 -31.9705 8.546574 164.6783 34.803 8.546574 164.4234 34.89051 2.196574 164.6783 37.8795 2.196574 164.6783 37.8795 8.546574 164.6783 -34.95949 8.546574 164.6783 -34.83121 2.196574 164.9154 -32.09878 2.196574 164.9154 -32.09878 8.546574 164.9154 34.89051 8.546574 164.6783 35.01879 2.196574 164.9154 37.75122 2.196574 164.9154 37.75122 8.546574 164.9154 -34.83121 8.546574 164.9154 -34.66565 2.196574 165.1281 -32.26432 2.196574 165.1281 -32.26432 8.546574 165.1281 35.01879 8.546574 164.9154 35.18434 2.196574 165.1281 37.58567 2.196574 165.1281 37.58567 8.546574 165.1281 -34.66565 8.546574 165.1281 -34.46735 2.196574 165.3106 -32.46263 2.196574 165.3106 -32.46263 8.546574 165.3106 35.18434 8.546574 165.1281 35.38264 2.196574 165.3106 37.38737 2.196574 165.3106 37.38737 8.546574 165.3106 -34.46735 8.546574 165.3106 -34.24171 2.196574 165.458 -32.68827 2.196574 165.458 -32.68827 8.546574 165.458 35.38264 8.546574 165.3106 35.60829 2.196574 165.458 37.16173 2.196574 165.458 37.16173 8.546574 165.458 -34.24171 8.546574 165.458 -33.99488 2.196574 165.5663 -32.9351 2.196574 165.5663 -32.9351 8.546574 165.5663 35.60829 8.546574 165.458 35.85511 2.196574 165.5663 36.9149 2.196574 165.5663 36.9149 8.546574 165.5663 -33.99488 8.546574 165.5663 -33.7336 2.196574 165.6325 -33.19638 2.196574 165.6325 -33.19638 8.546574 165.6325 35.85511 8.546574 165.5663 36.1164 2.196574 165.6325 36.65362 2.196574 165.6325 36.65362 8.546574 165.6325 -33.7336 8.546574 165.6325 -33.46499 2.196574 165.6547 -33.46499 8.546574 165.6547 36.1164 8.546574 165.6325 36.385 2.196574 165.6547 36.385 8.546574 165.6547 -39.81499 2.196574 169.0034 -39.81499 8.546574 169.0034 -37.45596 2.196574 173.9363 -38.10611 2.196574 173.3373 -38.70249 2.196574 172.5938 -39.18087 2.196574 171.7695 -39.53049 2.196574 170.8828 -39.74346 2.196574 169.9538 -33.60322 2.196574 165.8306 -33.87571 2.196574 165.8773 -34.13639 2.196574 165.9694 -34.37775 2.196574 166.1043 -34.59285 2.196574 166.2779 -34.7755 2.196574 166.4855 -34.92046 2.196574 166.7209 -35.0584 2.196574 167.7981 -35.09352 2.196574 167.5239 -35.02354 2.196574 166.9774 -35.08179 2.196574 167.2477 -29.53999 2.196574 169.3385 -30.68651 2.196574 174.8725 -33.05426 2.196574 165.8773 -33.32675 2.196574 165.8306 -32.79359 2.196574 165.9694 -32.15447 2.196574 166.4855 -32.33713 2.196574 166.2779 -32.55223 2.196574 166.1043 -31.87157 2.196574 167.7981 -31.83646 2.196574 167.5239 -31.84819 2.196574 167.2477 -31.90644 2.196574 166.9774 -32.00952 2.196574 166.7209 -29.53999 8.546574 165.7397 32.46001 2.196574 169.3385 32.46001 8.546574 169.3385 32.42308 2.196574 169.8078 36.52324 2.196574 165.8306 36.24678 2.196574 165.8306 35.97428 2.196574 165.8773 35.71361 2.196574 165.9694 35.47225 2.196574 166.1043 35.25715 2.196574 166.2779 35.0745 2.196574 166.4855 34.92954 2.196574 166.7209 33.98153 2.196574 174.8725 34.79159 2.196574 167.7981 34.75648 2.196574 167.5239 34.82646 2.196574 166.9774 34.76821 2.196574 167.2477 41.02613 2.196574 173.3373 40.37598 2.196574 173.9363 36.79573 2.196574 165.8773 37.05641 2.196574 165.9694 38.01354 2.196574 167.5239 38.0018 2.196574 167.2477 37.69552 2.196574 166.4855 37.51287 2.196574 166.2779 37.29776 2.196574 166.1043 37.89746 2.196574 168.0625 37.97842 2.196574 167.7981 37.94356 2.196574 166.9774 37.84048 2.196574 166.7209 42.73501 2.196574 169.0034 42.66348 2.196574 169.9538 42.45051 2.196574 170.8828 42.10089 2.196574 171.7695 41.62251 2.196574 172.5938 42.73501 8.546574 165.7397 -33.32675 8.546574 165.8306 -33.60322 8.546574 165.8306 -33.05426 8.546574 165.8773 36.52324 8.546574 165.8306 36.24678 8.546574 165.8306 36.79573 8.546574 165.8773 -33.87571 8.546574 165.8773 -32.79359 8.546574 165.9694 35.97428 8.546574 165.8773 37.05641 8.546574 165.9694 -34.13639 8.546574 165.9694 -32.55223 8.546574 166.1043 35.71361 8.546574 165.9694 37.29776 8.546574 166.1043 -34.37775 8.546574 166.1043 -32.33713 8.546574 166.2779 35.47225 8.546574 166.1043 37.51287 8.546574 166.2779 -34.59285 8.546574 166.2779 -32.15447 8.546574 166.4855 35.25715 8.546574 166.2779 37.69552 8.546574 166.4855 -34.7755 8.546574 166.4855 -32.00952 8.546574 166.7209 35.0745 8.546574 166.4855 37.84048 8.546574 166.7209 -34.92046 8.546574 166.7209 -31.90644 8.546574 166.9774 34.92954 8.546574 166.7209 37.94356 8.546574 166.9774 -35.02354 8.546574 166.9774 -31.84819 8.546574 167.2477 34.82646 8.546574 166.9774 38.0018 8.546574 167.2477 -35.08179 8.546574 167.2477 -31.83646 8.546574 167.5239 34.76821 8.546574 167.2477 38.01354 8.546574 167.5239 -35.09352 8.546574 167.5239 -31.87157 8.546574 167.7981 34.75648 8.546574 167.5239 37.97842 8.546574 167.7981 -34.97745 2.196574 168.0625 -35.0584 8.546574 167.7981 -31.95253 2.196574 168.0625 -31.95253 8.546574 168.0625 34.87255 2.196574 168.0625 34.79159 8.546574 167.7981 37.89746 8.546574 168.0625 -34.85298 2.196574 168.3094 -34.97745 8.546574 168.0625 -32.077 2.196574 168.3094 -32.077 8.546574 168.3094 34.99701 2.196574 168.3094 34.87255 8.546574 168.0625 37.773 2.196574 168.3094 37.773 8.546574 168.3094 -34.68859 2.196574 168.5316 -34.85298 8.546574 168.3094 -32.2414 2.196574 168.5316 -32.2414 8.546574 168.5316 35.16141 2.196574 168.5316 34.99701 8.546574 168.3094 37.60861 2.196574 168.5316 37.60861 8.546574 168.5316 -34.48899 2.196574 168.7229 -34.68859 8.546574 168.5316 -32.44099 2.196574 168.7229 -32.44099 8.546574 168.7229 35.36101 2.196574 168.7229 35.16141 8.546574 168.5316 37.40901 2.196574 168.7229 37.40901 8.546574 168.7229 -37.40517 2.196574 173.9831 -34.25993 2.196574 168.8778 -34.48899 8.546574 168.7229 -32.67005 2.196574 168.8778 -32.67005 8.546574 168.8778 35.59006 2.196574 168.8778 35.36101 8.546574 168.7229 37.17995 2.196574 168.8778 37.17995 8.546574 168.8778 -36.61547 2.196574 174.5167 -34.00801 2.196574 168.9916 -34.25993 8.546574 168.8778 -32.92197 2.196574 168.9916 -32.92197 8.546574 168.9916 35.84199 2.196574 168.9916 35.59006 8.546574 168.8778 39.53549 2.196574 174.5167 36.92803 2.196574 168.9916 40.32519 2.196574 173.9831 36.92803 8.546574 168.9916 -35.99295 2.196574 174.8725 -33.74046 2.196574 169.0613 -34.00801 8.546574 168.9916 -33.18952 2.196574 169.0613 -33.18952 8.546574 169.0613 36.10954 2.196574 169.0613 35.84199 8.546574 168.9916 38.91296 2.196574 174.8725 36.66048 2.196574 169.0613 36.66048 8.546574 169.0613 42.73501 8.546574 169.0034 42.66348 8.546574 169.9538 -33.46499 2.196574 169.0847 -33.74046 8.546574 169.0613 -33.46499 8.546574 169.0847 36.385 2.196574 169.0847 36.10954 8.546574 169.0613 36.385 8.546574 169.0847 -29.50305 2.196574 169.8078 -29.53999 8.546574 169.3385 32.42308 8.546574 169.8078 -29.39316 2.196574 170.2655 -29.50305 8.546574 169.8078 32.31317 2.196574 170.2655 32.31317 8.546574 170.2655 -39.74346 8.546574 169.9538 42.45051 8.546574 170.8828 -29.21301 2.196574 170.7004 -29.39316 8.546574 170.2655 32.13303 2.196574 170.7004 32.13303 8.546574 170.7004 -28.96704 2.196574 171.1018 -29.21301 8.546574 170.7004 31.88706 2.196574 171.1018 31.88706 8.546574 171.1018 -39.53049 8.546574 170.8828 42.10089 8.546574 171.7695 -28.66131 2.196574 171.4598 -28.96704 8.546574 171.1018 31.58133 2.196574 171.4598 31.58133 8.546574 171.4598 -28.30335 2.196574 171.7655 -28.66131 8.546574 171.4598 31.22336 2.196574 171.7655 31.22336 8.546574 171.7655 -27.90196 2.196574 172.0115 -28.30335 8.546574 171.7655 30.82198 2.196574 172.0115 30.82198 8.546574 172.0115 -39.18087 8.546574 171.7695 41.62251 8.546574 172.5938 -27.46704 2.196574 172.1916 -27.90196 8.546574 172.0115 30.38706 2.196574 172.1916 30.38706 8.546574 172.1916 -27.0093 2.196574 172.3015 -27.46704 8.546574 172.1916 29.92931 2.196574 172.3015 29.92931 8.546574 172.3015 -26.53999 2.196574 172.3384 -27.0093 8.546574 172.3015 29.46001 2.196574 172.3384 29.46001 8.546574 172.3384 -19.10764 2.196574 174.8725 -19.10764 2.196574 172.3384 -26.53999 8.546574 172.3384 -16.93246 2.196574 174.8725 -16.93246 2.196574 172.3384 -19.10764 8.546574 172.3384 -11.19554 2.196574 172.3384 -11.19554 2.196574 174.8725 -16.93246 8.546574 172.3384 -8.042765 2.196574 172.3384 -8.042765 2.196574 174.8725 -11.19554 8.546574 172.3384 -1.127306 2.196574 172.3384 -1.127306 2.196574 174.8725 -8.042765 8.546574 172.3384 3.863485 2.196574 172.3384 3.863485 2.196574 174.8725 -1.127306 8.546574 172.3384 5.334112 2.196574 172.3384 5.334112 2.196574 174.8725 3.863485 8.546574 172.3384 10.89673 2.196574 172.3384 10.89673 2.196574 174.8725 5.334112 8.546574 172.3384 15.1709 2.196574 172.3384 15.1709 2.196574 174.8725 10.89673 8.546574 172.3384 21.23391 2.196574 172.3384 21.23391 2.196574 174.8725 15.1709 8.546574 172.3384 21.23391 8.546574 172.3384 -38.70249 8.546574 172.5938 41.02613 8.546574 173.3373 -38.10611 8.546574 173.3373 -37.45596 8.546574 173.9363 -37.40517 8.546574 173.9831 40.37598 8.546574 173.9363 40.32519 8.546574 173.9831 39.53549 8.546574 174.5167 -35.99295 8.546574 174.8725 -36.61547 8.546574 174.5167 -30.68651 2.196574 177.9047 -30.68651 8.546574 177.9047 -20.78951 2.196574 183.5601 -19.29887 2.196574 184.7396 -19.99981 2.196574 184.0938 -18.7025 2.196574 185.4831 -19.10764 2.196574 184.978 -16.93246 2.196574 187.6903 -17.87449 2.196574 187.1941 -18.22411 2.196574 186.3074 -14.14638 2.196574 177.4288 -14.41499 2.196574 177.4065 -14.6836 2.196574 177.4288 -14.94488 2.196574 177.4949 -15.19172 2.196574 177.6032 -15.41735 2.196574 177.7506 -15.61566 2.196574 177.9331 -15.78121 2.196574 178.1459 -15.90949 2.196574 178.3829 -15.99701 2.196574 178.6378 -16.04137 2.196574 178.9037 -16.04137 2.196574 179.1732 -13.8851 2.196574 177.4949 -13.04878 2.196574 178.1459 -13.21433 2.196574 177.9331 -12.78861 2.196574 179.1732 -12.78861 2.196574 178.9037 -13.41262 2.196574 177.7506 -13.63827 2.196574 177.6032 -12.83298 2.196574 178.6378 -12.9205 2.196574 178.3829 -8.042765 2.196574 187.6903 -11.19554 2.196574 187.6903 -1.127306 2.196574 187.6903 3.863485 2.196574 187.6903 5.334112 2.196574 187.6903 10.89673 2.196574 187.6903 15.1709 2.196574 187.6903 17.60362 2.196574 177.4288 17.33501 2.196574 177.4065 17.06641 2.196574 177.4288 16.80512 2.196574 177.4949 16.55829 2.196574 177.6032 16.33265 2.196574 177.7506 16.13434 2.196574 177.9331 15.96879 2.196574 178.1459 15.84051 2.196574 178.3829 15.753 2.196574 178.6378 15.70863 2.196574 178.9037 15.70863 2.196574 179.1732 17.86491 2.196574 177.4949 18.8295 2.196574 178.3829 18.70122 2.196574 178.1459 18.53567 2.196574 177.9331 18.33738 2.196574 177.7506 18.11173 2.196574 177.6032 18.91702 2.196574 179.4391 18.96138 2.196574 179.1732 18.96138 2.196574 178.9037 18.91702 2.196574 178.6378 22.91983 2.196574 184.0938 22.21889 2.196574 184.7396 21.23391 2.196574 186.1527 21.62251 2.196574 185.4831 33.98153 2.196574 177.6904 23.70953 2.196574 183.5601 38.91296 8.546574 174.8725 -14.41499 8.546574 177.4065 -14.14638 8.546574 177.4288 17.33501 8.546574 177.4065 17.60362 8.546574 177.4288 -14.6836 8.546574 177.4288 -13.8851 8.546574 177.4949 17.06641 8.546574 177.4288 17.86491 8.546574 177.4949 -14.94488 8.546574 177.4949 -13.63827 8.546574 177.6032 16.80512 8.546574 177.4949 18.11173 8.546574 177.6032 -15.19172 8.546574 177.6032 -13.41262 8.546574 177.7506 16.55829 8.546574 177.6032 18.33738 8.546574 177.7506 33.98153 8.546574 177.6904 -15.41735 8.546574 177.7506 -13.21433 8.546574 177.9331 16.33265 8.546574 177.7506 18.53567 8.546574 177.9331 -20.78951 8.546574 183.5601 -15.61566 8.546574 177.9331 -13.04878 8.546574 178.1459 16.13434 8.546574 177.9331 18.70122 8.546574 178.1459 -15.78121 8.546574 178.1459 -12.9205 8.546574 178.3829 15.96879 8.546574 178.1459 18.8295 8.546574 178.3829 -15.90949 8.546574 178.3829 -12.83298 8.546574 178.6378 15.84051 8.546574 178.3829 18.91702 8.546574 178.6378 -15.99701 8.546574 178.6378 -12.78861 8.546574 178.9037 15.753 8.546574 178.6378 18.96138 8.546574 178.9037 -16.04137 8.546574 178.9037 -12.78861 8.546574 179.1732 15.70863 8.546574 178.9037 18.96138 8.546574 179.1732 -16.04137 8.546574 179.1732 -15.99701 2.196574 179.4391 -12.83298 2.196574 179.4391 -12.83298 8.546574 179.4391 15.70863 8.546574 179.1732 15.753 2.196574 179.4391 18.91702 8.546574 179.4391 -15.99701 8.546574 179.4391 -15.90949 2.196574 179.694 -12.9205 2.196574 179.694 -12.9205 8.546574 179.694 15.753 8.546574 179.4391 15.84051 2.196574 179.694 18.8295 2.196574 179.694 18.8295 8.546574 179.694 -15.90949 8.546574 179.694 -15.78121 2.196574 179.931 -13.04878 2.196574 179.931 -13.04878 8.546574 179.931 15.84051 8.546574 179.694 15.96879 2.196574 179.931 18.70122 2.196574 179.931 18.70122 8.546574 179.931 -15.78121 8.546574 179.931 -15.61566 2.196574 180.1437 -13.21433 2.196574 180.1437 -13.21433 8.546574 180.1437 15.96879 8.546574 179.931 16.13434 2.196574 180.1437 18.53567 2.196574 180.1437 18.53567 8.546574 180.1437 -15.61566 8.546574 180.1437 -15.41735 2.196574 180.3263 -13.41262 2.196574 180.3263 -13.41262 8.546574 180.3263 16.13434 8.546574 180.1437 16.33265 2.196574 180.3263 18.33738 2.196574 180.3263 18.33738 8.546574 180.3263 -15.41735 8.546574 180.3263 -15.19172 2.196574 180.4737 -13.63827 2.196574 180.4737 -13.63827 8.546574 180.4737 16.33265 8.546574 180.3263 16.55829 2.196574 180.4737 18.11173 2.196574 180.4737 18.11173 8.546574 180.4737 -15.19172 8.546574 180.4737 -14.94488 2.196574 180.582 -13.8851 2.196574 180.582 -13.8851 8.546574 180.582 16.55829 8.546574 180.4737 16.80512 2.196574 180.582 17.86491 2.196574 180.582 17.86491 8.546574 180.582 -14.94488 8.546574 180.582 -14.6836 2.196574 180.6481 -14.14638 2.196574 180.6481 -14.14638 8.546574 180.6481 16.80512 8.546574 180.582 17.06641 2.196574 180.6481 20.68074 2.196574 187.6903 17.60362 2.196574 180.6481 20.79451 2.196574 187.1941 21.14412 2.196574 186.3074 17.60362 8.546574 180.6481 -14.6836 8.546574 180.6481 -14.41499 2.196574 180.6704 -14.41499 8.546574 180.6704 17.06641 8.546574 180.6481 17.33501 2.196574 180.6704 17.33501 8.546574 180.6704 -19.99981 8.546574 184.0938 23.70953 8.546574 183.5601 -19.29887 8.546574 184.7396 22.91983 8.546574 184.0938 -19.10764 8.546574 184.978 22.21889 8.546574 184.7396 -18.7025 8.546574 185.4831 -18.22411 8.546574 186.3074 21.62251 8.546574 185.4831 21.23391 8.546574 186.1527 -17.87449 8.546574 187.1941 21.14412 8.546574 186.3074 -17.76073 2.196574 187.6903 -17.76073 8.546574 187.6903 20.79451 8.546574 187.1941 -17.66152 2.196574 188.1231 -17.66152 8.546574 188.1231 -11.5086 2.196574 196.4787 -11.76988 2.196574 196.5449 -12.01671 2.196574 196.6532 -12.24236 2.196574 196.8006 -12.44065 2.196574 196.9832 -12.6062 2.196574 197.1958 -12.73448 2.196574 197.4329 -16.93246 2.196574 200.5935 -17.58999 2.196574 200.5935 -17.58999 2.196574 189.0735 -11.19554 2.196574 196.4602 -11.23999 2.196574 196.4565 -10.97138 2.196574 196.4787 -1.127306 2.196574 195.9314 -1.368105 2.196574 196.2407 -1.633653 2.196574 196.7314 -8.042765 2.196574 200.5935 -10.71009 2.196574 196.5449 -9.745493 2.196574 197.4329 -9.873774 2.196574 197.1958 -10.03932 2.196574 196.9832 -10.23763 2.196574 196.8006 -10.46327 2.196574 196.6532 -9.613612 2.196574 197.9537 -9.657977 2.196574 197.6878 0.363111 2.196574 194.8933 -0.1478371 2.196574 195.1174 -0.614924 2.196574 195.4226 -1.025416 2.196574 195.8005 1.460012 2.196574 194.7102 0.9039742 2.196574 194.7563 3.53494 2.196574 195.4226 3.067854 2.196574 195.1174 2.556913 2.196574 194.8933 2.016042 2.196574 194.7563 3.945432 2.196574 195.8005 3.863485 2.196574 195.725 4.826673 2.196574 197.8095 4.734838 2.196574 197.2591 4.553678 2.196574 196.7314 4.288129 2.196574 196.2407 5.334112 2.196574 200.5935 10.89673 2.196574 200.5935 14.93673 2.196574 196.6532 14.6899 2.196574 196.5449 14.42862 2.196574 196.4787 14.16001 2.196574 196.4565 13.8914 2.196574 196.4787 13.63012 2.196574 196.5449 13.38329 2.196574 196.6532 12.7938 2.196574 197.1958 12.66552 2.196574 197.4329 13.15764 2.196574 196.8006 12.95935 2.196574 196.9832 15.1709 2.196574 196.8085 15.16237 2.196574 196.8006 12.578 2.196574 197.6878 20.58154 2.196574 188.1231 20.51001 2.196574 189.0735 20.68074 8.546574 187.6903 -17.58999 8.546574 189.0735 20.58154 8.546574 188.1231 -17.58999 8.546574 200.5935 15.36068 2.196574 196.9832 15.52623 2.196574 197.1958 20.51001 2.196574 200.5935 15.74203 2.196574 197.6878 15.65451 2.196574 197.4329 20.51001 8.546574 189.0735 1.460012 8.546574 194.7102 2.016042 8.546574 194.7563 0.9039742 8.546574 194.7563 2.556913 8.546574 194.8933 0.363111 8.546574 194.8933 3.067854 8.546574 195.1174 -0.1478371 8.546574 195.1174 3.53494 8.546574 195.4226 -0.614924 8.546574 195.4226 3.863485 8.546574 195.725 3.945432 8.546574 195.8005 -1.025416 8.546574 195.8005 4.288129 8.546574 196.2407 -1.127306 8.546574 195.9314 -1.368105 8.546574 196.2407 4.553678 8.546574 196.7314 -11.23999 8.546574 196.4565 -11.19554 8.546574 196.4602 14.16001 8.546574 196.4565 14.42862 8.546574 196.4787 -10.97138 8.546574 196.4787 -11.5086 8.546574 196.4787 -10.71009 8.546574 196.5449 13.8914 8.546574 196.4787 14.6899 8.546574 196.5449 -11.76988 8.546574 196.5449 -10.46327 8.546574 196.6532 13.63012 8.546574 196.5449 14.93673 8.546574 196.6532 -12.01671 8.546574 196.6532 -10.23763 8.546574 196.8006 13.38329 8.546574 196.6532 15.16237 8.546574 196.8006 -1.633653 8.546574 196.7314 -1.814813 2.196574 197.2591 4.734838 8.546574 197.2591 -12.24236 8.546574 196.8006 -10.03932 8.546574 196.9832 13.15764 8.546574 196.8006 15.1709 8.546574 196.8085 15.36068 8.546574 196.9832 -12.44065 8.546574 196.9832 -9.873774 8.546574 197.1958 12.95935 8.546574 196.9832 15.52623 8.546574 197.1958 -12.6062 8.546574 197.1958 -9.745493 8.546574 197.4329 12.7938 8.546574 197.1958 15.65451 8.546574 197.4329 -1.814813 8.546574 197.2591 -1.906648 2.196574 197.8095 4.826673 8.546574 197.8095 -12.73448 8.546574 197.4329 -12.822 2.196574 197.6878 -9.657977 8.546574 197.6878 12.66552 8.546574 197.4329 15.74203 8.546574 197.6878 -12.822 8.546574 197.6878 -12.86637 2.196574 197.9537 -9.613612 8.546574 197.9537 12.578 8.546574 197.6878 12.53364 2.196574 197.9537 15.78639 2.196574 197.9537 15.78639 8.546574 197.9537 -1.906648 8.546574 197.8095 -1.906648 2.196574 198.3674 4.826673 2.196574 198.3674 4.826673 8.546574 198.3674 -12.86637 8.546574 197.9537 -12.86637 2.196574 198.2232 -9.613612 2.196574 198.2232 -9.613612 8.546574 198.2232 12.53364 8.546574 197.9537 12.53364 2.196574 198.2232 15.78639 2.196574 198.2232 15.78639 8.546574 198.2232 -12.86637 8.546574 198.2232 -12.822 2.196574 198.4891 -9.657977 2.196574 198.4891 -9.657977 8.546574 198.4891 12.53364 8.546574 198.2232 12.578 2.196574 198.4891 15.74203 2.196574 198.4891 15.74203 8.546574 198.4891 -1.906648 8.546574 198.3674 -1.814813 2.196574 198.9177 4.734838 2.196574 198.9177 4.734838 8.546574 198.9177 -12.822 8.546574 198.4891 -12.73448 2.196574 198.744 -9.745493 2.196574 198.744 -9.745493 8.546574 198.744 12.578 8.546574 198.4891 12.66552 2.196574 198.744 15.65451 2.196574 198.744 15.65451 8.546574 198.744 -12.73448 8.546574 198.744 -12.6062 2.196574 198.981 -9.873774 2.196574 198.981 -9.873774 8.546574 198.981 12.66552 8.546574 198.744 12.7938 2.196574 198.981 15.52623 2.196574 198.981 15.52623 8.546574 198.981 -1.814813 8.546574 198.9177 -1.633653 2.196574 199.4454 4.553678 2.196574 199.4454 4.553678 8.546574 199.4454 -12.6062 8.546574 198.981 -12.44065 2.196574 199.1937 -10.03932 2.196574 199.1937 -10.03932 8.546574 199.1937 12.7938 8.546574 198.981 12.95935 2.196574 199.1937 15.36068 2.196574 199.1937 15.36068 8.546574 199.1937 -12.44065 8.546574 199.1937 -12.24236 2.196574 199.3763 -10.23763 2.196574 199.3763 -10.23763 8.546574 199.3763 12.95935 8.546574 199.1937 13.15764 2.196574 199.3763 15.1709 2.196574 199.3684 15.1709 8.546574 199.3684 15.1709 2.196574 200.5935 15.16237 2.196574 199.3763 15.16237 8.546574 199.3763 -12.24236 8.546574 199.3763 -12.01671 2.196574 199.5237 -10.46327 2.196574 199.5237 -10.46327 8.546574 199.5237 13.15764 8.546574 199.3763 13.38329 2.196574 199.5237 14.93673 2.196574 199.5237 14.93673 8.546574 199.5237 -1.633653 8.546574 199.4454 -1.368105 2.196574 199.9361 4.288129 2.196574 199.9361 4.288129 8.546574 199.9361 -12.01671 8.546574 199.5237 -11.76988 2.196574 199.632 -11.19554 2.196574 200.5935 -10.71009 2.196574 199.632 -10.71009 8.546574 199.632 13.38329 8.546574 199.5237 13.63012 2.196574 199.632 14.6899 2.196574 199.632 14.6899 8.546574 199.632 -11.76988 8.546574 199.632 -11.5086 2.196574 199.6981 -10.97138 2.196574 199.6981 -10.97138 8.546574 199.6981 13.63012 8.546574 199.632 13.8914 2.196574 199.6981 14.42862 2.196574 199.6981 14.42862 8.546574 199.6981 -11.5086 8.546574 199.6981 -11.23999 2.196574 199.7204 -11.19554 2.196574 199.7167 -11.19554 8.546574 199.7167 13.8914 8.546574 199.6981 14.16001 2.196574 199.7204 14.16001 8.546574 199.7204 -11.23999 8.546574 199.7204 -1.368105 8.546574 199.9361 -1.127306 2.196574 200.2455 -1.127306 2.196574 200.5935 3.945432 2.196574 200.3764 3.945432 8.546574 200.3764 -1.127306 8.546574 200.2455 -1.025416 2.196574 200.3764 -1.025416 8.546574 200.3764 -0.789599 2.196574 200.5935 3.863485 2.196574 200.4519 3.863485 8.546574 200.4519 3.863485 2.196574 200.5935 3.709615 2.196574 200.5935 3.709615 8.546574 200.5935 -17.58999 2.196574 204.4384 -17.58999 8.546574 204.4384 -16.93246 2.196574 207.2378 -17.2792 2.196574 206.4007 -17.51181 2.196574 205.4318 -16.89789 2.196574 207.3213 -11.23999 2.196574 210.7884 -12.23335 2.196574 210.7103 -14.97242 2.196574 209.5757 -15.73012 2.196574 208.9286 -16.37725 2.196574 208.1709 -13.20225 2.196574 210.4776 -14.12283 2.196574 210.0963 -8.042765 2.196574 210.7884 -11.19554 2.196574 210.7884 -1.127306 2.196574 210.7884 -0.789599 8.546574 200.5935 -0.614924 2.196574 200.7543 3.53494 2.196574 200.7543 3.53494 8.546574 200.7543 3.863485 2.196574 210.7884 5.334112 2.196574 210.7884 10.89673 2.196574 210.7884 14.16001 2.196574 210.7884 20.51001 2.196574 204.4384 20.43183 2.196574 205.4318 18.65014 2.196574 208.9286 17.89245 2.196574 209.5757 19.29727 2.196574 208.1709 17.04285 2.196574 210.0963 16.12227 2.196574 210.4776 15.1709 2.196574 210.706 20.19922 2.196574 206.4007 19.8179 2.196574 207.3213 15.15337 2.196574 210.7103 20.51001 8.546574 200.5935 -0.614924 8.546574 200.7543 -0.1478371 2.196574 201.0595 3.067854 2.196574 201.0595 3.067854 8.546574 201.0595 -0.1478371 8.546574 201.0595 0.363111 2.196574 201.2836 2.556913 2.196574 201.2836 2.556913 8.546574 201.2836 0.363111 8.546574 201.2836 0.9039742 2.196574 201.4206 2.016042 2.196574 201.4206 2.016042 8.546574 201.4206 0.9039742 8.546574 201.4206 1.460012 2.196574 201.4667 1.460012 8.546574 201.4667 20.51001 8.546574 204.4384 20.43183 8.546574 205.4318 -17.51181 8.546574 205.4318 20.19922 8.546574 206.4007 -16.93246 8.546574 207.2378 -17.2792 8.546574 206.4007 19.8179 8.546574 207.3213 -16.89789 8.546574 207.3213 19.29727 8.546574 208.1709 -16.37725 8.546574 208.1709 18.65014 8.546574 208.9286 -15.73012 8.546574 208.9286 17.89245 8.546574 209.5757 -14.97242 8.546574 209.5757 17.04285 8.546574 210.0963 -14.12283 8.546574 210.0963 16.12227 8.546574 210.4776 -13.20225 8.546574 210.4776 15.1709 8.546574 210.706 -12.23335 8.546574 210.7103 14.16001 8.546574 210.7884 15.15337 8.546574 210.7103 -11.19554 8.546574 210.7884 -11.23999 8.546574 210.7884 -8.042765 8.546574 210.7884 -1.127306 8.546574 210.7884 3.863485 8.546574 210.7884 5.334112 8.546574 210.7884 10.89673 8.546574 210.7884 -56.28902 8.546574 -140.4078 -48.75632 8.546574 -140.4078 -19.10764 8.546574 -140.4078 -16.93246 8.546574 -140.4078 -11.19554 8.546574 -140.4078 -8.042765 8.546574 -140.4078 -1.127306 8.546574 -140.4078 3.863485 8.546574 -140.4078 5.334112 8.546574 -140.4078 10.89673 8.546574 -140.4078 15.1709 8.546574 -140.4078 21.23391 8.546574 -140.4078 51.06584 8.546574 -140.4078 53.47883 8.546574 -140.4078 66.56974 8.546574 -140.4078 -70.60686 8.546574 -140.4078 74.62921 8.546574 -140.4078 79.49313 8.546574 -140.4078 -77.71665 8.546574 -140.4078 -77.71665 8.546574 -126.8023 -70.60686 8.546574 -126.8023 -56.28902 8.546574 -126.8023 -48.75632 8.546574 -126.8023 -19.10764 8.546574 -126.8023 -16.93246 8.546574 -126.8023 -11.19554 8.546574 -126.8023 -8.042765 8.546574 -126.8023 10.89673 8.546574 -126.8023 15.1709 8.546574 -126.8023 21.23391 8.546574 -126.8023 51.06584 8.546574 -126.8023 53.47883 8.546574 -126.8023 66.56974 8.546574 -126.8023 74.62921 8.546574 -126.8023 79.49313 8.546574 -126.8023 5.334112 8.546574 -126.8023 -1.127306 8.546574 -126.8023 3.863485 8.546574 -126.8023 -77.71665 8.546574 -119.9037 -70.60686 8.546574 -119.9037 -56.28902 8.546574 -119.9037 -48.75632 8.546574 -119.9037 -19.10764 8.546574 -119.9037 -16.93246 8.546574 -119.9037 -11.19554 8.546574 -119.9037 -8.042765 8.546574 -119.9037 -1.127306 8.546574 -119.9037 3.863485 8.546574 -119.9037 5.334112 8.546574 -119.9037 10.89673 8.546574 -119.9037 15.1709 8.546574 -119.9037 21.23391 8.546574 -119.9037 51.06584 8.546574 -119.9037 53.47883 8.546574 -119.9037 74.62921 8.546574 -119.9037 79.49313 8.546574 -119.9037 66.56974 8.546574 -119.9037 -56.28902 8.546574 -116.2356 -48.75632 8.546574 -116.2356 -19.10764 8.546574 -116.2356 -16.93246 8.546574 -116.2356 -11.19554 8.546574 -116.2356 -8.042765 8.546574 -116.2356 -1.127306 8.546574 -116.2356 3.863485 8.546574 -116.2356 5.334112 8.546574 -116.2356 10.89673 8.546574 -116.2356 15.1709 8.546574 -116.2356 21.23391 8.546574 -116.2356 51.06584 8.546574 -116.2356 53.47883 8.546574 -116.2356 66.56974 8.546574 -116.2356 74.62921 8.546574 -116.2356 79.49313 8.546574 -116.2356 -37.45596 8.546574 -116.2356 -30.68651 8.546574 -116.2356 33.98153 8.546574 -116.2356 40.37598 8.546574 -116.2356 -56.28902 8.546574 -112.0814 -48.75632 8.546574 -112.0814 -37.45596 8.546574 -112.0814 -30.68651 8.546574 -112.0814 -19.10764 8.546574 -112.0814 -16.93246 8.546574 -112.0814 -11.19554 8.546574 -112.0814 -8.042765 8.546574 -112.0814 -1.127306 8.546574 -112.0814 3.863485 8.546574 -112.0814 5.334112 8.546574 -112.0814 10.89673 8.546574 -112.0814 15.1709 8.546574 -112.0814 21.23391 8.546574 -112.0814 33.98153 8.546574 -112.0814 40.37598 8.546574 -112.0814 51.06584 8.546574 -112.0814 53.47883 8.546574 -112.0814 66.56974 8.546574 -112.0814 74.62921 8.546574 -112.0814 79.49313 8.546574 -112.0814 -70.60686 8.546574 -112.0814 -77.71665 8.546574 -112.0814 -77.71665 8.546574 -110.7359 -70.60686 8.546574 -110.7359 -56.28902 8.546574 -110.7359 -48.75632 8.546574 -110.7359 -37.45596 8.546574 -110.7359 -30.68651 8.546574 -110.7359 -19.10764 8.546574 -110.7359 -16.93246 8.546574 -110.7359 -11.19554 8.546574 -110.7359 -8.042765 8.546574 -110.7359 -1.127306 8.546574 -110.7359 3.863485 8.546574 -110.7359 5.334112 8.546574 -110.7359 10.89673 8.546574 -110.7359 15.1709 8.546574 -110.7359 21.23391 8.546574 -110.7359 33.98153 8.546574 -110.7359 40.37598 8.546574 -110.7359 51.06584 8.546574 -110.7359 53.47883 8.546574 -110.7359 66.56974 8.546574 -110.7359 74.62921 8.546574 -110.7359 79.49313 8.546574 -110.7359 -56.28902 8.546574 -105.4358 -48.75632 8.546574 -105.4358 -37.45596 8.546574 -105.4358 -30.68651 8.546574 -105.4358 -19.10764 8.546574 -105.4358 -16.93246 8.546574 -105.4358 -11.19554 8.546574 -105.4358 -8.042765 8.546574 -105.4358 -1.127306 8.546574 -105.4358 3.863485 8.546574 -105.4358 5.334112 8.546574 -105.4358 10.89673 8.546574 -105.4358 15.1709 8.546574 -105.4358 21.23391 8.546574 -105.4358 33.98153 8.546574 -105.4358 40.37598 8.546574 -105.4358 51.06584 8.546574 -105.4358 53.47883 8.546574 -105.4358 66.56974 8.546574 -105.4358 74.62921 8.546574 -105.4358 79.49313 8.546574 -105.4358 -70.60686 8.546574 -105.4358 -77.71665 8.546574 -105.4358 -77.71665 8.546574 -100.9857 -70.60686 8.546574 -100.9857 -56.28902 8.546574 -100.9857 -48.75632 8.546574 -100.9857 -37.45596 8.546574 -100.9857 -30.68651 8.546574 -100.9857 -19.10764 8.546574 -100.9857 -16.93246 8.546574 -100.9857 -11.19554 8.546574 -100.9857 -8.042765 8.546574 -100.9857 -1.127306 8.546574 -100.9857 3.863485 8.546574 -100.9857 5.334112 8.546574 -100.9857 10.89673 8.546574 -100.9857 15.1709 8.546574 -100.9857 21.23391 8.546574 -100.9857 33.98153 8.546574 -100.9857 40.37598 8.546574 -100.9857 51.06584 8.546574 -100.9857 53.47883 8.546574 -100.9857 66.56974 8.546574 -100.9857 74.62921 8.546574 -100.9857 79.49313 8.546574 -100.9857 -77.71665 8.546574 -83.86623 -70.60686 8.546574 -83.86623 -56.28902 8.546574 -83.86623 -48.75632 8.546574 -83.86623 -37.45596 8.546574 -83.86623 -30.68651 8.546574 -83.86623 -19.10764 8.546574 -83.86623 -16.93246 8.546574 -83.86623 -11.19554 8.546574 -83.86623 -8.042765 8.546574 -83.86623 -1.127306 8.546574 -83.86623 3.863485 8.546574 -83.86623 5.334112 8.546574 -83.86623 10.89673 8.546574 -83.86623 15.1709 8.546574 -83.86623 21.23391 8.546574 -83.86623 33.98153 8.546574 -83.86623 40.37598 8.546574 -83.86623 51.06584 8.546574 -83.86623 53.47883 8.546574 -83.86623 66.56974 8.546574 -83.86623 74.62921 8.546574 -83.86623 79.49313 8.546574 -83.86623 -77.71665 8.546574 -68.72116 -70.60686 8.546574 -68.72116 -56.28902 8.546574 -68.72116 -48.75632 8.546574 -68.72116 -37.45596 8.546574 -68.72116 -30.68651 8.546574 -68.72116 -19.10764 8.546574 -68.72116 -16.93246 8.546574 -68.72116 -11.19554 8.546574 -68.72116 -8.042765 8.546574 -68.72116 -1.127306 8.546574 -68.72116 3.863485 8.546574 -68.72116 5.334112 8.546574 -68.72116 10.89673 8.546574 -68.72116 15.1709 8.546574 -68.72116 21.23391 8.546574 -68.72116 33.98153 8.546574 -68.72116 40.37598 8.546574 -68.72116 51.06584 8.546574 -68.72116 53.47883 8.546574 -68.72116 66.56974 8.546574 -68.72116 74.62921 8.546574 -68.72116 79.49313 8.546574 -68.72116 -77.71665 8.546574 -61.43605 -70.60686 8.546574 -61.43605 -56.28902 8.546574 -61.43605 -48.75632 8.546574 -61.43605 -37.45596 8.546574 -61.43605 -30.68651 8.546574 -61.43605 -19.10764 8.546574 -61.43605 -16.93246 8.546574 -61.43605 -11.19554 8.546574 -61.43605 -8.042765 8.546574 -61.43605 -1.127306 8.546574 -61.43605 3.863485 8.546574 -61.43605 5.334112 8.546574 -61.43605 10.89673 8.546574 -61.43605 15.1709 8.546574 -61.43605 21.23391 8.546574 -61.43605 33.98153 8.546574 -61.43605 40.37598 8.546574 -61.43605 51.06584 8.546574 -61.43605 53.47883 8.546574 -61.43605 66.56974 8.546574 -61.43605 74.62921 8.546574 -61.43605 79.49313 8.546574 -61.43605 -77.71665 8.546574 -46.95686 -70.60686 8.546574 -46.95686 -56.28902 8.546574 -46.95686 -48.75632 8.546574 -46.95686 -37.45596 8.546574 -46.95686 -30.68651 8.546574 -46.95686 -19.10764 8.546574 -46.95686 -16.93246 8.546574 -46.95686 -11.19554 8.546574 -46.95686 -8.042765 8.546574 -46.95686 -1.127306 8.546574 -46.95686 3.863485 8.546574 -46.95686 5.334112 8.546574 -46.95686 10.89673 8.546574 -46.95686 15.1709 8.546574 -46.95686 21.23391 8.546574 -46.95686 33.98153 8.546574 -46.95686 40.37598 8.546574 -46.95686 51.06584 8.546574 -46.95686 53.47883 8.546574 -46.95686 66.56974 8.546574 -46.95686 74.62921 8.546574 -46.95686 79.49313 8.546574 -46.95686 -77.71665 8.546574 -35.54711 -70.60686 8.546574 -35.54711 -56.28902 8.546574 -35.54711 -48.75632 8.546574 -35.54711 -37.45596 8.546574 -35.54711 -30.68651 8.546574 -35.54711 -19.10764 8.546574 -35.54711 -16.93246 8.546574 -35.54711 -11.19554 8.546574 -35.54711 -8.042765 8.546574 -35.54711 -1.127306 8.546574 -35.54711 3.863485 8.546574 -35.54711 5.334112 8.546574 -35.54711 10.89673 8.546574 -35.54711 15.1709 8.546574 -35.54711 21.23391 8.546574 -35.54711 33.98153 8.546574 -35.54711 40.37598 8.546574 -35.54711 51.06584 8.546574 -35.54711 53.47883 8.546574 -35.54711 66.56974 8.546574 -35.54711 74.62921 8.546574 -35.54711 79.49313 8.546574 -35.54711 -77.71665 8.546574 -24.5838 -70.60686 8.546574 -24.5838 -56.28902 8.546574 -24.5838 -48.75632 8.546574 -24.5838 -37.45596 8.546574 -24.5838 -30.68651 8.546574 -24.5838 -19.10764 8.546574 -24.5838 -16.93246 8.546574 -24.5838 -11.19554 8.546574 -24.5838 -8.042765 8.546574 -24.5838 -1.127306 8.546574 -24.5838 3.863485 8.546574 -24.5838 5.334112 8.546574 -24.5838 10.89673 8.546574 -24.5838 15.1709 8.546574 -24.5838 21.23391 8.546574 -24.5838 33.98153 8.546574 -24.5838 40.37598 8.546574 -24.5838 51.06584 8.546574 -24.5838 53.47883 8.546574 -24.5838 66.56974 8.546574 -24.5838 74.62921 8.546574 -24.5838 79.49313 8.546574 -24.5838 -77.71665 8.546574 -16.0006 -70.60686 8.546574 -16.0006 -56.28902 8.546574 -16.0006 -48.75632 8.546574 -16.0006 -37.45596 8.546574 -16.0006 -30.68651 8.546574 -16.0006 -19.10764 8.546574 -16.0006 -16.93246 8.546574 -16.0006 -11.19554 8.546574 -16.0006 -8.042765 8.546574 -16.0006 -1.127306 8.546574 -16.0006 3.863485 8.546574 -16.0006 5.334112 8.546574 -16.0006 10.89673 8.546574 -16.0006 15.1709 8.546574 -16.0006 21.23391 8.546574 -16.0006 33.98153 8.546574 -16.0006 40.37598 8.546574 -16.0006 51.06584 8.546574 -16.0006 53.47883 8.546574 -16.0006 66.56974 8.546574 -16.0006 74.62921 8.546574 -16.0006 79.49313 8.546574 -16.0006 -77.71665 8.546574 -6.865999 -70.60686 8.546574 -6.865999 -56.28902 8.546574 -6.865999 -48.75632 8.546574 -6.865999 -37.45596 8.546574 -6.865999 -30.68651 8.546574 -6.865999 -19.10764 8.546574 -6.865999 -16.93246 8.546574 -6.865999 -11.19554 8.546574 -6.865999 -8.042765 8.546574 -6.865999 -1.127306 8.546574 -6.865999 3.863485 8.546574 -6.865999 5.334112 8.546574 -6.865999 10.89673 8.546574 -6.865999 15.1709 8.546574 -6.865999 21.23391 8.546574 -6.865999 33.98153 8.546574 -6.865999 40.37598 8.546574 -6.865999 51.06584 8.546574 -6.865999 53.47883 8.546574 -6.865999 66.56974 8.546574 -6.865999 74.62921 8.546574 -6.865999 79.49313 8.546574 -6.865999 -77.71665 8.546574 -0.1794608 -70.60686 8.546574 -0.1794608 -56.28902 8.546574 -0.1794608 -48.75632 8.546574 -0.1794608 -37.45596 8.546574 -0.1794608 -30.68651 8.546574 -0.1794608 -19.10764 8.546574 -0.1794608 -16.93246 8.546574 -0.1794608 -11.19554 8.546574 -0.1794608 -8.042765 8.546574 -0.1794608 -1.127306 8.546574 -0.1794608 3.863485 8.546574 -0.1794608 5.334112 8.546574 -0.1794608 10.89673 8.546574 -0.1794608 21.23391 8.546574 -0.1794608 15.1709 8.546574 -0.1794608 33.98153 8.546574 -0.1794608 40.37598 8.546574 -0.1794608 51.06584 8.546574 -0.1794608 53.47883 8.546574 -0.1794608 66.56974 8.546574 -0.1794608 74.62921 8.546574 -0.1794608 79.49313 8.546574 -0.1794608 -77.71665 8.546574 24.8353 -70.60686 8.546574 24.8353 -56.28902 8.546574 24.8353 -48.75632 8.546574 24.8353 -37.45596 8.546574 24.8353 -30.68651 8.546574 24.8353 -19.10764 8.546574 24.8353 -16.93246 8.546574 24.8353 -11.19554 8.546574 24.8353 -8.042765 8.546574 24.8353 -1.127306 8.546574 24.8353 3.863485 8.546574 24.8353 5.334112 8.546574 24.8353 10.89673 8.546574 24.8353 15.1709 8.546574 24.8353 21.23391 8.546574 24.8353 33.98153 8.546574 24.8353 40.37598 8.546574 24.8353 51.06584 8.546574 24.8353 53.47883 8.546574 24.8353 66.56974 8.546574 24.8353 79.49313 8.546574 24.8353 74.62921 8.546574 24.8353 -77.71665 8.546574 32.38187 -70.60686 8.546574 32.38187 -56.28902 8.546574 32.38187 -48.75632 8.546574 32.38187 -37.45596 8.546574 32.38187 -30.68651 8.546574 32.38187 -19.10764 8.546574 32.38187 -16.93246 8.546574 32.38187 -11.19554 8.546574 32.38187 -8.042765 8.546574 32.38187 -1.127306 8.546574 32.38187 3.863485 8.546574 32.38187 5.334112 8.546574 32.38187 10.89673 8.546574 32.38187 15.1709 8.546574 32.38187 21.23391 8.546574 32.38187 33.98153 8.546574 32.38187 40.37598 8.546574 32.38187 51.06584 8.546574 32.38187 53.47883 8.546574 32.38187 66.56974 8.546574 32.38187 74.62921 8.546574 32.38187 79.49313 8.546574 32.38187 -77.71665 8.546574 35.5643 -70.60686 8.546574 35.5643 -56.28902 8.546574 35.5643 -48.75632 8.546574 35.5643 -37.45596 8.546574 35.5643 -30.68651 8.546574 35.5643 -19.10764 8.546574 35.5643 -16.93246 8.546574 35.5643 -11.19554 8.546574 35.5643 -8.042765 8.546574 35.5643 -1.127306 8.546574 35.5643 3.863485 8.546574 35.5643 5.334112 8.546574 35.5643 10.89673 8.546574 35.5643 15.1709 8.546574 35.5643 21.23391 8.546574 35.5643 33.98153 8.546574 35.5643 40.37598 8.546574 35.5643 51.06584 8.546574 35.5643 53.47883 8.546574 35.5643 66.56974 8.546574 35.5643 74.62921 8.546574 35.5643 79.49313 8.546574 35.5643 -77.71665 8.546574 42.28312 -70.60686 8.546574 42.28312 -56.28902 8.546574 42.28312 -48.75632 8.546574 42.28312 -37.45596 8.546574 42.28312 -30.68651 8.546574 42.28312 -19.10764 8.546574 42.28312 -16.93246 8.546574 42.28312 -11.19554 8.546574 42.28312 -8.042765 8.546574 42.28312 -1.127306 8.546574 42.28312 3.863485 8.546574 42.28312 5.334112 8.546574 42.28312 10.89673 8.546574 42.28312 15.1709 8.546574 42.28312 21.23391 8.546574 42.28312 33.98153 8.546574 42.28312 40.37598 8.546574 42.28312 51.06584 8.546574 42.28312 53.47883 8.546574 42.28312 66.56974 8.546574 42.28312 79.49313 8.546574 42.28312 74.62921 8.546574 42.28312 -77.71665 8.546574 45.78305 -70.60686 8.546574 45.78305 -56.28902 8.546574 45.78305 -48.75632 8.546574 45.78305 -37.45596 8.546574 45.78305 -30.68651 8.546574 45.78305 -19.10764 8.546574 45.78305 -16.93246 8.546574 45.78305 -11.19554 8.546574 45.78305 -8.042765 8.546574 45.78305 -1.127306 8.546574 45.78305 3.863485 8.546574 45.78305 5.334112 8.546574 45.78305 10.89673 8.546574 45.78305 15.1709 8.546574 45.78305 21.23391 8.546574 45.78305 33.98153 8.546574 45.78305 40.37598 8.546574 45.78305 51.06584 8.546574 45.78305 53.47883 8.546574 45.78305 66.56974 8.546574 45.78305 74.62921 8.546574 45.78305 79.49313 8.546574 45.78305 -70.60686 8.546574 50.52856 -56.28902 8.546574 50.52856 -48.75632 8.546574 50.52856 -37.45596 8.546574 50.52856 -30.68651 8.546574 50.52856 -19.10764 8.546574 50.52856 -16.93246 8.546574 50.52856 -11.19554 8.546574 50.52856 -8.042765 8.546574 50.52856 -1.127306 8.546574 50.52856 3.863485 8.546574 50.52856 5.334112 8.546574 50.52856 10.89673 8.546574 50.52856 15.1709 8.546574 50.52856 21.23391 8.546574 50.52856 33.98153 8.546574 50.52856 40.37598 8.546574 50.52856 51.06584 8.546574 50.52856 53.47883 8.546574 50.52856 66.56974 8.546574 50.52856 74.62921 8.546574 50.52856 79.49313 8.546574 50.52856 -70.60686 8.546574 56.55433 -56.28902 8.546574 56.55433 -48.75632 8.546574 56.55433 -37.45596 8.546574 56.55433 -30.68651 8.546574 56.55433 -19.10764 8.546574 56.55433 -16.93246 8.546574 56.55433 -11.19554 8.546574 56.55433 -8.042765 8.546574 56.55433 -1.127306 8.546574 56.55433 3.863485 8.546574 56.55433 5.334112 8.546574 56.55433 10.89673 8.546574 56.55433 15.1709 8.546574 56.55433 21.23391 8.546574 56.55433 33.98153 8.546574 56.55433 40.37598 8.546574 56.55433 51.06584 8.546574 56.55433 53.47883 8.546574 56.55433 74.62921 8.546574 56.55433 -77.71665 8.546574 56.55433 66.56974 8.546574 56.55433 79.49313 8.546574 56.55433 -77.71665 8.546574 57.68612 -70.60686 8.546574 57.68612 -56.28902 8.546574 57.68612 -48.75632 8.546574 57.68612 -37.45596 8.546574 57.68612 -30.68651 8.546574 57.68612 -19.10764 8.546574 57.68612 -16.93246 8.546574 57.68612 -11.19554 8.546574 57.68612 -8.042765 8.546574 57.68612 -1.127306 8.546574 57.68612 3.863485 8.546574 57.68612 5.334112 8.546574 57.68612 10.89673 8.546574 57.68612 15.1709 8.546574 57.68612 21.23391 8.546574 57.68612 33.98153 8.546574 57.68612 40.37598 8.546574 57.68612 51.06584 8.546574 57.68612 53.47883 8.546574 57.68612 66.56974 8.546574 57.68612 74.62921 8.546574 57.68612 79.49313 8.546574 57.68612 -56.28902 8.546574 77.13048 -48.75632 8.546574 77.13048 -37.45596 8.546574 77.13048 -1.127306 8.546574 77.13048 3.863485 8.546574 77.13048 40.37598 8.546574 77.13048 51.06584 8.546574 77.13048 53.47883 8.546574 77.13048 5.334112 8.546574 77.13048 -30.68651 8.546574 77.13048 33.98153 8.546574 77.13048 -8.042765 8.546574 77.13048 10.89673 8.546574 77.13048 -11.19554 8.546574 77.13048 -19.10764 8.546574 77.13048 -16.93246 8.546574 77.13048 -56.28902 8.546574 78.89727 -48.75632 8.546574 78.89727 -37.45596 8.546574 78.89727 -30.68651 8.546574 78.89727 -19.10764 8.546574 78.89727 -16.93246 8.546574 78.89727 -11.19554 8.546574 78.89727 -8.042765 8.546574 78.89727 -1.127306 8.546574 78.89727 3.863485 8.546574 78.89727 5.334112 8.546574 78.89727 10.89673 8.546574 78.89727 15.1709 8.546574 78.89727 33.98153 8.546574 78.89727 40.37598 8.546574 78.89727 51.06584 8.546574 78.89727 53.47883 8.546574 78.89727 21.23391 8.546574 78.89727 -37.45596 8.546574 89.72039 -30.68651 8.546574 89.72039 -19.10764 8.546574 89.72039 -11.19554 8.546574 89.72039 -8.042765 8.546574 89.72039 -1.127306 8.546574 89.72039 5.334112 8.546574 89.72039 3.863485 8.546574 89.72039 10.89673 8.546574 89.72039 15.1709 8.546574 89.72039 33.98153 8.546574 89.72039 21.23391 8.546574 89.72039 40.37598 8.546574 89.72039 -16.93246 8.546574 89.72039 -37.45596 8.546574 100.0201 -30.68651 8.546574 100.0201 -19.10764 8.546574 100.0201 -16.93246 8.546574 100.0201 -11.19554 8.546574 100.0201 -8.042765 8.546574 100.0201 -1.127306 8.546574 100.0201 3.863485 8.546574 100.0201 5.334112 8.546574 100.0201 10.89673 8.546574 100.0201 15.1709 8.546574 100.0201 21.23391 8.546574 100.0201 33.98153 8.546574 100.0201 40.37598 8.546574 100.0201 -37.45596 8.546574 138.6228 -30.68651 8.546574 138.6228 33.98153 8.546574 138.6228 40.37598 8.546574 138.6228 -37.45596 8.546574 165.7397 -30.68651 8.546574 165.7397 33.98153 8.546574 165.7397 40.37598 8.546574 165.7397 -30.68651 8.546574 174.8725 33.98153 8.546574 174.8725 -19.10764 8.546574 174.8725 -16.93246 8.546574 174.8725 -11.19554 8.546574 174.8725 -8.042765 8.546574 174.8725 -1.127306 8.546574 174.8725 3.863485 8.546574 174.8725 5.334112 8.546574 174.8725 10.89673 8.546574 174.8725 15.1709 8.546574 174.8725 21.23391 8.546574 174.8725 -16.93246 8.546574 187.6903 -8.042765 8.546574 187.6903 -11.19554 8.546574 187.6903 -1.127306 8.546574 187.6903 3.863485 8.546574 187.6903 5.334112 8.546574 187.6903 10.89673 8.546574 187.6903 15.1709 8.546574 187.6903 -16.93246 8.546574 200.5935 -8.042765 8.546574 200.5935 5.334112 8.546574 200.5935 10.89673 8.546574 200.5935 15.1709 8.546574 200.5935 -11.19554 8.546574 200.5935 -1.127306 8.546574 200.5935 3.863485 8.546574 200.5935</float_array>
          <technique_common>
            <accessor source="#lower_plate-mesh-positions-array" count="7368" stride="3">
              <param name="X" type="float"/>
              <param name="Y" type="float"/>
              <param name="Z" type="float"/>
            </accessor>
          </technique_common>
        </source>
        <source id="lower_plate-mesh-normals">
          <float_array id="lower_plate-mesh-normals-array" count="17214">0.7071085 0 0.7071052 0.7071037 0 0.7071099 0.7071059 0 0.7071077 0.0827046 0 0.9965741 0 0 1 0.08270221 0 0.9965744 0.08255892 0 0.9965863 0.2454726 0 0.9694036 0.08255654 0 0.9965864 0.245476 0 0.9694027 0.2454726 0 0.9694035 0.4016504 0 0.9157931 0.245476 0 0.9694027 0.4016558 0 0.9157908 0.4016504 0 0.9157931 0.5469644 0 0.8371559 0.4016557 0 0.9157907 0.5469578 0 0.8371602 0.5470673 0 0.8370888 0.6772298 0 0.7357716 0.5470606 0 0.8370931 0.6772371 0 0.7357649 0.7891662 0 0.6141799 0.7891661 0 0.6141799 0.8794203 0 0.4760461 0.8794265 0 0.4760348 0.8794869 0 0.4759233 0.9458228 0 0.3246834 0.8794929 0 0.4759121 0.9458138 0 0.3247095 0.9863569 0 0.1646217 0.9458138 0 0.3247095 0.9863615 0 0.1645933 0.9863609 0 0.1645979 1 0 0 0.9863656 0 0.1645696 0.9863609 0 -0.1645979 0.9863656 0 -0.1645696 0.9863569 0 -0.1646217 0.9458228 0 -0.3246834 0.9863615 0 -0.1645933 0.9458138 0 -0.3247095 0.8794537 0 -0.4759848 0.9458138 0 -0.3247095 0.8794597 0 -0.4759734 0.8794869 0 -0.4759233 0.7891662 0 -0.6141799 0.8794929 0 -0.4759121 0.7890555 0 -0.6143221 0.6773092 0 -0.7356986 0.6773164 0 -0.7356919 0.5469644 0 -0.8371559 0.5469578 0 -0.8371602 0.5469645 0 -0.8371559 0.4016504 0 -0.9157931 0.5469579 0 -0.8371602 0.4016558 0 -0.9157908 0.4017734 0 -0.9157392 0.2453348 0 -0.9694385 0.4017788 0 -0.9157369 0.2453382 0 -0.9694376 0.2454726 0 -0.9694035 0.08255898 0 -0.9965862 0.245476 0 -0.9694027 0.08255654 0 -0.9965864 0.0827046 0 -0.9965742 0 0 -1 0.08270221 0 -0.9965744 -0.08254003 0 0.9965878 -0.08256727 0 0.9965856 -0.2454738 0 0.9694033 -0.08293187 0 0.9965553 -0.401717 0 0.9157639 -0.4016966 0 0.9157729 -0.5469407 0 0.8371714 -0.6772935 0 0.735713 -0.677267 0 0.7357374 -0.7891524 0 0.6141976 -0.789134 0 0.6142212 -0.8794779 0 0.4759401 -0.8794723 0 0.4759503 -0.9458146 0 0.3247071 -0.9458197 0 0.3246921 -0.9863604 0 0.1646003 -1 0 0 -0.9863591 0 -0.1646083 -0.9863604 0 -0.1646003 -0.9458197 0 -0.3246921 -0.8794723 0 -0.4759503 -0.8794779 0 -0.4759401 -0.7891339 0 -0.6142212 -0.7891524 0 -0.6141974 -0.677267 0 -0.7357373 -0.6772802 0 -0.7357252 -0.5469749 0 -0.837149 -0.5469407 0 -0.8371714 -0.401676 0 -0.9157819 -0.4017171 0 -0.9157639 -0.2454738 0 -0.9694033 -0.08248299 0 -0.9965925 -0.08248299 0 -0.9965925 -0.08256727 0 -0.9965856 -0.08251428 0 0.9965899 -0.08251434 0 0.9965899 -0.245545 0 0.9693853 -0.245476 0 0.9694027 -0.08263468 0 0.99658 -0.4017173 0 0.9157638 -0.4017173 0 0.9157637 -0.5468683 0 0.8372187 -0.5469198 0 0.837185 -0.6773019 0 0.7357053 -0.677302 0 0.7357052 -0.7891108 0 0.6142509 -0.7891384 0 0.6142154 -0.8794929 0 0.475912 -0.8794929 0 0.4759121 -0.9458228 0 0.3246834 -0.9863508 0 0.1646571 -0.9863438 0 0.1646998 -0.9863626 0 0.164587 -0.9863522 0 -0.16465 -0.9863522 0 -0.16465 -0.9458228 0 -0.3246834 -0.9458306 0 -0.3246609 -0.8794764 0 -0.4759428 -0.8794763 0 -0.4759428 -0.7891384 0 -0.6142153 -0.7891384 0 -0.6142154 -0.6772622 0 -0.7357418 -0.677302 0 -0.7357052 -0.5469711 0 -0.8371515 -0.5469712 0 -0.8371515 -0.4015943 0 -0.9158177 -0.4016557 0 -0.9157907 -0.245545 0 -0.9693853 -0.2455449 0 -0.9693852 -0.08263468 0 -0.99658 -0.08243834 0 -0.9965963 -0.08263003 0 -0.9965803 -0.08263003 0 0.9965803 -0.08263009 0 0.9965804 -0.245476 0 0.9694027 -0.4016557 0 0.9157907 -0.5470225 0 0.8371179 -0.5469712 0 0.8371515 -0.6772225 0 0.7357783 -0.6772623 0 0.7357417 -0.7891384 0 0.6142153 -0.7891661 0 0.6141799 -0.8794764 0 0.4759428 -0.8794596 0 0.4759734 -0.9863541 0 0.1646381 -0.9863561 0 0.1646262 -0.9863541 0 -0.1646381 -0.8794929 0 -0.475912 -0.7891108 0 -0.6142509 -0.6773019 0 -0.7357053 -0.5468684 0 -0.8372186 0.082587 0 0.9965839 -0.082587 0 0.9965839 -0.08248472 0 0.9965924 0.08259034 0 0.9965837 -0.08259034 0 0.9965836 -0.08248805 0 0.9965921 -0.4017173 0 -0.9157638 -0.4017173 0 -0.9157637 0.2456001 0 0.9693713 0.08248472 0 0.9965924 -0.2455903 0 0.9693737 -0.2454935 0 0.9693983 0.2455903 0 0.9693737 0.08248805 0 0.9965921 0.4017034 0 0.9157699 0.2455032 0 0.9693958 -0.4017184 0 0.9157633 -0.401632 0 0.9158012 0.2454935 0 0.9693983 -0.4017034 0 0.9157699 -0.401617 0 0.9158077 -0.245476 0 -0.9694027 0.546997 0 0.8371347 0.401617 0 0.9158077 -0.546997 0 0.8371346 -0.5469248 0 0.8371819 -0.08251428 0 -0.9965899 0.6772808 0 0.7357248 0.5469248 0 0.8371818 -0.6772807 0 0.7357248 -0.6772808 0 0.7357248 0.7891654 0 0.6141809 0.6772807 0 0.7357248 -0.7891653 0 0.6141809 -0.7891265 0 0.6142308 0.7891851 0 0.6141555 -0.7891455 0 0.6142063 -0.7891067 0 0.6142563 0.8794741 0 0.4759468 0.7891265 0 0.6142308 -0.879457 0 0.4759784 -0.8794569 0 0.4759784 0.8794569 0 0.4759784 0.7891463 0 0.6142053 -0.8794912 0 0.4759151 -0.8794913 0 0.4759151 0.9458187 0 0.3246956 -0.9458187 0 0.3246955 -0.9458187 0 0.3246956 0.9458061 0 0.3247321 0.879457 0 0.4759784 -0.9458061 0 0.324732 -0.9458061 0 0.3247321 0.9863653 0 0.1645708 0.9458187 0 0.3246955 -0.9863653 0 0.1645708 -0.9863625 0 0.1645876 0.986372 0 0.1645311 0.9458061 0 0.324732 -0.986372 0 0.1645311 -0.9863692 0 0.1645478 0.9863625 0 0.1645875 0.9863692 0 0.1645478 0.9864791 0 -0.1638874 -0.9863151 0 -0.1648716 -0.9863151 0 -0.1648716 -0.9864791 0 -0.1638874 0.9458187 0 -0.3246956 0.9863605 0 -0.1645996 0.9863576 0 -0.164617 -0.9863675 0 -0.1645582 -0.9458187 0 -0.3246955 -0.9458187 0 -0.3246956 0.9458061 0 -0.3247321 0.9863675 0 -0.1645582 0.9863646 0 -0.1645756 -0.9458061 0 -0.324732 -0.9458061 0 -0.3247321 0.8794974 0 -0.4759037 0.9458187 0 -0.3246955 -0.8794803 0 -0.4759353 -0.8794336 0 -0.4760215 0.8794803 0 -0.4759353 0.9458061 0 -0.324732 -0.8795146 0 -0.4758721 -0.879468 0 -0.4759583 0.7891654 0 -0.6141809 0.8794508 0 -0.4759899 -0.7891653 0 -0.6141809 -0.7891654 0 -0.6141809 0.7891851 0 -0.6141555 0.8794336 0 -0.4760215 -0.7891455 0 -0.6142063 -0.7891455 0 -0.6142064 0.677225 0 -0.735776 0.7891653 0 -0.6141809 -0.6772249 0 -0.7357761 -0.6772808 0 -0.7357248 0.7891852 0 -0.6141554 0.546997 0 -0.8371347 0.6772807 0 -0.7357248 -0.546997 0 -0.8371346 -0.5469248 0 -0.8371819 0.4017034 0 -0.9157699 0.5469248 0 -0.8371818 -0.4017184 0 -0.9157633 -0.4017184 0 -0.9157633 -0.4017034 0 -0.9157699 0.2455033 0 -0.9693958 -0.2454935 0 -0.9693983 0.2454935 0 -0.9693983 0.08248472 0 -0.9965924 0.2455032 0 -0.9693958 -0.08248472 0 -0.9965924 -0.082587 0 -0.9965839 0.08248805 0 -0.9965921 -0.08248805 0 -0.9965921 -0.08259034 0 -0.9965837 0.082587 0 -0.9965839 0.08259034 0 -0.9965836 0.1645979 0 0.9863609 -0.1645265 0 0.9863727 -0.1645979 0 0.9863608 0.1645265 0 0.9863727 0.3248013 0 0.9457823 -0.3246791 0 0.9458243 -0.3248102 0 0.9457792 0.3246701 0 0.9458273 0.4759786 0 0.8794569 -0.4759096 0 0.8794942 -0.4759665 0 0.8794636 0.4759219 0 0.8794876 0.6142098 0 0.7891429 -0.6142098 0 0.7891429 -0.6142098 0 0.7891428 0.6142098 0 0.7891428 0.7356979 0 0.6773099 -0.7356979 0 0.6773099 -0.7356979 0 0.6773099 0.7356979 0 0.6773099 0.8371914 0 0.54691 -0.8371695 0 0.5469436 -0.8371915 0 0.5469099 0.8371695 0 0.5469435 0.9157777 0 0.4016856 -0.9157836 0 0.4016721 -0.9157777 0 0.4016857 0.9157836 0 0.4016722 0.9693951 0 0.2455058 -0.9693951 0 0.2455058 -0.9693951 0 0.2455059 0.9693951 0 0.2455059 0.9965841 0 0.08258414 -0.9965841 0 0.08258414 -0.0825392 0 0.9965879 -0.08258867 0 0.9965837 -0.08253753 0 0.9965881 0.2455419 0 0.9693861 0.08253586 0 0.9965881 -0.2455419 0 0.9693861 -0.2454451 0 0.9694105 0.2455468 0 0.9693847 0.4017616 0 0.9157444 0.2454451 0 0.9694105 -0.4017616 0 0.9157443 -0.4016752 0 0.9157822 0.4017541 0 0.9157477 0.24545 0 0.9694093 -0.4017541 0 0.9157477 -0.4016677 0 0.9157855 0.5469608 0 0.8371583 0.4016752 0 0.9157822 -0.5469422 0 0.8371704 -0.546906 0 0.837194 0.4016677 0 0.9157855 -0.5469609 0 0.8371582 -0.9969145 0 -0.07849609 -0.9969147 0 -0.07849305 -0.7891071 0 0.6142558 -0.9723702 0 -0.2334445 -0.9723723 0 -0.2334358 0.8794974 0 0.4759037 0.7891071 0 0.6142557 -0.8794974 0 0.4759037 -0.8794741 0 0.4759468 0.8794889 0 0.4759195 -0.8794889 0 0.4759195 -0.8794655 0 0.4759626 -0.9238799 0 -0.3826826 -0.9238742 0 -0.3826963 0.9458006 0 0.3247479 -0.9458132 0 0.3247113 0.9458132 0 0.3247114 0.8794655 0 0.4759626 -0.9458194 0 0.3246931 -0.9458249 0 0.3246772 -0.9863639 0 0.1645792 0.986362 0 0.1645907 -0.986362 0 0.1645907 -0.9863606 0 0.1645991 -0.8526453 0 -0.5224903 -0.8526242 0 -0.5225246 0.08255898 0 0.9965862 0.08259534 0 0.9965832 0.2454347 0 0.9694132 0.2454416 0 0.9694114 0.9863639 0 0.1645792 0.9863606 0 0.1645991 0.2454692 0 0.9694045 0.4016866 0 0.9157773 0.4016972 0 0.9157726 -0.7604203 0 -0.6494313 -0.7604205 0 -0.6494312 0.4017173 0 0.9157637 0.5469968 0 0.8371348 0.401728 0 0.9157592 0.5469835 0 0.8371435 0.9863639 0 -0.1645792 -0.9863639 0 -0.1645792 -0.9863625 0 -0.1645876 0.9863606 0 -0.1645991 -0.9863606 0 -0.1645991 -0.9863592 0 -0.1646074 -0.6494132 0 -0.7604357 -0.6494802 0 -0.7603785 0.5469455 0 0.8371683 0.6773019 0 0.7357053 0.5469322 0 0.837177 0.9458006 0 -0.3247479 0.9863625 0 -0.1645875 -0.9458132 0 -0.3247113 -0.9458241 0 -0.3246797 0.9458132 0 -0.3247114 0.9863592 0 -0.1646074 -0.9458194 0 -0.3246931 -0.9458304 0 -0.3246614 -0.5224797 0 -0.8526517 -0.5225079 0 -0.8526346 0.6772424 0 0.73576 0.7891247 0 0.6142331 -0.3826493 0 -0.9238938 -0.3827152 0 -0.9238664 0.8794858 0 -0.4759253 0.9458116 0 -0.3247162 -0.8794858 0 -0.4759253 -0.8794741 0 -0.4759468 0.8794772 0 -0.475941 0.9458241 0 -0.3246797 -0.8794772 0 -0.475941 -0.8794655 0 -0.4759626 -0.2334461 0 -0.9723698 -0.2334461 0 -0.9723697 0.7891524 0 0.6141976 0.8794764 0 0.4759428 -0.0784828 0 -0.9969155 -0.07844448 0 -0.9969186 0.789146 0 -0.6142059 0.8794741 0 -0.4759468 -0.7891459 0 -0.6142058 0.8794655 0 -0.4759626 0.8794763 0 0.4759428 -0.5469782 0 -0.8371468 -0.546906 0 -0.837194 0.4017184 0 -0.9157633 -0.4016752 0 -0.9157822 0.4017109 0 -0.9157665 -0.4017109 0 -0.9157666 -0.4016677 0 -0.9157855 0.9863626 0 0.1645874 0.986353 0 0.164644 0.2455419 0 -0.9693861 0.4016752 0 -0.9157822 -0.2455419 0 -0.9693861 -0.2454451 0 -0.9694105 0.2455468 0 -0.9693847 0.4016677 0 -0.9157855 0.2454451 0 -0.9694105 -0.08259034 0 -0.9965836 -0.0825392 0 -0.9965879 0.24545 0 -0.9694093 -0.08258867 0 -0.9965837 -0.08253753 0 -0.9965881 0.08253586 0 -0.9965881 0.9863626 0 0.1645874 0.986353 0 0.164644 0.9863626 0 -0.1645874 0.986353 0 -0.164644 0.9863626 0 -0.1645874 0.986353 0 -0.164644 0.8795011 0 -0.4758971 0.879692 0 -0.4755439 0.8794746 0 -0.4759459 0.8794746 0 -0.4759458 0.7891108 0 -0.6142509 0.8794617 0 -0.4759699 0.8794617 0 -0.4759699 0.7891524 0 -0.6141976 0.677282 0 -0.7357235 0.6772623 0 -0.7357417 0.5469454 0 -0.8371683 0.5469321 0 -0.8371771 0.5469712 0 -0.8371515 0.4017173 0 -0.9157638 0.4017279 0 -0.9157591 0.4016866 0 -0.9157773 0.2454691 0 -0.9694044 0.4016972 0 -0.9157726 0.245476 0 -0.9694027 0.2454692 0 -0.9694045 0.08259534 0 -0.9965832 0.08259534 0 -0.9965832 0.08259534 0 0.9965832 0.2454691 0 0.9694044 0.2455036 0 0.9693957 0.4017173 0 0.9157638 0.2455105 0 0.969394 0.4017279 0 0.9157591 0.5469197 0 0.8371851 0.5469064 0 0.8371939 0.677282 0 0.7357235 0.6772821 0 0.7357234 0.7891384 0 0.6142153 0.7891384 0 0.6142154 0.9458177 0 0.3246982 0.9458267 0 0.3246722 0.9863635 0 0.1645814 0.9863541 0 0.1646381 0.9863645 0 -0.1645755 0.986355 0 -0.1646321 0.9863645 0 -0.1645755 0.94581 0 -0.3247207 0.986355 0 -0.1646321 0.9458189 0 -0.3246947 0.94581 0 -0.3247207 0.8794764 0 -0.4759428 0.879468 0 -0.4759581 0.7891524 0 -0.6141976 0.7891384 0 -0.6142154 0.5469711 0 -0.8371515 0.4016866 0 -0.9157773 0.4016972 0 -0.9157726 0.08257716 0 0.9965847 0.08257716 0 0.9965847 0.245538 0 0.969387 0.245545 0 0.9693853 0.2455208 0 0.9693914 0.2455277 0 0.9693897 0.4016866 0 0.9157773 0.5469454 0 0.8371683 0.4016972 0 0.9157726 0.5469321 0 0.8371771 0.5469583 0 0.8371599 0.6772919 0 0.7357144 0.546945 0 0.8371686 0.7891246 0 0.6142331 0.8794805 0 0.4759351 0.9863666 0 -0.1645632 0.9863607 0 -0.1645982 0.9863507 0 -0.1646578 0.9863533 0 -0.1646425 0.9458158 0 -0.3247039 0.9863263 0 -0.1648044 0.9863288 0 -0.164789 0.9458248 0 -0.3246778 0.8794804 0 -0.4759351 0.7891247 0 -0.6142331 0.7891177 0 -0.614242 0.6772919 0 -0.7357144 0.677292 0 -0.7357143 0.5469583 0 -0.8371599 0.546945 0 -0.8371686 0.08257716 0 -0.9965847 0.08255505 0 0.9965866 -0.08255505 0 0.9965866 0.08255839 0 0.9965863 -0.08255839 0 0.9965863 0.24547 0 0.9694043 -0.2454602 0 0.9694067 -0.2454572 0 0.9694074 0.2454602 0 0.9694067 0.4017276 0 0.9157592 0.245467 0 0.9694051 -0.4017427 0 0.9157527 -0.4017427 0 0.9157527 0.2454572 0 0.9694074 -0.4017276 0 0.9157592 0.5469225 0 0.8371833 -0.5469225 0 0.8371832 -0.5469225 0 0.8371833 0.6772825 0 0.7357231 0.5469225 0 0.8371832 -0.6772824 0 0.7357231 0.789152 0 0.614198 -0.789152 0 0.614198 -0.789152 0 0.614198 0.7891718 0 0.6141726 -0.7891322 0 0.6142235 -0.7891321 0 0.6142235 0.8794733 0 0.4759482 0.789152 0 0.614198 -0.8794563 0 0.4759798 -0.8794556 0 0.4759811 0.8794563 0 0.4759798 0.7891719 0 0.6141725 -0.8794906 0 0.4759166 -0.8794898 0 0.4759178 0.9458217 0 0.3246867 0.8794726 0 0.4759495 -0.9458217 0 0.3246867 -0.9458217 0 0.3246867 0.9458092 0 0.3247233 0.8794556 0 0.4759811 -0.9458092 0 0.3247231 -0.9458092 0 0.3247233 0.986363 0 0.1645844 0.9458217 0 0.3246867 -0.986363 0 0.1645844 -0.9863629 0 0.1645849 0.9863697 0 0.1645447 0.9458092 0 0.3247231 -0.9863697 0 0.1645447 -0.9863696 0 0.1645452 0.9863629 0 0.1645849 0.9863696 0 0.1645451 0.9863629 0 -0.1645849 -0.9863629 0 -0.1645849 -0.986363 0 -0.1645844 0.9863696 0 -0.1645452 -0.9863696 0 -0.1645451 -0.9863697 0 -0.1645447 0.9458217 0 -0.3246867 0.986363 0 -0.1645844 -0.9458217 0 -0.3246867 -0.9458217 0 -0.3246867 0.9458092 0 -0.3247233 0.9863697 0 -0.1645447 -0.9458092 0 -0.3247231 -0.9458092 0 -0.3247233 0.8794726 0 -0.4759495 0.9458217 0 -0.3246867 -0.8794556 0 -0.4759811 -0.8794563 0 -0.4759798 0.8794556 0 -0.4759811 0.9458092 0 -0.3247231 -0.8794898 0 -0.4759179 -0.8794905 0 -0.4759165 0.789152 0 -0.614198 0.8794733 0 -0.4759482 -0.789152 0 -0.614198 -0.789152 0 -0.614198 0.7891718 0 -0.6141726 0.8794563 0 -0.4759798 -0.7891322 0 -0.6142235 -0.7891321 0 -0.6142235 0.6772808 0 -0.7357248 0.789152 0 -0.614198 -0.6772807 0 -0.7357248 -0.6772825 0 -0.7357231 0.7891719 0 -0.6141725 0.5469225 0 -0.8371833 0.6772824 0 -0.7357231 -0.5469225 0 -0.8371832 -0.5469225 0 -0.8371833 0.4017276 0 -0.9157592 0.5469225 0 -0.8371832 -0.4017427 0 -0.9157527 -0.4017427 0 -0.9157527 -0.4017276 0 -0.9157592 0.24547 0 -0.9694043 -0.2454602 0 -0.9694067 -0.2454572 0 -0.9694074 0.2454602 0 -0.9694067 0.08255505 0 -0.9965866 0.245467 0 -0.9694051 -0.08255505 0 -0.9965866 0.08255839 0 -0.9965863 0.2454572 0 -0.9694074 -0.08255839 0 -0.9965863 0.4017304 0 0.915758 -0.4017304 0 0.915758 -0.401725 0 0.9157605 0.5469248 0 0.8371819 0.401725 0 0.9157605 -0.5469622 0 0.8371574 -0.5469622 0 0.8371574 0.6772919 0 0.7357144 -0.67724 0 0.7357622 -0.67724 0 0.7357622 0.7891333 0 0.6142219 0.6772221 0 0.7357788 0.677222 0 0.7357788 -0.789173 0 0.614171 -0.7891705 0 0.6141742 0.7891311 0 0.614225 0.9458339 0 0.3246511 -0.9458339 0 0.3246511 -0.9458346 0 0.3246491 0.9863563 0 0.1646252 0.9458346 0 0.3246491 -0.9863563 0 0.1646252 -0.9863564 0 0.1646242 0.9863564 0 0.1646242 0.9863587 0 -0.1646106 -0.9863587 0 -0.1646106 -0.9863585 0 -0.1646116 0.9458258 0 -0.3246748 0.9863585 0 -0.1646116 -0.9458258 0 -0.3246748 -0.945825 0 -0.3246768 0.8794745 0 -0.4759461 0.945825 0 -0.3246768 -0.8794745 0 -0.475946 -0.8794745 0 -0.4759461 0.7891018 0 -0.6142625 0.8794745 0 -0.475946 -0.7891415 0 -0.6142116 -0.7891414 0 -0.6142116 0.6775041 0 -0.7355191 0.7891019 0 -0.6142625 -0.67724 0 -0.7357622 -0.67724 0 -0.7357622 0.5469834 0 -0.8371435 0.6772381 0 -0.735764 0.6772422 0 -0.7357603 -0.5470209 0 -0.8371191 -0.5470163 0 -0.837122 0.4016602 0 -0.9157889 0.5469789 0 -0.8371465 -0.4016602 0 -0.9157889 0.08264148 0 -0.9965794 -0.08264148 0 -0.9965794 -0.0826351 0 -0.9965799 0.0826351 0 -0.9965799 0.08263814 0 0.9965797 -0.08263814 0 0.9965797 0.245467 0 0.9694051 0.4016602 0 0.9157889 -0.4016752 0 0.9157822 0.5469789 0 0.8371465 -0.5469789 0 0.8371465 -0.5469789 0 0.8371465 0.5469789 0 0.8371465 0.7891216 0 0.6142371 -0.7891216 0 0.614237 -0.7891216 0 0.6142371 0.8794916 0 0.4759145 0.7891216 0 0.614237 -0.8794745 0 0.475946 -0.8794745 0 0.4759461 -0.9458132 0 0.3247114 0.986365 0 0.164573 0.9458132 0 0.3247113 -0.986365 0 0.1645729 -0.9863653 0 0.1645708 0.9863653 0 0.1645708 0.9863632 0 -0.1645834 -0.9863632 0 -0.1645833 -0.9863628 0 -0.1645855 0.9863628 0 -0.1645854 -0.9458132 0 -0.3247114 0.8794916 0 -0.4759145 0.9458132 0 -0.3247113 0.7891508 0 -0.6141996 -0.7891508 0 -0.6141996 -0.7891508 0 -0.6141996 0.7891508 0 -0.6141996 0.5469248 0 -0.8371819 -0.5469248 0 -0.8371818 -0.4016752 0 -0.9157822 -0.4016644 0 -0.915787 0.2455517 0 -0.9693836 0.4016494 0 -0.9157936 0.08256143 0 -0.996586 0.2455516 0 -0.9693836 -0.08256143 0 -0.996586 -0.08253586 0 -0.9965881 0.08256143 0 0.996586 -0.08256143 0 0.996586 0.2454549 0 0.969408 -0.2454693 0 0.9694045 0.245479 0 0.9694019 -0.40174 0 0.9157539 -0.40174 0 0.9157538 -0.5469248 0 0.8371818 0.789146 0 0.6142059 -0.7891459 0 0.6142058 -0.7891556 0 0.6141934 0.7891556 0 0.6141934 0.9458213 0 0.3246877 -0.9458213 0 0.3246876 -0.9458213 0 0.3246877 0.9863632 0 0.1645834 0.9458213 0 0.3246876 -0.9863632 0 0.1645833 0.9863653 0 -0.1645708 -0.9863653 0 -0.1645708 -0.9863653 0 -0.1645708 0.9863653 0 -0.1645708 0.7891167 0 -0.6142433 -0.7891168 0 -0.6142433 -0.7891265 0 -0.6142308 0.7891265 0 -0.6142308 0.401725 0 -0.9157605 -0.40174 0 -0.9157539 -0.40174 0 -0.9157538 0.2454549 0 -0.969408 -0.2454693 0 -0.9694045 0.245479 0 -0.9694019 -0.0825392 0 0.9965879 -0.08256477 0 0.9965857 -0.0825631 0 0.9965859 0.4016752 0 0.9157822 0.4016677 0 0.9157855 -0.4016677 0 0.9157855 0.5469067 0 0.8371937 -0.5468881 0 0.8372058 -0.5469067 0 0.8371936 -0.6772668 0 0.7357376 0.6772668 0 0.7357376 -0.8794916 0 0.4759145 0.8794831 0 0.4759303 -0.8794831 0 0.4759303 -0.9458194 0 0.3246931 0.9458007 0 0.3247479 0.98636 0 0.1646032 -0.98636 0 0.1646032 -0.9863592 0 0.1646074 0.9863592 0 0.1646074 0.986362 0 -0.1645907 -0.986362 0 -0.1645907 -0.986362 0 -0.1645907 0.986362 0 -0.1645907 -0.9458194 0 -0.3246931 0.9458007 0 -0.3247479 -0.8794916 0 -0.4759145 0.8794831 0 -0.4759303 -0.8794831 0 -0.4759303 0.5469789 0 -0.8371465 -0.5469602 0 -0.8371586 -0.5469601 0 -0.8371587 -0.5469789 0 -0.8371465 -0.5469789 0 -0.8371465 0.4016752 0 -0.9157822 0.4016677 0 -0.9157855 -0.4016677 0 -0.9157855 0.2454693 0 -0.9694045 0.2454742 0 -0.9694032 0.08263814 0 -0.9965797 -0.08264148 0 -0.9965794 -0.08263981 0 -0.9965796 0.08264148 0 0.9965794 -0.08264148 0 0.9965794 -0.08261591 0 0.9965816 0.2454693 0 0.9694045 0.08261591 0 0.9965816 0.4016386 0 0.9157983 -0.4016386 0 0.9157983 -0.4016602 0 0.9157889 -0.5470344 0 0.8371102 -0.5470163 0 0.837122 0.6772379 0 0.7357641 0.789097 0 0.6142687 0.6775041 0 0.7355191 0.6775041 0 0.7355191 -0.7891367 0 0.6142178 -0.7891463 0 0.6142054 0.8794686 0 0.4759569 0.7891067 0 0.6142562 -0.8794687 0 0.4759569 -0.8794803 0 0.4759353 0.9458258 0 0.3246748 0.8794803 0 0.4759353 -0.9458258 0 0.3246748 -0.9458258 0 0.3246748 0.9863587 0 0.1646106 0.9458258 0 0.3246748 -0.9863587 0 0.1646106 -0.9863587 0 0.1646106 0.9863587 0 0.1646106 0.9863559 0 -0.1646273 -0.9863559 0 -0.1646273 -0.9863559 0 -0.1646273 0.9863559 0 -0.1646273 -0.9458258 0 -0.3246748 0.9458258 0 -0.3246748 -0.8794686 0 -0.4759569 0.7891067 0 -0.6142563 0.8794687 0 -0.4759569 -0.7891463 0 -0.6142053 -0.7891463 0 -0.6142054 0.7891067 0 -0.6142562 0.5469608 0 -0.8371583 0.6772379 0 -0.7357641 -0.5469983 0 -0.8371338 -0.5470343 0 -0.8371102 0.546997 0 -0.8371346 0.08259034 0 -0.9965837 0.0825392 0 -0.9965879 -0.04131489 0 0.9991463 -0.04131489 0 0.9991463 0.1236572 0 0.992325 -0.1236897 0 0.992321 -0.1236537 0 0.9923256 0.04131609 0 0.9991462 -0.2051883 0 0.9787225 -0.2052234 0 0.9787152 0.2052235 0 0.9787153 0.1236933 0 0.9923206 0.2853171 0 0.9584332 -0.2853508 0 0.9584231 -0.2853173 0 0.9584332 -0.3634839 0 0.9316006 -0.3635157 0 0.9315881 0.2051883 0 0.9787226 0.3635058 0 0.9315919 0.2853509 0 0.9584231 0.4392268 0 0.8983764 -0.4392382 0 0.8983706 -0.4392383 0 0.8983707 -0.5119097 0 0.8590394 -0.5119097 0 0.8590393 0.3634741 0 0.9316043 0.5119097 0 0.8590394 0.4392268 0 0.8983762 0.5810475 0 0.8138697 -0.5810442 0 0.813872 -0.5810199 0 0.8138893 -0.6462852 0 0.763096 -0.6462852 0 0.763096 0.5119097 0 0.8590393 0.6462852 0 0.763096 0.5810717 0 0.8138524 0.7071045 0 0.7071091 -0.7071337 0 0.70708 -0.7071126 0 0.707101 -0.7071039 0 0.7071097 0.6462852 0 0.763096 0.707112 0 0.7071017 0.7071046 0 0.707109 0.8138492 0 0.5810763 -0.8138492 0 0.5810763 -0.8138491 0 0.5810763 0.8138491 0 0.5810763 0.8983867 0 0.4392056 -0.8983752 0 0.4392291 -0.8983752 0 0.4392291 0.9584345 0 0.2853131 -0.9584295 0 0.2853298 -0.9584265 0 0.2853398 0.9584374 0 0.2853031 0.9923197 0 0.1237002 -0.9923238 0 0.123667 -0.9923232 0 0.1236715 0.9923203 0 0.1236956 0.9991471 0 -0.04129409 -0.9991458 0 -0.04132378 0.999151 0 -0.04119873 0.9787128 0 -0.2052345 -0.9787188 0 -0.2052066 -0.9787188 0 -0.2052066 -0.999151 0 -0.04119873 0.9315993 0 -0.363487 -0.9315993 0 -0.363487 -0.9315993 0 -0.363487 0.9315993 0 -0.363487 0.8590568 0 -0.5118802 -0.8590441 0 -0.5119016 -0.8590441 0 -0.5119016 0.859057 0 -0.5118802 0.7630432 0 -0.6463477 -0.7630727 0 -0.6463127 -0.7630574 0 -0.6463308 0.7630584 0 -0.6463296 0.7071079 0 -0.7071058 -0.7071083 0 -0.7071053 -0.7071083 0 -0.7071054 -0.7640705 0 0.6451328 -0.7071055 0 0.7071081 0.7640705 0 0.6451328 -0.8613031 0 0.5080916 -0.8612938 0 0.5081073 0.8612938 0 0.5081073 -0.9342563 0 0.3566023 0.8613032 0 0.5080916 0.9342468 0 0.3566274 -0.9807787 0 0.1951236 -0.9807801 0 0.1951166 0.9342468 0 0.3566273 0.9807856 0 0.1950892 -0.9996075 0 0.02801847 -0.9996075 0 0.02801746 0.9807842 0 0.195096 0.9996075 0 0.02801746 -0.9901833 0 -0.1397747 0.9996075 0 0.02801847 0.9901794 0 -0.1398028 -0.9527761 0 -0.3036738 -0.9527727 0 -0.3036844 0.9901794 0 -0.1398028 0.9527811 0 -0.303658 -0.8884633 0 -0.4589476 -0.8884559 0 -0.4589623 -0.952261 0 -0.3052853 0.952261 0 -0.3052853 0.952261 0 -0.3052853 0.8884674 0 -0.4589397 -0.7989877 0 -0.6013474 -0.7990009 0 -0.6013301 0.8884751 0 -0.458925 0.7990008 0 -0.6013301 -0.68702 0 -0.7266386 0.7989878 0 -0.6013473 0.6869913 0 -0.7266657 -0.6494579 0 -0.7603976 -0.6494579 0 -0.7603976 -0.7071169 0 -0.7070967 -0.5555905 0 -0.8314561 -0.5555905 0 -0.8314561 0.6869914 0 -0.7266656 0.5556169 0 -0.8314384 -0.4084597 0 -0.9127765 -0.4084298 0 -0.9127898 0.4084296 0 -0.9127898 -0.3826493 0 -0.9238938 -0.2497467 0 -0.9683113 -0.2497468 0 -0.9683113 0.4084597 0 -0.9127764 0.2497467 0 -0.9683113 -0.08403098 0 -0.9964632 -0.08406674 0 -0.9964601 0.2497468 0 -0.9683113 0.08406674 0 -0.9964602 -0.07843965 0 -0.9969189 -0.07847797 0 -0.9969158 0.08403098 0 -0.9964632 0.04565048 0 0.9989575 -0.08257544 0 0.9965849 -0.08256947 0 0.9965853 0.04565048 0 0.9989575 0.003246128 0 0.9999948 -0.2454916 0 0.9693988 0.001553416 0 0.9999989 -0.08231109 0 0.9966067 -0.08252513 0 0.996589 0.001553416 0 0.9999988 0.003247737 0 0.9999948 0.1788613 0 0.9838743 0.003248095 0 0.9999948 0.003248095 0 0.9999948 -0.2454864 0 0.9694001 -0.2454864 0 0.9694001 -0.08257788 0 0.9965847 0.1788557 0 0.9838753 0.3463786 0 0.9380948 -0.4016932 0 0.9157743 -0.4017549 0 0.9157472 -0.4016844 0 0.9157783 0.3463788 0 0.9380949 0.5034371 0 0.8640319 -0.54695 0 0.8371653 -0.5469499 0 0.8371654 -0.5469514 0 0.8371644 -0.5469473 0 0.8371672 -0.4017013 0 0.9157708 0.5034372 0 0.8640319 0.6453214 0 0.7639113 -0.6772716 0 0.7357332 -0.6772716 0 0.7357332 -0.677277 0 0.7357282 -0.6772769 0 0.7357282 0.6453181 0 0.7639141 0.7677441 0 0.6407568 -0.7891425 0 0.6142103 -0.7891403 0 0.6142131 -0.6772828 0 0.7357228 -0.7891408 0 0.6142125 -0.7891409 0 0.6142124 0.7677488 0 0.6407511 0.7677311 0 0.6407721 0.8670188 0 0.4982756 -0.879472 0 0.4759506 -0.879472 0 0.4759505 -0.879477 0 0.4759414 -0.8794757 0 0.475944 0.8670173 0 0.4982782 0.9401435 0 0.3407792 -0.945818 0 0.3246974 -0.945818 0 0.3246974 -0.9458162 0 0.3247027 -0.9458156 0 0.3247045 0.9401434 0 0.3407792 0.9849232 0 0.1729927 -0.9863614 0 0.1645943 -0.9863613 0 0.1645953 -0.9863619 0 0.1645909 -0.9863616 0 0.1645929 0.9849234 0 0.1729907 -0.9863616 0 -0.1645929 -0.9863618 0 -0.1645919 -0.9863613 0 -0.1645953 -0.9863613 0 -0.1645953 0.9849232 0 -0.1729927 -0.9458155 0 -0.3247045 -0.9458162 0 -0.3247026 -0.945818 0 -0.3246974 0.9849234 0 -0.1729918 0.9401435 0 -0.3407792 -0.8794743 0 -0.4759465 -0.8794757 0 -0.475944 -0.879472 0 -0.4759506 -0.879472 0 -0.4759505 0.9401434 0 -0.3407792 0.8670188 0 -0.4982756 -0.7891408 0 -0.6142125 -0.7891409 0 -0.6142124 -0.7891425 0 -0.6142103 -0.7891403 0 -0.6142131 0.8670173 0 -0.4982782 0.7677488 0 -0.6407511 -0.6772836 0 -0.7357221 -0.6772786 0 -0.7357266 -0.6772786 0 -0.7357267 0.7677413 0 -0.6407601 0.7677413 0 -0.6407601 0.6453214 0 -0.7639113 -0.5469428 0 -0.8371701 -0.5469429 0 -0.8371699 -0.5469458 0 -0.837168 -0.5469457 0 -0.8371681 -0.6772871 0 -0.7357189 0.6453214 0 -0.7639111 0.5034371 0 -0.8640319 -0.4017013 0 -0.9157708 -0.4016959 0 -0.9157732 -0.4016932 0 -0.9157743 0.5034372 0 -0.8640319 0.3463684 0 -0.9380986 -0.2454864 0 -0.9694001 -0.2454864 0 -0.9694001 -0.4016843 0 -0.9157783 -0.245486 0 -0.9694002 -0.2454916 0 -0.9693988 0.3463685 0 -0.9380986 0.1788669 0 -0.9838734 -0.08257788 0 -0.9965847 -0.08257788 0 -0.9965846 0.003250122 0 -0.9999948 -0.08231109 0 -0.9966067 -0.08256357 0 -0.9965859 -0.08257931 0 -0.9965845 0.003246247 0 -0.9999948 0.04565048 0 -0.9989575 0.003247857 0 -0.9999948 0.003246128 0 -0.9999948 -0.08258271 0 -0.9965842 0.04565048 0 -0.9989575 -0.04127949 0 0.9991477 -0.04135268 0 0.9991447 0.1236915 0 0.9923207 0.04135268 0 0.9991447 -0.2052205 0 0.9787158 -0.2052205 0 0.9787158 0.04127949 0 0.9991477 0.1236915 0 0.9923207 0.2852875 0 0.9584421 -0.2853668 0 0.9584184 -0.2852995 0 0.9584385 -0.363457 0 0.9316111 -0.3635206 0 0.9315862 0.2052234 0 0.9787152 0.2853548 0 0.958422 0.4391857 0 0.8983964 -0.4392449 0 0.8983675 -0.4391857 0 0.8983963 0.3634423 0 0.9316167 0.4392449 0 0.8983674 0.5810718 0 0.8138524 -0.5810718 0 0.8138524 -0.5810717 0 0.8138524 -0.6462566 0 0.7631202 -0.6462994 0 0.763084 0.6463065 0 0.7630779 0.7070972 0 0.7071163 -0.7070987 0 0.7071149 -0.7071079 0 0.7071056 0.6462639 0 0.7631141 0.707107 0 0.7071066 0.7071082 0 0.7071054 0.7070972 0 0.7071164 0.8138505 0 0.5810744 -0.8138615 0 0.5810589 -0.8138368 0 0.5810936 -0.7071121 0 0.7071016 0.8138753 0 0.5810397 0.8983879 0 0.4392029 -0.8983822 0 0.4392147 -0.8983822 0 0.4392146 0.8983879 0 0.4392029 0.9584305 0 0.2853265 -0.9584205 0 0.2853599 0.9584245 0 0.2853465 -0.9923232 0 0.1236715 0.9923197 0 0.1237002 0.9991455 0 -0.04133248 -0.9991459 0 -0.04132097 -0.9991461 0 -0.04131793 0.9991453 0 -0.04133546 0.9787203 0 -0.2051993 -0.9787203 0 -0.2051993 -0.9787203 0 -0.2051993 0.9787203 0 -0.2051993 0.9315895 0 -0.363512 -0.9315848 0 -0.3635243 -0.9315945 0 -0.3634994 0.9315799 0 -0.3635368 0.8590665 0 -0.5118641 -0.8590345 0 -0.5119178 -0.8590537 0 -0.5118855 0.8590473 0 -0.5118963 0.7630962 0 -0.6462849 -0.7630888 0 -0.6462938 -0.7630889 0 -0.6462937 0.7630963 0 -0.6462849 0.7071055 0 -0.7071081 0.7071068 0 -0.7071068 -0.7633924 0 -0.6459349 -0.7071061 0 -0.7071076 -0.7640635 0 0.6451413 -0.7640334 0 0.6451767 -0.7071068 0 0.7071068 0.7640405 0 0.6451684 -0.8612814 0 0.5081283 -0.8612815 0 0.5081282 0.8612751 0 0.5081388 -0.9342559 0 0.3566033 -0.9342559 0 0.3566033 0.8612753 0 0.5081388 0.9342559 0 0.3566033 -0.9807897 0 0.1950685 -0.9807897 0 0.1950685 0.9342559 0 0.3566033 0.980787 0 0.1950823 -0.9996066 0 0.02804702 -0.9996067 0 0.02804499 0.9996059 0 0.0280736 -0.9901807 0 -0.1397938 -0.9901793 0 -0.1398037 0.9996058 0 0.02807563 0.9901773 0 -0.1398178 -0.9527797 0 -0.3036625 -0.9527797 0 -0.3036624 0.9901787 0 -0.1398078 0.9527797 0 -0.3036625 -0.8884535 0 -0.4589667 -0.8884382 0 -0.4589962 0.9527797 0 -0.3036624 0.8884441 0 -0.4589849 -0.7989953 0 -0.6013373 -0.7990214 0 -0.6013027 0.8884593 0 -0.4589554 -0.6869676 0 -0.7266881 -0.6870056 0 -0.7266521 0.7989747 0 -0.6013646 0.68702 0 -0.7266386 -0.7071049 0 -0.7071088 -0.5555539 0 -0.8314806 -0.5555539 0 -0.8314805 0.6869819 0 -0.7266746 0.5555407 0 -0.8314894 -0.522479 0 -0.8526523 -0.5225351 0 -0.8526178 -0.4085038 0 -0.9127568 -0.4084438 0 -0.9127836 0.5555408 0 -0.8314895 0.4084597 0 -0.9127765 -0.3826822 0 -0.9238801 -0.3827481 0 -0.9238528 -0.2497901 0 -0.9683001 -0.2497902 0 -0.9683001 0.4085198 0 -0.9127495 0.2497901 0 -0.9683001 -0.2334896 0 -0.9723594 -0.2334896 0 -0.9723593 -0.08406555 0 -0.9964603 -0.08406555 0 -0.9964603 -0.2495573 0 -0.9683601 0.2495132 0 -0.9683715 0.2495132 0 -0.9683714 -0.07840609 0 -0.9969215 -0.07840609 0 -0.9969216 -0.2335575 0 -0.9723431 0.08406674 0 -0.9964601 0 -1 0 -0.07846271 0 -0.9969171 0 -1 4.88908e-7 0 -1 -6.02352e-7 0 -1 9.98913e-7 0 -1 0 0 -1 9.31737e-7 0 -1 1.43513e-7 0 -1 0 0 -1 0 0 -1 -1.35678e-7 0 -1 1.71327e-7 0 -1 -1.78686e-7 0 -1 3.02143e-7 0 -1 0 0 -1 -1.45803e-7 0 -1 1.43689e-7 0 -1 0 0 -1 0 0 -1 2.24869e-6 0 -1 8.58611e-7 0 -1 -1.14195e-6 0 -1 2.0798e-6 0 -1 -1.74628e-7 0 -1 -3.35185e-7 0 -1 5.05108e-7 0 -1 7.46465e-7 0 -1 -5.14251e-7 0.07845723 0 -0.9969176 0.07848089 0 -0.9969156 0.07845109 0 -0.996918 -0.2334492 0 -0.9723691 -0.07845312 0 -0.9969179 0 -1 0 0.2334483 0 -0.9723693 0.07845109 0 -0.996918 0.2334483 0 -0.9723693 -0.3826999 0 -0.9238727 -0.3826577 0 -0.9238902 0.3826743 0 -0.9238833 -0.3826932 0 -0.9238756 -0.382683 0 -0.9238798 0.3826843 0 -0.9238793 0.3826911 0 -0.9238764 0 -1 0 -0.5224918 0 -0.8526443 0.5224961 0 -0.8526418 0.3827006 0 -0.9238725 -0.08255898 0 0.9965862 -0.0827046 0 0.9965742 -0.4016558 0 0.9157908 -0.4016451 0 0.9157955 -0.4016451 0 0.9157954 -0.5470606 0 0.8370931 -0.5469579 0 0.8371602 -0.5470872 0 0.8370757 -0.5469844 0 0.8371428 -0.6772226 0 0.7357783 -0.7891662 0 0.6141799 -0.8794265 0 0.4760349 -0.8794686 0 0.475957 -0.8794021 0 0.4760799 -0.9863609 0 0.1645979 -0.9863569 0 0.1646217 -0.9863656 0 0.1645696 -0.9863615 0 0.1645933 0.5225205 0 -0.8526269 0.5224881 0 -0.8526466 0 -1 0 -0.64945 0 -0.7604044 -0.6494501 0 -0.7604042 -0.5224989 0 -0.85264 0 -1 0 0.6494504 0 -0.7604041 0.6494448 0 -0.7604088 0.5225205 0 -0.8526268 0 -1 -3.44163e-7 -0.9863569 0 -0.1646217 -0.9863609 0 -0.1645979 0 -1 -1.21414e-7 -0.9863615 0 -0.1645933 -0.9863656 0 -0.1645696 0 -1 0 0 -1 0 0 -1 1.39539e-7 0 -1 0 -0.8794596 0 -0.4759734 0 -1 -2.55235e-7 0 -1 0 -0.8794686 0 -0.475957 -0.8794354 0 -0.4760186 -0.6494518 0 -0.7604029 -0.6494445 0 -0.7604091 0 -1 -1.2159e-7 -0.7890555 0 -0.614322 -0.7891661 0 -0.6141799 0 -1 0 0 -1 0 0 -1 0 0 -1 0 0 -1 0 -0.5469578 0 -0.8371602 -0.5469579 0 -0.8371602 0 -1 0 -0.5469844 0 -0.8371429 -0.5469844 0 -0.8371428 0 -1 0 -0.4017788 0 -0.9157368 0 -1 0 0 -1 -5.94921e-7 -0.401768 0 -0.9157415 -0.4016451 0 -0.9157954 0 -1 0 -0.2453382 0 -0.9694375 0 -1 0 0 -1 0 0 -1 0 0 -1 0 0 -1 0 0 -1 0 0 -1 0 0 -1 0 0 -1 0 0 -1 0 0 -1 0 -0.0827046 0 -0.9965741 -0.08255892 0 -0.9965863 0 -1 -1.44273e-7 0 -1 0 0 -1 -2.06877e-7 0 -1 0 0 -1 0 0 -1 0 0 -1 0 0 -1 0 0 -1 0 0 -1 0 -0.7604063 0 -0.6494478 0.7604042 0 -0.6494502 0.7604064 0 -0.6494477 -0.8526397 0 -0.5224995 -0.7604044 0 -0.6494501 0 -1 0 0.8526424 0 -0.5224952 0.8526397 0 -0.5224995 0 -1 0 -0.8526424 0 -0.5224952 0 -1 0 0.9238792 0 -0.3826844 0.9238799 0 -0.3826826 0 -1 0 -0.97237 0 -0.2334452 -0.9238792 0 -0.3826844 0.9723698 0 -0.2334463 0.97237 0 -0.2334452 0.07840549 0 0.9969216 -0.0784049 0 0.9969217 -0.07848161 0 0.9969156 0.0784049 0 0.9969217 -0.07840609 0 0.9969216 -0.0784828 0 0.9969155 0.07848221 0 0.9969156 0.2334409 0 0.972371 -0.2334427 0 0.9723706 -0.2334426 0 0.9723706 0.07848161 0 0.9969156 0.2334392 0 0.9723715 -0.2334392 0 0.9723715 -0.2334392 0 0.9723715 0.2334409 0 0.972371 0.382685 0 0.923879 -0.3826822 0 0.9238801 -0.3827151 0 0.9238665 0.2334392 0 0.9723715 0.3826876 0 0.9238778 -0.3826931 0 0.9238756 -0.382726 0 0.923862 0.3827179 0 0.9238653 0.5224831 0 0.8526497 -0.5224866 0 0.8526476 -0.5225146 0 0.8526304 0.3827205 0 0.9238642 0.5224865 0 0.8526476 -0.5224798 0 0.8526518 -0.5225078 0 0.8526346 0.5225113 0 0.8526325 0.6494616 0 0.7603943 -0.6494579 0 0.7603976 -0.6494356 0 0.7604167 0.5225147 0 0.8526303 0.6494579 0 0.7603976 0.6494394 0 0.7604134 0.7603964 0 0.6494592 -0.7604041 0 0.6494503 -0.7604041 0 0.6494503 0.6494356 0 0.7604167 0.7603965 0 0.6494592 0.8526453 0 0.5224903 -0.8526385 0 0.5225013 -0.8526385 0 0.5225014 -0.8526453 0 0.5224902 -0.8526453 0 0.5224903 0.8526453 0 0.5224902 0.9238743 0 0.3826963 -0.9238742 0 0.3826963 -0.9238799 0 0.3826826 0.9238799 0 0.3826826 0.9723726 0 0.2334343 -0.9723743 0 0.233427 -0.9723681 0 0.2334533 0.9723743 0 0.233427 0 -1 0 -0.9969174 0 -0.07845878 -0.9723698 0 -0.2334463 0.9969174 0 -0.07845878 0.9969174 0 -0.07845878 0.9723664 0 0.2334606 0.9969179 0 0.07845199 0 -1 -1.49877e-7 -0.9969174 0 0.07845962 -0.9969167 0 0.07846868 0.9723681 0 0.2334533 0.9969174 0 0.07845962 0.9969172 0 0.07846105 0.9969167 0 0.07846868 0.08258992 0 0.9965837 -0.08252143 0 0.9965893 -0.08259224 0 0.9965834 0.08259224 0 0.9965834 0.08251911 0 0.9965895 0.2454985 0 0.969397 -0.2454248 0 0.9694157 -0.2454918 0 0.9693986 0.08252143 0 0.9965893 0.2454918 0 0.9693987 0.2454315 0 0.9694139 0.401744 0 0.9157521 -0.4016945 0 0.9157737 -0.4017544 0 0.9157475 0.2454248 0 0.9694157 0.4016841 0 0.9157783 0.546971 0 0.8371516 -0.5469081 0 0.8371927 -0.5469581 0 0.8371601 0.546921 0 0.8371842 0.6772756 0 0.7357295 -0.6772511 0 0.735752 -0.6772897 0 0.7357165 0.677237 0 0.735765 0.789156 0 0.614193 -0.7891525 0 0.6141974 -0.7891525 0 0.6141973 -0.789156 0 0.614193 -0.789156 0 0.6141929 0.789156 0 0.6141929 0.879462 0 0.4759691 -0.8794944 0 0.4759094 -0.879462 0 0.4759691 -0.8794972 0 0.4759039 -0.8794651 0 0.4759636 -0.9969174 0 -0.07845878 0.8794944 0 0.4759095 0.9458239 0 0.3246805 -0.9458087 0 0.3247243 -0.9458239 0 0.3246805 0.9458087 0 0.3247243 0.9863593 0 0.1646068 -0.9863612 0 0.1645952 -0.9863593 0 0.1646068 0 -1 5.91888e-7 0.9863612 0 0.1645952 0.9863612 0 -0.1645952 0 -1 -5.59294e-7 0 -1 -3.88986e-7 -0.9863593 0 -0.1646068 -0.9863612 0 -0.1645952 0 -1 -3.00449e-7 0.9863593 0 -0.1646068 0.9458087 0 -0.3247243 0 -1 0 -0.9458239 0 -0.3246805 -0.9458087 0 -0.3247243 0 -1 6.01762e-7 0.9458239 0 -0.3246805 0.8794944 0 -0.4759094 0 -1 6.59248e-7 0 -1 -1.33986e-7 -0.879462 0 -0.4759691 -0.8794944 0 -0.4759095 0 -1 -2.8362e-7 -0.8794649 0 -0.4759637 -0.8794973 0 -0.4759039 0.879462 0 -0.4759691 0.7891021 0 -0.6142622 0 -1 -5.77191e-7 0 -1 -1.2221e-7 -0.7891525 0 -0.6141974 -0.7890987 0 -0.6142665 0 -1 3.17481e-7 0 -1 -2.66105e-7 -0.789156 0 -0.614193 -0.7891021 0 -0.6142621 0.789156 0 -0.6141929 0.6773142 0 -0.7356939 0 -1 5.24584e-7 -0.6772897 0 -0.7357165 -0.6773283 0 -0.7356809 0 -1 4.6784e-7 0.6772756 0 -0.7357294 0.546921 0 -0.8371842 0 -1 0 -0.5469581 0 -0.8371601 -0.5469081 0 -0.8371927 0 -1 0 0.546971 0 -0.8371516 0.4016842 0 -0.9157783 0 -1 5.17628e-7 -0.4017544 0 -0.9157475 -0.4016945 0 -0.9157737 0.401744 0 -0.9157521 0.2454315 0 -0.9694139 0 -1 -1.28838e-7 -0.2454918 0 -0.9693987 -0.2454248 0 -0.9694157 0.2454248 0 -0.9694157 0 -1 5.57414e-7 0 -1 -1.22869e-7 0.2454985 0 -0.969397 0.08251911 0 -0.9965895 0 -1 -1.19124e-6 0 -1 -5.84221e-7 -0.08266311 0 -0.9965776 -0.08252143 0 -0.9965893 0.2454918 0 -0.9693986 0.08252143 0 -0.9965893 0 -1 -1.20308e-6 0 -1 5.73589e-7 0.08266079 0 -0.9965778 0 -1 0 0.08266311 0 -0.9965776 0 -1 0 0 -1 2.41421e-7 0 -1 5.16448e-7 0 -1 -2.38548e-7 0 -1 2.48711e-7 0 -1 -1.64508e-7 0 -1 0 0 -1 0 0 -1 -1.24519e-7 0 -1 0 0 -1 2.27028e-7 0 -1 -3.34697e-7 0.08255815 0 0.9965863 -0.08270746 0 0.9965739 0.08260673 0 0.9965822 0.2454761 0 0.9694027 0.245476 0 0.9694027 0.4016932 0 0.9157744 0.4017137 0 0.9157653 0.546945 0 0.8371686 0.546945 0 0.8371686 0.677267 0 0.7357373 0.6772935 0 0.735713 0.7891292 0 0.6142272 0.7891477 0 0.6142035 0.8794764 0 0.4759427 0.8794818 0 0.4759325 0.9458168 0 0.3247008 0.9458118 0 0.3247158 0.9863619 0 0.1645909 0.9863619 0 0.1645909 0.9863619 0 -0.1645909 0 -1 -1.24768e-7 0 -1 1.88851e-7 0.9863607 0 -0.1645988 0.9458168 0 -0.3247008 0 -1 1.92603e-7 0.9458168 0 -0.3247007 0.8794819 0 -0.4759325 0 -1 -3.04917e-7 0.8794763 0 -0.4759428 0.7891476 0 -0.6142036 0 -1 -1.54485e-7 0 -1 3.02645e-7 0.7891293 0 -0.6142272 0.6772803 0 -0.7357252 0 -1 0 0 -1 -3.19282e-7 0.677267 0 -0.7357374 0.546945 0 -0.8371686 0 -1 0 0 -1 -7.22659e-7 0.5469793 0 -0.8371462 0.4017137 0 -0.9157654 0 -1 -1.82106e-7 0.4016727 0 -0.9157834 0.2454761 0 -0.9694027 0 -1 0 0.245476 0 -0.9694027 0.08260673 0 -0.9965823 -0.08262169 0 -0.9965811 0.08255815 0 -0.9965863 0 -1 4.72238e-7 0 -1 -4.25307e-6 0 -1 2.56331e-6 0 -1 -2.23264e-6 0 -1 1.01964e-6 0 -1 2.03569e-7 0 -1 1.4648e-6 0 -1 1.53172e-6 0 -1 1.09228e-6 0 -1 3.71953e-7 -0.08251911 0 0.9965895 -0.08258998 0 0.9965837 -0.08252376 0 0.9965891 -0.08259463 0 0.9965832 -0.2455656 0 0.9693801 -0.2454985 0 0.969397 0.2454851 0 0.9694005 -0.2455521 0 0.9693835 -0.245485 0 0.9694004 0.2455656 0 0.9693801 0.4016243 0 0.9158046 -0.4016348 0 0.9157999 0.2455521 0 0.9693835 0.4016348 0 0.9157999 -0.5470016 0 0.8371316 -0.5469517 0 0.8371643 0.4016945 0 0.9157737 0.5469516 0 0.8371642 -0.547034 0 0.8371104 -0.546984 0 0.8371431 0.547021 0 0.837119 0.6772369 0 0.735765 -0.6772826 0 0.735723 -0.6772441 0 0.7357584 0.5470016 0 0.8371316 0.6772652 0 0.7357391 -0.6772756 0 0.7357295 -0.677237 0 0.735765 0.6772756 0 0.7357294 0.789129 0 0.6142276 -0.7891359 0 0.6142188 0.6773038 0 0.7357035 0.7891153 0 0.6142452 -0.7891153 0 0.6142452 -0.7891154 0 0.6142451 0.7891291 0 0.6142275 0.8794782 0 0.4759392 -0.8794782 0 0.4759392 -0.8794782 0 0.4759393 0.7891154 0 0.6142451 0.8794782 0 0.4759393 0.9458163 0 0.3247024 -0.9458119 0 0.3247151 -0.945812 0 0.324715 0.945825 0 0.3246771 -0.945825 0 0.3246771 0.9458163 0 0.3247025 0.9863659 0 0.1645677 -0.9863616 0 0.164593 -0.9863635 0 0.1645814 0.9863566 0 0.1646227 -0.986364 0 0.1645786 -0.9863637 0 0.1645804 -0.9863688 0 0.1645495 0.986364 0 0.1645792 0.9863547 0 0.1646343 0.986364 0 -0.1645793 0 -1 2.47154e-7 -0.9863635 0 -0.1645814 -0.9863616 0 -0.164593 0.9863547 0 -0.1646344 0 -1 1.33339e-6 -0.9863637 0 -0.1645804 -0.9863637 0 -0.1645804 -0.986364 0 -0.1645786 -0.9863671 0 -0.16456 0.9863659 0 -0.1645677 0.9458163 0 -0.3247024 0 -1 0 -0.9458119 0 -0.3247151 -0.945812 0 -0.324715 0.9863566 0 -0.1646227 0.945825 0 -0.3246771 -0.945825 0 -0.3246771 0.9458163 0 -0.3247025 0.8794782 0 -0.4759392 0 -1 -7.48902e-7 -0.8794782 0 -0.4759392 -0.8794782 0 -0.4759393 0 -1 -1.32177e-7 0.8794782 0 -0.4759393 0.789156 0 -0.614193 0 -1 -9.35405e-7 0 -1 1.65556e-7 -0.7891628 0 -0.6141842 0.7891422 0 -0.6142106 0 -1 -1.43464e-6 -0.7891422 0 -0.6142106 -0.7891423 0 -0.6142106 0.6772369 0 -0.735765 0 -1 1.99693e-6 0 -1 0 -0.6772826 0 -0.735723 -0.6772441 0 -0.7357584 0.7891423 0 -0.6142106 0.6772652 0 -0.7357391 -0.6772756 0 -0.7357295 -0.677237 0 -0.735765 0 -1 -2.22096e-6 0 -1 3.66092e-7 -0.5469516 0 -0.8371642 -0.5469017 0 -0.837197 0.6773038 0 -0.7357035 0.5469016 0 -0.837197 0 -1 0 -0.546984 0 -0.8371431 -0.546934 0 -0.8371759 0 -1 -8.21282e-7 0.5469517 0 -0.8371643 0.4016945 0 -0.9157737 0.4016841 0 -0.9157783 0 -1 3.28101e-6 -0.2455656 0 -0.9693801 -0.2454985 0 -0.969397 0.2454851 0 -0.9694005 0 -1 -3.39484e-7 -0.2455521 0 -0.9693835 -0.245485 0 -0.9694004 0.2455656 0 -0.9693801 0 -1 4.75107e-7 -0.08251911 0 -0.9965895 -0.08251911 0 -0.9965895 0.2455521 0 -0.9693835 0 -1 1.80465e-7 -0.08252376 0 -0.9965891 -0.08252376 0 -0.9965892 0.08251911 0 -0.9965895 0 -1 0 0.9969172 0 -0.07846105 0 -1 0 -0.9969167 0 -0.07846868 -0.9969171 0 -0.07846266 0.9969167 0 -0.07846868 0 -1 2.95257e-7 0.9969177 0 -0.07845503 0.9723631 0 -0.2334737 0 -1 -1.00366e-6 -0.9723687 0 -0.233451 -0.9723752 0 -0.2334235 0.9723687 0 -0.233451 0.9969171 0 -0.07846266 0 -1 -1.63231e-6 -0.9723862 0 -0.2333779 -0.9723795 0 -0.2334055 0 -1 2.01776e-6 0 -1 -1.88671e-6 0 -1 9.13903e-7 0 -1 2.19872e-7 0 -1 0 0 -1 -1.95163e-6 0.9723697 0 -0.2334462 0.9723678 0 -0.2334544 0 -1 1.56168e-7 -0.9723678 0 -0.2334544 -0.9723678 0 -0.2334544 0 -1 6.1812e-7 0.9723752 0 -0.2334234 0 -1 1.18525e-6 -0.9723626 0 -0.2334756 -0.9723628 0 -0.2334756 0.9723678 0 -0.2334544 0.9238855 0 -0.382669 -0.9238855 0 -0.382669 0 -1 5.19383e-7 0.8526453 0 -0.5224903 0 -1 1.48997e-7 -0.8526385 0 -0.5225013 -0.8526385 0 -0.5225014 0 -1 -4.92266e-7 0 -1 0 -0.8526453 0 -0.5224902 0.8526453 0 -0.5224902 0.7603964 0 -0.6494592 0 -1 -1.44389e-7 -0.7604041 0 -0.6494503 -0.7604041 0 -0.6494503 0 -1 4.88573e-7 0 -1 1.99277e-7 0.7603965 0 -0.6494592 0.6494616 0 -0.7603943 0 -1 -1.46912e-7 0 -1 -5.07355e-7 0.6494579 0 -0.7603976 0 -1 -1.93143e-7 0.6494618 0 -0.7603944 0.5224831 0 -0.8526497 0 -1 2.3596e-7 -0.5224866 0 -0.8526476 -0.5224585 0 -0.8526648 0 -1 1.10747e-6 0.5224865 0 -0.8526476 0.6494579 0 -0.7603976 0 -1 -2.97244e-7 -0.5224517 0 -0.852669 -0.5224798 0 -0.8526518 0.5224552 0 -0.8526668 0.382685 0 -0.923879 0 -1 -8.94709e-7 -0.3826822 0 -0.9238801 0.3826876 0 -0.9238778 0.5224586 0 -0.8526647 -0.382693 0 -0.9238756 -0.3826931 0 -0.9238756 0.08262938 0 0.9965804 -0.08283102 0 0.9965636 0.382685 0 -0.9238789 0.2334409 0 -0.972371 0 -1 2.21286e-7 -0.2334427 0 -0.9723706 -0.2334791 0 -0.9723618 0.2334392 0 -0.9723715 0.3826877 0 -0.9238779 0 -1 2.54231e-7 -0.2334757 0 -0.9723627 -0.2334392 0 -0.9723715 0.2455449 0 0.9693852 0.2334774 0 -0.9723623 0.07848221 0 -0.9969156 0 -1 1.88934e-6 -0.07848161 0 -0.9969156 -0.07848161 0 -0.9969156 0.07848161 0 -0.9969156 0.2334757 0 -0.9723626 0 -1 6.71416e-7 -0.0784828 0 -0.9969155 0.07848221 0 -0.9969156 0 -1 1.30791e-7 0.07848161 0 -0.9969156 0 -1 -1.55968e-7 0.5468551 0 0.8372274 0.677302 0 0.7357052 0.7891526 0 0.6141973 0.789125 0 0.6142328 0.8794807 0 0.4759346 0 -1 -1.84209e-6 0.9863523 0 0.1646491 0.9863594 0 0.1646065 0.9863688 0 0.1645498 0 -1 9.85101e-7 -0.9863582 0 0.164614 0 -1 -1.45406e-6 0 -1 1.50621e-6 0 -1 -1.22204e-6 0 -1 7.82032e-7 0 -1 1.17394e-6 0 -1 1.49097e-7 0 -1 -1.28086e-6 0 -1 -2.04029e-6 0 -1 1.32722e-6 0 -1 8.94928e-7 0 -1 -1.4869e-6 0 -1 -3.56125e-6 0 -1 1.01205e-6 0 -1 -2.6473e-6 0.9863733 0 0.1645228 0.9863615 0 -0.1645933 0.9458306 0 -0.3246609 0 -1 -5.35011e-7 0 -1 -9.14197e-7 0.8794642 0 -0.4759653 0 -1 3.84273e-7 0 -1 1.88733e-6 0.7891526 0 -0.6141973 0 -1 -1.67053e-7 0.1690338 0 0.9856103 -0.168901 0 0.985633 -0.1690361 0 0.9856099 -0.1688987 0 0.9856334 -0.1690338 0 0.9856103 0.1688987 0 0.9856334 0.333136 0 0.9428789 -0.3331934 0 0.9428585 -0.3331316 0 0.9428804 0.3331354 0 0.942879 -0.3331977 0 0.942857 -0.333136 0 0.9428789 0.3331977 0 0.942857 0.4877038 0 0.8730092 -0.4877038 0 0.8730092 0.3331972 0 0.9428572 0.4877097 0 0.8730059 -0.487698 0 0.8730126 0 -1 -2.01873e-6 0.7891526 0 -0.6141972 0.6773019 0 -0.7357053 0 -1 3.89054e-7 0.6282316 0 0.7780264 -0.6281896 0 0.7780604 -0.6282316 0 0.7780264 0.4877097 0 0.8730059 0.6282249 0 0.7780319 -0.6281828 0 0.7780659 -0.6282249 0 0.7780318 0 -1 0 0.6281896 0 0.7780604 0.7506754 0 0.6606712 -0.7507058 0 0.6606367 -0.7506754 0 0.6606711 0.6281828 0 0.7780659 0 -1 -2.20311e-7 0 -1 0 0.08248805 0 0.9965921 -0.0825836 0 0.9965842 -0.08248138 0 0.9965927 0.08259034 0 0.9965836 -0.4017334 0 0.9157567 -0.401647 0 0.9157946 0.4015943 0 -0.9158177 0.245545 0 -0.9693853 0.7507059 0 0.6606367 0.8515209 0 0.5243207 -0.8515209 0 0.5243207 -0.8515209 0 0.5243206 0.8515271 0 0.5243107 -0.8515271 0 0.5243107 -0.8515271 0 0.5243107 0.2455449 0 -0.9693852 -0.08263009 0 -0.9965804 0.08262938 0 -0.9965804 -0.6773365 0 0.7356734 0.6773365 0 0.7356734 0.7891463 0 0.6142054 -0.7891067 0 0.6142562 0.8515209 0 0.5243206 0.9278863 0 0.3728635 -0.9278911 0 0.3728514 -0.9278815 0 0.3728754 0.8515271 0 0.5243107 0.9278768 0 0.3728873 -0.9278959 0 0.3728395 -0.9278863 0 0.3728635 0.8794803 0 0.4759353 -0.8794803 0 0.4759353 0.927896 0 0.3728395 0.9775494 0 0.2107065 -0.9775581 0 0.2106658 -0.9775551 0 0.2106801 0.9278864 0 0.3728632 0.9775551 0 0.2106801 -0.9775525 0 0.2106922 -0.9775494 0 0.2107064 0.9458203 0 0.3246906 -0.9458311 0 0.324659 -0.9458203 0 0.3246906 0.9458312 0 0.324659 0 -1 2.36599e-6 -0.9863559 0 0.1646273 0.9775525 0 0.2106921 0.9990996 0 0.04242783 -0.999099 0 0.0424416 0.9775581 0 0.2106658 0.999099 0 0.0424416 0.9863559 0 0.1646273 0.9919012 0 -0.1270118 0 -1 -3.36499e-7 -0.9918995 0 -0.1270254 -0.9918995 0 -0.1270254 0.9918995 0 -0.1270254 0 -1 -4.94978e-7 0 -1 -1.66516e-6 0 -1 -5.51165e-7 0.9458311 0 -0.324659 0 -1 1.86751e-6 -0.9458203 0 -0.3246906 -0.9458312 0 -0.324659 0 -1 -1.61301e-6 0.9919012 0 -0.1270118 0.956162 0 -0.2928382 0 -1 2.22037e-7 -0.9561697 0 -0.292813 0.9918995 0 -0.1270254 0.9561659 0 -0.2928256 0 -1 7.82612e-7 -0.9561659 0 -0.2928256 -0.9561659 0 -0.2928256 0.9458203 0 -0.3246906 0 -1 -5.99973e-7 -0.8794803 0 -0.4759353 0.892945 0 -0.4501658 -0.8929169 0 -0.4502217 -0.8929451 0 -0.4501656 0.9561659 0 -0.2928256 0 -1 -8.34848e-7 0.8794803 0 -0.4759353 0.7891463 0 -0.6142054 0 -1 -1.53145e-6 0 -1 0 -0.7890678 0 -0.6143062 -0.7891067 0 -0.6142562 0.7891075 0 -0.6142552 0 -1 3.43416e-7 -0.6773365 0 -0.7356734 0 -1 1.80659e-6 0.8929169 0 -0.4502215 0.8040066 0 -0.5946204 0 -1 3.4187e-7 -0.8040001 0 -0.5946292 0.8040001 0 -0.5946292 0 -1 9.90127e-7 0.6773365 0 -0.7356734 0 -1 -2.14087e-6 -0.546997 0 -0.8371347 0 -1 1.45486e-6 -0.401647 0 -0.9157946 -0.4017334 0 -0.9157567 0.401617 0 -0.9158077 0 -1 5.61633e-7 -0.2455903 0 -0.9693737 0.8040068 0 -0.5946203 0.6919265 0 -0.7219679 -0.6918972 0 -0.7219961 -0.6919335 0 -0.7219613 0.6919403 0 -0.7219548 0 -1 -6.15904e-7 -0.6918903 0 -0.7220027 -0.6919265 0 -0.7219679 0.2455903 0 -0.9693737 0 -1 -1.32124e-5 -0.08248138 0 -0.9965927 -0.0825836 0 -0.9965842 0.08248805 0 -0.9965921 0 -1 1.05376e-6 0.6918903 0 -0.7220027 0.5599986 0 -0.8284936 0 -1 -2.30152e-6 -0.5599986 0 -0.8284936 0.6919041 0 -0.7219894 0.5599898 0 -0.8284995 0 -1 2.0649e-7 -0.5600075 0 -0.8284876 -0.5600075 0 -0.8284876 0.560041 0 -0.828465 0 -1 3.75714e-6 -0.5598455 0 -0.8285972 -0.5600178 0 -0.8284806 0.5599898 0 -0.8284995 0 -1 8.09016e-7 -0.5598223 0 -0.8286128 -0.5599947 0 -0.8284962 0.5598686 0 -0.8285815 0.4119105 0 -0.9112243 -0.4119158 0 -0.9112221 0.4119151 0 -0.9112223 0.4119107 0 -0.9112243 0.2519903 0 -0.9677298 0 -1 -5.89459e-7 -0.2519217 0 -0.9677476 -0.2519869 0 -0.9677307 0 -1 1.11329e-6 0.4119151 0 -0.9112222 0.2519869 0 -0.9677307 0 -1 -4.58822e-7 0 -1 -3.66849e-6 0.2519252 0 -0.9677468 0.08483058 0 -0.9963955 0 -1 1.04065e-6 -0.08489841 0 -0.9963897 -0.08482939 0 -0.9963955 0.2519218 0 -0.9677477 0.08482939 0 -0.9963955 -0.08490073 0 -0.9963894 -0.08483171 0 -0.9963953 0.0848996 0 -0.9963896 0 -1 -1.56481e-7 0.08489847 0 -0.9963897 0 -1 2.30751e-6 0 -1 -2.09156e-6 0 -1 9.86598e-7 0 -1 4.60092e-6 0 -1 0 0 -1 4.83118e-7 0 -1 0 0 -1 -5.94643e-7 0 -1 5.91593e-7 0 -1 6.191e-7 0 -1 -1.32438e-6 0 -1 6.45235e-7 0 -1 -1.10432e-6 0 -1 1.13036e-6 0.08255654 0 0.9965864 -0.08243834 0 0.9965963 0.08262938 0 0.9965804 0.5470092 0 0.8371267 0.6772622 0 0.7357418 0.6772226 0 0.7357783 0.7891802 0 0.6141617 0.7891526 0 0.6141972 0.8794475 0 0.475996 0.8794642 0 0.4759653 0.9863656 0 0.1645696 0.9863635 0 -0.1645815 0 -1 1.51463e-7 0 -1 -5.52322e-7 0 -1 -9.90758e-7 0 -1 4.03325e-7 0 -1 2.10392e-6 0.8794807 0 -0.4759346 0 -1 -1.78632e-7 0 -1 -2.32532e-6 0.789125 0 -0.6142328 0 -1 4.25461e-7 0.677302 0 -0.7357052 0.546855 0 -0.8372274 0 -1 0 0 -1 -5.16335e-7 0 -1 -1.50034e-7 0.4017173 0 -0.9157637 0.08255654 0 -0.9965864 0 -1 -1.63173e-6 0 -1 -9.9944e-7 0 -1 0 0 -1 2.09689e-5 0 -1 -1.8663e-6 0 -1 1.62346e-7 -0.9863646 0 -0.1645756 0 -1 0 0 -1 2.06073e-6 0 -1 0 0 -1 -7.17467e-7 0 -1 -1.76617e-7 0 -1 1.91444e-7 0 -1 -1.64046e-7 0 -1 -6.23803e-7 0 -1 -5.54274e-7 0 -1 5.17532e-7 0 -1 9.5024e-7 0 -1 -3.46209e-7 0 -1 -9.8472e-7 0 -1 0 0 -1 2.70228e-7 0 -1 1.23741e-6 0 -1 1.17986e-6 0 -1 -5.0659e-7 0 -1 4.97212e-7 0 -1 -2.92614e-7 0 -1 -3.38299e-7 0 -1 0 0 -1 1.22789e-6 0 -1 8.35148e-7 0 -1 -2.87942e-7 0 -1 -5.6248e-7 0 -1 0 0 -1 1.18185e-6 0 -1 5.57304e-7 0 -1 -5.02291e-7 0 -1 9.44312e-7 0 -1 -9.20602e-7 0 -1 9.28817e-7 0 -1 -9.70591e-7 0 -1 -8.23506e-7 -0.0784828 0 0.9969155 0.07848036 0 0.9969156 0.07848036 0 0.9969157 0.07848042 0 0.9969156 0.07848036 0 0.9969156 0.3826271 0 0.9239029 -0.3826164 0 0.9239074 -0.382748 0 0.9238528 0.5224517 0 0.852669 0.382759 0 0.9238483 -0.5224654 0 0.8526605 -0.5225214 0 0.8526263 0.6494132 0 0.7604357 0.5225079 0 0.8526346 -0.6494133 0 0.7604357 -0.6494579 0 0.7603976 -0.6494135 0 0.7604355 -0.6494581 0 0.7603974 0.7604528 0 0.6493932 0.6494579 0 0.7603976 -0.7604529 0 0.6493931 -0.7603879 0 0.6494694 -0.7604525 0 0.6493937 -0.7603874 0 0.6494699 0.7603878 0 0.6494693 -0.8526242 0 0.5225247 0.9238799 0 0.3826826 0.8526242 0 0.5225246 -0.9238799 0 0.3826826 0.9723702 0 0.2334445 -0.9723632 0 0.2334735 -0.9723675 0 0.233456 0.9723743 0 0.233427 -0.996919 0 0.07843822 0.9965841 0 -0.08258414 0 -1 1.78972e-7 -0.9965865 0 -0.08255523 -0.9965865 0 -0.08255523 0 -1 9.77399e-7 0 -1 2.71762e-7 0.9694043 0 -0.2454698 0 -1 0 -0.9693973 0 -0.2454971 -0.969393 0 -0.2455146 0 -1 1.56992e-7 0.9157788 0 -0.401683 0.9693998 0 -0.2454872 0 -1 -1.32936e-7 -0.9157896 0 -0.4016587 -0.9157658 0 -0.4017125 0 -1 -1.70099e-7 0 -1 -3.6915e-7 0.8371695 0 -0.5469436 0.9157552 0 -0.401737 -0.8371562 0 -0.5469639 -0.8371781 0 -0.5469304 0 -1 4.46037e-7 -0.8371557 0 -0.5469647 -0.8371777 0 -0.546931 0 -1 6.50974e-7 0.7357123 0 -0.6772942 0.8371915 0 -0.5469099 0 -1 0 -0.7357124 0 -0.6772942 -0.735746 0 -0.6772577 0 -1 -1.37099e-7 0 -1 -6.05239e-7 0.6141501 0 -0.7891894 0.735746 0 -0.6772576 0 -1 -2.30667e-7 -0.6141642 0 -0.7891783 -0.6142098 0 -0.7891429 0 -1 -5.96737e-7 0.6141641 0 -0.7891784 0 -1 -1.98197e-7 -0.6141644 0 -0.7891782 -0.61421 0 -0.7891426 0.4759907 0 -0.8794503 0.6141957 0 -0.7891538 -0.4759786 0 -0.8794569 -0.4759786 0 -0.8794569 0.4759786 0 -0.8794569 0.6142098 0 -0.7891428 0 -1 1.06078e-6 0.3246611 0 -0.9458304 0.4759908 0 -0.8794503 0 -1 1.28265e-7 -0.3246701 0 -0.9458273 -0.3246701 0 -0.9458274 0.4759786 0 -0.8794569 -0.3246611 0 -0.9458304 0 -1 6.31166e-7 0.1646026 0 -0.98636 0 -1 -2.9028e-7 -0.1646026 0 -0.9863601 -0.1646026 0 -0.98636 0 -1 -6.28663e-7 0.1646025 0 -0.98636 0 -1 -1.51645e-7 -0.1646074 0 -0.9863592 -0.1646073 0 -0.9863592 0.1646026 0 -0.9863601 0 -1 0 0 -1 0 0.1646025 0 -0.9863601 0 -1 4.64035e-7 0 -1 -4.1825e-7 0 -1 -8.06244e-7 0 -1 6.31517e-7 0 -1 1.52946e-7 0 -1 1.70315e-7 0 -1 -1.69815e-7 0 -1 2.9124e-7 0 -1 0 0 -1 0 0.9969147 0 -0.07849305 0 -1 0 0 -1 -1.01914e-6 0.9969145 0 -0.07849609 0.9723723 0 -0.2334358 0 -1 3.938e-7 0.9723702 0 -0.2334445 0.9238743 0 -0.3826963 0 -1 0 0 -1 2.98443e-6 0 -1 1.77625e-6 0 -1 -7.32635e-7 0.8526242 0 -0.5225247 0 -1 1.69608e-7 -0.08259534 0 0.9965832 -0.08255892 0 0.9965863 -0.2454691 0 0.9694044 -0.2454347 0 0.9694132 -0.2454416 0 0.9694114 -0.4016866 0 0.9157773 -0.4017279 0 0.9157591 -0.4016972 0 0.9157726 0.7604203 0 -0.6494313 0 -1 3.45116e-7 -0.5469454 0 0.8371683 -0.5469968 0 0.8371347 -0.5469321 0 0.8371771 -0.5469835 0 0.8371434 0 -1 -1.30605e-6 0 -1 6.49892e-7 0.7604205 0 -0.6494312 0.6494802 0 -0.7603785 0 -1 -6.06359e-7 -0.6772423 0 0.7357601 0 -1 -1.67318e-6 0 -1 9.83316e-7 0 -1 -7.62772e-7 0.6494133 0 -0.7604357 0.5225078 0 -0.8526346 0 -1 0 -0.7891246 0 0.6142331 0.5224798 0 -0.8526518 0.382726 0 -0.923862 0 -1 4.60345e-7 0 -1 -1.1777e-6 0 -1 6.46766e-7 0.3826602 0 -0.9238893 0 -1 -1.89504e-6 -0.8794763 0 0.4759428 0 -1 2.97166e-6 0 -1 4.2177e-6 0.2334392 0 -0.9723715 0.07844203 0 -0.9969187 0 -1 5.22739e-7 0 -1 0 0 -1 -8.57262e-7 0.07848042 0 -0.9969156 0 -1 -1.75819e-6 0 -1 7.10669e-7 0 -1 3.78193e-7 -0.9458138 0 0.3247095 -0.9458138 0 0.3247095 0 -1 -1.29668e-7 0 -1 0 0 -1 -2.99711e-7 0 -1 4.51435e-7 0 -1 8.91675e-7 -0.9863626 0 0.1645874 -0.9863626 0 0.1645874 0 -1 -2.01428e-6 -0.986353 0 0.164644 -0.986353 0 0.164644 0 -1 7.46698e-7 0 -1 4.97043e-7 0 -1 4.12596e-6 0 -1 -5.26636e-7 0 -1 8.50619e-7 0 -1 -6.66965e-7 -0.9863626 0 -0.1645874 -0.9863626 0 -0.1645874 0 -1 1.80012e-6 0 -1 5.0267e-7 -0.986353 0 -0.164644 -0.986353 0 -0.164644 0 -1 6.60107e-7 -0.9458138 0 -0.3247095 -0.9458138 0 -0.3247095 0 -1 -7.46536e-7 0 -1 -1.24799e-5 -0.8796311 0 -0.4756565 -0.8795011 0 -0.475897 0 -1 -3.09054e-6 -0.8794403 0 -0.4760093 -0.8793101 0 -0.4762498 0.8796312 0 -0.4756565 0 -1 1.51173e-6 -0.8794746 0 -0.4759459 -0.8794746 0 -0.4759458 0.879822 0 -0.4753034 -0.8794876 0 -0.4759218 -0.8794876 0 -0.4759218 -0.7891524 0 -0.6141976 -0.7891108 0 -0.6142509 0 -1 0 0 -1 -1.94119e-7 -0.6772821 0 -0.7357234 0 -1 0 0 -1 -2.84019e-7 0 -1 0 -0.5469455 0 -0.8371683 0 -1 -5.19535e-7 0 -1 0 -0.5469322 0 -0.837177 0 -1 0 -0.4016866 0 -0.9157773 0 -1 0 -0.4016972 0 -0.9157726 -0.401728 0 -0.9157592 0 -1 1.35888e-7 -0.2454691 0 -0.9694044 -0.2454692 0 -0.9694045 0 -1 0 -0.245476 0 -0.9694027 0 -1 -1.39404e-7 -0.08259534 0 -0.9965832 -0.08259534 0 -0.9965832 0 -1 1.4074e-7 0 -1 0 0 -1 4.70895e-7 0 -1 -2.2405e-7 0 -1 2.28499e-7 0 -1 -1.48312e-7 0 -1 -1.77581e-7 0 -1 0 0 -1 4.60677e-7 0 -1 8.9826e-7 0 -1 -1.47101e-7 0 -1 -3.36354e-7 0 -1 0 0 -1 4.71209e-7 0 -1 4.92054e-7 0 -1 3.19288e-7 0 -1 -2.73714e-7 0 -1 -4.59215e-7 0 -1 4.42629e-7 0 -1 -4.39571e-7 0 -1 -5.51876e-7 0 -1 2.84019e-7 0 -1 3.10593e-7 0 -1 4.43338e-7 0 -1 -2.81826e-7 0 -1 5.19535e-7 0 -1 0 0 -1 6.84676e-7 0 -1 -1.12963e-6 0 -1 0 -0.08259534 0 0.9965832 -0.2455036 0 0.9693958 -0.2454692 0 0.9694045 -0.2455105 0 0.9693939 -0.401728 0 0.9157592 -0.5469065 0 0.8371938 -0.677282 0 0.7357235 -0.6772821 0 0.7357234 -0.9458177 0 0.3246983 -0.9458267 0 0.3246722 -0.9863635 0 0.1645815 0 -1 -3.12017e-7 -0.9863645 0 -0.1645755 -0.9863645 0 -0.1645755 0 -1 1.21633e-6 0 -1 0 -0.986355 0 -0.1646321 -0.986355 0 -0.1646321 -0.07844448 0 0.9969186 -0.07844442 0 0.9969185 0.07844203 0 0.9969187 0.07844203 0 0.9969187 0 -1 2.04938e-7 -0.94581 0 -0.3247207 -0.94581 0 -0.3247207 0 -1 0 -0.9458189 0 -0.3246947 0.07844203 0 0.9969187 0.07844203 0 0.9969187 0.382693 0 0.9238756 -0.3826822 0 0.9238801 0.5225078 0 0.8526346 0.3826931 0 0.9238756 -0.5225215 0 0.8526262 0 -1 1.26084e-7 -0.879468 0 -0.4759581 0 -1 -7.8258e-7 0.6494356 0 0.7604167 -0.6494356 0 0.7604167 -0.6494358 0 0.7604165 0.7604041 0 0.6494503 -0.7604037 0 0.6494508 0 -1 0 -0.7891524 0 -0.6141976 0 -1 0 0.8526347 0 0.5225074 0.7604041 0 0.6494503 -0.8526348 0 0.5225074 0 -1 -2.35405e-7 0 -1 0 0 -1 -3.47408e-7 0 -1 1.31544e-7 0 -1 -6.23628e-7 0 -1 0 0 -1 0 -0.4016866 0 -0.9157773 0 -1 0 -0.4016972 0 -0.9157726 0.9723723 0 0.2334358 -0.9723653 0 0.2334647 -0.9723653 0 0.2334647 0 -1 1.70329e-7 0 -1 0 0 -1 -1.77189e-7 0 -1 1.79349e-7 0 -1 0 0.9723723 0 0.2334358 -0.9969192 0 0.07843524 0 -1 -4.2746e-7 0.9969169 0 0.07846564 0.9965844 0 -0.0825811 -0.9965867 0 -0.08255219 0 -1 7.27537e-7 0.9694021 0 -0.2454785 0 -1 0 -0.9693951 0 -0.2455059 -0.9693951 0 -0.2455058 0 -1 0 0.9157729 0 -0.4016965 0.9694021 0 -0.2454785 0 -1 0 -0.9157836 0 -0.4016722 -0.9157836 0 -0.4016721 0 -1 0 0 -1 -1.98567e-7 0.9157729 0 -0.4016965 -0.8371561 0 -0.5469639 0 -1 2.63609e-7 -0.8371558 0 -0.5469646 0 -1 3.3591e-7 0.8371695 0 -0.5469435 0 -1 0 -0.7356955 0 -0.6773124 0 -1 0 0 -1 -3.00195e-7 0.6142185 0 -0.7891361 0.7356956 0 -0.6773124 0 -1 -1.29988e-7 -0.6142327 0 -0.7891251 0 -1 -2.98096e-7 0.6142326 0 -0.7891252 0 -1 0 -0.6142329 0 -0.7891249 -0.4760069 0 -0.8794416 0 -1 5.32415e-7 0.4760192 0 -0.879435 0 -1 0 -0.3247029 0 -0.9458161 0.4760069 0 -0.8794415 -0.3246939 0 -0.9458191 0 -1 2.71534e-7 0.1645669 0 -0.986366 0.3246939 0 -0.9458191 0 -1 -1.3086e-7 -0.1645669 0 -0.9863659 0 -1 -2.71069e-7 0.1645669 0 -0.986366 0 -1 0 -0.1645717 0 -0.9863651 0 -1 0 0 -1 0 0 -1 -1.02587e-6 0 -1 -2.59491e-7 0 -1 4.30204e-7 0 -1 2.57257e-7 0 -1 0 0 -1 -4.98056e-7 0 -1 -5.05357e-7 0 -1 -1.00303e-6 0 -1 7.53257e-7 0 -1 2.10206e-7 0 -1 2.32211e-7 0 -1 -2.2187e-7 0 -1 3.9322e-7 0 -1 0 0 -1 0 0.169 0 0.9856161 -0.1690023 0 0.9856157 -0.1690024 0 0.9856157 -0.169 0 0.9856161 -0.169 0 0.9856162 0.169 0 0.9856162 -0.3331471 0 0.942875 -0.3331514 0 0.9428734 0.3331514 0 0.9428734 0.4876773 0 0.8730241 -0.4876773 0 0.8730241 0.3331509 0 0.9428736 0.4876832 0 0.8730208 -0.4876714 0 0.8730273 0.6282421 0 0.7780179 -0.6282421 0 0.7780179 0.4876832 0 0.8730207 0.6282353 0 0.7780234 -0.6282353 0 0.7780234 -0.6282354 0 0.7780234 -0.7506679 0 0.6606798 0.6282354 0 0.7780234 0.7506679 0 0.6606798 0.927891 0 0.3728515 -0.9278863 0 0.3728634 -0.9278864 0 0.3728634 0.9278815 0 0.3728752 -0.927891 0 0.3728515 -0.927891 0 0.3728514 0 -1 2.0353e-6 0.927891 0 0.3728514 0.9775517 0 0.2106958 -0.9775574 0 0.2106693 0.9278815 0 0.3728753 0.9775574 0 0.2106693 -0.9775517 0 0.2106957 0.9990995 0 0.04242932 -0.999099 0 0.04244309 0.999099 0 0.04244309 0 -1 5.98933e-7 0.9919015 0 -0.1270096 0 -1 -2.11132e-7 -0.9918997 0 -0.1270232 -0.9918997 0 -0.1270232 0.9918997 0 -0.1270232 0 -1 -4.51178e-7 0 -1 -1.46305e-6 0.9919015 0 -0.1270096 0.9561606 0 -0.2928431 0 -1 0 -0.9561682 0 -0.2928178 0.9918997 0 -0.1270232 0.9561644 0 -0.2928304 0 -1 6.45599e-7 -0.9561644 0 -0.2928305 0.8929309 0 -0.4501937 -0.8929345 0 -0.4501867 -0.8929311 0 -0.4501937 0 -1 -6.29418e-7 0 -1 1.465e-6 0.8929345 0 -0.4501866 0.8039944 0 -0.5946369 0 -1 1.41731e-7 -0.8039878 0 -0.5946458 0.8039878 0 -0.5946458 0 -1 6.80782e-7 -0.08257716 0 0.9965847 -0.08257716 0 0.9965847 -0.2455208 0 0.9693914 -0.245538 0 0.9693869 -0.2455277 0 0.9693896 -0.2455449 0 0.9693852 -0.4016866 0 0.9157773 -0.4016972 0 0.9157726 0.8039945 0 -0.5946369 0.6919356 0 -0.7219592 -0.6919425 0 -0.7219527 -0.6919425 0 -0.7219526 0.6919493 0 -0.7219461 0 -1 -3.80705e-7 -0.6919356 0 -0.7219592 -0.5469583 0 0.83716 -0.5469455 0 0.8371683 -0.546945 0 0.8371686 -0.5469322 0 0.837177 0.5599864 0 -0.8285018 0 -1 -2.45133e-7 -0.5599681 0 -0.8285142 -0.5599801 0 -0.8285062 0.6919494 0 -0.721946 0.55998 0 -0.8285061 0 -1 1.60615e-7 -0.677292 0 0.7357143 0.5599746 0 -0.8285098 0.4118961 0 -0.9112308 -0.4119013 0 -0.9112285 0.5599682 0 -0.8285142 0.4119007 0 -0.9112288 -0.7891247 0 0.6142331 0.4118962 0 -0.9112308 0.2520065 0 -0.9677256 0 -1 -5.35553e-7 -0.2520031 0 -0.9677265 -0.2520032 0 -0.9677264 0 -1 1.01665e-6 0.4119007 0 -0.9112288 0.2520031 0 -0.9677265 0 -1 -4.25479e-7 0 -1 -3.15864e-6 0.2520065 0 -0.9677255 0.08477878 0 -0.9963998 0 -1 9.27658e-7 -0.08477759 0 -0.9963999 -0.08477765 0 -0.9963999 0.2520032 0 -0.9677264 0.08477759 0 -0.9963999 -0.08477991 0 -0.9963997 0.08477878 0 -0.9963999 0 -1 -1.37401e-7 0.08477765 0 -0.9963999 -0.8794804 0 0.4759351 0 -1 2.64954e-6 0 -1 8.25061e-7 0 -1 -1.95842e-6 0 -1 -1.26416e-6 0 -1 -7.03769e-7 -0.9863614 0 -0.1645946 -0.9863607 0 -0.1645982 -0.9863496 0 -0.1646648 -0.986349 0 -0.1646685 0 -1 1.05604e-5 0.9863672 0 -0.1645595 0 -1 -9.18604e-7 -0.9863778 0 -0.1644959 -0.9863752 0 -0.1645113 0 -1 1.38972e-6 0 -1 1.19736e-6 0.9863614 0 -0.1645946 0 -1 7.16196e-6 0 -1 -2.23998e-6 -0.9458158 0 -0.3247038 -0.9458248 0 -0.3246778 -0.8794805 0 -0.4759351 0 -1 -6.29152e-7 0 -1 0 -0.7891178 0 -0.614242 -0.7891246 0 -0.6142331 0 -1 0 0 -1 -1.7273e-7 -0.6772919 0 -0.7357144 -0.677292 0 -0.7357143 0 -1 0 0 -1 -2.51606e-7 0 -1 0 -0.5469583 0 -0.83716 0 -1 -4.64767e-7 0 -1 0 -0.546945 0 -0.8371686 0 -1 0 0 -1 0 0 -1 0 0 -1 0 0 -1 -1.21161e-7 -0.08257716 0 -0.9965847 0 -1 1.22169e-7 0 -1 0 0 -1 -1.6464e-7 0 -1 -1.96338e-7 0 -1 -2.52354e-7 0 -1 2.56366e-7 0 -1 0 0 -1 5.35616e-7 0 -1 5.06327e-7 0 -1 -1.63149e-7 0 -1 0 0 -1 5.3603e-7 0 -1 4.94709e-7 0 -1 -4.93912e-7 0 -1 -3.01287e-7 0 -1 5.44492e-7 0 -1 -5.1069e-7 0 -1 3.49284e-7 -0.07846361 0 0.9969171 -0.07846844 0 0.9969167 0.07846122 0 0.9969173 0.07846117 0 0.9969172 0.07846599 0 0.9969169 -0.2334346 0 0.9723725 0.07846599 0 0.9969169 0.3826642 0 0.9238876 0.2334346 0 0.9723725 -0.3826534 0 0.923892 -0.3826534 0 0.923892 0.5224903 0 0.8526453 0.3826643 0 0.9238876 -0.522504 0 0.8526369 -0.5225039 0 0.852637 0.6494635 0 0.7603929 0.5224903 0 0.8526452 -0.6494635 0 0.7603928 -0.6494635 0 0.7603929 -0.6494637 0 0.7603926 -0.6494637 0 0.7603927 0.7604081 0 0.6494455 0.6494635 0 0.7603928 -0.7604082 0 0.6494455 -0.7604081 0 0.6494455 -0.7604078 0 0.6494461 0.7604082 0 0.6494455 0.9238721 0 0.3827014 -0.9238721 0 0.3827014 -0.9238728 0 0.3826997 0.9723733 0 0.2334314 0.9238728 0 0.3826997 -0.9723663 0 0.2334603 -0.9723666 0 0.2334592 0 -1 1.44877e-6 0 -1 -1.98117e-6 0 -1 -9.73685e-7 0.9969168 0 0.07846719 0.9723736 0 0.2334303 -0.9969191 0 0.07843673 0 -1 -3.5515e-7 0 -1 -5.94363e-7 0.9969168 0 0.07846719 0 -1 -1.24017e-7 0 -1 -1.15219e-6 0 -1 1.20653e-6 0 -1 1.14776e-6 0 -1 9.96048e-7 0 -1 -3.20283e-6 0 -1 -1.18353e-6 0 -1 -2.00552e-6 0 -1 2.20303e-6 0 -1 4.29877e-7 0 -1 0 0 -1 0 0 -1 7.89381e-7 0 -1 -1.51453e-7 0 -1 0 0 -1 1.28791e-7 0 -1 -8.3125e-7 0 -1 -2.0414e-7 0 -1 2.32073e-7 0 -1 -1.93015e-7 0 -1 -7.65843e-7 0 -1 -6.63584e-7 0 -1 6.43983e-7 0 -1 1.15918e-6 0 -1 -4.37466e-7 0 -1 -1.22756e-6 0 -1 0 0 -1 3.47855e-7 0 -1 1.58436e-6 0 -1 1.81924e-6 0 -1 1.34365e-7 0 -1 -1.48431e-7 0 -1 0 0 -1 1.42131e-7 0 -1 -2.01782e-6 0 -1 0 0 -1 0 0 -1 3.53411e-7 0 -1 -1.68083e-7 0 -1 -9.16637e-7 0 -1 7.69553e-7 0 -1 1.19057e-6 0.9965842 0 -0.08258312 -0.9965867 0 -0.08255422 -0.9965867 0 -0.08255422 0.9965842 0 -0.08258306 -0.9693951 0 -0.2455061 0.9157723 0 -0.4016978 0.969402 0 -0.2454788 -0.9157831 0 -0.4016734 -0.9157831 0 -0.4016734 0 -1 0 0 -1 8.56775e-7 0 -1 0 0.8371716 0 -0.5469404 0.9157723 0 -0.4016977 -0.8371583 0 -0.5469607 -0.8371582 0 -0.5469608 0 -1 0 -0.8371578 0 -0.5469615 -0.8371579 0 -0.5469615 0.7357323 0 -0.6772725 0.8371717 0 -0.5469404 0 -1 0 -0.7357323 0 -0.6772725 -0.7357317 0 -0.6772731 0 -1 0 0.6142071 0 -0.7891449 0.7357318 0 -0.677273 0 -1 0 -0.6142213 0 -0.7891339 -0.6142204 0 -0.7891345 0 -1 0 0.6142212 0 -0.789134 0 -1 0 -0.6142215 0 -0.7891337 -0.6142207 0 -0.7891342 0.47595 0 -0.8794724 0.6142064 0 -0.7891455 -0.4759379 0 -0.879479 -0.4759387 0 -0.8794785 0.4759378 0 -0.8794791 0.6142205 0 -0.7891345 0 -1 1.74504e-7 0.3246827 0 -0.945823 0.4759509 0 -0.8794719 0 -1 0 -0.3246917 0 -0.94582 -0.3246916 0 -0.94582 0.4759387 0 -0.8794785 -0.3246827 0 -0.945823 0.1645814 0 -0.9863635 0 -1 0 -0.1645814 0 -0.9863636 -0.1645826 0 -0.9863634 0 -1 0 0.1645814 0 -0.9863635 0 -1 0 -0.1645862 0 -0.9863627 -0.1645873 0 -0.9863625 0.1645826 0 -0.9863634 0 -1 0 0.1645825 0 -0.9863634 0.677292 0 0.7357144 0 -1 1.87374e-7 0 -1 1.63237e-6 0 -1 4.2091e-7 0 -1 -4.09081e-7 0 -1 0 0 -1 0 0.6774824 0 -0.735539 0 -1 0 0 -1 1.30812e-7 0 -1 -4.16522e-7 0 -1 0 0 -1 0 0 -1 0 0 -1 4.20908e-7 0 -1 -4.87899e-7 0 -1 -4.20129e-7 0 -1 1.74807e-7 0 -1 0 0 -1 3.15568e-7 0 -1 0 0 -1 5.35727e-7 0 -1 0 0 -1 2.3227e-7 0 -1 0 0 -1 -3.60098e-7 0 -1 -5.35717e-7 0 -1 4.20129e-7 0 -1 0 0 -1 5.76154e-7 0 -1 4.97015e-7 0 -1 -6.5659e-7 0 -1 -1.07171e-6 0 -1 2.63785e-7 0 -1 0 0 -1 5.96142e-7 0 -1 0 0 -1 2.10825e-6 0 -1 -2.74554e-7 0 -1 7.36693e-7 0 -1 -2.83505e-6 0 -1 -2.19473e-7 0 -1 1.86874e-6 0 -1 -5.08254e-6 0 -1 1.71595e-6 0 -1 2.0205e-6 0 -1 -1.9034e-6 0 -1 1.86751e-6 0 -1 -1.36865e-6 0 -1 6.62793e-7 0 -1 -1.81091e-6 0 -1 1.07364e-6 0 -1 -7.93121e-7 0 -1 -1.33744e-6 0 -1 6.86125e-7 0 -1 1.3381e-7 0 -1 -9.3044e-7 0 -1 -2.14644e-6 0 -1 8.82777e-7 0 -1 4.21963e-7 0 -1 -1.71279e-7 0 -1 0 0 -1 -4.32574e-7 0 -1 5.53985e-7 0 -1 1.25505e-6 0 -1 6.80589e-7 0 -1 9.70535e-6 0 -1 -1.27524e-6 0 -1 1.61683e-6 0 -1 -2.87002e-6 0 -1 2.1425e-6 0 -1 -8.02568e-7 0 -1 -8.27081e-7 0 -1 1.61486e-6 0 -1 1.78007e-6 0 -1 -7.6835e-7 0 -1 -1.00268e-6 0 -1 3.28549e-6 0 -1 -4.59718e-6 0 -1 -1.21359e-6 0 -1 1.08587e-6 0 -1 -1.10479e-6 0 -1 2.36206e-6 0 -1 -2.67668e-6 0 -1 -2.26154e-6 0 -1 -3.00411e-7 0 -1 0 0 -1 0 0 -1 6.43163e-7 0 -1 -1.13985e-6 0 -1 1.01362e-6 0 -1 1.85592e-6 -0.07846361 0 0.996917 0.07846122 0 0.9969173 0.07846117 0 0.9969173 0.38266 0 0.9238892 -0.3826493 0 0.9238938 -0.3826493 0 0.9238938 0.5225358 0 0.8526173 0.3826602 0 0.9238893 -0.5225496 0 0.852609 -0.5225495 0 0.852609 0.5225359 0 0.8526174 -0.6494244 0 0.7604262 -0.6494246 0 0.7604261 0.6494244 0 0.7604261 -0.7604123 0 0.6494408 -0.7604117 0 0.6494413 0.7604122 0 0.6494408 -0.9238828 0 0.3826758 0.9238827 0 0.3826758 -0.9723632 0 0.2334735 0.9723702 0 0.2334445 0.6772381 0 0.735764 0 -1 -3.89203e-7 0 -1 3.36997e-7 0 -1 2.66442e-6 0 -1 1.07599e-6 0 -1 -1.3668e-6 0 -1 3.36813e-7 0 -1 2.51099e-7 0.6775041 0 -0.7355191 0 -1 8.69311e-7 0 -1 8.94305e-7 0 -1 -3.86626e-6 0 -1 1.17604e-6 0 -1 -1.39029e-6 0 -1 1.17614e-6 0 -1 1.94553e-6 0 -1 1.58092e-6 0 -1 -2.1459e-6 0 -1 2.49118e-6 0 -1 1.60528e-6 0 -1 1.68782e-6 0 -1 -2.10598e-6 0 -1 -2.82799e-6 0 -1 2.49794e-5 0.0825392 0 0.9965879 -0.08253586 0 0.9965881 -0.08253246 0 0.9965884 -0.4016903 0 0.9157757 0.5469782 0 0.8371469 -0.5469608 0 0.8371583 0.5469422 0 0.8371704 0.5469609 0 0.8371582 -0.7891265 0 0.6142308 0.8794858 0 0.4759253 -0.8794858 0 0.4759253 -0.9458006 0 0.3247479 -0.9458007 0 0.3247479 0.9863625 0 0.1645876 -0.9863625 0 0.1645875 0.9863559 0 0.1646273 -0.9863572 0 0.164619 -0.9863559 0 0.1646273 0.9863572 0 0.1646189 -0.9969174 0 0.07845878 0.9969174 0 0.07845878 0.9969174 0 0.07845878 0.9863625 0 -0.1645876 -0.9863625 0 -0.1645875 0 -1 -1.5238e-6 0 -1 -1.43791e-6 0 -1 8.06053e-7 -0.9458006 0 -0.3247479 -0.9458007 0 -0.3247479 0 -1 -9.35719e-7 0 -1 -1.32964e-6 -0.8794974 0 -0.4759037 0 -1 -5.80415e-7 0 -1 1.299e-6 0 -1 1.24391e-7 -0.7891265 0 -0.6142308 0 -1 -1.16171e-6 0 -1 0 -0.7891067 0 -0.6142563 0.7891463 0 -0.6142053 0 -1 -1.52331e-6 0 -1 7.62772e-7 0 -1 3.15254e-7 0.5469421 0 -0.8371706 0 -1 1.35463e-7 -0.5469609 0 -0.8371582 0 -1 -1.89019e-6 0.5469782 0 -0.8371468 0 -1 -6.06065e-7 0 -1 1.21014e-6 -0.4016903 0 -0.9157757 0 -1 7.21678e-7 0 -1 4.17068e-7 0.0825392 0 -0.9965879 0 -1 -1.18029e-6 0 -1 3.1684e-6 -0.08253246 0 -0.9965884 0 -1 2.40751e-7 0.9965847 0 -0.08257812 0 -1 2.05297e-7 -0.996587 0 -0.08254921 -0.996587 0 -0.08254921 0 -1 1.45544e-6 0 -1 3.37481e-7 0.9694015 0 -0.245481 0 -1 -4.64522e-7 -0.9693931 0 -0.2455137 -0.9693958 0 -0.2455033 0 -1 9.71135e-7 0 -1 -1.24626e-6 -0.9969174 0 0.07845878 -0.9723684 0 0.2334516 -0.9723711 0 0.2334406 0.9723684 0 0.2334516 0 -1 0 -0.9723702 0 0.2334445 -0.9723699 0 0.2334457 0.969392 0 -0.2455186 0.9694042 0 -0.2454705 0 -1 3.28529e-6 -0.969392 0 -0.2455185 -0.9694052 0 -0.2454661 0 -1 -3.31338e-6 0 -1 1.75909e-6 0 -1 -4.92685e-7 0 -1 0 0 -1 9.59501e-7 0 -1 -1.07333e-6 0.9723702 0 0.2334445 0.9723711 0 0.2334406 0.9157611 0 -0.4017235 0.9694052 0 -0.2454661 -0.9157718 0 -0.4016992 -0.9157718 0 -0.4016991 0 -1 -2.99639e-7 0.8371805 0 -0.5469268 0.9157611 0 -0.4017235 -0.8371672 0 -0.5469471 -0.8371667 0 -0.5469478 0 -1 5.19414e-7 0.7357291 0 -0.6772759 0 -1 0 -0.7357292 0 -0.6772759 -0.7357291 0 -0.6772759 0 -1 0 0 -1 -4.74924e-7 0.7357292 0 -0.6772759 0 -1 -1.90767e-7 0 -1 -4.69674e-7 0 -1 -1.59886e-7 0.4759624 0 -0.8794656 -0.4759503 0 -0.8794723 -0.4759219 0 -0.8794876 0.4759502 0 -0.8794723 0 -1 8.36606e-7 0.4759341 0 -0.8794811 0 -1 0 -0.3247029 0 -0.9458162 0.4759219 0 -0.8794876 0 -1 4.64902e-7 0 -1 -2.18425e-7 -0.1645669 0 -0.986366 0 -1 -4.63537e-7 0 -1 0 -0.1645717 0 -0.9863651 0.1645669 0 -0.9863659 0 -1 0 0 -1 0 0.1645669 0 -0.9863659 0 -1 0 -0.9238792 0 0.3826844 0.9238792 0 0.3826844 0.9238792 0 0.3826844 0.9723699 0 0.2334457 0 -1 0 -0.9238792 0 0.3826844 -0.8526399 0 0.5224991 0 -1 -3.50932e-7 0 -1 1.36971e-6 0.8526375 0 0.5225031 -0.7071087 0 0.7071049 -0.7071087 0 0.7071049 0 -1 3.97451e-7 0 -1 0 -0.8526475 0 0.5224868 -0.8526433 0 0.5224936 -0.7071055 0 0.7071081 0 -1 -4.74462e-7 0 -1 -3.74218e-6 0 -1 2.39326e-6 0 -1 -2.11721e-6 0 -1 9.7901e-7 0 -1 1.49854e-7 0 -1 1.40009e-6 0 -1 1.48539e-6 0 -1 3.13176e-7 0 -1 8.5287e-7 0 -1 0 0.7071108 0 0.7071028 0.7071093 0 0.7071043 0 -1 -2.29197e-5 0.8526474 0 0.5224868 0 -1 1.72022e-6 0 -1 1.47833e-7 0.7071052 0 0.7071085 0.7071109 0 0.7071027 0 -1 3.34971e-7 0 -1 0 -0.7604044 0 0.64945 0.7604024 0 0.6494524 0.7604044 0 0.64945 0.8526433 0 0.5224936 0 -1 -5.51949e-7 0 -1 0 0 -1 0 -0.08258992 0 0.9965837 -0.08259457 0 0.9965832 0.08258998 0 0.9965837 -0.245465 0 0.9694055 -0.2454516 0 0.9694089 0.245465 0 0.9694055 0.401714 0 0.9157651 -0.4017245 0 0.9157606 0.2454515 0 0.9694089 0.4017245 0 0.9157606 0.401714 0 0.9157652 0.5469461 0 0.8371679 -0.5469016 0 0.837197 -0.5469267 0 0.8371806 0.5469266 0 0.8371806 -0.5469341 0 0.8371757 -0.5469591 0 0.8371595 0 -1 0 -0.7071071 0 0.7071065 -0.7071071 0 0.7071065 -0.7604024 0 0.6494523 0.6772949 0 0.7357117 -0.6773019 0 0.7357052 -0.677302 0 0.7357051 0.5469017 0 0.837197 0.6773231 0 0.7356857 -0.6772949 0 0.7357117 -0.6772949 0 0.7357117 0.6772949 0 0.7357117 -0.9458157 0 0.3247041 -0.9458287 0 0.3246662 0.94582 0 0.3246915 0.9863649 0 0.1645734 -0.9863626 0 0.1645872 0.9458287 0 0.3246662 0.9863557 0 0.1646286 -0.986361 0 0.1645971 -0.9863625 0 0.1645878 -0.9863688 0 0.1645495 -0.9863715 0 0.1645341 0.9863649 0 0.1645734 0.9863557 0 0.1646285 0.9863649 0 -0.1645734 0 -1 2.59344e-7 -0.9863626 0 -0.1645872 0.9863557 0 -0.1646286 0 -1 1.36869e-6 -0.9863663 0 -0.164565 0.7071064 0 -0.7071072 0.7071079 0 -0.7071058 -0.9863655 0 -0.1645693 0.9863649 0 -0.1645734 0 -1 0 -0.9458157 0 -0.3247041 0.9863557 0 -0.1646285 -0.9458287 0 -0.3246662 0.94582 0 -0.3246915 0 -1 -8.51184e-7 -0.8794701 0 -0.4759542 0.9458287 0 -0.3246662 0 -1 -2.13805e-7 0.7071052 0 0.7071084 0.8794701 0 -0.4759542 0.7891424 0 -0.6142103 0 -1 -1.04985e-6 0 -1 1.95765e-7 -0.7891359 0 -0.6142188 -0.7891494 0 -0.6142015 0.7891287 0 -0.6142279 0 -1 -1.56553e-6 -0.7891153 0 -0.6142452 -0.7891288 0 -0.6142278 0.7891291 0 -0.6142275 0.6772949 0 -0.7357117 0 -1 2.31993e-6 0 -1 0 -0.677302 0 -0.7357051 0.7891154 0 -0.6142451 0.6773231 0 -0.7356857 -0.6772949 0 -0.7357117 0.5469461 0 -0.8371679 0 -1 -2.69632e-6 0 -1 4.7699e-7 -0.5469266 0 -0.8371806 -0.5469267 0 -0.8371806 0.5469266 0 -0.8371806 0 -1 1.53151e-7 -0.5469591 0 -0.8371593 -0.5469591 0 -0.8371595 -0.707102 0 -0.7071115 -0.7071046 0 -0.707109 0.401714 0 -0.9157651 0 -1 -1.14899e-6 -0.4017245 0 -0.9157606 0.5469267 0 -0.8371806 0.4017245 0 -0.9157606 0.401714 0 -0.9157652 0.245465 0 -0.9694055 0 -1 4.69836e-6 -0.245465 0 -0.9694055 0.2454516 0 -0.9694089 0 -1 -6.78008e-7 -0.2454851 0 -0.9694005 -0.2454515 0 -0.9694089 0 -1 1.06947e-6 0 -1 9.11735e-7 -0.08255451 0 -0.9965866 0.245485 0 -0.9694004 0 -1 3.9724e-7 -0.08255916 0 -0.9965862 0.08255451 0 -0.9965866 0 -1 -2.70776e-7 0 -1 -5.54173e-7 0 -1 4.89312e-7 0 -1 -1.13951e-6 0 -1 -4.63077e-7 0 -1 1.08154e-6 0 -1 -4.67779e-7 -0.7071079 0 0.7071057 -0.7071049 0 0.7071087 0.7071117 0 -0.707102 0.7071079 0 -0.7071057 -0.952261 0 -0.3052853 0 -1 -1.57339e-5 0 -1 -6.85002e-5 0.9527845 0 -0.3036475 0 -1 -3.49576e-7 -0.7071169 0 -0.7070968 0.7071001 0 0.7071135 0 -1 7.09308e-7 0 -1 -5.98114e-7 0 -1 9.02345e-7 0.7071117 0 -0.7071019 0 -1 8.66651e-7 0 -1 1.16506e-6 0 -1 -1.93967e-6 0 -1 1.66008e-7 0 -1 -3.62672e-7 0.38266 0 -0.9238892 0 -1 -2.07766e-6 0 -1 -1.5759e-6 0 -1 3.61282e-6 0 -1 -2.23153e-6 0 -1 1.63241e-5 0.07848036 0 -0.9969156 0.07844203 0 -0.9969187 -0.7071039 0 0.7071098 -0.7071077 0 0.7071059 0 -1 1.07764e-6 0 -1 0 0 -1 -7.3842e-7 0 -1 2.40597e-7 0 -1 -1.06478e-6 0 -1 -3.08627e-6 0 -1 0 0 -1 -1.48462e-7 0 -1 -4.13138e-7 0 -1 0 0 -1 3.75211e-7 0 -1 0 0 -1 0 0 -1 -4.82532e-6 0 -1 1.80857e-6 0 -1 0 0 -1 -1.35993e-7 0 -1 -1.95419e-7 0 -1 0 0.7071098 0 0.7071038 0.7071032 0 0.7071105 0.003248274 0 0.9999948 0.003247857 0 0.9999948 0.003246247 0 0.9999948 0.003249883 0 0.9999948 0.09021824 0 0.9959221 -0.08257788 0 0.9965846 0.003247797 0 0.9999948 0.003247737 0 0.9999948 0.09021252 0 0.9959226 0.2614353 0 0.9652211 0.2614353 0 0.9652211 0.4247049 0 0.905332 0.4247401 0 0.9053154 -0.4016959 0 0.9157732 -0.7071079 0 0.7071058 -0.7071079 0 0.7071057 0.4247449 0 0.9053131 0.5751976 0 0.8180145 0.7071056 0 0.707108 0.7071082 0 0.7071055 -0.6772786 0 0.7357267 0.5751976 0 0.8180146 0.7082559 0 0.7059558 0.7082531 0 0.7059587 0.8198775 0 0.572539 0.7677413 0 0.6407601 0.8198776 0 0.572539 0.9066893 0 0.4217994 0.9066893 0 0.4217993 0.9066704 0 0.4218398 0.9066764 0 0.4218271 0.9660661 0 0.2582953 0.7071074 0 0.7071062 0.7071056 0 0.707108 -0.7071061 0 0.7071075 -0.7071062 0 0.7071075 0.9660668 0 0.2582923 0.9962104 0 0.08697611 0.9962104 0 -0.08697611 0 -1 0 0.9660661 0 -0.2582953 0 -1 0 0 -1 0 0.9660661 0 -0.2582952 0.9066763 0 -0.4218271 0.9066764 0 -0.4218271 0.9066893 0 -0.4217994 0 -1 0 0 -1 1.24369e-7 0 -1 0 0.9066905 0 -0.4217966 0.8198775 0 -0.572539 0.7071065 0 0.7071071 0 -1 0 0 -1 0 0.7677488 0 -0.640751 0 -1 0 0.8198776 0 -0.572539 0.7082531 0 -0.7059587 0 -1 0 0 -1 0 0 -1 0 0.7082531 0 -0.7059587 0.5751976 0 -0.8180145 -0.6773028 0 -0.7357044 0 -1 0 0 -1 -2.64367e-7 0.5751976 0 -0.8180146 0.4247449 0 -0.9053131 0 -1 0 0 -1 1.82709e-7 0 -1 -2.64409e-7 -0.4016844 0 -0.9157783 0.4247049 0 -0.905332 0 -1 0 0.2614353 0 -0.9652211 0 -1 2.52922e-7 0 -1 8.6353e-7 0 -1 -9.59442e-7 0.2614353 0 -0.9652211 0.09020572 0 -0.9959232 0.003247797 0 -0.9999948 0.003248095 0 -0.9999948 0 -1 4.11002e-6 0.003247737 0 -0.9999948 -0.08252513 0 -0.996589 0 -1 1.17332e-5 0.001242697 0 -0.9999992 0.003247737 0 -0.9999948 0.001553416 0 -0.9999988 0 -1 -4.58318e-6 -0.7071083 0 0.7071053 0 -1 1.26289e-7 0.09021145 0 -0.9959227 0.09051108 0 -0.9958955 -0.08257311 0 -0.9965851 0 -1 -1.25324e-7 0.7071089 0 0.7071046 0.7071065 0 0.7071071 0.09205853 0 -0.9957537 0.003248274 0 -0.9999948 0.003246247 0 -0.9999948 0.003249883 0 -0.9999948 0 -1 1.08774e-6 0 -1 7.51943e-7 0 -1 -3.78119e-7 0 -1 2.32045e-7 0 -1 2.86361e-7 0 -1 0 0 -1 -1.15055e-6 0 -1 0 0 -1 -1.49015e-6 0 -1 1.04489e-6 0 -1 6.89664e-7 0 -1 0 0 -1 -1.88471e-6 0 -1 5.13176e-7 0 -1 0 0 -1 6.37157e-7 0 -1 -1.03105e-6 0 -1 0 0 -1 1.27296e-6 0 -1 -1.1341e-6 0.7071063 0 0.7071074 0.707109 0 0.7071046 -0.7071061 0 0.7071075 -0.7071066 0 0.7071071 0.2454583 0 0.9694073 -0.2454918 0 0.9693987 -0.2454583 0 0.9694072 0.2454918 0 0.9693986 0.401684 0 0.9157783 -0.4017545 0 0.9157475 -0.4016947 0 0.9157736 0.4017438 0 0.9157522 -0.5469577 0 0.8371603 -0.5469077 0 0.8371929 -0.879462 0 0.4759691 -0.7071121 0 0.7071015 0.879462 0 0.4759691 -0.9458163 0 0.3247025 0.9863631 0 0.1645836 -0.9863631 0 0.1645836 0.9458239 0 -0.3246805 0 -1 -1.79251e-7 -0.9458163 0 -0.3247024 -0.9458239 0 -0.3246805 0 -1 2.46017e-7 0.879462 0 -0.4759691 0 -1 0 -0.879462 0 -0.4759691 0 -1 -7.89564e-7 0 -1 1.35921e-7 -0.789156 0 -0.6141929 0 -1 -1.84083e-7 0 -1 0 0 -1 0 -0.6772511 0 -0.735752 0 -1 -1.52869e-7 0 -1 2.99939e-7 0 -1 -2.91312e-7 0 -1 0 -0.5469577 0 -0.8371603 -0.5469577 0 -0.8371603 0.401684 0 -0.9157783 0 -1 0 -0.4016947 0 -0.9157737 -0.4016947 0 -0.9157736 0 -1 0 0 -1 0 0 -1 0 0.401684 0 -0.9157784 0.2454918 0 -0.9693987 0 -1 0 -0.2454248 0 -0.9694157 -0.2454918 0 -0.9693986 0.2454248 0 -0.9694157 0.08259224 0 -0.9965834 0 -1 0 0 -1 -6.2558e-7 0 -1 2.92273e-7 -0.08259224 0 -0.9965834 0.7071067 0 0.7071069 0.7071064 0 0.7071073 -0.08259034 0 0.9965837 -0.2456001 0 0.9693713 -0.2455032 0 0.9693958 0.401632 0 0.9158012 0.4016357 0 0.9157995 -0.7071098 0 0.7071038 -0.7071098 0 0.7071037 0.4017184 0 0.9157633 0.546912 0 0.8371902 -0.546997 0 0.8371347 0.4017222 0 0.9157617 0.5470386 0 0.8371074 0.5469007 0 0.8371975 0.6773011 0 0.735706 0.546997 0 0.8371346 0 -1 2.81201e-7 0.7891265 0 0.6142308 -0.7891463 0 0.6142053 0 -1 6.56009e-7 0 -1 1.54078e-6 0.9458078 0 0.3247272 -0.9458078 0 0.3247272 0 -1 -2.17922e-6 0 -1 -2.71816e-7 0.707109 0 0.7071046 0.7071068 0 0.7071068 0 -1 -5.26971e-7 0 -1 -1.40527e-6 0 -1 2.26421e-6 0 -1 1.895e-6 0 -1 3.69086e-7 0 -1 -1.68538e-7 0 -1 1.34829e-6 0 -1 -2.05379e-6 0 -1 -1.65929e-6 0 -1 -2.32088e-7 -0.9863587 0 -0.1646106 0 -1 8.46704e-7 0 -1 -1.35473e-6 0 -1 1.90875e-6 -0.9458295 0 -0.3246639 0.9863587 0 -0.1646106 0 -1 1.64794e-6 0 -1 1.40389e-7 0 -1 0 0.9458295 0 -0.3246639 0.8794336 0 -0.4760215 0 -1 -1.05525e-6 -0.8794336 0 -0.4760215 0.9458421 0 -0.3246273 0 -1 -6.76114e-7 -0.8794508 0 -0.4759899 0.7892041 0 -0.614131 0 -1 2.63699e-7 -0.7891851 0 -0.6141555 -0.789224 0 -0.6141055 0 -1 -1.82483e-6 0 -1 2.74868e-7 -0.7892042 0 -0.614131 0 -1 -1.97753e-7 0 -1 2.58331e-6 0.6494504 0 -0.7604041 0 -1 1.77603e-6 0.6771895 0 -0.7358086 0 -1 5.98793e-7 -0.677225 0 -0.735776 -0.6771692 0 -0.7358274 0.6771693 0 -0.7358273 0 -1 -5.9151e-7 0 -1 -7.04125e-7 0.6772454 0 -0.7357573 0.5470386 0 -0.8371074 0 -1 1.61641e-6 0 -1 1.2047e-7 0.6772249 0 -0.7357761 0 -1 3.40405e-7 0.6494057 0 -0.7604421 0.5225214 0 -0.8526263 0 -1 -2.53947e-6 0.5469007 0 -0.8371975 0.546912 0 -0.8371902 0 -1 -3.19753e-6 -0.401617 0 -0.9158077 0.4017221 0 -0.9157617 0 -1 1.72664e-6 0 -1 3.08239e-7 0.5224654 0 -0.8526605 0.3827535 0 -0.9238506 0 -1 7.81791e-7 0.4016321 0 -0.9158012 0 -1 1.01409e-6 0.4016358 0 -0.9157995 0 -1 -1.30128e-6 -0.2455033 0 -0.9693958 -0.2456 0 -0.9693713 0 -1 -2.03903e-6 0 -1 -1.4009e-6 0 -1 4.85259e-6 0.2334941 0 -0.9723582 0 -1 5.99798e-6 0 -1 5.05303e-6 0 -1 -9.56253e-6 0 -1 0 -0.7071033 0 0.7071104 0.2334942 0 -0.9723583 0.2335575 0 -0.9723431 -0.2495573 0 -0.9683601 0 -1 0 0 -1 -6.40809e-7 0.2497902 0 -0.9683001 -0.2335575 0 -0.972343 0 -1 3.07733e-7 0.707109 0 0.7071045 0 -1 0 0 -1 0 0.2335575 0 -0.972343 0.07840609 0 -0.9969215 0 -1 0 0 -1 0 0.07840609 0 -0.9969216 0 -1 0 -0.7604053 0 0.6494489 0.7604044 0 0.64945 -0.8526436 0 0.522493 -0.9238785 0 0.382686 -0.9723689 0 0.2334496 -0.9723694 0 0.2334474 0.9238785 0 0.3826861 0.9723694 0 0.2334474 0 -1 -5.67469e-7 -0.9969182 0 0.07844895 0 -1 -1.48237e-6 0.972369 0 0.2334496 0.996917 0 0.07846361 0 -1 1.65809e-7 -0.9969174 0 0.07845938 0 -1 0 0 -1 -2.91164e-7 0 -1 -5.49847e-7 0 -1 7.89181e-7 0 -1 0 0 -1 -1.7746e-7 0 -1 0 0 -1 0 0 -1 0 0 -1 -1.0228e-6 0 -1 1.54783e-7 0 -1 0 0 -1 -5.49828e-7 0.9969176 0 0.07845723 0.9969176 0 0.07845723 0.07558095 0 0.9971398 -0.07558095 0 0.9971398 -0.07558095 0 0.9971398 0.07558095 0 0.9971398 0.2255002 0 0.9742432 -0.2255002 0 0.9742432 -0.2255003 0 0.9742432 0.2255003 0 0.9742432 0.08252024 0 0.9965895 -0.08251911 0 0.9965895 0.08259111 0 0.9965836 0.2454248 0 0.9694157 -0.2454248 0 0.9694157 -0.2454315 0 0.9694139 0.4016894 0 0.915776 -0.4017491 0 0.9157498 -0.4016894 0 0.915776 -0.401744 0 0.9157521 -0.4016841 0 0.9157783 0.4017491 0 0.9157498 -0.546971 0 0.8371516 0.4017544 0 0.9157475 0.5469581 0 0.8371601 0.6773212 0 0.7356874 -0.6773142 0 0.7356939 0.6773283 0 0.7356809 0.6772827 0 0.735723 0.7890953 0 0.6142709 -0.7891089 0 0.6142533 0.6772897 0 0.7357165 0.7891021 0 0.6142622 -0.789129 0 0.6142276 -0.7891021 0 0.6142621 0.7891222 0 0.6142363 -0.8794915 0 0.4759149 -0.8794752 0 0.4759447 0.9458087 0 0.3247243 -0.9458044 0 0.3247369 -0.9458163 0 0.3247024 -0.9458087 0 0.3247243 0.9863635 0 0.1645814 0.9863612 0 0.1645952 -0.9863612 0 0.1645952 0.9863616 0 -0.164593 0 -1 -5.45109e-7 0 -1 0 -0.9863597 0 -0.1646046 0.9863593 0 -0.1646068 0 -1 -1.36277e-7 -0.9863573 0 -0.1646184 -0.9863593 0 -0.1646068 0.9863597 0 -0.1646046 0 -1 3.40369e-7 0 -1 0 -0.9458195 0 -0.3246932 -0.9458195 0 -0.3246931 0.9863573 0 -0.1646183 0 -1 2.0209e-7 0 -1 0 -0.879459 0 -0.4759746 -0.8794752 0 -0.4759447 0 -1 0 0.7891222 0 -0.6142363 0 -1 0 0.789129 0 -0.6142276 0 -1 0 -0.7891291 0 -0.6142275 0.7891491 0 -0.6142017 0.6773212 0 -0.7356874 0 -1 0 -0.6773142 0 -0.7356939 0.6773283 0 -0.7356809 0 -1 0 0.6772827 0 -0.735723 0 -1 0 -0.5468711 0 -0.8372169 -0.546921 0 -0.8371842 0.6772897 0 -0.7357165 0.5469081 0 -0.8371927 0 -1 0 0.5468711 0 -0.8372169 0.4017491 0 -0.9157498 0 -1 0 -0.4016894 0 -0.915776 -0.4017491 0 -0.9157498 0.5468581 0 -0.8372254 0.4017544 0 -0.9157475 0 -1 0 0 -1 0 -0.4016842 0 -0.9157783 -0.401744 0 -0.9157521 0.4016894 0 -0.915776 0 -1 1.4757e-7 0 -1 0 0.08252024 0 -0.9965895 0 -1 0 0 -1 0 0 -1 0 0 -1 0 0 -1 0 0 -1 -1.4757e-7 0 -1 0 0 -1 0 0 -1 0 0 -1 -3.40355e-7 -0.08273392 0 0.9965717 -0.0827316 0 0.9965719 0.08273273 0 0.9965718 0.08273392 0 0.9965717 0.4015697 0 0.9158285 -0.4015697 0 0.9158285 0.4015749 0 0.9158262 -0.4015645 0 0.9158308 -0.4015645 0 0.9158308 -0.547021 0 0.837119 0.547008 0 0.8371273 0.6772826 0 0.735723 -0.6772756 0 0.7357294 -0.7891897 0 0.6141496 -0.7891829 0 0.6141585 -0.7891291 0 0.6142275 0.789176 0 0.6141672 -0.879459 0 0.4759746 -0.8794591 0 0.4759746 0.7891829 0 0.6141583 0 -1 -2.22388e-6 -0.9458195 0 0.3246932 -0.9458195 0 0.3246931 -0.9458239 0 0.3246805 0.9458239 0 0.3246805 0.9863597 0 0.1646046 0 -1 1.74523e-6 0 -1 7.31308e-7 -0.9863597 0 0.1646046 0.9863573 0 0.1646184 0 -1 4.36317e-7 -0.9863573 0 0.1646183 0.9863674 0 -0.1645582 0 -1 -1.3646e-6 0 -1 -4.35365e-7 -0.9863674 0 -0.1645582 0.9863651 0 -0.1645721 0 -1 -3.41152e-7 -0.9863612 0 -0.1645952 -0.9863651 0 -0.164572 0.9863635 0 -0.1645814 0 -1 1.30771e-6 0 -1 0 -0.9458044 0 -0.324737 -0.9458044 0 -0.3247369 0.9863612 0 -0.1645952 0 -1 7.76446e-7 -0.9458087 0 -0.3247243 0.9458087 0 -0.3247243 0 -1 2.70596e-7 -0.8794915 0 -0.4759149 -0.8794915 0 -0.4759148 0 -1 -1.63755e-7 -0.8794944 0 -0.4759094 0.8794944 0 -0.4759095 0 -1 -5.45806e-7 -0.7890821 0 -0.6142879 0 -1 -4.29001e-7 -0.7890752 0 -0.6142967 0.7890684 0 -0.6143055 0.6772826 0 -0.735723 0 -1 8.73682e-7 -0.6773528 0 -0.7356584 -0.6772756 0 -0.7357294 0.7890752 0 -0.6142966 0 -1 5.67048e-7 0.6773599 0 -0.7356519 0.5468211 0 -0.8372495 0 -1 4.98615e-7 -0.5468211 0 -0.8372495 0.6773669 0 -0.7356454 0.5468081 0 -0.837258 0 -1 3.32773e-7 0 -1 -1.66564e-6 -0.4018089 0 -0.9157235 0 -1 -1.94095e-6 0 -1 -2.85489e-7 -0.4018037 0 -0.9157258 -0.4016841 0 -0.9157783 0.4018089 0 -0.9157235 0 -1 3.47665e-6 0 -1 -6.1421e-7 -0.2453578 0 -0.9694327 0.4018142 0 -0.9157212 -0.2453645 0 -0.9694309 0.2453578 0 -0.9694327 0.08273273 0 -0.9965718 0 -1 5.62787e-6 -0.08273392 0 -0.9965717 0.08273392 0 -0.9965717 0 -1 3.20052e-6 -0.08258992 0 -0.9965837 -0.0827316 0 -0.9965719 0.08259111 0 -0.9965836 0 -1 -3.31514e-6 0 -1 -1.75478e-6 0 -1 -2.62182e-7 0 -1 -1.89594e-6 0 -1 1.55569e-6 0 -1 -1.62964e-6 0 -1 -1.30734e-6 0 -1 1.41605e-6 0 -1 3.10029e-6 0 -1 -6.43838e-6 0 -1 1.08152e-6 0 -1 -2.8088e-6 0 -1 3.79557e-5 0 -1 -8.20512e-7 0 -1 -1.59098e-6 0 -1 1.01464e-6 0 -1 1.26891e-6 0 -1 -1.29028e-6 0 -1 0 0.1689686 0 0.9856215 -0.1689662 0 0.9856219 -0.1689662 0 0.9856219 0.1689662 0 0.9856219 0.1689686 0 0.9856215 0.3331934 0 0.9428585 0.1689662 0 0.9856219 0.4875978 0 0.8730685 -0.4875978 0 0.8730685 0.4875919 0 0.8730717 -0.4877097 0 0.8730059 -0.4876037 0 0.8730651 -0.6282737 0 0.7779925 0.487698 0 0.8730126 0.6281963 0 0.778055 -0.6282669 0 0.777998 -0.6281828 0 0.7780659 0.6282737 0 0.7779925 -0.7506754 0 0.6606712 0.6282805 0 0.777987 0.7506754 0 0.6606711 0.8515148 0 0.5243307 -0.8515148 0 0.5243307 0.9278815 0 0.3728755 -0.9279032 0 0.3728213 -0.9278839 0 0.3728694 -0.9279055 0 0.3728154 0.9279007 0 0.3728272 -0.9775555 0 0.2106779 0.9279056 0 0.3728154 -0.9775613 0 0.2106515 0.9775613 0 0.2106515 0.9990983 0 0.04245829 -0.9990994 0 0.04243075 0.9775556 0 0.2106778 0.9991 0 0.04241698 -0.9990989 0 0.04244452 0.9918988 0 -0.1270302 -0.9919001 0 -0.1270205 -0.9919024 0 -0.127003 0.9991 0 0.04241698 0.9919041 0 -0.1269895 -0.9918984 0 -0.1270341 -0.9919006 0 -0.1270166 0.9918967 0 -0.1270477 0.9561758 0 -0.2927935 0 -1 -1.34548e-7 -0.9561561 0 -0.2928577 -0.956168 0 -0.2928187 0.9919019 0 -0.127007 0.9561641 0 -0.2928313 -0.95616 0 -0.292845 -0.9561718 0 -0.2928061 0 -1 7.10098e-7 0.9561638 0 -0.2928324 0.8929592 0 -0.4501379 0 -1 1.54125e-7 -0.8929283 0 -0.4501993 -0.8929564 0 -0.4501432 0 -1 -2.23336e-7 0.9561522 0 -0.2928703 0.8929702 0 -0.4501157 0 -1 -3.5505e-7 -0.8929309 0 -0.4501937 -0.8929592 0 -0.4501377 0.8929311 0 -0.4501937 0.8039756 0 -0.5946625 0 -1 0 -0.8039756 0 -0.5946625 0.8929421 0 -0.4501716 0 -1 4.75717e-7 -0.8039887 0 -0.5946447 -0.8039887 0 -0.5946446 0.6918972 0 -0.7219961 0 -1 -1.52534e-7 -0.6918972 0 -0.7219961 0 -1 -1.85321e-7 0 -1 -5.75729e-7 0.6918972 0 -0.7219961 0.5600994 0 -0.8284255 0 -1 1.41895e-7 -0.5600103 0 -0.8284857 -0.5601058 0 -0.8284211 0.5601122 0 -0.8284168 0 -1 0 -0.5600039 0 -0.82849 -0.5600994 0 -0.8284255 0 -1 1.67015e-7 0.560004 0 -0.82849 0.4119158 0 -0.9112221 0 -1 -2.74663e-7 -0.4117951 0 -0.9112765 -0.4119107 0 -0.9112243 0 -1 2.81587e-7 0.5600168 0 -0.8284813 0.4119054 0 -0.9112267 0 -1 -2.34574e-6 -0.4118003 0 -0.9112741 0.4118003 0 -0.9112741 0 -1 1.37883e-7 -0.2521205 0 -0.9676959 -0.2519903 0 -0.9677299 0.41179 0 -0.9112788 0 -1 4.17859e-7 0 -1 -2.18376e-7 -0.2521171 0 -0.9676968 -0.9971802 0 0.07504469 0.9971797 0 0.07505267 0.9971797 0 0.07505267 0.2521171 0 -0.9676967 0.08469134 0 -0.9964072 0 -1 2.15507e-7 -0.08483058 0 -0.9963955 -0.08469247 0 -0.9964072 0.08469367 0 -0.9964071 0 -1 0 -0.08482939 0 -0.9963955 -0.08469134 0 -0.9964072 0 -1 0 0.08482939 0 -0.9963955 0 -1 0 0.08483171 0 -0.9963953 0 -1 -6.42238e-7 0.9969174 0 -0.07845932 -0.9969179 0 -0.07845294 -0.9969174 0 -0.07845932 0 -1 4.3416e-7 0.9969179 0 -0.07845294 0.9723671 0 -0.2334574 0 -1 0 -0.9723678 0 -0.2334542 -0.9723634 0 -0.2334727 -0.9747125 0 0.2234627 0.9747143 0 0.2234551 0.9747163 0 0.2234463 0 -1 -3.42436e-7 0.9723715 0 -0.2334388 0.9238761 0 -0.3826919 0 -1 0 -0.9238938 0 -0.3826491 -0.9238818 0 -0.382678 0.923888 0 -0.382663 0.8526238 0 -0.5225252 0 -1 1.34842e-7 -0.8526408 0 -0.5224977 -0.8526185 0 -0.522534 -0.9747145 0 0.2234539 -0.9302879 0 0.3668305 0.9302852 0 0.3668374 0.9302905 0 0.3668237 0 -1 -2.69652e-7 0.8526462 0 -0.5224888 0.7603901 0 -0.6494667 0 -1 1.25314e-7 -0.7604284 0 -0.6494217 -0.760394 0 -0.6494621 0.7604245 0 -0.6494264 0.6494525 0 -0.7604023 -0.6493971 0 -0.7604495 -0.6494444 0 -0.7604092 0.6494052 0 -0.7604426 0.5225237 0 -0.8526248 0 -1 0 -0.5225273 0 -0.8526226 -0.9302933 0 0.3668167 -0.8649113 0 0.5019248 0.8649148 0 0.5019187 0.864925 0 0.5019013 0.5225238 0 -0.8526248 0.3826391 0 -0.9238979 0 -1 -1.97202e-7 -0.3827088 0 -0.923869 -0.3826391 0 -0.9238979 0.3827088 0 -0.923869 0.233498 0 -0.9723573 0 -1 -4.40895e-7 -0.2334961 0 -0.9723578 -0.2334961 0 -0.9723578 0.2334979 0 -0.9723573 0.0784052 0 -0.9969216 0 -1 1.0549e-6 -0.07832467 0 -0.9969279 -0.07840585 0 -0.9969215 0.07832407 0 -0.996928 -0.8649216 0 0.5019072 -0.7800424 0 0.6257266 0.7800445 0 0.6257242 0.7800286 0 0.6257439 -0.7800267 0 0.6257463 -0.6776159 0 0.7354161 -0.6775923 0 0.7354377 0.6776115 0 0.7354201 -0.6778644 0 0.735187 -0.6775634 0 0.7354644 0.6775881 0 0.7354417 0.6778644 0 0.735187 -0.5599048 0 0.828557 0.6775634 0 0.7354644 0.5599048 0 0.828557 0.5598771 0 0.8285756 -0.4961654 0 0.8682281 -0.4961654 0 0.8682281 -0.5598771 0 0.8285756 0.4961631 0 0.8682293 -0.4961364 0 0.8682447 0 -1 0 0 -1 1.29442e-6 0 -1 -5.52848e-7 0 -1 6.06061e-7 0 -1 -6.88288e-7 0 -1 5.73479e-7 0 -1 -9.77662e-7 0 -1 7.9163e-7 0 -1 0 0 -1 -1.50793e-6 0 -1 1.30843e-6 0 -1 -6.0106e-7 0 -1 -3.35034e-7 0 -1 -8.67369e-7 0 -1 -1.03636e-6 0 -1 0 0 -1 0 0 -1 0 0.496163 0 0.8682294 0.496134 0 0.868246 0.0827316 0 0.9965719 0.4016842 0 0.9157783 0.4961341 0 0.868246 0.4961391 0 0.8682432 -0.4961402 0 0.8682425 -0.4961377 0 0.8682439 0.7891829 0 0.6141585 -0.7891256 0 0.614232 -0.7891793 0 0.6141628 -0.7891829 0 0.6141583 -0.8794649 0 0.4759637 -0.9863573 0 0.1646184 0.9863573 0 0.1646183 0 -1 -3.87794e-7 0 -1 -2.97496e-7 0 -1 0 0 -1 4.80625e-7 0 -1 3.75972e-7 0 -1 0 0 -1 -2.13098e-7 -0.8794972 0 -0.4759039 -0.8794651 0 -0.4759636 0.7891829 0 -0.6141585 0 -1 -3.11774e-7 0 -1 0 -0.7891256 0 -0.614232 -0.7891793 0 -0.6141628 0 -1 1.63944e-7 0 -1 -1.89979e-7 -0.789129 0 -0.6142276 -0.7891829 0 -0.6141583 0.6771984 0 -0.7358006 0 -1 2.87646e-7 -0.6772125 0 -0.7357876 0 -1 3.18544e-7 0.547021 0 -0.837119 0 -1 0 -0.547008 0 -0.8371273 0 -1 0 0 -1 2.42081e-7 -0.4015749 0 -0.9158262 0.4015645 0 -0.9158308 0 -1 0 0 -1 2.42611e-7 0 -1 0 0.08258992 0 -0.9965837 0 -1 -4.9114e-7 0 -1 -2.43616e-7 0 -1 -4.93159e-7 0 -1 2.43267e-7 0.0827316 0 -0.9965719 0 -1 0 0.4961416 0 0.8682417 -0.6775903 0 0.7354397 -0.677612 0 0.7354196 0.6775903 0 0.7354397 -0.7800683 0 0.6256945 -0.780019 0 0.6257559 0.6776121 0 0.7354196 0.7800405 0 0.6257291 -0.7800564 0 0.6257092 -0.7800331 0 0.6257383 -0.8649113 0 0.5019247 0.7800406 0 0.6257291 0.8649116 0 0.5019245 0.864899 0 0.501946 0.8649648 0 0.5018327 0.8649107 0 0.5019259 0.9302933 0 0.3668167 0 -1 -3.62536e-7 -0.9747152 0 0.2234513 -0.9747189 0 0.2234348 0.9302879 0 0.3668305 0.9747152 0 0.2234513 0 -1 0 -0.9747095 0 0.2234757 0 -1 7.18366e-7 0 -1 8.496e-7 0 -1 0 0 -1 -4.62524e-7 0 -1 3.4393e-7 0 -1 -4.8581e-7 0 -1 4.32059e-7 0 -1 5.46224e-7 0 -1 0 0 -1 0 0 -1 2.32604e-7 0 -1 -1.20016e-7 0 -1 -2.37588e-7 0 -1 0 0 -1 -1.97277e-7 0 -1 0 0 -1 -4.62367e-7 0 -1 -3.92901e-7 0 -1 -4.82357e-7 0 -1 3.65809e-7 0.9747189 0 0.2234348 0.9747133 0 0.2234594 0.9747133 0 0.2234594 0.08248472 0 0.9965924 -0.08255434 0 0.9965866 -0.08248585 0 0.9965923 0.0825532 0 0.9965867 0.2455238 0 0.9693906 -0.2455204 0 0.9693914 -0.2455205 0 0.9693914 0.4017335 0 0.9157567 -0.4016808 0 0.9157798 -0.4017386 0 0.9157544 0.4016758 0 0.9157819 0.54694 0 0.8371718 -0.5468919 0 0.8372033 -0.5469403 0 0.8371716 0.5468918 0 0.8372033 0.6772957 0 0.735711 -0.6773041 0 0.7357032 -0.6773042 0 0.7357031 -0.6772615 0 0.7357424 -0.6772615 0 0.7357425 0.7892375 0 0.6140881 -0.7891156 0 0.6142447 -0.7891417 0 0.6142112 0.7891501 0 0.6142005 0.7891115 0 0.6142501 0.8794788 0 0.4759381 -0.8794788 0 0.4759381 -0.8794788 0 0.475938 -0.08273905 0 0.9965713 -0.08273911 0 0.9965713 -0.08245056 0 0.9965952 -0.08239054 0 0.9966002 -0.08256036 0 0.996586 0.08245056 0 0.9965952 -0.4016842 0 0.9157783 0.8794788 0 0.475938 0.9458152 0 0.3247057 0 -1 -7.11035e-7 -0.9458225 0 0.3246845 -0.9458152 0 0.3247056 -0.6771963 0 0.7358025 -0.6772791 0 0.7357262 -0.6772792 0 0.7357261 -0.7890752 0 0.6142967 0.7890752 0 0.6142966 0.8794944 0 0.4759094 -0.8794944 0 0.4759095 0.9458225 0 0.3246845 0.9863594 0 0.1646063 -0.9863613 0 0.1645951 -0.9863594 0 0.1646063 0 -1 -2.40366e-6 0 -1 1.97871e-6 -0.9863651 0 0.1645721 0 -1 1.04685e-6 0.9863613 0 0.1645951 0.9863651 0 0.164572 0 -1 -1.60811e-6 0 -1 -4.56087e-7 0 -1 8.82519e-7 0 -1 -8.75974e-7 0.9863613 0 -0.1645951 0 -1 3.69688e-7 -0.9863613 0 -0.1645951 -0.9863613 0 -0.1645951 0 -1 1.54803e-6 0 -1 1.50021e-7 0 -1 -7.78118e-7 0 -1 -2.76786e-7 0 -1 -1.54779e-6 0 -1 -1.86016e-7 0 -1 6.01132e-7 0.9863613 0 -0.1645951 0.9458152 0 -0.3247057 0 -1 5.31275e-7 0 -1 -1.92326e-7 -0.9458225 0 -0.3246845 -0.9458152 0 -0.3247056 0 -1 9.98833e-7 0 -1 1.42239e-6 0 -1 4.94072e-7 0 -1 -9.28329e-7 0 -1 -3.58046e-7 -0.6773598 0 -0.735652 -0.6772792 0 -0.7357261 -0.6771963 0 -0.7358025 0 -1 2.98932e-7 0.9458225 0 -0.3246845 0.8794788 0 -0.4759381 0 -1 -5.52892e-7 -0.8794632 0 -0.4759669 -0.8794788 0 -0.475938 -0.4018142 0 -0.9157212 0 -1 -4.11886e-7 0.2453578 0 -0.9694327 0 -1 0 -0.2453578 0 -0.9694327 0 -1 4.21145e-7 -0.08256036 0 -0.9965862 -0.08273011 0 -0.9965721 0 -1 2.49194e-7 0 -1 -9.27621e-7 -0.08273905 0 -0.9965713 -0.08188307 0 -0.9966421 0.8794633 0 -0.4759669 0.7891485 0 -0.6142026 0 -1 4.19559e-7 0 -1 1.73824e-7 -0.7891156 0 -0.6142447 -0.7891417 0 -0.6142112 0.7891502 0 -0.6142005 0.7890626 0 -0.6143128 0.6773278 0 -0.7356814 0 -1 -8.12972e-7 0 -1 7.29291e-7 -0.6774483 0 -0.7355704 -0.6774482 0 -0.7355705 -0.6772636 0 -0.7357406 -0.6772636 0 -0.7357405 0 -1 0 0 -1 2.06202e-7 0 -1 -2.16017e-7 0.6773279 0 -0.7356813 0.6772522 0 -0.7357509 0 -1 0 0 -1 -2.40907e-6 -0.6772522 0 -0.7357509 -0.6772523 0 -0.7357509 0 -1 0 0 -1 0 0 -1 0 0.6772523 0 -0.7357509 0.5469884 0 -0.8371403 -0.5469402 0 -0.8371717 -0.5469886 0 -0.83714 0.54694 0 -0.8371718 0.4016757 0 -0.915782 0 -1 0 -0.4017386 0 -0.9157544 -0.4016808 0 -0.9157798 0.4017336 0 -0.9157566 0.245459 0 -0.969407 0 -1 -1.78426e-7 -0.2454557 0 -0.9694078 -0.2454558 0 -0.9694079 0.08262157 0 -0.9965811 0 -1 0 0 -1 0 -0.08262276 0 -0.996581 -0.08262276 0 -0.9965809 0.08262163 0 -0.996581 -0.9969174 0 0.07845807 0.9969174 0 0.07845807 0.9969174 0 0.07845801 -0.9723705 0 0.233443 -0.9969174 0 0.07845801 0.9723705 0 0.233443 0.9723705 0 0.233443 -0.9238809 0 0.3826804 -0.9238746 0 0.3826954 -0.9723705 0 0.233443 0.9238742 0 0.3826963 -0.9238704 0 0.3827056 -0.9238704 0 0.3827056 -0.8526419 0 0.5224958 -0.8526418 0 0.5224958 0.7604013 0 0.6494536 -0.6494541 0 0.7604008 -0.6494318 0 0.7604199 -0.3826876 0 0.9238778 0.382685 0 0.9238789 -0.2334752 0 0.9723628 -0.3826877 0 0.9238779 0.2334197 0 0.9723761 0.2345935 0 0.9720937 0.2334569 0 0.9723672 -0.07844382 0 0.9969186 -0.2334388 0 0.9723715 0.07844322 0 0.9969187 0.07844322 0 0.9969186 0.2345935 0 0.9720937 -0.07844388 0 0.9969186 0.003236234 0 0.9999948 0 1 0 0 1 4.30011e-6 0 1 -4.25289e-7 0 1 -4.32496e-7 0 1 3.7976e-6 0 1 -3.48083e-6 0 1 3.53192e-6 0 1 -4.30726e-7 0 1 3.66148e-7 0 1 -4.16672e-7 0 1 5.83235e-7 0 1 -5.74755e-7 0 1 3.2977e-7 0 1 -3.05e-7 0 1 -5.71429e-7 0 1 2.77942e-7 0 1 -1.91659e-6 0 1 0 0 1 0 0 1 0 0 1 0 0 1 0 0 1 0 0 1 -3.44159e-7 0 1 2.93116e-7 0 1 -1.71315e-7 0 1 4.16667e-7 0 1 1.3954e-7 0 1 0 0 1 -1.66727e-7 0 1 2.60504e-7 0 1 1.42086e-7 0 1 -7.42316e-7 0 1 0 0 1 0 0 1 6.67578e-7 0 1 -2.04543e-7 0 1 0 0 1 1.5103e-7 0 1 -6.00523e-7 0 1 1.48934e-7 0 1 4.77187e-7 0 1 1.56529e-7 0 1 -2.88559e-7 0 1 0 0 1 0 0 1 0 0 1 -3.36731e-7 0 1 2.58617e-7 0 1 0 0 1 0 0 1 -1.44272e-7 0 1 -1.63373e-6 0 1 0 0 1 1.5044e-7 0 1 2.99427e-7 0 1 0 0 1 0 0 1 2.99439e-7 0 1 0 0 1 0 0 1 0 0 1 0 0 1 2.92133e-7 0 1 1.80548e-6 0 1 -8.58487e-6 0 1 9.47006e-6 0 1 4.19465e-7 0 1 3.11189e-6 0 1 5.3804e-7 0 1 -4.80714e-6 0 1 -6.59248e-7 0 1 7.45582e-7 0 1 1.73157e-6 0 1 1.95536e-6 0 1 -6.34961e-7 0 1 -1.33272e-6 0 1 8.61782e-7 0 1 7.72072e-7 0 1 -1.36344e-6 0 1 -1.03525e-6 0 1 1.08011e-6 0 1 -5.42597e-7 0 1 -2.22966e-6 0 1 5.54078e-6 0 1 4.21077e-6 0 1 8.86506e-7 0 1 -9.54194e-7 0 1 3.64125e-7 0 1 -1.00483e-6 0 1 -4.46773e-7 0 1 4.45955e-7 0 1 4.44259e-7 0 1 -9.62668e-7 0 1 2.07755e-6 0 1 6.69394e-7 0 1 -4.86047e-7 0 1 -1.88851e-7 0 1 -7.70411e-7 0 1 1.6347e-7 0 1 9.07936e-7 0 1 1.22425e-6 0 1 1.08399e-6 0 1 2.21558e-6 0 1 1.35088e-6 0 1 -9.24912e-7 0 1 9.6551e-7 0 1 -1.00388e-6 0 1 -4.95493e-7 0 1 -2.81444e-5 0 1 -8.93056e-6 0 1 1.25589e-5 0 1 -8.38293e-6 0 1 7.10995e-6 0 1 -6.38659e-6 0 1 5.55704e-6 0 1 -5.55994e-6 0 1 -6.12693e-6 0 1 6.81023e-6 0 1 8.34232e-7 0 1 -9.96999e-6 0 1 4.92417e-6 0 1 -5.19863e-7 0 1 -3.71953e-7 0 1 -1.08707e-6 0 1 -1.68629e-6 0 1 4.76479e-6 0 1 -1.82354e-6 0 1 -4.28924e-6 0 1 3.74485e-7 0 1 6.81154e-7 0 1 5.12558e-7 0 1 2.64347e-7 0 1 7.0155e-7 0 1 3.67624e-6 0 1 4.36828e-6 0 1 5.46412e-6 0 1 -3.41681e-6 0 1 7.4465e-7 0 1 -6.94053e-7 0 1 -5.85741e-6 0 1 -1.88759e-6 0 1 -7.15524e-6 0 1 6.5703e-6 0 1 6.42352e-6 0 1 -4.10126e-7 0 1 7.03511e-7 0 1 1.40356e-5 0 1 -3.72294e-7 0 1 -2.8875e-6 0 1 0 0 1 -1.29486e-6 0 1 1.88964e-6 0 1 -4.0575e-6 0 1 -7.13717e-6 0 1 7.03728e-6 0 1 -8.07102e-6 0 1 -3.69626e-6 0 1 0 0 1 -3.35566e-6 0 1 -5.41829e-6 0 1 -3.53349e-7 0 1 -2.38395e-6 0 1 7.38397e-7 0 1 1.33594e-6 0 1 2.31022e-6 0 1 1.59423e-6 0 1 -1.33201e-6 0 1 1.26839e-6 0 1 -7.00164e-7 0 1 -2.76869e-6 0 1 -1.58529e-6 0 1 1.17266e-6 0 1 3.53522e-6 0 1 -2.83607e-6 0 1 7.08118e-6 0 1 -2.44583e-6 0 1 3.89748e-6 0 1 5.75973e-7 0 1 5.23165e-7 0 1 -8.17664e-6 0 1 9.32331e-6 0 1 -5.81625e-6 0 1 -6.51245e-6 0 1 6.02482e-6 0 1 -4.35093e-6 0 1 2.08472e-6 0 1 -1.22511e-6 0 1 3.12875e-6 0 1 -2.10268e-6 0 1 -8.16117e-6 0 1 4.94819e-6 0 1 4.04819e-6 0 1 8.49762e-6 0 1 -1.10953e-5 0 1 -5.79401e-6 0 1 -1.70724e-5 0 1 1.23775e-5 0 1 -5.67138e-6 0 1 4.36072e-6 0 1 1.25896e-6 0 1 -1.37128e-6 0 1 -3.53875e-6 0 1 4.54213e-6 0 1 -7.03142e-7 0 1 4.01229e-7 0 1 2.31289e-6 0 1 1.85226e-6 0 1 -4.0741e-7 0 1 -8.14994e-7 0 1 0 0 1 -6.10695e-7 0 1 1.36852e-6 0 1 -2.69211e-6 0 1 3.26729e-7 0 1 5.20358e-6 0 1 -7.71762e-7 0 1 -4.03253e-7 0 1 1.77627e-6 0 1 5.30542e-7 0 1 3.33914e-6 0 1 1.12688e-6 0 1 3.96671e-6 0 1 -2.9237e-6 0 1 -9.63022e-7 0 1 -6.67878e-6 0 1 -4.59435e-6 0 1 6.43633e-6 0 1 2.45641e-6 0 1 -1.46524e-5 0 1 -2.93571e-6 0 1 -2.73493e-6 0 1 9.26647e-7 0 1 -9.05526e-6 0 1 2.32777e-5 0 1 -1.56288e-6 0 1 -7.72242e-7 0 1 2.04538e-6 0 1 2.82152e-5 0 1 -3.04812e-6 0 1 -1.00807e-5 0 1 7.62939e-6 0 1 2.13754e-6 0 1 9.9398e-7 0 1 6.06474e-6 0 1 -7.00492e-7 0 1 5.42339e-6 0 1 -1.51418e-5 0 1 -9.23012e-6 0 1 1.32807e-6 0 1 -9.38086e-6 0 1 0 0 1 -4.42733e-6 0 1 -4.56146e-6 0 1 4.38085e-6 0 1 -4.3702e-7 0 1 -2.43793e-6 0 1 -1.33988e-6 0 1 1.51817e-6 0 1 2.25177e-6 0 1 -4.44429e-6 0 1 -2.2331e-6 0 1 2.33802e-6 0 1 -4.7981e-6 0 1 -6.0942e-7 0 1 4.43137e-6 0 1 1.32913e-6 0 1 -1.48615e-6 0 1 -3.94484e-6 0 1 5.23194e-6 0 1 -8.44452e-7 0 1 7.81171e-7 0 1 2.94563e-6 0 1 -8.21757e-6 0 1 -1.92642e-6 0 1 -1.86613e-7 0 1 0 0 1 4.03441e-6 0 1 -2.61425e-7 0 1 6.12553e-5 0 1 7.24519e-5 0 1 -1.91109e-4 0 1 -1.03902e-5 0 1 8.04544e-6 0 1 -1.02339e-6 0 1 -1.722e-6 0 1 7.17473e-7 0 1 3.5099e-6 0 1 1.53154e-6 0 1 9.96418e-7 0 1 -2.62473e-6 0 1 -4.64809e-6 0 1 -2.23814e-6 0 1 2.53385e-6 0 1 2.49354e-6 0 1 2.55188e-6 0 1 -1.29971e-6 0 1 -3.297e-7 0 1 -1.05667e-6 0 1 2.88244e-6 0 1 -2.12464e-6 0 1 6.36391e-6 0 1 -2.28257e-7 0 1 2.60923e-7 0 1 3.45566e-6 0 1 -4.2766e-6 0 1 3.68241e-6 0 1 -1.88862e-6 0 1 -4.21753e-6 0 1 -7.92356e-7 0 1 -7.33049e-7 0 1 9.19474e-7 0 1 4.91024e-6 0 1 8.79351e-7 0 1 3.34917e-6 0 1 -1.57353e-6 0 1 -1.5253e-6 0 1 -2.72159e-6 0 1 3.69151e-7 0 1 3.60588e-7 0 1 2.37887e-6 0 1 1.30194e-6 0 1 -1.27843e-6 0 1 -9.07857e-7 0 1 5.96737e-7 0 1 -5.88422e-7 0 1 2.91071e-7 0 1 1.78927e-6 0 1 -5.92022e-7 0 1 -4.43591e-6 0 1 -6.31167e-7 0 1 2.52348e-7 0 1 1.88599e-6 0 1 4.85263e-6 0 1 1.40337e-6 0 1 1.40337e-6 0 1 -2.94904e-7 0 1 -3.26524e-6 0 1 -7.43804e-6 0 1 8.76762e-6 0 1 -1.85614e-6 0 1 1.65563e-6 0 1 0 0 1 2.44408e-6 0 1 6.53868e-6 0 1 8.68236e-6 0 1 -3.13724e-6 0 1 -1.6765e-6 0 1 1.74894e-6 0 1 -1.89222e-6 0 1 2.52607e-6 0 1 -3.21015e-6 0 1 3.32403e-6 0 1 1.11325e-6 0 1 -6.81258e-7 0 1 0 0 1 1.1144e-6 0 1 -5.57598e-7 0 1 1.26734e-6 0 1 -1.16496e-6 0 1 0 0 1 -1.35099e-7 0 1 0 0 1 0 0 1 5.59855e-7 0 1 -5.6559e-7 0 1 -1.78808e-7 0 1 -2.35526e-6 0 1 -4.25257e-6 0 1 3.82176e-6 0 1 -9.62308e-7 0 1 3.67972e-6 0 1 -8.64342e-6 0 1 -1.89262e-6 0 1 -1.92611e-6 0 1 7.06678e-7 0 1 -3.61826e-6 0 1 -2.3873e-6 0 1 1.44493e-6 0 1 1.58423e-6 0 1 1.25368e-6 0 1 1.88237e-6 0 1 6.43324e-7 0 1 6.73342e-6 0 1 1.91836e-6 0 1 -2.20198e-6 0 1 -3.88972e-6 0 1 -7.17834e-6 0 1 -2.57214e-6 0 1 3.86068e-6 0 1 1.05442e-6 0 1 -1.24804e-6 0 1 -9.98992e-7 0 1 -5.42575e-7 0 1 4.83501e-6 0 1 7.58035e-6 0 1 -1.79252e-6 0 1 2.91862e-6 0 1 4.85287e-7 0 1 -8.29876e-6 0 1 4.03878e-7 0 1 -6.2291e-6 0 1 1.06234e-5 0 1 -3.74624e-6 0 1 -3.7768e-7 0 1 -7.14894e-7 0 1 -1.89242e-6 0 1 1.34089e-5 0 1 1.6852e-5 0 1 -1.84075e-5 0 1 7.04634e-7 0 1 2.89308e-6 0 1 3.37523e-7 0 1 -1.00547e-6 0 1 -1.9183e-6 0 1 4.22469e-6 0 1 -2.29462e-6 0 1 7.86021e-5 0 1 1.44868e-5 0 1 -8.78881e-6 0 1 6.14642e-7 0 1 1.24237e-6 0 1 -1.63894e-6 0 1 3.40058e-7 0 1 1.42873e-6 0 1 8.17818e-7 0 1 -5.1158e-7 0 1 -1.35431e-6 0 1 1.08711e-6 0 1 5.20914e-7 0 1 1.11787e-6 0 1 5.56965e-7 0 1 -2.23047e-6 0 1 5.49387e-7 0 1 -1.12592e-6 0 1 -3.02735e-7 0 1 1.41377e-7 0 1 0 0 1 2.01128e-6 0 1 -1.80881e-6 0 1 -9.84109e-7 0 1 -1.7982e-6 0 1 1.83686e-6 0 1 2.16687e-6 0 1 -1.69818e-6 0 1 -1.08711e-6 0 1 -1.24237e-6 0 1 0 0 1 2.23043e-6 0 1 -1.1273e-6 0 1 2.18524e-6 0 1 -2.07814e-6 0 1 1.8356e-7 0 1 -2.51789e-7 0 1 -1.51367e-7 0 1 1.12588e-6 0 1 -1.11787e-6 0 1 -3.40058e-7 0 1 0 0 1 1.42657e-6 0 1 2.28066e-7 0 1 0 0 1 -6.35812e-7 0 1 1.31159e-6 0 1 -1.16774e-6 0 1 2.46631e-7 0 1 1.95647e-7 0 1 3.08551e-7 0 1 -6.24229e-7 0 1 8.68909e-7 0 1 7.43692e-7 0 1 1.5066e-6 0 1 -1.93787e-6 0 1 4.20887e-7 0 1 1.715e-6 0 1 1.01165e-6 0 1 -6.23689e-7 0 1 -1.69613e-6 0 1 1.36264e-6 0 1 6.46132e-7 0 1 1.41135e-6 0 1 7.077e-7 0 1 -2.83505e-6 0 1 6.95502e-7 0 1 -1.4348e-6 0 1 -3.88028e-7 0 1 1.81208e-7 0 1 0 0 1 -5.77826e-7 0 1 -5.45653e-7 0 1 5.60577e-7 0 1 3.71825e-6 0 1 5.45398e-7 0 1 2.33014e-6 0 1 -8.89787e-7 0 1 -8.74154e-7 0 1 -1.72095e-6 0 1 1.98567e-7 0 1 1.96063e-7 0 1 1.40592e-6 0 1 6.71818e-7 0 1 -6.65503e-7 0 1 -4.50293e-7 0 1 2.98096e-7 0 1 -2.80077e-7 0 1 1.3932e-7 0 1 8.13258e-7 0 1 -2.70174e-7 0 1 -2.09663e-6 0 1 -2.71534e-7 0 1 2.09377e-6 0 1 8.13206e-7 0 1 2.13506e-6 0 1 5.62972e-7 0 1 5.62968e-7 0 1 0 0 1 4.84196e-6 0 1 -4.10347e-6 0 1 5.96078e-7 0 1 -1.04627e-6 0 1 -4.73083e-7 0 1 1.72082e-6 0 1 -7.79486e-7 0 1 -1.99222e-6 0 1 2.191e-6 0 1 1.56137e-6 0 1 -9.28843e-7 0 1 0 0 1 1.58148e-6 0 1 -7.8258e-7 0 1 1.68518e-6 0 1 -1.57288e-6 0 1 1.28995e-7 0 1 7.96097e-7 0 1 0 0 1 -7.98375e-7 0 1 -2.48315e-7 0 1 -1.85977e-7 0 1 0 0 1 -4.93478e-6 0 1 -7.13491e-7 0 1 1.30988e-6 0 1 -1.68919e-6 0 1 2.5361e-7 0 1 -3.65761e-7 0 1 9.33337e-7 0 1 3.44608e-7 0 1 2.75456e-6 0 1 3.41002e-6 0 1 -1.36433e-6 0 1 -5.49375e-7 0 1 -5.03535e-6 0 1 -2.38063e-6 0 1 -1.13385e-6 0 1 -5.83806e-7 0 1 8.96228e-7 0 1 1.96109e-6 0 1 -2.65267e-6 0 1 2.04952e-6 0 1 9.2045e-7 0 1 5.71646e-6 0 1 -6.60934e-7 0 1 4.8465e-6 0 1 -1.298e-5 0 1 2.7401e-6 0 1 -3.499e-6 0 1 -3.67206e-7 0 1 1.26416e-6 0 1 2.28929e-6 0 1 2.28636e-6 0 1 2.22858e-7 0 1 -4.67704e-7 0 1 6.79111e-7 0 1 5.47545e-7 0 1 1.10545e-6 0 1 -1.47801e-6 0 1 2.99467e-7 0 1 1.27812e-6 0 1 7.20371e-7 0 1 -4.53957e-7 0 1 -1.18561e-6 0 1 9.51294e-7 0 1 4.58233e-7 0 1 9.74796e-7 0 1 4.84161e-7 0 1 -1.93859e-6 0 1 4.78417e-7 0 1 -9.77357e-7 0 1 -2.62065e-7 0 1 1.22384e-7 0 1 0 0 1 2.19585e-6 0 1 -2.04625e-6 0 1 -2.03267e-6 0 1 2.04276e-6 0 1 -1.08898e-6 0 1 2.30528e-6 0 1 1.98117e-6 0 1 -1.19726e-6 0 1 -1.05081e-6 0 1 -9.8371e-7 0 1 -7.27273e-6 0 1 7.39279e-6 0 1 -5.29723e-6 0 1 -2.3842e-6 0 1 2.59223e-6 0 1 3.87453e-6 0 1 -8.11162e-6 0 1 -3.81936e-6 0 1 3.78467e-6 0 1 -1.02342e-5 0 1 1.99027e-6 0 1 1.72047e-7 0 1 9.89811e-7 0 1 -1.89338e-6 0 1 -6.44128e-7 0 1 6.91629e-7 0 1 -1.1766e-6 0 1 -2.06067e-6 0 1 8.31258e-7 0 1 4.1094e-6 0 1 1.85658e-6 0 1 1.17488e-6 0 1 -3.08825e-6 0 1 -5.54163e-6 0 1 -2.68481e-6 0 1 3.03354e-6 0 1 3.03125e-6 0 1 3.11767e-6 0 1 -1.61612e-6 0 1 -4.11435e-7 0 1 -1.35152e-6 0 1 3.71047e-6 0 1 -2.72156e-6 0 1 -2.96829e-7 0 1 8.44423e-6 0 1 3.39767e-7 0 1 8.64379e-6 0 1 8.15361e-6 0 1 1.1712e-6 0 1 2.21239e-6 0 1 -1.43757e-6 0 1 -6.60677e-7 0 1 -2.72783e-6 0 1 2.42643e-6 0 1 2.14998e-7 0 1 -3.18998e-7 0 1 -3.16967e-7 0 1 -6.84556e-7 0 1 0 0 1 0 0 1 5.23777e-7 0 1 2.24461e-7 0 1 -2.23751e-7 0 1 -1.4642e-7 0 1 0 0 1 0 0 1 0 0 1 2.5053e-7 0 1 0 0 1 -6.61073e-7 0 1 0 0 1 6.41961e-7 0 1 2.43307e-7 0 1 6.45804e-7 0 1 1.62427e-7 0 1 1.62428e-7 0 1 0 0 1 0 0 1 2.26434e-6 0 1 1.70022e-6 0 1 -1.21857e-5 0 1 0 0 1 0 0 1 -1.3128e-6 0 1 1.69412e-7 0 1 -6.66912e-7 0 1 1.11796e-6 0 1 -6.3019e-7 0 1 3.46898e-7 0 1 3.48078e-6 0 1 -3.04657e-7 0 1 2.80235e-7 0 1 -3.36401e-6 0 1 1.06046e-6 0 1 -8.14375e-7 0 1 3.36401e-6 0 1 -3.48078e-6 0 1 -1.20145e-6 0 1 2.49492e-6 0 1 -1.60757e-6 0 1 9.85185e-7 0 1 5.86338e-6 0 1 -9.56689e-7 0 1 9.77624e-7 0 1 -7.23767e-6 0 1 4.85259e-6 0 1 -4.59042e-6 0 1 6.79348e-6 0 1 -7.47496e-6 0 1 1.00118e-5 0 1 -2.03302e-5 0 1 7.47004e-6 0 1 9.01616e-6 0 1 -8.09717e-6 0 1 -2.0862e-5 0 1 -1.68146e-5 0 1 3.76598e-5 0 1 -6.819e-6 0 1 1.5065e-6 0 1 1.63429e-6 0 1 2.03726e-6 0 1 6.83278e-7 0 1 7.00135e-6 0 1 -4.36555e-6 0 1 -8.15209e-6 0 1 -2.81285e-6 0 1 -1.45637e-6 0 1 -1.1282e-6 0 1 5.90268e-6 0 1 9.4162e-6 0 1 -2.1027e-6 0 1 6.27994e-7 0 1 -1.09618e-5 0 1 4.98068e-7 0 1 -8.77621e-6 0 1 1.41171e-5 0 1 -1.16771e-6 0 1 -2.87693e-6 0 1 3.15422e-5 0 1 4.0808e-5 0 1 -4.00083e-5 0 1 2.98755e-6 0 1 6.50777e-6 0 1 -3.92096e-5 0 1 -3.47404e-5 0 1 1.07067e-5 0 1 -4.72411e-6 0 1 -1.165e-6 0 1 3.9562e-6 0 1 -3.76438e-6 0 1 -4.20116e-6 0 1 -1.66527e-7 0 1 4.47888e-6 0 1 7.18535e-6 0 1 -3.52745e-5 0 1 -3.47729e-6 0 1 4.41552e-6 0 1 -1.88166e-5 0 1 1.33434e-5 0 1 7.81545e-7 0 1 6.32367e-6 0 1 -7.78204e-6 0 1 -8.5836e-6 0 1 8.70701e-5 0 1 9.96472e-6 0 1 -4.97117e-6 0 1 -1.14561e-5 0 1 1.70103e-5 0 1 9.28747e-6 0 1 -6.75128e-6 0 1 6.42112e-6 0 1 2.01521e-5 0 1 -6.22549e-5 0 1 1.48986e-5 0 1 -6.51495e-6 0 1 -2.40612e-5 0 1 0 0 1 -4.13399e-6 0 1 4.29908e-6 0 1 -6.59871e-7 0 1 2.29624e-6 0 1 -8.10425e-6 0 1 9.07235e-7 0 1 -2.15981e-6 0 1 -3.4852e-6 0 1 4.18911e-6 0 1 8.13617e-6 0 1 1.74497e-6 0 1 1.68197e-6 0 1 6.07581e-7 0 1 -5.38946e-6 0 1 -9.69706e-6 0 1 -5.32144e-6 0 1 1.93622e-5 0 1 9.23233e-6 0 1 -7.71592e-7 0 1 -1.93082e-5 0 1 9.71928e-6 0 1 9.63005e-7 0 1 -1.22845e-6 0 1 -1.09158e-6 0 1 -1.42269e-6 0 1 -1.27281e-6 0 1 -3.8231e-6 0 1 3.83789e-6 0 1 -2.39942e-6 0 1 -6.78622e-6 0 1 -6.06272e-6 0 1 3.46215e-5 0 1 -6.13165e-6 0 1 -2.92469e-7 0 1 -4.76736e-7 0 1 0 0 1 5.74132e-6 0 1 2.00431e-6 0 1 1.03883e-6 0 1 -1.02381e-6 0 1 -7.12388e-7 0 1 4.69674e-7 0 1 -4.53581e-7 0 1 2.2492e-7 0 1 1.35134e-6 0 1 -4.47931e-7 0 1 -3.40887e-6 0 1 -4.64902e-7 0 1 1.807e-7 0 1 1.39061e-6 0 1 3.61138e-6 0 1 1.00018e-6 0 1 1.00019e-6 0 1 -2.10179e-7 0 1 4.48173e-6 0 1 -1.40373e-6 0 1 5.55682e-6 0 1 -6.74256e-7 0 1 1.2821e-6 0 1 -2.8676e-7 0 1 -8.46883e-6 0 1 1.1465e-5 0 1 -2.28326e-5 0 1 -7.43616e-6 0 1 6.47191e-6 0 1 -5.92487e-6 0 1 -5.51809e-6 0 1 5.47513e-6 0 1 -5.94156e-6 0 1 6.53834e-6 0 1 6.24537e-7 0 1 -9.26784e-6 0 1 -4.40886e-7 0 1 -3.13176e-7 0 1 3.71515e-6 0 1 -8.96855e-7 0 1 1.26878e-6 0 1 -1.05903e-6 0 1 -2.15029e-7 0 1 6.88094e-6 0 1 4.24297e-6 0 1 -1.119e-6 0 1 5.31101e-7 0 1 -5.73955e-7 0 1 -8.27917e-7 0 1 0 0 1 -1.73762e-6 0 1 4.86871e-6 0 1 -1.93199e-6 0 1 -4.47458e-6 0 1 5.93384e-7 0 1 7.4198e-7 0 1 5.46255e-7 0 1 4.27614e-7 0 1 7.87383e-7 0 1 4.01167e-6 0 1 5.07484e-6 0 1 6.75019e-6 0 1 -3.83433e-6 0 1 1.27416e-6 0 1 -8.42604e-7 0 1 -7.63184e-6 0 1 -2.19751e-6 0 1 -9.24337e-6 0 1 9.19202e-6 0 1 7.89003e-6 0 1 -5.87297e-7 0 1 9.49156e-7 0 1 2.51579e-5 0 1 -8.6882e-7 0 1 -6.35582e-6 0 1 2.53206e-6 0 1 4.81779e-6 0 1 -5.69736e-7 0 1 -4.93949e-6 0 1 1.08154e-6 0 1 -2.99077e-6 0 1 2.5355e-4 0 1 4.57536e-6 0 1 -2.74001e-4 0 1 -8.24408e-7 0 1 -3.78295e-6 0 1 -3.62308e-6 0 1 4.09031e-6 0 1 1.99456e-6 0 1 4.6221e-6 0 1 9.69827e-7 0 1 -4.22494e-6 0 1 -1.06245e-5 0 1 2.28647e-6 0 1 5.4202e-6 0 1 -6.21438e-6 0 1 -5.40889e-6 0 1 1.92682e-5 0 1 5.80678e-6 0 1 4.08101e-6 0 1 3.62914e-6 0 1 -5.30487e-6 0 1 -2.56612e-7 0 1 6.17253e-6 0 1 -2.09213e-6 0 1 -7.31645e-7 0 1 1.46125e-6 0 1 -1.05566e-6 0 1 5.353e-7 0 1 3.39168e-7 0 1 1.26811e-6 0 1 -1.93013e-5 0 1 -1.70135e-6 0 1 3.90836e-7 0 1 -4.3766e-7 0 1 0 0 1 -4.62744e-7 0 1 0 0 1 0 0 1 4.43744e-7 0 1 -3.13294e-7 0 1 -6.35156e-7 0 1 -3.9798e-7 0 1 -1.47488e-7 0 1 -5.52533e-7 0 1 4.11795e-6 0 1 3.24172e-7 0 1 1.09603e-6 0 1 -4.11751e-7 0 1 -1.00354e-6 0 1 4.31244e-7 0 1 8.04124e-7 0 1 -8.96811e-7 0 1 1.00105e-6 0 1 2.02337e-6 0 1 3.83777e-6 0 1 5.34696e-6 0 1 7.83511e-6 0 1 -2.34667e-5 0 1 -2.93323e-5 0 1 2.52578e-7 0 1 -8.1057e-5 0 1 3.50026e-6 0 1 3.15321e-7 0 1 2.17548e-6 0 1 -1.60983e-6 0 1 -6.49016e-7 0 1 -2.19037e-6 0 1 0 0 1 1.72499e-6 0 1 2.59708e-6 0 1 -5.77623e-6 0 1 -2.88544e-6 0 1 2.7578e-6 0 1 2.97793e-6 0 1 -3.06686e-6 0 1 -2.89848e-6 0 1 -2.18459e-6 0 1 -1.17074e-6 0 1 1.39369e-6 0 1 -1.60141e-6 0 1 -2.19029e-6 0 1 6.402e-7 0 1 -2.2177e-7 0 1 -4.12419e-6 0 1 3.59443e-6 0 1 -1.66427e-6 0 1 8.27091e-7 0 1 -6.09637e-6 0 1 -9.52453e-6 0 1 4.24621e-6 0 1 -1.33019e-6 0 1 3.12107e-7 0 1 6.95991e-6 0 1 -4.19056e-7 0 1 -2.45035e-7 0 1 1.05597e-6 0 1 1.44982e-6 0 1 7.3634e-7 0 1 -7.82977e-7 0 1 -9.1722e-7 0 1 4.36968e-7 0 1 1.6883e-6 0 1 -1.13894e-6 0 1 -1.51367e-7 0 1 -2.91542e-7 0 1 -1.3011e-7 0 1 -2.02471e-6 0 1 3.61116e-7 0 1 0 0 1 -2.89889e-6 0 1 4.61907e-6 0 1 5.39322e-6 0 1 4.38197e-6 0 1 2.28729e-6 0 1 -4.04451e-6 0 1 -1.35473e-6 0 1 1.35295e-6 0 1 -4.11983e-7 0 1 -5.7036e-6 0 1 -2.85176e-6 0 1 -4.41901e-6 0 1 4.03701e-6 0 1 3.57129e-6 0 1 -1.36862e-6 0 1 8.79577e-6 0 1 -7.91025e-7 0 1 2.26039e-6 0 1 1.03332e-5 0 1 -6.31856e-6 0 1 -2.57e-6 0 1 -9.46414e-6 0 1 1.40824e-6 0 1 -2.66795e-6 0 1 6.16063e-7 0 1 1.56275e-6 0 1 6.91075e-6 0 1 9.74185e-6 0 1 6.16479e-6 0 1 -1.09451e-5 0 1 8.42797e-6 0 1 -1.27679e-6 0 1 2.08204e-5 0 1 1.86426e-5 0 1 -8.15615e-6 0 1 1.53231e-5 0 1 -8.96573e-5 0 1 -6.58127e-5 0 1 -7.6338e-6 0 1 -3.48973e-5 0 1 4.04242e-5 0 1 1.91251e-5 0 1 4.3082e-6 0 1 -2.56337e-6 0 1 1.43522e-7 0 1 2.19951e-7 0 1 4.17715e-7 0 1 -2.81201e-7 0 1 -5.62399e-7 0 1 0 0 1 0 0 1 5.92947e-6 0 1 2.6868e-6 0 1 -8.84314e-7 0 1 1.46931e-6 0 1 0 0 1 -9.96524e-7 0 1 1.3381e-6 0 1 -1.27715e-7 0 1 2.75403e-7 0 1 -5.41763e-7 0 1 5.46682e-7 0 1 -1.28884e-7 0 1 0 0 1 -7.28421e-7 0 1 1.46934e-6 0 1 4.42896e-7 0 1 1.347e-7 0 1 -7.65069e-7 0 1 3.79851e-7 0 1 5.48284e-7 0 1 -1.40672e-7 0 1 -4.13232e-7 0 1 0 0 1 -8.26501e-7 0 1 0 0 1 3.7866e-7 0 1 -2.02696e-7 0 1 0 0 1 0 0 1 0 0 1 0 0 1 0 0 1 8.26457e-7 0 1 -5.48284e-7 0 1 7.65069e-7 0 1 -3.78659e-7 0 1 8.26501e-7 0 1 -1.41798e-6 0 1 -1.43705e-6 0 1 1.10873e-6 0 1 6.46004e-7 0 1 -4.53918e-6 0 1 1.96505e-6 0 1 4.32953e-6 0 1 -1.35603e-6 0 1 -2.74557e-6 0 1 -1.33541e-6 0 1 -5.49122e-6 0 1 3.78035e-7 0 1 5.59555e-6 0 1 -2.21849e-6 0 1 -1.5719e-6 0 1 1.14196e-6 0 1 -6.2435e-6 0 1 6.63028e-6 0 1 -1.24011e-5 0 1 1.04335e-5 0 1 8.16593e-6 0 1 5.50822e-6 0 1 -7.58377e-6 0 1 -5.16121e-6 0 1 1.541e-6 0 1 4.42892e-7 0 1 -4.73947e-6 0 1 4.32608e-6 0 1 -4.74699e-6 0 1 -1.51826e-4 0 1 1.31284e-5 0 1 5.65461e-6 0 1 3.17412e-6 0 1 -3.80379e-7 0 1 4.42904e-7 0 1 5.50825e-6 0 1 -5.16113e-6 0 1 2.1528e-6 0 1 -1.51494e-7 0 1 3.37382e-6 0 1 -2.30783e-6 0 1 -1.644e-6 0 1 -2.84039e-6 0 1 6.34264e-7 0 1 1.37417e-6 0 1 -7.30963e-7 0 1 -5.93048e-7 0 1 -1.22027e-6 0 1 7.99355e-7 0 1 2.88369e-7 0 1 1.13517e-6 0 1 -1.46977e-7 0 1 9.44965e-6 0 1 1.12944e-6 0 1 -6.6806e-7 0 1 9.38298e-6 0 1 -2.1973e-6 0 1 2.81587e-7 0 1 -1.11996e-6 0 1 -1.15341e-6 0 1 8.6663e-7 0 1 -2.48021e-6 0 1 1.84642e-6 0 1 -4.34164e-7 0 1 1.22614e-6 0 1 -1.07874e-6 0 1 -5.39305e-7 0 1 -5.18079e-7 0 1 -2.7311e-7 0 1 6.03186e-7 0 1 -2.35144e-6 0 1 -1.42104e-6 0 1 5.62613e-6 0 1 4.05086e-7 0 1 3.67306e-7 0 1 -2.91864e-7 0 1 -2.42424e-6 0 1 2.251e-6 0 1 -2.03754e-6 0 1 -3.16652e-6 0 1 4.80848e-6 0 1 2.32418e-6 0 1 -2.31404e-6 0 1 -5.23374e-6 0 1 -4.97023e-6 0 1 4.87215e-6 0 1 2.90851e-7 0 1 2.37996e-6 0 1 3.43332e-7 0 1 -4.17432e-6 0 1 -3.7597e-7 0 1 4.02559e-7 0 1 9.35324e-7 0 1 1.13617e-6 0 1 -3.27889e-7 0 1 -6.86348e-7 0 1 4.27691e-7 0 1 3.7945e-7 0 1 -6.50385e-7 0 1 -4.84162e-7 0 1 4.93755e-7 0 1 3.84178e-6 0 1 -2.39769e-7 0 1 -9.70445e-7 0 1 -7.77039e-7 0 1 2.08507e-6 0 1 1.72606e-6 0 1 0 0 1 2.66073e-6 0 1 -2.77986e-6 0 1 3.3984e-6 0 1 2.09549e-7 0 1 0 0 1 1.29027e-7 0 1 -1.88442e-6 0 1 4.75177e-7 0 1 1.28462e-7 0 1 3.42579e-7 0 1 4.65269e-7 0 1 -7.89107e-7 0 1 0 0 1 -8.17838e-7 0 1 -5.34712e-7 0 1 7.93802e-6 0 1 2.78256e-6 0 1 -6.34671e-6 0 1 -2.2614e-6 0 1 3.6487e-6 0 1 -1.4341e-6 0 1 4.66015e-7 0 1 1.97167e-6 0 1 3.09606e-6 0 1 -5.45057e-6 0 1 -5.03032e-6 0 1 -7.26317e-7 0 1 -4.64865e-7 0 1 -1.53861e-6 0 1 1.20497e-6 0 1 2.1336e-6 0 1 -4.93629e-7 0 1 -7.84371e-7 0 1 3.78052e-7 0 1 1.38223e-7 0 1 -1.38651e-6 0 1 4.79041e-6 0 1 3.45764e-7 0 1 -2.2362e-6 0 1 -1.55256e-6 0 1 1.02217e-6 0 1 -2.35915e-6 0 1 -9.99904e-7 0 1 -3.97465e-7 0 1 -1.89907e-7 0 1 1.76508e-7 0 1 -9.13975e-7 0 1 8.78114e-6 0 1 2.01581e-7 0 1 1.36134e-6 0 1 0 0 1 0 0 1 0 0 1 0 0 1 -1.83734e-7 0 1 1.78426e-7 0 1 1.79854e-7 0 1 -3.60289e-7 0 1 0</float_array>
          <technique_common>
            <accessor source="#lower_plate-mesh-normals-array" count="5738" stride="3">
              <param name="X" type="float"/>
              <param name="Y" type="float"/>
              <param name="Z" type="float"/>
            </accessor>
          </technique_common>
        </source>
        <vertices id="lower_plate-mesh-vertices">
          <input semantic="POSITION" source="#lower_plate-mesh-positions"/>
        </vertices>
        <triangles count="15004">
          <input semantic="VERTEX" source="#lower_plate-mesh-vertices" offset="0"/>
          <input semantic="NORMAL" source="#lower_plate-mesh-normals" offset="1"/>
          <p>0 0 1 0 2 0 3 1 4 1 5 1 6 2 3 2 5 2 7 3 8 3 9 3 10 4 11 4 12 4 13 5 14 5 15 5 16 4 17 4 18 4 7 6 19 6 8 6 19 7 20 7 8 7 13 8 21 8 14 8 21 9 22 9 14 9 19 10 23 10 20 10 23 11 24 11 20 11 21 12 25 12 22 12 25 13 26 13 22 13 23 14 27 14 24 14 27 15 28 15 24 15 25 16 29 16 26 16 29 17 30 17 26 17 27 18 31 18 28 18 31 19 32 19 28 19 29 20 33 20 30 20 33 21 34 21 30 21 31 19 35 19 32 19 35 22 36 22 32 22 33 21 37 21 34 21 37 22 38 22 34 22 35 23 39 23 36 23 39 24 40 24 36 24 37 23 41 23 38 23 41 25 42 25 38 25 39 26 43 26 40 26 43 27 44 27 40 27 41 28 45 28 42 28 45 29 46 29 42 29 43 27 47 27 44 27 47 30 48 30 44 30 45 31 49 31 46 31 49 32 50 32 46 32 47 33 51 33 48 33 51 34 52 34 48 34 49 35 53 35 50 35 53 34 54 34 50 34 51 34 55 34 52 34 55 36 56 36 52 36 53 34 57 34 54 34 57 37 58 37 54 37 55 38 59 38 56 38 59 39 60 39 56 39 57 40 61 40 58 40 61 41 62 41 58 41 59 39 63 39 60 39 63 42 64 42 60 42 61 43 65 43 62 43 65 44 66 44 62 44 63 45 67 45 64 45 67 46 68 46 64 46 65 47 69 47 66 47 69 46 70 46 66 46 67 48 71 48 68 48 71 49 72 49 68 49 69 48 73 48 70 48 73 50 74 50 70 50 71 49 75 49 72 49 75 51 76 51 72 51 73 50 77 50 74 50 77 52 78 52 74 52 75 53 79 53 76 53 79 54 80 54 76 54 77 55 81 55 78 55 81 56 82 56 78 56 79 57 83 57 80 57 83 58 84 58 80 58 81 59 85 59 82 59 85 60 86 60 82 60 83 61 87 61 84 61 87 62 88 62 84 62 85 63 89 63 86 63 89 64 90 64 86 64 87 65 91 65 88 65 91 66 92 66 88 66 89 67 93 67 90 67 93 66 94 66 90 66 95 68 96 68 97 68 96 69 98 69 97 69 98 4 99 4 97 4 100 70 101 70 102 70 101 70 103 70 102 70 103 71 95 71 102 71 104 72 105 72 100 72 105 73 101 73 100 73 106 74 107 74 104 74 107 74 105 74 104 74 108 75 109 75 106 75 109 76 107 76 106 76 110 77 111 77 108 77 111 78 109 78 108 78 112 79 113 79 110 79 113 80 111 80 110 80 114 81 115 81 112 81 115 82 113 82 112 82 116 83 117 83 114 83 117 83 115 83 114 83 118 84 119 84 116 84 119 84 117 84 116 84 120 85 121 85 118 85 121 86 119 86 118 86 122 87 123 87 120 87 123 87 121 87 120 87 124 88 125 88 122 88 125 89 123 89 122 89 126 90 127 90 124 90 127 91 125 91 124 91 128 92 129 92 126 92 129 93 127 93 126 93 130 94 131 94 128 94 131 95 129 95 128 95 132 96 133 96 130 96 133 97 131 97 130 97 134 98 135 98 132 98 135 98 133 98 132 98 136 99 137 99 134 99 137 100 135 100 134 100 138 66 139 66 140 66 141 101 136 101 142 101 143 102 144 102 145 102 144 103 146 103 145 103 146 4 147 4 145 4 148 104 149 104 150 104 149 105 151 105 150 105 151 106 143 106 150 106 152 107 153 107 148 107 153 108 149 108 148 108 154 109 155 109 152 109 155 110 153 110 152 110 156 111 157 111 154 111 157 112 155 112 154 112 158 113 159 113 156 113 159 114 157 114 156 114 160 115 161 115 158 115 161 116 159 116 158 116 162 117 163 117 160 117 163 117 161 117 160 117 164 118 165 118 162 118 165 119 163 119 162 119 166 84 167 84 168 84 167 84 169 84 168 84 169 120 164 120 168 120 170 121 171 121 166 121 171 122 167 122 166 122 172 123 173 123 170 123 173 124 171 124 170 124 174 125 175 125 172 125 175 126 173 126 172 126 176 127 177 127 174 127 177 128 175 128 174 128 178 129 179 129 176 129 179 130 177 130 176 130 180 131 181 131 178 131 181 132 179 132 178 132 182 133 183 133 180 133 183 134 181 134 180 134 184 135 185 135 182 135 185 136 183 136 182 136 186 137 187 137 184 137 187 138 185 138 184 138 188 66 189 66 190 66 191 139 186 139 192 139 193 140 194 140 195 140 194 141 196 141 195 141 196 4 197 4 195 4 198 142 199 142 200 142 199 105 201 105 200 105 201 106 193 106 200 106 202 107 203 107 198 107 203 143 199 143 198 143 204 144 205 144 202 144 205 145 203 145 202 145 206 146 207 146 204 146 207 147 205 147 204 147 208 148 209 148 206 148 209 149 207 149 206 149 210 150 211 150 208 150 211 151 209 151 208 151 212 117 213 117 210 117 213 117 211 117 210 117 214 152 215 152 212 152 215 153 213 153 212 153 216 84 217 84 214 84 217 84 215 84 214 84 218 121 219 121 216 121 219 154 217 154 216 154 220 123 221 123 218 123 221 123 219 123 218 123 222 155 223 155 220 155 223 126 221 126 220 126 224 156 225 156 222 156 225 128 223 128 222 128 226 157 227 157 224 157 227 130 225 130 224 130 228 131 229 131 226 131 229 158 227 158 226 158 230 159 231 159 232 159 233 160 230 160 232 160 234 161 233 161 232 161 235 162 236 162 237 162 238 163 235 163 237 163 239 164 238 164 237 164 240 165 241 165 228 165 241 166 229 166 228 166 242 167 243 167 231 167 230 168 242 168 231 168 244 169 233 169 234 169 245 170 244 170 234 170 246 171 247 171 236 171 235 172 246 172 236 172 248 169 238 169 239 169 249 170 248 170 239 170 250 173 251 173 243 173 242 174 250 174 243 174 252 175 244 175 245 175 253 176 252 176 245 176 254 173 255 173 247 173 246 177 254 177 247 177 256 178 248 178 249 178 257 179 256 179 249 179 258 180 259 180 240 180 259 136 241 136 240 136 260 181 261 181 251 181 250 182 260 182 251 182 262 183 252 183 253 183 263 184 262 184 253 184 264 181 265 181 255 181 254 182 264 182 255 182 266 183 256 183 257 183 267 184 266 184 257 184 268 137 269 137 258 137 269 138 259 138 258 138 270 66 271 66 272 66 273 185 268 185 274 185 275 186 276 186 261 186 260 187 275 187 261 187 277 188 262 188 263 188 278 189 277 189 263 189 279 186 280 186 265 186 264 187 279 187 265 187 281 188 266 188 267 188 282 189 281 189 267 189 283 190 284 190 276 190 275 191 283 191 276 191 285 192 277 192 278 192 286 193 285 193 278 193 287 194 288 194 280 194 279 191 287 191 280 191 289 195 281 195 282 195 290 196 289 196 282 196 291 197 292 197 284 197 283 198 291 198 284 198 293 199 285 199 286 199 294 200 293 200 286 200 295 201 296 201 288 201 287 202 295 202 288 202 297 203 289 203 290 203 298 204 297 204 290 204 299 205 300 205 292 205 291 197 299 197 292 197 301 206 293 206 294 206 302 207 301 207 294 207 303 208 304 208 296 208 295 209 303 209 296 209 305 210 297 210 298 210 306 211 305 211 298 211 307 212 308 212 300 212 299 213 307 213 300 213 309 214 301 214 302 214 310 215 309 215 302 215 311 216 312 216 304 216 303 217 311 217 304 217 313 218 305 218 306 218 314 219 313 219 306 219 315 34 316 34 308 34 307 220 315 220 308 220 317 84 309 84 310 84 318 84 317 84 310 84 319 34 320 34 312 34 311 221 319 221 312 221 321 84 313 84 314 84 322 84 321 84 314 84 323 222 324 222 316 222 315 34 323 34 316 34 325 223 317 223 318 223 326 224 325 224 318 224 327 222 328 222 320 222 319 34 327 34 320 34 329 225 321 225 322 225 330 225 329 225 322 225 331 226 332 226 333 226 334 227 331 227 333 227 324 228 334 228 333 228 335 229 326 229 336 229 337 230 335 230 336 230 338 231 337 231 336 231 339 232 340 232 341 232 342 233 339 233 341 233 328 234 342 234 341 234 343 229 330 229 344 229 345 235 343 235 344 235 346 236 345 236 344 236 347 237 348 237 332 237 331 238 347 238 332 238 349 239 337 239 338 239 350 240 349 240 338 240 351 241 352 241 340 241 339 242 351 242 340 242 353 243 345 243 346 243 354 244 353 244 346 244 355 245 356 245 348 245 347 246 355 246 348 246 357 247 349 247 350 247 358 248 357 248 350 248 359 249 360 249 352 249 351 250 359 250 352 250 361 251 353 251 354 251 362 252 361 252 354 252 363 253 364 253 356 253 355 254 363 254 356 254 365 255 357 255 358 255 366 256 365 256 358 256 367 253 368 253 360 253 359 257 367 257 360 257 369 255 361 255 362 255 370 256 369 256 362 256 371 258 372 258 364 258 363 259 371 259 364 259 373 260 365 260 366 260 374 261 373 261 366 261 375 258 376 258 368 258 367 259 375 259 368 259 377 260 369 260 370 260 378 261 377 261 370 261 379 262 380 262 372 262 371 263 379 263 372 263 381 264 373 264 374 264 382 265 381 265 374 265 383 262 384 262 376 262 375 263 383 263 376 263 385 266 377 266 378 266 386 266 385 266 378 266 387 267 388 267 380 267 379 262 387 262 380 262 389 268 381 268 382 268 390 268 389 268 382 268 391 269 392 269 384 269 383 262 391 262 384 262 393 268 385 268 386 268 394 268 393 268 386 268 395 270 396 270 388 270 387 271 395 271 388 271 397 272 389 272 390 272 396 273 397 273 390 273 398 274 399 274 392 274 391 269 398 269 392 269 400 275 393 275 394 275 399 276 400 276 394 276 395 277 397 277 396 277 398 278 400 278 399 278 401 4 402 4 403 4 402 4 404 4 403 4 404 279 405 279 403 279 406 280 407 280 401 280 407 281 402 281 401 281 404 282 408 282 405 282 408 283 409 283 405 283 410 284 411 284 406 284 411 285 407 285 406 285 408 286 412 286 409 286 412 287 413 287 409 287 414 288 415 288 410 288 415 289 411 289 410 289 412 290 416 290 413 290 416 291 417 291 413 291 418 292 419 292 414 292 419 293 415 293 414 293 416 294 420 294 417 294 420 295 421 295 417 295 422 296 423 296 418 296 423 297 419 297 418 297 420 298 424 298 421 298 424 299 425 299 421 299 426 300 427 300 422 300 427 301 423 301 422 301 424 302 428 302 425 302 428 303 429 303 425 303 430 304 431 304 426 304 431 305 427 305 426 305 428 306 432 306 429 306 432 307 433 307 429 307 434 308 435 308 430 308 435 309 431 309 430 309 432 310 436 310 433 310 436 311 437 311 433 311 438 312 439 312 434 312 439 312 435 312 434 312 436 311 440 311 437 311 441 34 442 34 437 34 440 34 441 34 437 34 443 159 444 159 445 159 446 163 443 163 445 163 447 313 446 313 445 313 448 159 449 159 450 159 451 314 448 314 450 314 452 315 451 315 450 315 453 316 454 316 444 316 443 317 453 317 444 317 455 318 446 318 447 318 456 319 455 319 447 319 457 320 458 320 449 320 448 317 457 317 449 317 459 318 451 318 452 318 460 319 459 319 452 319 461 321 462 321 454 321 453 322 461 322 454 322 463 323 455 323 456 323 464 324 463 324 456 324 465 325 466 325 458 325 457 326 465 326 458 326 467 327 459 327 460 327 468 328 467 328 460 328 469 329 470 329 462 329 461 330 469 330 462 330 471 331 463 331 464 331 472 332 471 332 464 332 473 329 474 329 466 329 465 333 473 333 466 333 475 334 467 334 468 334 476 184 475 184 468 184 477 335 478 335 479 335 478 336 480 336 479 336 439 84 438 84 479 84 480 84 439 84 479 84 481 186 482 186 470 186 469 187 481 187 470 187 483 188 471 188 472 188 484 189 483 189 472 189 485 186 486 186 474 186 473 187 485 187 474 187 487 188 475 188 476 188 488 189 487 189 476 189 489 190 490 190 482 190 481 191 489 191 482 191 491 192 483 192 484 192 492 337 491 337 484 337 493 190 494 190 486 190 485 191 493 191 486 191 495 192 487 192 488 192 496 337 495 337 488 337 497 338 498 338 477 338 498 339 478 339 477 339 499 340 500 340 490 340 489 341 499 341 490 341 501 342 491 342 492 342 502 343 501 343 492 343 503 344 504 344 494 344 493 341 503 341 494 341 505 345 495 345 496 345 506 346 505 346 496 346 507 347 508 347 497 347 508 348 498 348 497 348 509 349 510 349 500 349 499 197 509 197 500 197 511 350 501 350 502 350 512 207 511 207 502 207 513 351 514 351 504 351 503 352 513 352 504 352 515 353 505 353 506 353 516 354 515 354 506 354 517 212 518 212 510 212 509 217 517 217 510 217 519 214 511 214 512 214 520 355 519 355 512 355 521 356 522 356 514 356 513 213 521 213 514 213 523 357 515 357 516 357 524 358 523 358 516 358 525 359 526 359 507 359 526 360 508 360 507 360 527 361 528 361 529 361 527 4 529 4 530 4 531 4 527 4 530 4 532 361 533 361 534 361 532 4 534 4 535 4 536 4 532 4 535 4 527 362 537 362 528 362 537 363 538 363 528 363 532 362 539 362 533 362 539 364 540 364 533 364 541 34 542 34 518 34 517 365 541 365 518 365 543 84 519 84 520 84 544 84 543 84 520 84 545 34 546 34 522 34 521 366 545 366 522 366 547 84 523 84 524 84 548 84 547 84 524 84 537 367 549 367 538 367 549 368 550 368 538 368 539 12 551 12 540 12 551 369 552 369 540 369 553 370 554 370 525 370 554 371 526 371 525 371 549 372 555 372 550 372 555 373 556 373 550 373 551 374 557 374 552 374 557 375 558 375 552 375 559 376 560 376 542 376 541 34 559 34 542 34 561 377 543 377 544 377 562 378 561 378 544 378 563 379 564 379 546 379 545 34 563 34 546 34 565 380 547 380 548 380 566 381 565 381 548 381 567 382 568 382 553 382 568 383 554 383 553 383 555 384 569 384 556 384 569 385 570 385 556 385 557 386 571 386 558 386 571 385 572 385 558 385 573 387 574 387 560 387 559 388 573 388 560 388 575 389 561 389 562 389 576 390 575 390 562 390 577 391 578 391 564 391 563 392 577 392 564 392 579 393 565 393 566 393 580 394 579 394 566 394 581 395 582 395 567 395 582 396 568 396 567 396 569 397 583 397 570 397 583 398 584 398 570 398 571 397 585 397 572 397 585 398 586 398 572 398 587 399 588 399 581 399 588 400 582 400 581 400 589 401 590 401 574 401 573 402 589 402 574 402 591 403 575 403 576 403 592 404 591 404 576 404 593 405 594 405 578 405 577 406 593 406 578 406 595 407 579 407 580 407 596 408 595 408 580 408 597 409 598 409 587 409 598 410 588 410 587 410 583 411 599 411 584 411 599 412 600 412 584 412 585 411 601 411 586 411 601 412 602 412 586 412 603 413 604 413 597 413 604 414 598 414 597 414 605 415 606 415 590 415 589 416 605 416 590 416 607 417 591 417 592 417 608 248 607 248 592 248 609 415 610 415 594 415 593 418 609 418 594 418 611 417 595 417 596 417 612 248 611 248 596 248 613 253 614 253 606 253 605 254 613 254 606 254 615 255 607 255 608 255 616 256 615 256 608 256 617 253 618 253 610 253 609 254 617 254 610 254 619 255 611 255 612 255 620 256 619 256 612 256 599 419 621 419 600 419 621 29 622 29 600 29 601 419 623 419 602 419 623 27 624 27 602 27 625 258 626 258 614 258 613 259 625 259 614 259 627 420 615 420 616 420 628 421 627 421 616 421 629 258 630 258 618 258 617 259 629 259 618 259 631 260 619 260 620 260 632 261 631 261 620 261 633 422 634 422 626 422 625 263 633 263 626 263 635 264 627 264 628 264 636 423 635 423 628 423 637 424 638 424 630 424 629 263 637 263 630 263 639 425 631 425 632 425 640 426 639 426 632 426 621 31 641 31 622 31 641 427 642 427 622 427 623 27 643 27 624 27 643 428 644 428 624 428 645 429 646 429 634 429 633 430 645 430 634 430 647 431 635 431 636 431 648 432 647 432 636 432 649 433 650 433 638 433 637 434 649 434 638 434 651 431 639 431 640 431 652 432 651 432 640 432 653 277 654 277 646 277 645 435 653 435 646 435 655 436 647 436 648 436 654 437 655 437 648 437 656 277 657 277 650 277 649 438 656 438 650 438 658 439 651 439 652 439 657 440 658 440 652 440 653 441 655 441 654 441 656 441 658 441 657 441 641 442 659 442 642 442 659 34 660 34 642 34 643 443 661 443 644 443 661 34 662 34 644 34 659 34 663 34 660 34 663 444 664 444 660 444 661 34 665 34 662 34 665 445 666 445 662 445 663 446 667 446 664 446 667 41 668 41 664 41 665 447 669 447 666 447 669 39 670 39 666 39 667 43 671 43 668 43 671 448 672 448 668 448 669 39 673 39 670 39 673 449 674 449 670 449 672 450 675 450 676 450 675 451 677 451 676 451 677 452 678 452 676 452 674 453 679 453 680 453 679 454 681 454 680 454 681 452 682 452 680 452 677 455 683 455 678 455 683 456 684 456 678 456 681 455 685 455 682 455 685 456 686 456 682 456 683 457 687 457 684 457 687 458 688 458 684 458 685 457 689 457 686 457 689 459 690 459 686 459 687 460 691 460 688 460 691 461 692 461 688 461 689 55 693 55 690 55 693 462 694 462 690 462 691 463 695 463 692 463 695 464 696 464 692 464 693 465 697 465 694 465 697 466 698 466 694 466 695 467 699 467 696 467 699 468 700 468 696 468 697 63 701 63 698 63 701 468 702 468 698 468 699 469 703 469 700 469 704 66 705 66 700 66 703 66 704 66 700 66 701 469 706 469 702 469 707 66 708 66 702 66 706 66 707 66 702 66 709 470 710 470 711 470 709 4 711 4 712 4 713 4 709 4 712 4 714 470 715 470 716 470 714 4 716 4 717 4 718 4 714 4 717 4 709 362 719 362 710 362 719 471 720 471 710 471 714 362 721 362 715 362 721 9 722 9 715 9 719 472 723 472 720 472 723 473 724 473 720 473 721 474 725 474 722 474 725 475 726 475 722 475 723 372 727 372 724 372 727 476 728 476 724 476 725 374 729 374 726 374 729 477 730 477 726 477 727 384 731 384 728 384 731 478 732 478 728 478 729 386 733 386 730 386 733 478 734 478 730 478 731 479 735 479 732 479 735 480 736 480 732 480 733 479 737 479 734 479 737 480 738 480 734 480 735 481 739 481 736 481 739 412 740 412 736 412 737 481 741 481 738 481 741 412 742 412 738 412 739 419 743 419 740 419 743 29 744 29 740 29 741 419 745 419 742 419 745 27 746 27 742 27 743 482 747 482 744 482 747 427 748 427 744 427 745 483 749 483 746 483 749 428 750 428 746 428 747 484 751 484 748 484 751 34 752 34 748 34 749 485 753 485 750 485 753 34 754 34 750 34 751 34 755 34 752 34 755 486 756 486 752 486 753 34 757 34 754 34 757 487 758 487 754 487 755 488 759 488 756 488 759 489 760 489 756 489 757 490 761 490 758 490 761 491 762 491 758 491 759 492 763 492 760 492 763 493 764 493 760 493 761 491 765 491 762 491 765 493 766 493 762 493 763 494 767 494 764 494 767 495 768 495 764 495 765 494 769 494 766 494 769 495 770 495 766 495 767 496 771 496 768 496 771 456 772 456 768 456 769 496 773 496 770 496 773 456 774 456 770 456 771 457 775 457 772 457 775 497 776 497 772 497 773 457 777 457 774 457 777 52 778 52 774 52 775 460 779 460 776 460 779 498 780 498 776 498 777 55 781 55 778 55 781 499 782 499 778 499 779 463 783 463 780 463 783 464 784 464 780 464 781 465 785 465 782 465 785 466 786 466 782 466 783 467 787 467 784 467 787 468 788 468 784 468 785 63 789 63 786 63 789 468 790 468 786 468 787 469 791 469 788 469 792 66 793 66 788 66 791 66 792 66 788 66 789 469 794 469 790 469 795 66 796 66 790 66 794 66 795 66 790 66 797 500 798 500 799 500 797 4 799 4 800 4 801 4 797 4 800 4 802 500 803 500 804 500 802 4 804 4 805 4 806 4 802 4 805 4 797 501 807 501 798 501 807 502 808 502 798 502 802 501 809 501 803 501 809 503 810 503 803 503 807 504 811 504 808 504 811 368 812 368 808 368 809 505 813 505 810 505 813 369 814 369 810 369 811 506 815 506 812 506 815 507 816 507 812 507 813 508 817 508 814 508 817 509 818 509 814 509 815 510 819 510 816 510 819 511 820 511 816 511 817 512 821 512 818 512 821 511 822 511 818 511 819 479 823 479 820 479 823 398 824 398 820 398 821 479 825 479 822 479 825 398 826 398 822 398 823 513 827 513 824 513 827 514 828 514 824 514 825 513 829 513 826 513 829 514 830 514 826 514 827 419 831 419 828 419 831 29 832 29 828 29 829 419 833 419 830 419 833 27 834 27 830 27 831 31 835 31 832 31 835 427 836 427 832 427 833 27 837 27 834 27 837 428 838 428 834 428 835 442 839 442 836 442 839 34 840 34 836 34 837 443 841 443 838 443 841 34 842 34 838 34 839 34 843 34 840 34 843 515 844 515 840 515 841 34 845 34 842 34 845 516 846 516 842 516 844 517 847 517 848 517 847 518 849 518 848 518 849 519 850 519 848 519 846 520 851 520 852 520 851 521 853 521 852 521 853 522 854 522 852 522 849 43 855 43 850 43 855 493 856 493 850 493 853 39 857 39 854 39 857 493 858 493 854 493 855 523 859 523 856 523 859 524 860 524 856 524 857 523 861 523 858 523 861 524 862 524 858 524 859 525 863 525 860 525 863 526 864 526 860 526 861 525 865 525 862 525 865 526 866 526 862 526 863 527 867 527 864 527 867 458 868 458 864 458 865 527 869 527 866 527 869 459 870 459 866 459 867 528 871 528 868 528 871 498 872 498 868 498 869 529 873 529 870 529 873 499 874 499 870 499 871 463 875 463 872 463 875 464 876 464 872 464 873 465 877 465 874 465 877 466 878 466 874 466 875 467 879 467 876 467 879 530 880 530 876 530 877 63 881 63 878 63 881 530 882 530 878 530 879 469 883 469 880 469 884 66 885 66 880 66 883 66 884 66 880 66 881 469 886 469 882 469 887 66 888 66 882 66 886 66 887 66 882 66 889 531 890 531 891 531 892 532 889 532 891 532 893 532 892 532 891 532 894 533 895 533 896 533 897 534 894 534 896 534 898 534 897 534 896 534 899 535 900 535 890 535 889 531 899 531 890 531 901 536 892 536 893 536 902 537 901 537 893 537 903 538 904 538 895 538 894 533 903 533 895 533 905 536 897 536 898 536 906 537 905 537 898 537 907 539 908 539 900 539 899 540 907 540 900 540 909 541 901 541 902 541 910 542 909 542 902 542 911 539 912 539 904 539 903 543 911 543 904 543 913 544 905 544 906 544 914 544 913 544 906 544 915 545 916 545 908 545 907 539 915 539 908 539 917 546 909 546 910 546 918 547 917 547 910 547 919 545 920 545 912 545 911 539 919 539 912 539 921 546 913 546 914 546 922 547 921 547 914 547 923 548 924 548 916 548 915 549 923 549 916 549 925 550 917 550 918 550 926 189 925 189 918 189 927 548 928 548 920 548 919 549 927 549 920 549 929 550 921 550 922 550 930 189 929 189 922 189 931 551 932 551 924 551 923 191 931 191 924 191 933 552 925 552 926 552 934 553 933 553 926 553 935 554 936 554 928 554 927 191 935 191 928 191 937 555 929 555 930 555 938 556 937 556 930 556 939 557 940 557 932 557 931 558 939 558 932 558 941 559 933 559 934 559 942 560 941 560 934 560 943 561 944 561 936 561 935 562 943 562 936 562 945 563 937 563 938 563 946 564 945 564 938 564 947 565 948 565 940 565 939 566 947 566 940 566 949 567 941 567 942 567 950 568 949 568 942 568 951 569 952 569 944 569 943 570 951 570 944 570 953 571 945 571 946 571 954 572 953 572 946 572 955 573 956 573 948 573 947 574 955 574 948 574 957 575 949 575 950 575 958 576 957 576 950 576 959 577 960 577 952 577 951 578 959 578 952 578 961 579 953 579 954 579 962 580 961 580 954 580 963 34 964 34 956 34 955 581 963 581 956 581 965 84 957 84 958 84 966 84 965 84 958 84 967 34 968 34 960 34 959 582 967 582 960 582 969 84 961 84 962 84 970 84 969 84 962 84 971 583 972 583 964 583 963 34 971 34 964 34 973 584 965 584 966 584 974 585 973 585 966 585 975 586 976 586 968 586 967 34 975 34 968 34 977 587 969 587 970 587 978 588 977 588 970 588 979 589 980 589 972 589 971 590 979 590 972 590 981 591 973 591 974 591 982 592 981 592 974 592 983 593 984 593 976 593 975 594 983 594 976 594 985 595 977 595 978 595 986 596 985 596 978 596 987 597 988 597 980 597 979 598 987 598 980 598 989 599 981 599 982 599 990 600 989 600 982 600 991 601 992 601 984 601 983 602 991 602 984 602 993 603 985 603 986 603 994 604 993 604 986 604 995 605 996 605 988 605 987 606 995 606 988 606 997 607 989 607 990 607 998 608 997 608 990 608 999 609 1000 609 992 609 991 610 999 610 992 610 1001 611 993 611 994 611 1002 612 1001 612 994 612 1003 613 1004 613 996 613 995 614 1003 614 996 614 1005 615 997 615 998 615 1006 616 1005 616 998 616 1007 613 1008 613 1000 613 999 617 1007 617 1000 617 1009 615 1001 615 1002 615 1010 616 1009 616 1002 616 1011 618 1012 618 1004 618 1003 619 1011 619 1004 619 1013 620 1005 620 1006 620 1014 621 1013 621 1006 621 1015 618 1016 618 1008 618 1007 619 1015 619 1008 619 1017 620 1009 620 1010 620 1018 621 1017 621 1010 621 1019 622 1020 622 1012 622 1011 623 1019 623 1012 623 1021 624 1013 624 1014 624 1022 625 1021 625 1014 625 1023 622 1024 622 1016 622 1015 623 1023 623 1016 623 1025 626 1017 626 1018 626 1026 626 1025 626 1018 626 1027 627 1028 627 1020 627 1019 622 1027 622 1020 622 1029 628 1021 628 1022 628 1030 629 1029 629 1022 629 1031 630 1032 630 1024 630 1023 622 1031 622 1024 622 1033 628 1025 628 1026 628 1034 629 1033 629 1026 629 1035 631 1036 631 1028 631 1027 632 1035 632 1028 632 1037 633 1029 633 1030 633 1036 633 1037 633 1030 633 1038 634 1039 634 1032 634 1031 635 1038 635 1032 635 1040 636 1033 636 1034 636 1039 636 1040 636 1034 636 1035 631 1037 631 1036 631 1038 634 1040 634 1039 634 1041 533 1042 533 1043 533 1044 534 1041 534 1043 534 1045 534 1044 534 1043 534 1046 543 1047 543 1042 543 1041 533 1046 533 1042 533 1048 537 1044 537 1045 537 1049 537 1048 537 1045 537 1050 637 1051 637 1047 637 1046 543 1050 543 1047 543 1052 638 1048 638 1049 638 1053 639 1052 639 1049 639 1054 640 1055 640 1051 640 1050 641 1054 641 1051 641 1056 642 1052 642 1053 642 1057 643 1056 643 1053 643 1058 644 1059 644 1055 644 1054 187 1058 187 1055 187 1060 645 1056 645 1057 645 1061 646 1060 646 1057 646 1062 647 1063 647 1064 647 1065 648 1062 648 1064 648 1059 649 1065 649 1064 649 1066 650 1060 650 1061 650 1067 651 1066 651 1061 651 1068 201 1069 201 1063 201 1062 652 1068 652 1063 652 1070 199 1066 199 1067 199 1071 560 1070 560 1067 560 1072 653 1073 653 1069 653 1068 570 1072 570 1069 570 1074 654 1070 654 1071 654 1075 655 1074 655 1071 655 1076 656 1077 656 1073 656 1072 657 1076 657 1073 657 1078 658 1074 658 1075 658 1079 659 1078 659 1075 659 1080 34 1081 34 1077 34 1076 660 1080 660 1077 660 1082 84 1078 84 1079 84 1083 84 1082 84 1079 84 1084 661 1085 661 1081 661 1080 34 1084 34 1081 34 1086 662 1082 662 1083 662 1087 663 1086 663 1083 663 1088 664 1089 664 1085 664 1084 665 1088 665 1085 665 1090 666 1086 666 1087 666 1091 667 1090 667 1087 667 1092 668 1093 668 1089 668 1088 669 1092 669 1089 669 1094 670 1090 670 1091 670 1095 671 1094 671 1091 671 1096 672 1097 672 1093 672 1092 673 1096 673 1093 673 1098 674 1094 674 1095 674 1099 675 1098 675 1095 675 1100 676 1101 676 1097 676 1096 677 1100 677 1097 677 1102 678 1098 678 1099 678 1103 679 1102 679 1099 679 1104 680 1105 680 1106 680 1107 681 1104 681 1106 681 1101 682 1107 682 1106 682 1108 683 1102 683 1103 683 1109 684 1108 684 1103 684 1110 685 1111 685 1105 685 1104 686 1110 686 1105 686 1112 687 1108 687 1109 687 1113 687 1112 687 1109 687 1114 635 1115 635 1111 635 1110 685 1114 685 1111 685 1116 629 1112 629 1113 629 1117 629 1116 629 1113 629 1118 688 1119 688 1115 688 1114 635 1118 635 1115 635 1120 689 1116 689 1117 689 1119 690 1120 690 1117 690 1118 691 1120 691 1119 691 1121 692 1122 692 1123 692 1124 693 1121 693 1123 693 1125 693 1124 693 1123 693 1126 694 1127 694 1122 694 1121 692 1126 692 1122 692 1128 537 1124 537 1125 537 1129 537 1128 537 1125 537 1130 695 1131 695 1127 695 1126 540 1130 540 1127 540 1132 696 1128 696 1129 696 1133 324 1132 324 1129 324 1134 697 1135 697 1131 697 1130 695 1134 695 1131 695 1136 698 1132 698 1133 698 1137 699 1136 699 1133 699 1138 186 1139 186 1135 186 1134 700 1138 700 1135 700 1140 188 1136 188 1137 188 1141 189 1140 189 1137 189 1142 701 1143 701 1139 701 1138 191 1142 191 1139 191 1144 702 1140 702 1141 702 1145 703 1144 703 1141 703 1146 704 1147 704 1143 704 1142 705 1146 705 1143 705 1148 706 1144 706 1145 706 1149 707 1148 707 1145 707 1150 351 1151 351 1147 351 1146 704 1150 704 1147 704 1152 350 1148 350 1149 350 1153 708 1152 708 1149 708 1154 709 1155 709 1151 709 1150 710 1154 710 1151 710 1156 711 1152 711 1153 711 1157 712 1156 712 1153 712 1158 34 1159 34 1155 34 1154 713 1158 713 1155 713 1160 84 1156 84 1157 84 1161 84 1160 84 1157 84 1162 714 1163 714 1159 714 1158 34 1162 34 1159 34 1164 715 1160 715 1161 715 1165 716 1164 716 1161 716 1166 391 1167 391 1163 391 1162 717 1166 717 1163 717 1168 389 1164 389 1165 389 1169 718 1168 718 1165 718 1170 719 1171 719 1167 719 1166 720 1170 720 1167 720 1172 670 1168 670 1169 670 1173 671 1172 671 1169 671 1174 721 1175 721 1171 721 1170 719 1174 719 1171 719 1176 722 1172 722 1173 722 1177 723 1176 723 1173 723 1178 613 1179 613 1175 613 1174 724 1178 724 1175 724 1180 615 1176 615 1177 615 1181 256 1180 256 1177 256 1182 725 1183 725 1179 725 1178 259 1182 259 1179 259 1184 726 1180 726 1181 726 1185 261 1184 261 1181 261 1186 685 1187 685 1183 685 1182 263 1186 263 1183 263 1188 727 1184 727 1185 727 1189 728 1188 728 1185 728 1190 729 1191 729 1187 729 1186 730 1190 730 1187 730 1192 431 1188 431 1189 431 1193 431 1192 431 1189 431 1194 731 1195 731 1191 731 1190 732 1194 732 1191 732 1196 733 1192 733 1193 733 1195 734 1196 734 1193 734 1194 441 1196 441 1195 441 1197 735 1198 735 1199 735 1200 736 1197 736 1199 736 1201 736 1200 736 1199 736 1202 737 1203 737 1198 737 1197 735 1202 735 1198 735 1204 319 1200 319 1201 319 1205 738 1204 738 1201 738 1206 641 1207 641 1203 641 1202 739 1206 739 1203 739 1208 740 1204 740 1205 740 1209 741 1208 741 1205 741 1210 640 1211 640 1207 640 1206 641 1210 641 1207 641 1212 742 1208 742 1209 742 1213 184 1212 184 1209 184 1214 186 1215 186 1211 186 1210 187 1214 187 1211 187 1216 188 1212 188 1213 188 1217 189 1216 189 1213 189 1218 743 1219 743 1215 743 1214 191 1218 191 1215 191 1220 744 1216 744 1217 744 1221 745 1220 745 1217 745 1222 197 1223 197 1219 197 1218 746 1222 746 1219 746 1224 199 1220 199 1221 199 1225 200 1224 200 1221 200 1226 747 1227 747 1223 747 1222 197 1226 197 1223 197 1228 748 1224 748 1225 748 1229 749 1228 749 1225 749 1230 750 1231 750 1227 750 1226 751 1230 751 1227 751 1232 752 1228 752 1229 752 1233 215 1232 215 1229 215 1234 34 1235 34 1231 34 1230 220 1234 220 1231 220 1236 84 1232 84 1233 84 1237 84 1236 84 1233 84 1238 753 1239 753 1235 753 1234 34 1238 34 1235 34 1240 754 1236 754 1237 754 1241 755 1240 755 1237 755 1242 391 1243 391 1239 391 1238 756 1242 756 1239 756 1244 389 1240 389 1241 389 1245 718 1244 718 1241 718 1246 719 1247 719 1243 719 1242 720 1246 720 1243 720 1248 670 1244 670 1245 670 1249 671 1248 671 1245 671 1250 757 1251 757 1247 757 1246 719 1250 719 1247 719 1252 758 1248 758 1249 758 1253 759 1252 759 1249 759 1254 613 1255 613 1251 613 1250 760 1254 760 1251 760 1256 615 1252 615 1253 615 1257 256 1256 256 1253 256 1258 725 1259 725 1255 725 1254 259 1258 259 1255 259 1260 726 1256 726 1257 726 1261 261 1260 261 1257 261 1262 761 1263 761 1259 761 1258 263 1262 263 1259 263 1264 762 1260 762 1261 762 1265 763 1264 763 1261 763 1266 764 1267 764 1263 764 1262 761 1266 761 1263 761 1268 432 1264 432 1265 432 1269 765 1268 765 1265 765 1270 731 1271 731 1267 731 1266 766 1270 766 1267 766 1272 733 1268 733 1269 733 1271 734 1272 734 1269 734 1270 441 1272 441 1271 441 1273 317 1274 317 1275 317 1276 767 1273 767 1275 767 1277 768 1276 768 1275 768 1278 317 1279 317 1280 317 1281 315 1278 315 1280 315 1282 769 1281 769 1280 769 1283 316 1284 316 1274 316 1273 735 1283 735 1274 735 1285 318 1276 318 1277 318 1286 318 1285 318 1277 318 1287 320 1288 320 1279 320 1278 735 1287 735 1279 735 1289 318 1281 318 1282 318 1290 318 1289 318 1282 318 1291 770 1292 770 1284 770 1283 316 1291 316 1284 316 1293 696 1285 696 1286 696 1294 324 1293 324 1286 324 1295 771 1296 771 1288 771 1287 320 1295 320 1288 320 1297 772 1289 772 1290 772 1298 328 1297 328 1290 328 1299 773 1300 773 1292 773 1291 330 1299 330 1292 330 1301 774 1293 774 1294 774 1302 332 1301 332 1294 332 1303 773 1304 773 1296 773 1295 333 1303 333 1296 333 1305 775 1297 775 1298 775 1306 184 1305 184 1298 184 1307 186 1308 186 1300 186 1299 187 1307 187 1300 187 1309 188 1301 188 1302 188 1310 776 1309 776 1302 776 1311 186 1312 186 1304 186 1303 187 1311 187 1304 187 1313 188 1305 188 1306 188 1314 776 1313 776 1306 776 1315 743 1316 743 1308 743 1307 777 1315 777 1308 777 1317 744 1309 744 1310 744 1318 745 1317 745 1310 745 1319 743 1320 743 1312 743 1311 777 1319 777 1312 777 1321 744 1313 744 1314 744 1322 745 1321 745 1314 745 1323 704 1324 704 1316 704 1315 746 1323 746 1316 746 1325 778 1317 778 1318 778 1326 778 1325 778 1318 778 1327 779 1328 779 1320 779 1319 746 1327 746 1320 746 1329 780 1321 780 1322 780 1330 780 1329 780 1322 780 1331 349 1332 349 1324 349 1323 704 1331 704 1324 704 1333 350 1325 350 1326 350 1334 708 1333 708 1326 708 1335 351 1336 351 1328 351 1327 779 1335 779 1328 779 1337 353 1329 353 1330 353 1338 781 1337 781 1330 781 1339 750 1340 750 1332 750 1331 782 1339 782 1332 782 1341 752 1333 752 1334 752 1342 215 1341 215 1334 215 1343 783 1344 783 1336 783 1335 710 1343 710 1336 710 1345 784 1337 784 1338 784 1346 785 1345 785 1338 785 1347 34 1348 34 1340 34 1339 220 1347 220 1340 220 1349 84 1341 84 1342 84 1350 84 1349 84 1342 84 1351 34 1352 34 1344 34 1343 786 1351 786 1344 786 1353 84 1345 84 1346 84 1354 84 1353 84 1346 84 1355 753 1356 753 1348 753 1347 34 1355 34 1348 34 1357 754 1349 754 1350 754 1358 755 1357 755 1350 755 1359 787 1360 787 1352 787 1351 34 1359 34 1352 34 1361 788 1353 788 1354 788 1362 789 1361 789 1354 789 1363 387 1364 387 1356 387 1355 756 1363 756 1356 756 1365 389 1357 389 1358 389 1366 718 1365 718 1358 718 1367 391 1368 391 1360 391 1359 790 1367 790 1360 790 1369 393 1361 393 1362 393 1370 791 1369 791 1362 791 1371 719 1372 719 1364 719 1363 792 1371 792 1364 792 1373 793 1365 793 1366 793 1374 793 1373 793 1366 793 1375 794 1376 794 1368 794 1367 720 1375 720 1368 720 1377 795 1369 795 1370 795 1378 795 1377 795 1370 795 1379 757 1380 757 1372 757 1371 719 1379 719 1372 719 1381 758 1373 758 1374 758 1382 759 1381 759 1374 759 1383 757 1384 757 1376 757 1375 794 1383 794 1376 794 1385 758 1377 758 1378 758 1386 759 1385 759 1378 759 1387 613 1388 613 1380 613 1379 760 1387 760 1380 760 1389 615 1381 615 1382 615 1390 256 1389 256 1382 256 1391 613 1392 613 1384 613 1383 760 1391 760 1384 760 1393 615 1385 615 1386 615 1394 256 1393 256 1386 256 1395 796 1396 796 1388 796 1387 259 1395 259 1388 259 1397 797 1389 797 1390 797 1398 798 1397 798 1390 798 1399 796 1400 796 1392 796 1391 259 1399 259 1392 259 1401 799 1393 799 1394 799 1402 800 1401 800 1394 800 1403 801 1404 801 1396 801 1395 686 1403 686 1396 686 1405 727 1397 727 1398 727 1406 423 1405 423 1398 423 1407 802 1408 802 1400 802 1399 686 1407 686 1400 686 1409 803 1401 803 1402 803 1410 426 1409 426 1402 426 1411 804 1412 804 1404 804 1403 430 1411 430 1404 430 1413 765 1405 765 1406 765 1414 432 1413 432 1406 432 1415 805 1416 805 1408 805 1407 434 1415 434 1408 434 1417 765 1409 765 1410 765 1418 432 1417 432 1410 432 1419 806 1420 806 1412 806 1411 435 1419 435 1412 435 1421 689 1413 689 1414 689 1420 807 1421 807 1414 807 1422 806 1423 806 1416 806 1415 438 1422 438 1416 438 1424 808 1417 808 1418 808 1423 808 1424 808 1418 808 1419 806 1421 806 1420 806 1422 806 1424 806 1423 806 1425 809 1426 809 1427 809 1428 810 1425 810 1427 810 1429 811 1428 811 1427 811 1430 812 1431 812 1426 812 1425 813 1430 813 1426 813 1432 738 1428 738 1429 738 1433 738 1432 738 1429 738 1434 814 1435 814 1431 814 1430 812 1434 812 1431 812 1436 815 1432 815 1433 815 1437 816 1436 816 1433 816 1438 181 1439 181 1435 181 1434 695 1438 695 1435 695 1440 817 1436 817 1437 817 1441 818 1440 818 1437 818 1442 819 1443 819 1439 819 1438 700 1442 700 1439 700 1444 645 1440 645 1441 645 1445 646 1444 646 1441 646 1446 820 1447 820 1448 820 1449 821 1446 821 1448 821 1443 822 1449 822 1448 822 1450 823 1444 823 1445 823 1451 824 1450 824 1445 824 1452 825 1453 825 1447 825 1446 826 1452 826 1447 826 1454 827 1450 827 1451 827 1455 828 1454 828 1451 828 1456 829 1457 829 1453 829 1452 830 1456 830 1453 830 1458 831 1454 831 1455 831 1459 832 1458 832 1455 832 1460 833 1461 833 1457 833 1456 834 1460 834 1457 834 1462 835 1458 835 1459 835 1463 836 1462 836 1459 836 1464 34 1465 34 1461 34 1460 837 1464 837 1461 837 1466 84 1462 84 1463 84 1467 84 1466 84 1463 84 1468 838 1469 838 1465 838 1464 34 1468 34 1465 34 1470 839 1466 839 1467 839 1471 840 1470 840 1467 840 1472 664 1473 664 1469 664 1468 841 1472 841 1469 841 1474 666 1470 666 1471 666 1475 842 1474 842 1471 842 1476 241 1477 241 1473 241 1472 843 1476 843 1473 843 1478 239 1474 239 1475 239 1479 844 1478 844 1475 844 1480 845 1481 845 1477 845 1476 846 1480 846 1477 846 1482 847 1478 847 1479 847 1483 848 1482 848 1479 848 1484 676 1485 676 1481 676 1480 849 1484 849 1481 849 1486 678 1482 678 1483 678 1487 679 1486 679 1483 679 1488 850 1489 850 1490 850 1491 681 1488 681 1490 681 1485 851 1491 851 1490 851 1492 852 1486 852 1487 852 1493 853 1492 853 1487 853 1494 685 1495 685 1489 685 1488 854 1494 854 1489 854 1496 687 1492 687 1493 687 1497 687 1496 687 1493 687 1498 429 1499 429 1495 429 1494 685 1498 685 1495 685 1500 431 1496 431 1497 431 1501 268 1500 268 1497 268 1502 855 1503 855 1499 855 1498 269 1502 269 1499 269 1504 436 1500 436 1501 436 1503 437 1504 437 1501 437 1502 856 1504 856 1503 856 1505 857 1506 857 1507 857 1506 858 1508 858 1507 858 1508 859 1509 859 1507 859 1510 860 1511 860 1512 860 1511 861 1513 861 1512 861 1513 862 1514 862 1512 862 1515 863 1516 863 1505 863 1516 864 1506 864 1505 864 1513 862 1517 862 1514 862 1517 865 1518 865 1514 865 1508 866 1519 866 1509 866 1519 867 1520 867 1509 867 1521 868 1522 868 1510 868 1522 869 1511 869 1510 869 1523 870 1524 870 1515 870 1524 871 1516 871 1515 871 1517 872 1525 872 1518 872 1525 873 1526 873 1518 873 1519 874 1527 874 1520 874 1527 875 1528 875 1520 875 1529 876 1530 876 1521 876 1530 877 1522 877 1521 877 1531 878 1532 878 1523 878 1532 879 1524 879 1523 879 1525 880 1533 880 1526 880 1533 881 1534 881 1526 881 1527 882 1535 882 1528 882 1535 883 1536 883 1528 883 1537 884 1538 884 1529 884 1538 885 1530 885 1529 885 1539 886 1540 886 1531 886 1540 887 1532 887 1531 887 1533 888 1541 888 1534 888 1541 889 1542 889 1534 889 1535 890 1543 890 1536 890 1543 891 1544 891 1536 891 1545 892 1546 892 1537 892 1546 892 1538 892 1537 892 1547 893 1548 893 1539 893 1548 894 1540 894 1539 894 1541 895 1549 895 1542 895 1549 896 1550 896 1542 896 1543 897 1551 897 1544 897 1551 898 1552 898 1544 898 1553 899 1554 899 1545 899 1554 900 1546 900 1545 900 1551 901 1555 901 1552 901 1555 902 1556 902 1552 902 1557 903 1558 903 1553 903 1558 904 1554 904 1553 904 1555 902 1559 902 1556 902 1559 905 1560 905 1556 905 1561 906 1562 906 1557 906 1562 907 1558 907 1557 907 1559 908 1563 908 1560 908 1563 909 1564 909 1560 909 1565 910 1566 910 1561 910 1566 911 1562 911 1561 911 1563 912 1567 912 1564 912 1567 913 1568 913 1564 913 1569 914 1570 914 1565 914 1570 914 1566 914 1565 914 1568 915 1571 915 1572 915 1571 915 1573 915 1572 915 1573 916 1574 916 1572 916 1575 917 1576 917 1577 917 1576 918 1578 918 1577 918 1578 919 1569 919 1577 919 1573 916 1579 916 1574 916 1579 920 1580 920 1574 920 1581 921 1582 921 1575 921 1582 922 1576 922 1575 922 1579 923 1583 923 1580 923 1583 924 1584 924 1580 924 1585 925 1586 925 1581 925 1586 926 1582 926 1581 926 1583 927 1587 927 1584 927 1587 928 1588 928 1584 928 1589 929 1590 929 1585 929 1590 930 1586 930 1585 930 1587 931 1591 931 1588 931 1591 932 1592 932 1588 932 1593 933 1590 933 1589 933 1594 934 1593 934 1589 934 1595 935 1596 935 1597 935 1596 935 1598 935 1597 935 1598 936 1599 936 1597 936 1600 937 1601 937 1602 937 1603 938 1604 938 1595 938 1604 939 1596 939 1595 939 1600 937 1605 937 1601 937 1605 940 1606 940 1601 940 1607 941 1608 941 1603 941 1608 941 1604 941 1603 941 1605 942 1609 942 1606 942 1609 943 1610 943 1606 943 1611 944 1612 944 1607 944 1612 945 1608 945 1607 945 1609 946 1613 946 1610 946 1613 947 1614 947 1610 947 1615 948 1616 948 1611 948 1616 949 1612 949 1611 949 1613 950 1617 950 1614 950 1617 951 1618 951 1614 951 1619 952 1620 952 1615 952 1620 952 1616 952 1615 952 1617 953 1621 953 1618 953 1621 954 1622 954 1618 954 1623 955 1624 955 1619 955 1624 956 1620 956 1619 956 1621 957 1625 957 1622 957 1625 958 1626 958 1622 958 1627 959 1628 959 1629 959 1628 960 1630 960 1629 960 1630 961 1623 961 1629 961 1626 962 1631 962 1632 962 1631 963 1633 963 1632 963 1633 964 1634 964 1632 964 1635 965 1636 965 1627 965 1636 966 1628 966 1627 966 1633 967 1637 967 1634 967 1637 968 1638 968 1634 968 1639 969 1640 969 1635 969 1640 969 1636 969 1635 969 1637 970 1641 970 1638 970 1641 971 1642 971 1638 971 1643 972 1644 972 1645 972 1644 973 1646 973 1645 973 1646 974 1647 974 1645 974 1648 975 1649 975 1639 975 1649 976 1640 976 1639 976 1641 977 1650 977 1642 977 1650 978 1651 978 1642 978 1652 395 1653 395 1643 395 1653 396 1644 396 1643 396 1654 979 1655 979 1648 979 1655 980 1649 980 1648 980 1650 978 1656 978 1651 978 1656 981 1657 981 1651 981 1658 399 1659 399 1652 399 1659 982 1653 982 1652 982 1660 983 1661 983 1654 983 1661 984 1655 984 1654 984 1656 985 1662 985 1657 985 1662 986 1663 986 1657 986 1664 409 1665 409 1658 409 1665 410 1659 410 1658 410 1666 987 1667 987 1660 987 1667 988 1661 988 1660 988 1662 989 1668 989 1663 989 1668 990 1669 990 1663 990 1669 991 1670 991 1664 991 1670 992 1665 992 1664 992 1668 993 1670 993 1669 993 1671 994 1672 994 1673 994 1674 995 1675 995 1673 995 1675 996 1671 996 1673 996 1671 997 1676 997 1672 997 1676 998 1677 998 1672 998 1678 999 1679 999 1674 999 1679 999 1675 999 1674 999 1680 1000 1681 1000 1682 1000 1683 1001 1684 1001 1682 1001 1684 1002 1680 1002 1682 1002 1680 1003 1685 1003 1681 1003 1685 1004 1686 1004 1681 1004 1687 1005 1688 1005 1689 1005 1690 1006 1687 1006 1689 1006 1691 1007 1690 1007 1689 1007 1692 1008 1693 1008 1694 1008 1693 1009 1695 1009 1694 1009 1695 1010 1683 1010 1694 1010 1687 1011 1696 1011 1688 1011 1696 1012 1697 1012 1688 1012 1698 1013 1699 1013 1678 1013 1699 1013 1679 1013 1678 1013 1700 1014 1701 1014 1692 1014 1701 1015 1693 1015 1692 1015 1696 1016 1702 1016 1697 1016 1702 1017 1703 1017 1697 1017 1704 1018 1705 1018 1698 1018 1705 1019 1699 1019 1698 1019 1706 1020 1707 1020 1708 1020 1707 1021 1709 1021 1708 1021 1709 1022 1700 1022 1708 1022 1702 1023 1710 1023 1703 1023 1710 1024 1711 1024 1703 1024 1712 1025 1713 1025 1704 1025 1713 1026 1705 1026 1704 1026 1714 1027 1715 1027 1706 1027 1715 1028 1707 1028 1706 1028 1710 1029 1716 1029 1711 1029 1716 1030 1717 1030 1711 1030 1718 1031 1719 1031 1720 1031 1719 1032 1721 1032 1720 1032 1721 1033 1712 1033 1720 1033 1722 1034 1723 1034 1714 1034 1723 1035 1715 1035 1714 1035 1717 1036 1724 1036 1725 1036 1724 1037 1726 1037 1725 1037 1726 1038 1727 1038 1725 1038 1728 1039 1729 1039 1718 1039 1729 1040 1719 1040 1718 1040 1730 1041 1731 1041 1722 1041 1731 1042 1723 1042 1722 1042 1726 1043 1732 1043 1727 1043 1732 1044 1733 1044 1727 1044 1734 1045 1735 1045 1728 1045 1735 1046 1729 1046 1728 1046 1736 1047 1737 1047 1730 1047 1737 1048 1731 1048 1730 1048 1732 1049 1738 1049 1733 1049 1738 1050 1739 1050 1733 1050 1740 1051 1741 1051 1734 1051 1741 1052 1735 1052 1734 1052 1742 1053 1743 1053 1736 1053 1743 1054 1737 1054 1736 1054 1738 1055 1744 1055 1739 1055 1744 34 1745 34 1739 34 1746 84 1747 84 1740 84 1747 84 1741 84 1740 84 1748 84 1749 84 1742 84 1749 84 1743 84 1742 84 1750 1056 1751 1056 1748 1056 1751 1057 1749 1057 1748 1057 1752 1058 1753 1058 1746 1058 1753 1059 1747 1059 1746 1059 1744 34 1754 34 1745 34 1754 1060 1755 1060 1745 1060 1756 1061 1757 1061 1750 1061 1757 1062 1751 1062 1750 1062 1758 231 1759 231 1752 231 1759 1063 1753 1063 1752 1063 1754 1064 1760 1064 1755 1064 1760 1065 1761 1065 1755 1065 1762 1066 1763 1066 1756 1066 1763 1067 1757 1067 1756 1067 1764 1068 1765 1068 1758 1068 1765 1069 1759 1069 1758 1069 1760 1070 1766 1070 1761 1070 1766 1071 1767 1071 1761 1071 1768 1072 1769 1072 1762 1072 1769 1073 1763 1073 1762 1073 1770 1074 1771 1074 1764 1074 1771 1075 1765 1075 1764 1075 1766 1076 1772 1076 1767 1076 1772 1077 1773 1077 1767 1077 1774 1078 1775 1078 1768 1078 1775 93 1769 93 1768 93 1776 1079 1777 1079 1770 1079 1777 1080 1771 1080 1770 1080 1773 1081 1778 1081 1779 1081 1778 1082 1780 1082 1779 1082 1780 1083 1781 1083 1779 1083 1782 1084 1783 1084 1774 1084 1783 1085 1775 1085 1774 1085 1784 1086 1785 1086 1786 1086 1785 1087 1787 1087 1786 1087 1787 1088 1776 1088 1786 1088 1780 1089 1788 1089 1781 1089 1788 1090 1789 1090 1781 1090 1790 1091 1791 1091 1782 1091 1791 1092 1783 1092 1782 1092 1792 1093 1793 1093 1784 1093 1793 1093 1785 1093 1784 1093 1788 1094 1794 1094 1789 1094 1794 1095 1795 1095 1789 1095 1796 1096 1797 1096 1798 1096 1797 1097 1799 1097 1798 1097 1799 1098 1790 1098 1798 1098 1800 1099 1801 1099 1792 1099 1801 1100 1793 1100 1792 1100 1794 1101 1802 1101 1795 1101 1802 1102 1803 1102 1795 1102 1804 1103 1805 1103 1796 1103 1805 1104 1797 1104 1796 1104 1802 1102 1806 1102 1803 1102 1806 1105 1807 1105 1803 1105 1808 1106 1804 1106 1809 1106 1810 1107 1811 1107 1800 1107 1811 1108 1801 1108 1800 1108 1812 1109 1813 1109 1814 1109 1815 1110 1816 1110 1817 1110 1818 1111 1815 1111 1817 1111 1819 1112 1818 1112 1817 1112 1820 1113 1810 1113 1816 1113 1815 1114 1820 1114 1816 1114 1821 1115 1822 1115 1823 1115 1822 1116 1824 1116 1823 1116 1824 1117 1825 1117 1823 1117 1826 860 1827 860 1828 860 1827 860 1829 860 1828 860 1829 1118 1830 1118 1828 1118 1831 1119 1832 1119 1821 1119 1832 1120 1822 1120 1821 1120 1829 1121 1833 1121 1830 1121 1833 865 1834 865 1830 865 1824 1122 1835 1122 1825 1122 1835 1123 1836 1123 1825 1123 1837 1124 1838 1124 1826 1124 1838 1125 1827 1125 1826 1125 1839 1126 1840 1126 1831 1126 1840 1127 1832 1127 1831 1127 1833 1128 1841 1128 1834 1128 1841 873 1842 873 1834 873 1835 1129 1843 1129 1836 1129 1843 1130 1844 1130 1836 1130 1845 1131 1846 1131 1837 1131 1846 1132 1838 1132 1837 1132 1847 878 1848 878 1839 878 1848 879 1840 879 1839 879 1841 1133 1849 1133 1842 1133 1849 881 1850 881 1842 881 1843 1134 1851 1134 1844 1134 1851 1135 1852 1135 1844 1135 1853 1136 1854 1136 1845 1136 1854 1137 1846 1137 1845 1137 1855 1138 1856 1138 1847 1138 1856 1139 1848 1139 1847 1139 1849 888 1857 888 1850 888 1857 1140 1858 1140 1850 1140 1851 890 1859 890 1852 890 1859 1141 1860 1141 1852 1141 1861 1142 1862 1142 1853 1142 1862 1142 1854 1142 1853 1142 1863 1143 1856 1143 1855 1143 1857 1144 1864 1144 1858 1144 1865 1145 1866 1145 1858 1145 1864 1146 1865 1146 1858 1146 1859 1147 1867 1147 1860 1147 1867 1148 1868 1148 1860 1148 1869 1149 1870 1149 1871 1149 1870 1150 1872 1150 1871 1150 1872 1151 1861 1151 1871 1151 1867 1152 1873 1152 1868 1152 1873 1153 1874 1153 1868 1153 1875 1154 1876 1154 1869 1154 1876 1155 1870 1155 1869 1155 1873 1156 1877 1156 1874 1156 1877 1157 1878 1157 1874 1157 1879 1158 1880 1158 1875 1158 1880 907 1876 907 1875 907 1877 1159 1881 1159 1878 1159 1881 909 1882 909 1878 909 1883 1160 1884 1160 1879 1160 1884 911 1880 911 1879 911 1881 1161 1885 1161 1882 1161 1885 1162 1886 1162 1882 1162 1887 1163 1888 1163 1883 1163 1888 1164 1884 1164 1883 1164 1885 1165 1889 1165 1886 1165 1889 1166 1890 1166 1886 1166 1891 1167 1892 1167 1887 1167 1892 1168 1888 1168 1887 1168 1889 1169 1893 1169 1890 1169 1893 1170 1894 1170 1890 1170 1895 1171 1896 1171 1891 1171 1896 1172 1892 1172 1891 1172 1893 1173 1897 1173 1894 1173 1897 1174 1898 1174 1894 1174 1899 1175 1900 1175 1895 1175 1900 1176 1896 1176 1895 1176 1897 1177 1901 1177 1898 1177 1901 1178 1902 1178 1898 1178 1903 1179 1904 1179 1899 1179 1904 1180 1900 1180 1899 1180 1901 1181 1905 1181 1902 1181 1906 1182 1907 1182 1902 1182 1905 1183 1906 1183 1902 1183 1908 1184 1903 1184 1909 1184 1910 1185 1908 1185 1909 1185 1911 1186 1912 1186 1863 1186 1912 1187 1913 1187 1863 1187 1913 1188 1856 1188 1863 1188 1865 1189 1914 1189 1866 1189 1915 1190 1916 1190 1911 1190 1916 1191 1912 1191 1911 1191 1865 937 1917 937 1914 937 1917 1192 1918 1192 1914 1192 1919 1193 1920 1193 1915 1193 1920 1194 1916 1194 1915 1194 1917 1195 1921 1195 1918 1195 1921 1196 1922 1196 1918 1196 1923 1197 1924 1197 1919 1197 1924 1198 1920 1198 1919 1198 1921 1199 1925 1199 1922 1199 1925 1200 1926 1200 1922 1200 1927 1201 1928 1201 1923 1201 1928 1202 1924 1202 1923 1202 1925 1200 1929 1200 1926 1200 1929 1203 1930 1203 1926 1203 1931 1204 1932 1204 1927 1204 1932 1205 1928 1205 1927 1205 1929 1206 1933 1206 1930 1206 1933 1207 1934 1207 1930 1207 1935 1208 1936 1208 1931 1208 1936 1209 1932 1209 1931 1209 1933 1210 1937 1210 1934 1210 1937 1211 1938 1211 1934 1211 1939 1212 1940 1212 1935 1212 1940 1213 1936 1213 1935 1213 1937 1214 1941 1214 1938 1214 1941 1215 1942 1215 1938 1215 1943 1216 1944 1216 1939 1216 1944 1217 1940 1217 1939 1217 1941 1218 1945 1218 1942 1218 1945 968 1946 968 1942 968 1947 1219 1948 1219 1943 1219 1948 1220 1944 1220 1943 1220 1945 1221 1949 1221 1946 1221 1949 1222 1950 1222 1946 1222 1951 382 1952 382 1910 382 1952 973 1953 973 1910 973 1953 1223 1908 1223 1910 1223 1954 1224 1955 1224 1947 1224 1955 1225 1948 1225 1947 1225 1949 1226 1956 1226 1950 1226 1956 1227 1957 1227 1950 1227 1958 1228 1959 1228 1951 1228 1959 1229 1952 1229 1951 1229 1960 1230 1961 1230 1954 1230 1961 1231 1955 1231 1954 1231 1956 1232 1962 1232 1957 1232 1962 1233 1963 1233 1957 1233 1964 1234 1965 1234 1958 1234 1965 1235 1959 1235 1958 1235 1966 1236 1967 1236 1960 1236 1967 1237 1961 1237 1960 1237 1962 1238 1968 1238 1963 1238 1968 1239 1969 1239 1963 1239 1970 1240 1971 1240 1964 1240 1971 1241 1965 1241 1964 1241 1972 1242 1973 1242 1974 1242 1973 1243 1975 1243 1974 1243 1975 1244 1966 1244 1974 1244 1969 1245 1976 1245 1977 1245 1976 1246 1978 1246 1977 1246 1978 990 1979 990 1977 990 1979 1247 1980 1247 1981 1247 1980 1248 1982 1248 1981 1248 1982 1249 1970 1249 1981 1249 1978 1250 1980 1250 1979 1250 1983 1251 1984 1251 1985 1251 1986 1251 1983 1251 1985 1251 1987 66 1986 66 1985 66 1984 1252 1987 1252 1985 1252 1988 1251 1983 1251 1986 1251 1989 1251 1988 1251 1986 1251 1987 66 1990 66 1986 66 1990 66 1989 66 1986 66 40 1251 44 1251 1989 1251 8 1251 20 1251 1989 1251 20 1251 24 1251 1989 1251 24 1251 28 1251 1989 1251 28 1253 32 1253 1989 1253 32 1251 36 1251 1989 1251 36 1254 40 1254 1989 1254 44 1255 48 1255 1989 1255 48 1251 52 1251 1989 1251 52 1251 1988 1251 1989 1251 1991 1251 1992 1251 1989 1251 1992 1256 9 1256 1989 1256 9 1251 8 1251 1989 1251 1990 66 1993 66 1989 66 1993 66 1991 66 1989 66 1994 1251 11 1251 1991 1251 11 1251 1992 1251 1991 1251 1993 66 1995 66 1991 66 1995 66 1994 66 1991 66 1996 1251 12 1251 1994 1251 12 1251 11 1251 1994 1251 1995 66 1997 66 1994 66 1997 66 1996 66 1994 66 1998 1251 1999 1251 1996 1251 2000 1251 2001 1251 1996 1251 2001 1251 2002 1251 1996 1251 2002 1251 2003 1251 1996 1251 2003 1251 2004 1251 1996 1251 2004 1251 2005 1251 1996 1251 2005 1251 2006 1251 1996 1251 2006 1257 2007 1257 1996 1257 2007 1251 2008 1251 1996 1251 2008 1251 1998 1251 1996 1251 1999 1251 2009 1251 1996 1251 2009 1251 12 1251 1996 1251 2010 1251 2000 1251 1996 1251 2011 1251 2010 1251 1996 1251 1997 66 2012 66 1996 66 2012 66 2011 66 1996 66 2013 1258 2014 1258 2011 1258 2015 1251 2013 1251 2011 1251 2016 1251 2015 1251 2011 1251 2014 1251 2017 1251 2011 1251 2017 1259 2018 1259 2011 1259 2018 1251 2019 1251 2011 1251 2019 1251 2020 1251 2011 1251 2020 1260 2021 1260 2011 1260 2021 1261 2022 1261 2011 1261 2022 1251 2023 1251 2011 1251 2023 1262 2024 1262 2011 1262 2024 1251 2010 1251 2011 1251 2012 66 2025 66 2011 66 2025 66 2016 66 2011 66 2026 1251 2015 1251 2016 1251 2027 1251 2028 1251 2016 1251 2028 1263 2029 1263 2016 1263 2029 1251 2030 1251 2016 1251 2030 1251 2026 1251 2016 1251 2031 1264 2032 1264 2016 1264 2032 1251 2033 1251 2016 1251 2033 1251 2027 1251 2016 1251 2034 1251 2031 1251 2016 1251 2035 1251 2034 1251 2016 1251 2036 1251 2035 1251 2016 1251 2025 66 2037 66 2016 66 2037 66 2036 66 2016 66 2038 1251 2035 1251 2036 1251 2039 1251 2038 1251 2036 1251 2037 66 2040 66 2036 66 2040 66 2039 66 2036 66 2041 1251 2038 1251 2039 1251 2042 1251 2041 1251 2039 1251 2040 66 2043 66 2039 66 2043 66 2042 66 2039 66 2044 1251 2041 1251 2042 1251 2045 1251 2044 1251 2042 1251 2043 66 2046 66 2042 66 2046 66 2045 66 2042 66 2047 1251 2044 1251 2045 1251 2048 1251 2047 1251 2045 1251 2046 66 2049 66 2045 66 2049 66 2048 66 2045 66 2050 1251 2047 1251 2048 1251 2051 1251 2050 1251 2048 1251 2049 66 2052 66 2048 66 2052 66 2051 66 2048 66 2053 1265 2054 1265 2051 1265 2054 1266 2055 1266 2051 1266 2055 1267 2056 1267 2051 1267 2056 1268 2057 1268 2051 1268 2057 1251 2058 1251 2051 1251 2058 1251 2059 1251 2051 1251 2059 1251 2060 1251 2051 1251 2060 1269 2061 1269 2051 1269 2061 1251 2062 1251 2051 1251 2062 1251 2063 1251 2051 1251 2064 1251 2050 1251 2051 1251 2063 1251 2064 1251 2051 1251 2052 66 2065 66 2051 66 2065 66 2053 66 2051 66 14 1251 22 1251 2053 1251 22 1251 26 1251 2053 1251 26 1251 30 1251 2053 1251 58 1251 2066 1251 2053 1251 54 1270 58 1270 2053 1270 30 1251 34 1251 2053 1251 34 1251 38 1251 2053 1251 38 1271 42 1271 2053 1271 42 1251 46 1251 2053 1251 46 1272 50 1272 2053 1272 50 1251 54 1251 2053 1251 2067 1251 2068 1251 2053 1251 2068 1251 15 1251 2053 1251 15 1273 14 1273 2053 1273 2069 1251 2054 1251 2053 1251 2070 1251 2071 1251 2053 1251 2071 1274 2072 1274 2053 1274 2072 1251 2073 1251 2053 1251 2073 1251 2069 1251 2053 1251 2066 1251 2074 1251 2053 1251 2074 1275 2075 1275 2053 1275 2075 1251 2070 1251 2053 1251 2065 66 2076 66 2053 66 2076 66 2067 66 2053 66 2077 1251 17 1251 2067 1251 17 1251 2068 1251 2067 1251 2076 66 2078 66 2067 66 2078 66 2077 66 2067 66 2079 1251 18 1251 2077 1251 18 1251 17 1251 2077 1251 2078 66 2080 66 2077 66 2080 66 2079 66 2077 66 2081 1251 2082 1251 2079 1251 2082 1251 2083 1251 2079 1251 2084 1276 2085 1276 2079 1276 2083 1277 2086 1277 2079 1277 2086 1251 2087 1251 2079 1251 2087 1251 2088 1251 2079 1251 2088 1251 2089 1251 2079 1251 2089 1251 2090 1251 2079 1251 2090 1251 2084 1251 2079 1251 2085 1278 2091 1278 2079 1278 2091 1251 18 1251 2079 1251 2092 1251 2081 1251 2079 1251 2093 1251 2092 1251 2079 1251 2080 66 2094 66 2079 66 2094 66 2093 66 2079 66 2095 1251 2092 1251 2093 1251 2094 66 2096 66 2093 66 2096 66 2095 66 2093 66 2097 1251 2098 1251 2095 1251 2098 1251 2092 1251 2095 1251 2096 66 2099 66 2095 66 2099 1279 2097 1279 2095 1279 2100 1251 2098 1251 2097 1251 2099 1280 2101 1280 2097 1280 2101 1281 2100 1281 2097 1281 1983 1251 2102 1251 1984 1251 2102 1282 2103 1282 1984 1282 2103 1283 1987 1283 1984 1283 2104 1284 2098 1284 2100 1284 2105 1285 2104 1285 2100 1285 2101 1286 2106 1286 2100 1286 2106 1287 2105 1287 2100 1287 2107 1251 2108 1251 2102 1251 1983 1251 2107 1251 2102 1251 2108 1288 2109 1288 2102 1288 2109 1289 2110 1289 2102 1289 2110 1282 2103 1282 2102 1282 2111 1251 2098 1251 2104 1251 2112 1251 2111 1251 2104 1251 2105 1290 2112 1290 2104 1290 2107 1251 2113 1251 2108 1251 2113 1291 2114 1291 2108 1291 2114 1292 2109 1292 2108 1292 2115 1251 2111 1251 2112 1251 2116 1293 2115 1293 2112 1293 2105 1294 2116 1294 2112 1294 2107 1295 2117 1295 2113 1295 2117 1296 2114 1296 2113 1296 2118 1251 2111 1251 2115 1251 2119 1251 2118 1251 2115 1251 2120 1297 2119 1297 2115 1297 2116 1298 2120 1298 2115 1298 2121 4 7 4 9 4 1992 4 2121 4 9 4 2122 4 2121 4 1992 4 11 4 2122 4 1992 4 10 4 2122 4 11 4 2009 1299 2123 1299 12 1299 2123 1300 10 1300 12 1300 2124 4 13 4 15 4 2068 4 2124 4 15 4 2125 4 2124 4 2068 4 17 4 2125 4 2068 4 16 4 2125 4 17 4 2091 1299 2126 1299 18 1299 2126 1300 16 1300 18 1300 1999 142 2127 142 2009 142 2127 105 2123 105 2009 105 2085 142 2128 142 2091 142 2128 105 2126 105 2091 105 1998 1301 2129 1301 1999 1301 2129 143 2127 143 1999 143 2084 1302 2130 1302 2085 1302 2130 1303 2128 1303 2085 1303 2008 1304 2131 1304 1998 1304 2131 1305 2129 1305 1998 1305 2090 1306 2132 1306 2084 1306 2132 1307 2130 1307 2084 1307 2007 146 2133 146 2008 146 2133 1308 2131 1308 2008 1308 2089 146 2134 146 2090 146 2134 1308 2132 1308 2090 1308 2006 1309 2135 1309 2007 1309 2135 149 2133 149 2007 149 2088 1309 2136 1309 2089 1309 2136 149 2134 149 2089 149 2005 115 2137 115 2006 115 2137 1310 2135 1310 2006 1310 2087 1311 2138 1311 2088 1311 2138 1312 2136 1312 2088 1312 2004 117 2139 117 2005 117 2139 117 2137 117 2005 117 2086 117 2140 117 2087 117 2140 117 2138 117 2087 117 2003 1313 2141 1313 2004 1313 2141 1314 2139 1314 2004 1314 2083 1315 2142 1315 2086 1315 2142 1316 2140 1316 2086 1316 2143 1251 2118 1251 2119 1251 2144 1317 2143 1317 2119 1317 2120 1318 2144 1318 2119 1318 2002 84 2145 84 2003 84 2145 84 2141 84 2003 84 2082 84 2146 84 2083 84 2146 84 2142 84 2083 84 2107 1319 2147 1319 2117 1319 2147 1320 2148 1320 2117 1320 2148 1321 2149 1321 2117 1321 2149 1322 2114 1322 2117 1322 2150 1323 2118 1323 2143 1323 2151 1324 2150 1324 2143 1324 2152 1325 2151 1325 2143 1325 2144 1326 2152 1326 2143 1326 56 1327 1988 1327 52 1327 2001 1328 2153 1328 2002 1328 2153 1329 2145 1329 2002 1329 2081 1330 2154 1330 2082 1330 2154 1331 2155 1331 2082 1331 2155 1332 2146 1332 2082 1332 60 1251 1988 1251 56 1251 2000 1333 2156 1333 2001 1333 2156 123 2157 123 2001 123 2157 123 2153 123 2001 123 62 1251 2066 1251 58 1251 2081 1334 2158 1334 2154 1334 2158 123 2159 123 2154 123 2159 123 2155 123 2154 123 64 1335 1988 1335 60 1335 2000 1336 2160 1336 2156 1336 2160 155 2161 155 2156 155 2161 1337 2157 1337 2156 1337 66 1338 2066 1338 62 1338 2081 1339 2162 1339 2158 1339 2162 1340 2163 1340 2158 1340 2163 1341 2159 1341 2158 1341 2164 1251 2165 1251 2147 1251 2107 1251 2164 1251 2147 1251 2165 1342 2166 1342 2147 1342 2166 1343 2148 1343 2147 1343 68 1251 1988 1251 64 1251 2000 1344 2167 1344 2160 1344 2167 1345 2168 1345 2160 1345 2168 1346 2161 1346 2160 1346 70 1251 2066 1251 66 1251 2081 1347 2169 1347 2162 1347 2169 1345 2170 1345 2162 1345 2170 1346 2163 1346 2162 1346 72 1348 1988 1348 68 1348 2000 1349 2171 1349 2167 1349 2171 157 2172 157 2167 157 2172 130 2168 130 2167 130 74 1251 2066 1251 70 1251 2081 1350 2173 1350 2169 1350 2173 157 2174 157 2169 157 2174 130 2170 130 2169 130 76 1251 1988 1251 72 1251 2000 1351 2175 1351 2171 1351 2175 1352 2176 1352 2171 1352 2176 1353 2172 1353 2171 1353 78 1251 2066 1251 74 1251 2081 1354 2177 1354 2173 1354 2177 1355 2178 1355 2173 1355 2178 1356 2174 1356 2173 1356 80 1251 1988 1251 76 1251 2000 1357 2179 1357 2175 1357 2179 1358 2180 1358 2175 1358 2180 134 2176 134 2175 134 82 1251 2066 1251 78 1251 2181 1359 2182 1359 2177 1359 2081 1360 2181 1360 2177 1360 2182 1361 2183 1361 2177 1361 2183 1362 2178 1362 2177 1362 84 1251 1988 1251 80 1251 2000 1363 2184 1363 2179 1363 2184 180 2185 180 2179 180 2185 1364 2180 1364 2179 1364 86 1251 2066 1251 82 1251 2186 1365 2187 1365 2182 1365 2181 1251 2186 1251 2182 1251 2187 180 2188 180 2182 180 2188 1364 2183 1364 2182 1364 88 1251 2189 1251 84 1251 2189 1251 2190 1251 84 1251 2190 1366 2191 1366 84 1366 2191 1367 2192 1367 84 1367 2192 1368 2193 1368 84 1368 2193 1251 2194 1251 84 1251 2195 1251 1988 1251 84 1251 2194 1251 2196 1251 84 1251 2196 1251 2197 1251 84 1251 2197 1251 2195 1251 84 1251 2198 1251 2199 1251 2184 1251 2199 1369 2200 1369 2184 1369 2201 1370 2202 1370 2184 1370 2202 1251 2203 1251 2184 1251 2203 1371 2204 1371 2184 1371 2000 1372 2205 1372 2184 1372 2205 1251 2198 1251 2184 1251 2200 1373 2206 1373 2184 1373 2206 1374 2207 1374 2184 1374 2207 1375 2201 1375 2184 1375 2204 1376 2208 1376 2184 1376 2208 1377 2185 1377 2184 1377 90 1378 2209 1378 86 1378 2209 1251 2210 1251 86 1251 2210 1251 2211 1251 86 1251 2211 1379 2212 1379 86 1379 2212 1251 2213 1251 86 1251 2213 1251 2214 1251 86 1251 2214 1251 2215 1251 86 1251 2215 1380 2216 1380 86 1380 2216 1251 2217 1251 86 1251 2217 1381 2066 1381 86 1381 2218 1382 2219 1382 2187 1382 2219 1251 2220 1251 2187 1251 2220 1251 2221 1251 2187 1251 2221 1251 2222 1251 2187 1251 2222 1383 2223 1383 2187 1383 2224 1380 2225 1380 2187 1380 2225 1251 2226 1251 2187 1251 2226 1384 2218 1384 2187 1384 2186 1251 2224 1251 2187 1251 2223 1376 2227 1376 2187 1376 2227 1377 2188 1377 2187 1377 92 1251 2228 1251 88 1251 2228 1385 2229 1385 88 1385 2229 1251 2189 1251 88 1251 2230 1251 2231 1251 92 1251 2231 1251 2228 1251 92 1251 2232 66 2230 66 92 66 91 66 2232 66 92 66 2204 1251 2233 1251 2230 1251 2233 1251 2231 1251 2230 1251 2234 66 2204 66 2230 66 2232 66 2234 66 2230 66 2203 1251 2233 1251 2204 1251 2234 66 2208 66 2204 66 94 1251 2235 1251 90 1251 2235 1386 2236 1386 90 1386 2236 1251 2209 1251 90 1251 2237 1251 2238 1251 94 1251 2238 1251 2235 1251 94 1251 2239 66 2237 66 94 66 93 66 2239 66 94 66 2223 1251 2240 1251 2237 1251 2240 1251 2238 1251 2237 1251 2241 66 2223 66 2237 66 2239 66 2241 66 2237 66 2222 1387 2240 1387 2223 1387 2241 66 2227 66 2223 66 2164 1251 2242 1251 2165 1251 2242 1388 2166 1388 2165 1388 2243 1251 2118 1251 2150 1251 2244 1389 2243 1389 2150 1389 2151 1390 2244 1390 2150 1390 2164 1251 2245 1251 2242 1251 2245 1391 2246 1391 2242 1391 2246 1392 2166 1392 2242 1392 2247 1393 2118 1393 2243 1393 2248 1394 2247 1394 2243 1394 2244 1395 2248 1395 2243 1395 2164 1396 2249 1396 2245 1396 2249 347 2250 347 2245 347 2250 1397 2246 1397 2245 1397 2251 1398 2118 1398 2247 1398 2252 1399 2251 1399 2247 1399 2248 1400 2252 1400 2247 1400 2164 1401 2253 1401 2249 1401 2253 1402 2254 1402 2249 1402 2254 1403 2250 1403 2249 1403 2255 1251 2118 1251 2251 1251 2256 1404 2255 1404 2251 1404 2252 1405 2256 1405 2251 1405 2228 4 2257 4 2229 4 2257 4 2258 4 2229 4 2258 1406 2189 1406 2229 1406 2231 4 2259 4 2228 4 2259 4 2257 4 2228 4 2233 4 2260 4 2231 4 2260 4 2259 4 2231 4 2261 1407 2260 1407 2233 1407 2203 1408 2261 1408 2233 1408 2235 4 2262 4 2236 4 2262 4 2263 4 2236 4 2263 1409 2209 1409 2236 1409 2238 4 2264 4 2235 4 2264 4 2262 4 2235 4 2240 4 2265 4 2238 4 2265 4 2264 4 2238 4 2266 1410 2265 1410 2240 1410 2222 1411 2266 1411 2240 1411 2258 1412 2267 1412 2189 1412 2267 1413 2190 1413 2189 1413 2268 1414 2261 1414 2203 1414 2202 1415 2268 1415 2203 1415 2263 1416 2269 1416 2209 1416 2269 1417 2210 1417 2209 1417 2270 1418 2266 1418 2222 1418 2221 1419 2270 1419 2222 1419 2267 1420 2271 1420 2190 1420 2271 1421 2191 1421 2190 1421 2272 1422 2268 1422 2202 1422 2201 1423 2272 1423 2202 1423 2269 1424 2273 1424 2210 1424 2273 1425 2211 1425 2210 1425 2274 1426 2270 1426 2221 1426 2220 1427 2274 1427 2221 1427 2271 1428 2275 1428 2191 1428 2275 1429 2192 1429 2191 1429 2276 1430 2272 1430 2201 1430 2207 1431 2276 1431 2201 1431 2273 1432 2277 1432 2211 1432 2277 1433 2212 1433 2211 1433 2278 1434 2274 1434 2220 1434 2219 1435 2278 1435 2220 1435 2275 1436 2279 1436 2192 1436 2279 1437 2193 1437 2192 1437 2280 1438 2276 1438 2207 1438 2206 1439 2280 1439 2207 1439 2277 1440 2281 1440 2212 1440 2281 1441 2213 1441 2212 1441 2282 1438 2278 1438 2219 1438 2218 1439 2282 1439 2219 1439 2279 1442 2283 1442 2193 1442 2283 1443 2194 1443 2193 1443 2284 1444 2280 1444 2206 1444 2200 1445 2284 1445 2206 1445 2281 1446 2285 1446 2213 1446 2285 1443 2214 1443 2213 1443 2286 1444 2282 1444 2218 1444 2226 1445 2286 1445 2218 1445 2283 1447 2287 1447 2194 1447 2287 1448 2196 1448 2194 1448 2288 1449 2284 1449 2200 1449 2199 1450 2288 1450 2200 1450 2285 1447 2289 1447 2214 1447 2289 1448 2215 1448 2214 1448 2290 1451 2286 1451 2226 1451 2225 1452 2290 1452 2226 1452 2287 1453 2291 1453 2196 1453 2291 1454 2197 1454 2196 1454 2292 1455 2288 1455 2199 1455 2198 1456 2292 1456 2199 1456 2289 1453 2293 1453 2215 1453 2293 1454 2216 1454 2215 1454 2294 1455 2290 1455 2225 1455 2224 1456 2294 1456 2225 1456 2291 1457 2295 1457 2197 1457 2295 1458 2195 1458 2197 1458 2296 1459 2292 1459 2198 1459 2205 1460 2296 1460 2198 1460 2293 1457 2297 1457 2216 1457 2297 1461 2217 1461 2216 1461 2298 1459 2294 1459 2224 1459 2186 1460 2298 1460 2224 1460 2164 1462 2299 1462 2253 1462 2299 1463 2300 1463 2253 1463 2300 1464 2254 1464 2253 1464 2301 1251 2118 1251 2255 1251 2302 1465 2301 1465 2255 1465 2256 1466 2302 1466 2255 1466 2303 1251 1988 1251 2195 1251 2295 1467 2304 1467 2195 1467 2304 1468 2303 1468 2195 1468 2000 1469 2305 1469 2205 1469 2306 1470 2296 1470 2205 1470 2305 1471 2306 1471 2205 1471 2307 1251 2066 1251 2217 1251 2297 1472 2308 1472 2217 1472 2308 1473 2307 1473 2217 1473 2309 1470 2298 1470 2186 1470 2181 1471 2309 1471 2186 1471 2310 1251 1988 1251 2303 1251 2311 34 2310 34 2303 34 2304 1474 2311 1474 2303 1474 2000 1251 2312 1251 2305 1251 2312 84 2313 84 2305 84 2313 84 2306 84 2305 84 2314 1251 2066 1251 2307 1251 2315 34 2314 34 2307 34 2308 1475 2315 1475 2307 1475 2081 1251 2316 1251 2181 1251 2317 84 2309 84 2181 84 2316 84 2317 84 2181 84 2318 1476 2014 1476 2013 1476 2015 1477 2319 1477 2013 1477 2319 1478 2318 1478 2013 1478 2320 1479 2056 1479 2055 1479 2054 1477 2321 1477 2055 1477 2321 1478 2320 1478 2055 1478 2318 1480 2322 1480 2014 1480 2322 1481 2017 1481 2014 1481 2026 1482 2323 1482 2015 1482 2323 1483 2319 1483 2015 1483 2320 1484 2324 1484 2056 1484 2324 1485 2057 1485 2056 1485 2069 1482 2325 1482 2054 1482 2325 1483 2321 1483 2054 1483 2322 1486 2326 1486 2017 1486 2326 1487 2018 1487 2017 1487 2030 1488 2327 1488 2026 1488 2327 1489 2323 1489 2026 1489 2324 1490 2328 1490 2057 1490 2328 1487 2058 1487 2057 1487 2073 1488 2329 1488 2069 1488 2329 1489 2325 1489 2069 1489 2326 1491 2330 1491 2018 1491 2330 1492 2019 1492 2018 1492 2029 1493 2331 1493 2030 1493 2331 1494 2327 1494 2030 1494 2328 1491 2332 1491 2058 1491 2332 1492 2059 1492 2058 1492 2072 1493 2333 1493 2073 1493 2333 1494 2329 1494 2073 1494 2330 1495 2334 1495 2019 1495 2334 1496 2020 1496 2019 1496 2028 1497 2335 1497 2029 1497 2335 1498 2331 1498 2029 1498 2332 1495 2336 1495 2059 1495 2336 1496 2060 1496 2059 1496 2071 1497 2337 1497 2072 1497 2337 1498 2333 1498 2072 1498 2334 1499 2338 1499 2020 1499 2338 1500 2021 1500 2020 1500 2027 1501 2339 1501 2028 1501 2339 1502 2335 1502 2028 1502 2336 1499 2340 1499 2060 1499 2340 1500 2061 1500 2060 1500 2070 1503 2341 1503 2071 1503 2341 1504 2337 1504 2071 1504 2338 1505 2342 1505 2021 1505 2342 1506 2022 1506 2021 1506 2033 1507 2343 1507 2027 1507 2343 1508 2339 1508 2027 1508 2340 1505 2344 1505 2061 1505 2344 1506 2062 1506 2061 1506 2075 1509 2345 1509 2070 1509 2345 1510 2341 1510 2070 1510 2164 1251 2346 1251 2299 1251 2347 84 2348 84 2299 84 2346 84 2347 84 2299 84 2348 1511 2300 1511 2299 1511 2349 1251 2118 1251 2301 1251 2302 34 2349 34 2301 34 2342 1512 2350 1512 2022 1512 2350 1513 2023 1513 2022 1513 2032 1514 2351 1514 2033 1514 2351 1515 2343 1515 2033 1515 2344 1512 2352 1512 2062 1512 2352 1513 2063 1513 2062 1513 2074 1514 2353 1514 2075 1514 2353 1515 2345 1515 2075 1515 2350 1516 2354 1516 2023 1516 2354 1517 2024 1517 2023 1517 2031 1518 2355 1518 2032 1518 2355 1519 2351 1519 2032 1519 2352 1516 2356 1516 2063 1516 2356 1517 2064 1517 2063 1517 2066 1520 2357 1520 2074 1520 2357 1518 2358 1518 2074 1518 2358 1519 2353 1519 2074 1519 2354 1521 2359 1521 2024 1521 2359 34 2360 34 2024 34 2360 1251 2010 1251 2024 1251 2034 1251 2361 1251 2031 1251 2361 84 2362 84 2031 84 2362 84 2355 84 2031 84 2356 1521 2363 1521 2064 1521 2363 34 2364 34 2064 34 2364 1251 2050 1251 2064 1251 2066 1251 2365 1251 2357 1251 2365 84 2366 84 2357 84 2366 84 2358 84 2357 84 2359 34 2367 34 2360 34 2367 1522 2368 1522 2360 1522 2368 1523 2010 1523 2360 1523 2034 1524 2369 1524 2361 1524 2369 1525 2370 1525 2361 1525 2370 1526 2362 1526 2361 1526 2363 34 2371 34 2364 34 2371 1522 2372 1522 2364 1522 2372 1251 2050 1251 2364 1251 2066 1527 2373 1527 2365 1527 2373 1525 2374 1525 2365 1525 2374 1526 2366 1526 2365 1526 2367 1528 2375 1528 2368 1528 2375 1529 2376 1529 2368 1529 2376 1251 2010 1251 2368 1251 2034 1530 2377 1530 2369 1530 2377 1531 2378 1531 2369 1531 2378 1532 2370 1532 2369 1532 2371 1528 2379 1528 2372 1528 2379 1529 2380 1529 2372 1529 2380 1251 2050 1251 2372 1251 2066 1533 2381 1533 2373 1533 2381 1531 2382 1531 2373 1531 2382 1532 2374 1532 2373 1532 2375 1534 2383 1534 2376 1534 2383 1535 2384 1535 2376 1535 2384 1536 2010 1536 2376 1536 2034 1537 2385 1537 2377 1537 2385 1538 2386 1538 2377 1538 2386 1539 2378 1539 2377 1539 2379 1534 2387 1534 2380 1534 2387 1535 2388 1535 2380 1535 2388 1251 2050 1251 2380 1251 2066 1540 2389 1540 2381 1540 2389 1541 2390 1541 2381 1541 2390 1542 2382 1542 2381 1542 2383 1543 2391 1543 2384 1543 2391 1544 2392 1544 2384 1544 2392 1545 2010 1545 2384 1545 2034 1546 2393 1546 2385 1546 2393 1547 2394 1547 2385 1547 2394 1548 2386 1548 2385 1548 2387 1543 2395 1543 2388 1543 2395 1544 2396 1544 2388 1544 2396 1549 2050 1549 2388 1549 2066 1550 2397 1550 2389 1550 2397 1551 2398 1551 2389 1551 2398 1552 2390 1552 2389 1552 2391 1553 2399 1553 2392 1553 2399 1554 2400 1554 2392 1554 2400 1251 2010 1251 2392 1251 2034 1555 2401 1555 2393 1555 2401 1556 2402 1556 2393 1556 2402 1557 2394 1557 2393 1557 2395 1553 2403 1553 2396 1553 2403 1554 2404 1554 2396 1554 2404 1251 2050 1251 2396 1251 2066 1558 2405 1558 2397 1558 2405 1556 2406 1556 2397 1556 2406 1557 2398 1557 2397 1557 2399 1559 2407 1559 2400 1559 2407 1560 2408 1560 2400 1560 2408 1251 2010 1251 2400 1251 2034 1561 2409 1561 2401 1561 2409 1562 2410 1562 2401 1562 2410 1563 2402 1563 2401 1563 2403 1559 2411 1559 2404 1559 2411 1560 2412 1560 2404 1560 2412 1251 2050 1251 2404 1251 2066 1564 2413 1564 2405 1564 2413 1562 2414 1562 2405 1562 2414 1563 2406 1563 2405 1563 2407 1565 2415 1565 2408 1565 2415 1566 2416 1566 2408 1566 2416 1567 2010 1567 2408 1567 2034 1251 2417 1251 2409 1251 2417 1568 2418 1568 2409 1568 2418 1569 2410 1569 2409 1569 2411 1565 2419 1565 2412 1565 2419 1566 2420 1566 2412 1566 2420 1251 2050 1251 2412 1251 2066 1251 2421 1251 2413 1251 2421 1568 2422 1568 2413 1568 2422 1569 2414 1569 2413 1569 2415 1570 2423 1570 2416 1570 2423 1571 2424 1571 2416 1571 2424 1251 2010 1251 2416 1251 2034 1572 2425 1572 2417 1572 2425 1573 2426 1573 2417 1573 2426 1574 2418 1574 2417 1574 2419 1570 2427 1570 2420 1570 2427 1575 2428 1575 2420 1575 2428 1576 2050 1576 2420 1576 2066 1577 2429 1577 2421 1577 2429 1573 2430 1573 2421 1573 2430 1574 2422 1574 2421 1574 2423 1578 2431 1578 2424 1578 2431 1579 2432 1579 2424 1579 2432 1580 2010 1580 2424 1580 2034 1581 2432 1581 2425 1581 2432 1582 2433 1582 2425 1582 2433 1583 2426 1583 2425 1583 2427 1584 2434 1584 2428 1584 2434 1585 2435 1585 2428 1585 2435 1586 2050 1586 2428 1586 2066 1587 2435 1587 2429 1587 2435 1582 2436 1582 2429 1582 2436 1583 2430 1583 2429 1583 2431 1588 2433 1588 2432 1588 2034 1589 2010 1589 2432 1589 2434 1590 2436 1590 2435 1590 2066 1591 2050 1591 2435 1591 2164 1251 2437 1251 2346 1251 2437 1251 2438 1251 2346 1251 2439 84 2347 84 2346 84 2438 84 2439 84 2346 84 2107 1251 2440 1251 2164 1251 2440 1251 2437 1251 2164 1251 1983 1251 2441 1251 2107 1251 2441 1251 2440 1251 2107 1251 2442 1251 2441 1251 1983 1251 1988 1251 2442 1251 1983 1251 2443 1251 2442 1251 1988 1251 2310 1251 2443 1251 1988 1251 2311 34 2444 34 2310 34 2444 34 2443 34 2310 34 2000 1251 2445 1251 2312 1251 2445 1251 2446 1251 2312 1251 2446 84 2447 84 2312 84 2447 84 2313 84 2312 84 2448 1251 2445 1251 2000 1251 2010 1251 2448 1251 2000 1251 2449 1251 2448 1251 2010 1251 2034 1251 2449 1251 2010 1251 2450 1251 2449 1251 2034 1251 2035 1251 2450 1251 2034 1251 2451 1592 2452 1592 2035 1592 2038 1251 2453 1251 2035 1251 2453 1251 2454 1251 2035 1251 2454 1593 2451 1593 2035 1593 2452 1594 2455 1594 2035 1594 2455 1595 2456 1595 2035 1595 2456 1251 2457 1251 2035 1251 2457 1596 2458 1596 2035 1596 2458 1251 2459 1251 2035 1251 2459 1251 2450 1251 2035 1251 2460 1251 2453 1251 2038 1251 2041 1251 99 1251 2038 1251 99 1251 2461 1251 2038 1251 2461 1251 2460 1251 2038 1251 2044 1597 97 1597 2041 1597 97 1251 99 1251 2041 1251 102 1251 95 1251 2044 1251 95 1251 97 1251 2044 1251 2047 1598 104 1598 2044 1598 104 1599 100 1599 2044 1599 100 1600 102 1600 2044 1600 2462 1251 116 1251 2047 1251 116 1601 114 1601 2047 1601 114 1602 112 1602 2047 1602 112 1251 110 1251 2047 1251 110 1251 108 1251 2047 1251 108 1251 106 1251 2047 1251 106 1251 104 1251 2047 1251 2463 1251 2462 1251 2047 1251 2050 1251 2463 1251 2047 1251 2066 1251 2464 1251 2050 1251 2464 1251 2463 1251 2050 1251 2314 1251 2465 1251 2066 1251 2465 1251 2464 1251 2066 1251 2315 34 2466 34 2314 34 2466 34 2465 34 2314 34 2081 1251 2467 1251 2316 1251 2467 1251 2468 1251 2316 1251 2469 84 2317 84 2316 84 2468 84 2469 84 2316 84 2470 1251 2467 1251 2081 1251 2092 1251 2470 1251 2081 1251 2471 1251 2470 1251 2092 1251 2098 1251 2471 1251 2092 1251 2472 1251 2471 1251 2098 1251 2111 1251 2472 1251 2098 1251 2473 1251 2472 1251 2111 1251 2118 1251 2473 1251 2111 1251 2474 1251 2473 1251 2118 1251 2349 1251 2474 1251 2118 1251 2302 34 2475 34 2349 34 2475 34 2474 34 2349 34 2476 1603 2453 1603 2460 1603 2477 4 2476 4 2460 4 2461 4 2477 4 2460 4 2478 4 2477 4 2461 4 99 4 2478 4 2461 4 98 4 2478 4 99 4 103 1604 96 1604 95 1604 2476 1605 2479 1605 2453 1605 2479 1606 2454 1606 2453 1606 2479 1607 2480 1607 2454 1607 2480 1608 2451 1608 2454 1608 2480 1609 2481 1609 2451 1609 2481 1610 2452 1610 2451 1610 2481 1611 2482 1611 2452 1611 2482 1612 2455 1612 2452 1612 2482 1613 2483 1613 2455 1613 2483 1614 2456 1614 2455 1614 2483 1615 2484 1615 2456 1615 2484 1616 2457 1616 2456 1616 2484 1617 2485 1617 2457 1617 2485 1618 2458 1618 2457 1618 2485 1619 2486 1619 2458 1619 2486 1620 2459 1620 2458 1620 2487 1251 2450 1251 2459 1251 2486 1621 2488 1621 2459 1621 2488 34 2487 34 2459 34 2462 1251 118 1251 116 1251 2489 1251 2450 1251 2487 1251 2488 34 2490 34 2487 34 2490 1622 2489 1622 2487 1622 2462 1623 120 1623 118 1623 2491 1624 2450 1624 2489 1624 2490 1625 2492 1625 2489 1625 2492 1626 2491 1626 2489 1626 2462 1627 122 1627 120 1627 2493 1251 2450 1251 2491 1251 2492 1628 2494 1628 2491 1628 2494 1629 2493 1629 2491 1629 2462 1251 124 1251 122 1251 2495 1630 2450 1630 2493 1630 2494 1631 2496 1631 2493 1631 2496 1632 2495 1632 2493 1632 2462 1633 126 1633 124 1633 2497 1634 2450 1634 2495 1634 2496 1635 2498 1635 2495 1635 2498 1636 2497 1636 2495 1636 2462 1637 128 1637 126 1637 2499 1638 2450 1638 2497 1638 2498 1639 2500 1639 2497 1639 2500 1640 2499 1640 2497 1640 2462 1641 130 1641 128 1641 2501 1642 2450 1642 2499 1642 2500 1643 2502 1643 2499 1643 2502 1644 2501 1644 2499 1644 2462 1645 132 1645 130 1645 2503 1251 2504 1251 2501 1251 2504 1251 2450 1251 2501 1251 2502 1646 2505 1646 2501 1646 2505 1647 2503 1647 2501 1647 2506 1251 134 1251 132 1251 2462 1648 2506 1648 132 1648 140 1251 2504 1251 2503 1251 2505 1649 2507 1649 2503 1649 2507 1650 140 1650 2503 1650 2506 1251 136 1251 134 1251 2506 1251 142 1251 136 1251 141 1651 137 1651 136 1651 139 1251 2504 1251 140 1251 2507 1652 138 1652 140 1652 2508 1251 2509 1251 139 1251 2509 1251 2504 1251 139 1251 2510 66 2508 66 139 66 138 66 2510 66 139 66 142 1653 2506 1653 2508 1653 2506 1251 2509 1251 2508 1251 2511 66 142 66 2508 66 2510 66 2511 66 2508 66 2511 66 141 66 142 66 2437 1251 2512 1251 2438 1251 2512 1251 2513 1251 2438 1251 2514 84 2439 84 2438 84 2513 84 2514 84 2438 84 2440 1251 2515 1251 2437 1251 2515 1251 2512 1251 2437 1251 2516 1654 2517 1654 2440 1654 2517 1251 2518 1251 2440 1251 2518 1655 2519 1655 2440 1655 2519 1656 2520 1656 2440 1656 2520 1657 2521 1657 2440 1657 2521 1251 2522 1251 2440 1251 2522 1251 2523 1251 2440 1251 2523 1251 2524 1251 2440 1251 2524 1251 2515 1251 2440 1251 2441 1658 2525 1658 2440 1658 2525 1251 2516 1251 2440 1251 2526 1251 2527 1251 2441 1251 2527 1251 2528 1251 2441 1251 2528 1251 2529 1251 2441 1251 2529 1251 2525 1251 2441 1251 2530 1251 2531 1251 2441 1251 2532 1251 2533 1251 2441 1251 2533 1251 2534 1251 2441 1251 2534 1251 2530 1251 2441 1251 2531 1659 2535 1659 2441 1659 2535 1251 2536 1251 2441 1251 2536 1251 2526 1251 2441 1251 2537 1251 2532 1251 2441 1251 2442 1251 2537 1251 2441 1251 2443 1251 2537 1251 2442 1251 2538 1251 2537 1251 2443 1251 2444 34 2539 34 2443 34 2539 34 2538 34 2443 34 2445 1251 2540 1251 2446 1251 2540 84 2541 84 2446 84 2541 84 2447 84 2446 84 2542 1251 2540 1251 2445 1251 2543 1251 2542 1251 2445 1251 2448 1251 2543 1251 2445 1251 2544 1251 2543 1251 2448 1251 2449 1251 2544 1251 2448 1251 2545 1251 2544 1251 2449 1251 2450 1251 2545 1251 2449 1251 2504 1251 2546 1251 2450 1251 2546 1251 2545 1251 2450 1251 2509 1251 2547 1251 2504 1251 2547 1251 2546 1251 2504 1251 2506 1251 2548 1251 2509 1251 2548 1251 2547 1251 2509 1251 2462 1251 2549 1251 2506 1251 2549 1251 2548 1251 2506 1251 2550 1251 2549 1251 2462 1251 2463 1251 2550 1251 2462 1251 2464 1251 2551 1251 2463 1251 2551 1251 2550 1251 2463 1251 2465 1251 2551 1251 2464 1251 2552 1251 2551 1251 2465 1251 2466 34 2553 34 2465 34 2553 34 2552 34 2465 34 2467 1251 2554 1251 2468 1251 2555 84 2469 84 2468 84 2554 84 2555 84 2468 84 2556 1251 2554 1251 2467 1251 2557 1251 2556 1251 2467 1251 2470 1251 2557 1251 2467 1251 2471 1251 2558 1251 2470 1251 2558 1251 2559 1251 2470 1251 2559 1251 2560 1251 2470 1251 2560 1251 2561 1251 2470 1251 2561 1251 2562 1251 2470 1251 2562 1660 2563 1660 2470 1660 2563 1251 2564 1251 2470 1251 2564 1251 2565 1251 2470 1251 2565 1251 2566 1251 2470 1251 2566 1251 2557 1251 2470 1251 2567 1661 2568 1661 2471 1661 2569 1662 2570 1662 2471 1662 2570 1251 2571 1251 2471 1251 2568 1251 2572 1251 2471 1251 2572 1251 2558 1251 2471 1251 2571 1251 2573 1251 2471 1251 2573 1251 2574 1251 2471 1251 2574 1251 2567 1251 2471 1251 2472 1251 2575 1251 2471 1251 2575 1251 2576 1251 2471 1251 2576 1251 2569 1251 2471 1251 2577 1251 2578 1251 2472 1251 2578 1251 2579 1251 2472 1251 2579 1251 2575 1251 2472 1251 2580 1251 2577 1251 2472 1251 2473 1251 2580 1251 2472 1251 2581 1251 2580 1251 2473 1251 2474 1251 2581 1251 2473 1251 2475 34 2582 34 2474 34 2582 34 2581 34 2474 34 2583 1476 2516 1476 2525 1476 2529 1663 2584 1663 2525 1663 2584 1664 2583 1664 2525 1664 2585 1476 2558 1476 2572 1476 2568 1665 2586 1665 2572 1665 2586 1666 2585 1666 2572 1666 2583 1480 2587 1480 2516 1480 2587 1481 2517 1481 2516 1481 2528 1667 2588 1667 2529 1667 2588 1668 2584 1668 2529 1668 2585 1480 2589 1480 2558 1480 2589 1669 2559 1669 2558 1669 2567 1670 2590 1670 2568 1670 2590 1671 2586 1671 2568 1671 2587 1672 2591 1672 2517 1672 2591 1673 2518 1673 2517 1673 2527 1488 2592 1488 2528 1488 2592 1674 2588 1674 2528 1674 2589 1675 2593 1675 2559 1675 2593 1676 2560 1676 2559 1676 2574 1488 2594 1488 2567 1488 2594 1674 2590 1674 2567 1674 2591 1491 2595 1491 2518 1491 2595 1492 2519 1492 2518 1492 2526 1677 2596 1677 2527 1677 2596 1678 2592 1678 2527 1678 2593 1679 2597 1679 2560 1679 2597 1680 2561 1680 2560 1680 2573 1681 2598 1681 2574 1681 2598 1682 2594 1682 2574 1682 2595 1683 2599 1683 2519 1683 2599 1684 2520 1684 2519 1684 2536 1685 2600 1685 2526 1685 2600 1686 2596 1686 2526 1686 2597 1687 2601 1687 2561 1687 2601 1688 2562 1688 2561 1688 2571 1689 2602 1689 2573 1689 2602 1690 2598 1690 2573 1690 2599 1691 2603 1691 2520 1691 2603 1692 2521 1692 2520 1692 2535 1693 2604 1693 2536 1693 2604 1693 2600 1693 2536 1693 2601 1694 2605 1694 2562 1694 2605 1695 2563 1695 2562 1695 2570 1696 2606 1696 2571 1696 2606 1697 2602 1697 2571 1697 2603 1698 2607 1698 2521 1698 2607 1699 2522 1699 2521 1699 2531 1700 2608 1700 2535 1700 2608 1701 2604 1701 2535 1701 2605 1702 2609 1702 2563 1702 2609 1699 2564 1699 2563 1699 2569 1700 2610 1700 2570 1700 2610 1701 2606 1701 2570 1701 2607 1703 2611 1703 2522 1703 2611 1704 2523 1704 2522 1704 2530 1705 2612 1705 2531 1705 2612 1706 2608 1706 2531 1706 2609 1703 2613 1703 2564 1703 2613 1707 2565 1707 2564 1707 2576 1708 2614 1708 2569 1708 2614 1708 2610 1708 2569 1708 2611 1709 2615 1709 2523 1709 2615 1710 2524 1710 2523 1710 2534 1711 2616 1711 2530 1711 2616 1712 2612 1712 2530 1712 2613 1707 2617 1707 2565 1707 2617 1713 2566 1713 2565 1713 2575 1714 2618 1714 2576 1714 2618 1714 2614 1714 2576 1714 2579 1715 2619 1715 2575 1715 2619 1716 2618 1716 2575 1716 2615 1717 2620 1717 2524 1717 2620 34 2621 34 2524 34 2621 1251 2515 1251 2524 1251 2533 84 2622 84 2534 84 2622 84 2616 84 2534 84 2617 1718 2623 1718 2566 1718 2623 34 2624 34 2566 34 2624 1251 2557 1251 2566 1251 2578 84 2625 84 2579 84 2625 84 2619 84 2579 84 2620 34 2626 34 2621 34 2626 1719 2627 1719 2621 1719 2627 1251 2515 1251 2621 1251 2532 1720 2628 1720 2533 1720 2628 1721 2629 1721 2533 1721 2629 1722 2622 1722 2533 1722 2623 34 2630 34 2624 34 2630 1723 2631 1723 2624 1723 2631 1251 2557 1251 2624 1251 2577 1724 2632 1724 2578 1724 2632 1725 2633 1725 2578 1725 2633 1726 2625 1726 2578 1726 2634 1251 2635 1251 2632 1251 2577 1251 2634 1251 2632 1251 2635 1727 2636 1727 2632 1727 2636 1728 2633 1728 2632 1728 2626 1729 2637 1729 2627 1729 2637 1730 2638 1730 2627 1730 2638 1251 2515 1251 2627 1251 2532 1731 2639 1731 2628 1731 2639 1732 2640 1732 2628 1732 2640 1733 2629 1733 2628 1733 2630 1734 2641 1734 2631 1734 2641 1735 2642 1735 2631 1735 2642 1251 2557 1251 2631 1251 2634 1251 2643 1251 2635 1251 2643 1736 2644 1736 2635 1736 2644 1736 2636 1736 2635 1736 2637 1737 2645 1737 2638 1737 2645 1738 2646 1738 2638 1738 2646 1251 2515 1251 2638 1251 2532 1739 2647 1739 2639 1739 2647 1740 2648 1740 2639 1740 2648 1741 2640 1741 2639 1741 2641 1735 2649 1735 2642 1735 2649 1738 2650 1738 2642 1738 2650 1251 2557 1251 2642 1251 2634 1742 2651 1742 2643 1742 2651 1740 2652 1740 2643 1740 2652 1741 2644 1741 2643 1741 2645 1743 2653 1743 2646 1743 2653 1744 2654 1744 2646 1744 2654 1745 2515 1745 2646 1745 2532 1746 2655 1746 2647 1746 2655 1747 2656 1747 2647 1747 2656 1747 2648 1747 2647 1747 2649 1743 2657 1743 2650 1743 2657 1748 2658 1748 2650 1748 2658 1749 2557 1749 2650 1749 2634 1251 2659 1251 2651 1251 2659 1750 2660 1750 2651 1750 2660 1751 2652 1751 2651 1751 2653 1553 2661 1553 2654 1553 2661 1752 2662 1752 2654 1752 2662 1753 2515 1753 2654 1753 2532 1754 2663 1754 2655 1754 2663 1755 2664 1755 2655 1755 2664 1756 2656 1756 2655 1756 2657 1757 2665 1757 2658 1757 2665 1758 2666 1758 2658 1758 2666 1251 2557 1251 2658 1251 2634 1251 2667 1251 2659 1251 2667 1759 2668 1759 2659 1759 2668 1760 2660 1760 2659 1760 2661 1559 2669 1559 2662 1559 2669 1560 2670 1560 2662 1560 2670 1761 2515 1761 2662 1761 2532 1762 2671 1762 2663 1762 2671 1763 2672 1763 2663 1763 2672 1764 2664 1764 2663 1764 2665 1765 2673 1765 2666 1765 2673 1766 2674 1766 2666 1766 2674 1251 2557 1251 2666 1251 2634 1767 2675 1767 2667 1767 2675 1768 2676 1768 2667 1768 2676 1769 2668 1769 2667 1769 2669 1565 2677 1565 2670 1565 2677 1566 2678 1566 2670 1566 2678 1251 2515 1251 2670 1251 2532 1770 2679 1770 2671 1770 2679 1569 2680 1569 2671 1569 2680 1569 2672 1569 2671 1569 2673 1771 2681 1771 2674 1771 2681 1772 2682 1772 2674 1772 2682 1251 2557 1251 2674 1251 2634 1251 2683 1251 2675 1251 2683 1569 2684 1569 2675 1569 2684 1569 2676 1569 2675 1569 2677 1773 2685 1773 2678 1773 2685 1578 2686 1578 2678 1578 2686 1774 2515 1774 2678 1774 2532 1251 2687 1251 2679 1251 2687 1775 2688 1775 2679 1775 2688 1776 2680 1776 2679 1776 2681 1772 2689 1772 2682 1772 2689 1777 2690 1777 2682 1777 2690 1251 2634 1251 2682 1251 2634 1251 2557 1251 2682 1251 2634 1778 2691 1778 2683 1778 2691 1779 2692 1779 2683 1779 2692 1780 2684 1780 2683 1780 2685 1781 2693 1781 2686 1781 2693 1579 2694 1579 2686 1579 2694 1251 2515 1251 2686 1251 2532 1782 2694 1782 2687 1782 2694 1783 2695 1783 2687 1783 2695 1784 2688 1784 2687 1784 2689 1785 2696 1785 2690 1785 2696 1579 2697 1579 2690 1579 2697 1251 2634 1251 2690 1251 2634 1786 2697 1786 2691 1786 2697 1787 2698 1787 2691 1787 2698 1788 2692 1788 2691 1788 2693 1789 2695 1789 2694 1789 2532 1790 2515 1790 2694 1790 2696 1789 2698 1789 2697 1789 2699 1251 2537 1251 2538 1251 2539 34 2700 34 2538 34 2700 1791 2699 1791 2538 1791 2542 1792 2701 1792 2540 1792 2702 1793 2541 1793 2540 1793 2701 1794 2702 1794 2540 1794 2703 1251 2551 1251 2552 1251 2553 34 2704 34 2552 34 2704 1795 2703 1795 2552 1795 2556 1796 2705 1796 2554 1796 2705 1794 2706 1794 2554 1794 2706 1793 2555 1793 2554 1793 2707 1251 2537 1251 2699 1251 2700 1797 2708 1797 2699 1797 2708 1798 2707 1798 2699 1798 2542 1799 2709 1799 2701 1799 2710 1800 2702 1800 2701 1800 2709 1801 2710 1801 2701 1801 2711 1251 2551 1251 2703 1251 2712 1802 2711 1802 2703 1802 2704 1803 2712 1803 2703 1803 2556 1804 2713 1804 2705 1804 2713 1805 2714 1805 2705 1805 2714 1806 2706 1806 2705 1806 2715 1251 2716 1251 2513 1251 2717 1807 2718 1807 2513 1807 2719 1251 2717 1251 2513 1251 2718 1808 2720 1808 2513 1808 2720 1809 2721 1809 2513 1809 2721 1251 2715 1251 2513 1251 2512 1251 2722 1251 2513 1251 2722 1251 2719 1251 2513 1251 2723 84 2514 84 2513 84 2716 84 2723 84 2513 84 147 1251 2724 1251 2512 1251 2724 1251 2725 1251 2512 1251 2725 1251 2722 1251 2512 1251 2515 1251 145 1251 2512 1251 145 1251 147 1251 2512 1251 154 1251 152 1251 2515 1251 152 1810 148 1810 2515 1810 148 1251 150 1251 2515 1251 150 1251 143 1251 2515 1251 143 1251 145 1251 2515 1251 2532 1811 154 1811 2515 1811 164 1812 162 1812 2532 1812 2726 1251 164 1251 2532 1251 162 1251 160 1251 2532 1251 160 1251 158 1251 2532 1251 158 1251 156 1251 2532 1251 156 1251 154 1251 2532 1251 2727 1251 2726 1251 2532 1251 2537 1251 2727 1251 2532 1251 2728 1251 2727 1251 2537 1251 2707 1251 2728 1251 2537 1251 2708 1813 2729 1813 2707 1813 2729 1814 2728 1814 2707 1814 2542 1815 2730 1815 2709 1815 2731 1816 2710 1816 2709 1816 2730 1817 2731 1817 2709 1817 2732 1251 2733 1251 2542 1251 2733 1818 2730 1818 2542 1818 2734 1251 2732 1251 2542 1251 2543 1251 2734 1251 2542 1251 2735 1251 2734 1251 2543 1251 2544 1251 2735 1251 2543 1251 2736 1251 2735 1251 2544 1251 2545 1251 2736 1251 2544 1251 2546 1251 2737 1251 2545 1251 2737 1251 2736 1251 2545 1251 2547 1251 2738 1251 2546 1251 2738 1251 2737 1251 2546 1251 2548 1251 2739 1251 2547 1251 2739 1251 2738 1251 2547 1251 2549 1251 2740 1251 2548 1251 2740 1251 2739 1251 2548 1251 2741 1251 2740 1251 2549 1251 2550 1251 2741 1251 2549 1251 2551 1251 2742 1251 2550 1251 2742 1251 2741 1251 2550 1251 2711 1251 2743 1251 2551 1251 2743 1251 2742 1251 2551 1251 2744 1814 2743 1814 2711 1814 2712 1819 2744 1819 2711 1819 2556 1820 2745 1820 2713 1820 2745 1821 2746 1821 2713 1821 2746 1822 2714 1822 2713 1822 2747 1251 2748 1251 2556 1251 2748 1251 2745 1251 2556 1251 2749 1251 2747 1251 2556 1251 2557 1251 2749 1251 2556 1251 2634 1251 2750 1251 2557 1251 2750 1251 2749 1251 2557 1251 2577 1251 2751 1251 2634 1251 2751 1251 2750 1251 2634 1251 2752 1251 2751 1251 2577 1251 2580 1251 2752 1251 2577 1251 2753 1251 2752 1251 2580 1251 2581 1251 2753 1251 2580 1251 2582 34 2754 34 2581 34 2754 34 2753 34 2581 34 2755 1251 2727 1251 2728 1251 2729 1823 2756 1823 2728 1823 2756 1824 2755 1824 2728 1824 2757 1825 2731 1825 2730 1825 2733 347 2757 347 2730 347 2758 1826 2742 1826 2743 1826 2759 1824 2758 1824 2743 1824 2744 1823 2759 1823 2743 1823 2748 347 2760 347 2745 347 2760 1825 2746 1825 2745 1825 2761 1251 2727 1251 2755 1251 2756 1400 2762 1400 2755 1400 2762 1827 2761 1827 2755 1827 2732 1828 2763 1828 2733 1828 2764 1829 2757 1829 2733 1829 2763 1830 2764 1830 2733 1830 2765 1831 2742 1831 2758 1831 2766 1827 2765 1827 2758 1827 2759 1400 2766 1400 2758 1400 2747 1832 2767 1832 2748 1832 2767 359 2768 359 2748 359 2768 1833 2760 1833 2748 1833 2769 1251 2727 1251 2761 1251 2762 1834 2770 1834 2761 1834 2770 1835 2769 1835 2761 1835 2732 1836 2771 1836 2763 1836 2772 1837 2764 1837 2763 1837 2771 1838 2772 1838 2763 1838 2773 1839 2742 1839 2765 1839 2774 1835 2773 1835 2765 1835 2766 1834 2774 1834 2765 1834 2747 1840 2775 1840 2767 1840 2775 1838 2776 1838 2767 1838 2776 1837 2768 1837 2767 1837 2777 1251 2727 1251 2769 1251 2770 1841 2778 1841 2769 1841 2778 1842 2777 1842 2769 1842 2732 1843 2779 1843 2771 1843 2780 973 2772 973 2771 973 2779 972 2780 972 2771 972 2781 1844 2742 1844 2773 1844 2782 1845 2781 1845 2773 1845 2774 1841 2782 1841 2773 1841 2747 1846 2783 1846 2775 1846 2783 972 2784 972 2775 972 2784 973 2776 973 2775 973 2785 1251 2727 1251 2777 1251 2778 1847 2786 1847 2777 1847 2786 1848 2785 1848 2777 1848 2732 1849 2787 1849 2779 1849 2788 1850 2780 1850 2779 1850 2787 1851 2788 1851 2779 1851 2789 1852 2742 1852 2781 1852 2790 1853 2789 1853 2781 1853 2782 1854 2790 1854 2781 1854 2747 1855 2791 1855 2783 1855 2791 1856 2792 1856 2783 1856 2792 1857 2784 1857 2783 1857 2793 1251 2727 1251 2785 1251 2786 1858 2794 1858 2785 1858 2794 1859 2793 1859 2785 1859 2732 1860 2795 1860 2787 1860 2796 1861 2788 1861 2787 1861 2795 1234 2796 1234 2787 1234 2797 1251 2742 1251 2789 1251 2798 1862 2797 1862 2789 1862 2790 1863 2798 1863 2789 1863 2747 1251 2799 1251 2791 1251 2799 1864 2800 1864 2791 1864 2800 1865 2792 1865 2791 1865 2801 1866 2725 1866 2724 1866 2802 4 2801 4 2724 4 147 4 2802 4 2724 4 146 4 2802 4 147 4 151 1867 144 1867 143 1867 2801 8 2803 8 2725 8 2803 9 2722 9 2725 9 2804 1251 2727 1251 2793 1251 2794 1868 2805 1868 2793 1868 2805 1869 2804 1869 2793 1869 2732 1870 2806 1870 2795 1870 2807 1871 2796 1871 2795 1871 2806 1872 2807 1872 2795 1872 2808 1251 2742 1251 2797 1251 2809 1873 2808 1873 2797 1873 2798 1874 2809 1874 2797 1874 2747 1875 2810 1875 2799 1875 2810 1876 2811 1876 2799 1876 2811 1877 2800 1877 2799 1877 2803 1878 2812 1878 2722 1878 2812 473 2719 473 2722 473 2813 1251 2727 1251 2804 1251 2805 1879 2814 1879 2804 1879 2814 1880 2813 1880 2804 1880 2732 1881 2815 1881 2806 1881 2816 1882 2807 1882 2806 1882 2815 1883 2816 1883 2806 1883 2817 1251 2742 1251 2808 1251 2818 1884 2817 1884 2808 1884 2809 1885 2818 1885 2808 1885 2747 1886 2819 1886 2810 1886 2819 413 2820 413 2810 413 2820 1887 2811 1887 2810 1887 2812 372 2821 372 2719 372 2821 477 2717 477 2719 477 2822 1251 2823 1251 2813 1251 2823 1251 2727 1251 2813 1251 2824 66 2822 66 2813 66 2814 1888 2824 1888 2813 1888 2825 1251 2826 1251 2822 1251 2826 1251 2823 1251 2822 1251 2827 66 2825 66 2822 66 2824 66 2827 66 2822 66 2815 1251 2826 1251 2825 1251 2828 66 2815 66 2825 66 2827 66 2828 66 2825 66 2732 1251 2826 1251 2815 1251 2828 66 2816 66 2815 66 2829 1251 2830 1251 2817 1251 2830 1889 2742 1889 2817 1889 2831 66 2829 66 2817 66 2818 1890 2831 1890 2817 1890 2832 1251 2833 1251 2829 1251 2833 1251 2830 1251 2829 1251 2831 66 2834 66 2829 66 2834 66 2832 66 2829 66 2819 1251 2833 1251 2832 1251 2834 66 2835 66 2832 66 2835 66 2819 66 2832 66 2747 1891 2833 1891 2819 1891 2835 66 2820 66 2819 66 2821 1892 2836 1892 2717 1892 2836 385 2718 385 2717 385 2836 1893 2837 1893 2718 1893 2837 1894 2720 1894 2718 1894 2837 1895 2838 1895 2720 1895 2838 1896 2721 1896 2720 1896 2838 1896 2839 1896 2721 1896 2839 27 2715 27 2721 27 2840 1897 2716 1897 2715 1897 2839 27 2841 27 2715 27 2841 1898 2840 1898 2715 1898 2842 1251 2843 1251 2716 1251 2844 1251 2842 1251 2716 1251 2840 1251 2844 1251 2716 1251 2845 84 2723 84 2716 84 2843 84 2845 84 2716 84 2841 1899 2846 1899 2840 1899 2846 1900 2844 1900 2840 1900 2726 1901 168 1901 164 1901 169 1902 165 1902 164 1902 2847 1251 170 1251 2726 1251 170 1251 166 1251 2726 1251 166 1251 168 1251 2726 1251 2848 1251 2849 1251 2726 1251 2849 1251 2850 1251 2726 1251 2850 1251 2851 1251 2726 1251 2851 1251 2852 1251 2726 1251 2852 1251 2853 1251 2726 1251 2853 1251 2854 1251 2726 1251 2854 1903 2855 1903 2726 1903 2855 1904 2856 1904 2726 1904 2856 1251 2847 1251 2726 1251 2727 1251 2848 1251 2726 1251 2857 1251 2858 1251 2727 1251 2859 1251 2857 1251 2727 1251 2860 1251 2861 1251 2727 1251 2861 1905 2862 1905 2727 1905 2862 1251 2848 1251 2727 1251 2858 1251 2863 1251 2727 1251 2863 1251 2864 1251 2727 1251 2864 1251 2860 1251 2727 1251 2865 1251 2866 1251 2727 1251 2866 1906 2867 1906 2727 1906 2867 1251 2859 1251 2727 1251 2823 1251 2868 1251 2727 1251 2868 1251 2865 1251 2727 1251 2826 1251 2869 1251 2823 1251 2869 1251 2868 1251 2823 1251 2732 1251 2870 1251 2826 1251 2870 1251 2869 1251 2826 1251 2871 1251 2870 1251 2732 1251 2734 1251 2871 1251 2732 1251 2872 1251 2871 1251 2734 1251 2735 1251 2872 1251 2734 1251 2873 1251 2872 1251 2735 1251 2736 1251 2873 1251 2735 1251 2737 1251 2874 1251 2736 1251 2874 1251 2873 1251 2736 1251 2738 1251 2875 1251 2737 1251 2875 1251 2874 1251 2737 1251 2739 1251 2876 1251 2738 1251 2876 1251 2875 1251 2738 1251 2877 1907 2878 1907 2739 1907 2878 1251 2879 1251 2739 1251 2879 1251 2880 1251 2739 1251 2880 1251 2881 1251 2739 1251 2881 1251 2882 1251 2739 1251 2882 1251 2883 1251 2739 1251 2883 1251 2884 1251 2739 1251 2884 1251 2885 1251 2739 1251 2885 1251 2876 1251 2739 1251 2740 1908 2886 1908 2739 1908 2886 1251 2877 1251 2739 1251 2887 1909 2888 1909 2740 1909 2888 1251 2889 1251 2740 1251 2889 1251 2890 1251 2740 1251 2890 1910 2886 1910 2740 1910 2891 1911 2892 1911 2740 1911 2892 1251 2893 1251 2740 1251 2893 1251 2887 1251 2740 1251 2894 1251 2895 1251 2740 1251 2895 1912 2896 1912 2740 1912 2896 1913 2891 1913 2740 1913 2897 1251 2894 1251 2740 1251 2741 1251 2897 1251 2740 1251 2742 1251 2898 1251 2741 1251 2898 1251 2897 1251 2741 1251 2830 1251 2899 1251 2742 1251 2899 1251 2898 1251 2742 1251 2833 1251 2900 1251 2830 1251 2900 1251 2899 1251 2830 1251 2747 1251 2901 1251 2833 1251 2901 1251 2900 1251 2833 1251 2902 1251 2901 1251 2747 1251 2749 1251 2902 1251 2747 1251 2750 1251 2903 1251 2749 1251 2903 1251 2902 1251 2749 1251 2751 1251 2904 1251 2750 1251 2904 1251 2903 1251 2750 1251 2905 1251 2904 1251 2751 1251 2752 1251 2905 1251 2751 1251 2906 1914 2907 1914 2752 1914 2907 1251 2908 1251 2752 1251 2908 1251 2909 1251 2752 1251 2909 1251 2910 1251 2752 1251 2910 1251 2911 1251 2752 1251 2911 1251 2912 1251 2752 1251 2912 1915 2913 1915 2752 1915 2913 1251 2914 1251 2752 1251 2914 1251 2915 1251 2752 1251 2915 1251 2905 1251 2752 1251 2753 1251 2906 1251 2752 1251 2916 1251 2917 1251 2753 1251 2917 1251 2918 1251 2753 1251 2918 1251 2919 1251 2753 1251 2919 1251 2906 1251 2753 1251 2920 1916 2921 1916 2753 1916 2921 1251 2922 1251 2753 1251 2922 1251 2916 1251 2753 1251 2923 1251 2924 1251 2753 1251 2924 1251 2925 1251 2753 1251 2925 1251 2920 1251 2753 1251 2754 34 2926 34 2753 34 2926 34 2923 34 2753 34 2846 1917 2927 1917 2844 1917 2927 34 2842 34 2844 34 2928 1251 2843 1251 2842 1251 2927 34 2929 34 2842 34 2929 1918 2928 1918 2842 1918 2930 1251 2843 1251 2928 1251 2929 40 2931 40 2928 40 2931 1919 2930 1919 2928 1919 2847 1920 172 1920 170 1920 2932 1921 2843 1921 2930 1921 2931 39 2933 39 2930 39 2933 1922 2932 1922 2930 1922 2847 1923 174 1923 172 1923 2934 1924 2843 1924 2932 1924 2933 1922 2935 1922 2932 1922 2935 1925 2934 1925 2932 1925 2847 1926 176 1926 174 1926 2862 4 2936 4 2848 4 2936 4 2937 4 2848 4 2937 1927 2849 1927 2848 1927 2861 1928 2938 1928 2862 1928 2938 1929 2936 1929 2862 1929 2886 4 2939 4 2877 4 2939 4 2940 4 2877 4 2940 1927 2878 1927 2877 1927 2890 1930 2941 1930 2886 1930 2941 1931 2939 1931 2886 1931 2937 1932 2942 1932 2849 1932 2942 1933 2850 1933 2849 1933 2860 1934 2943 1934 2861 1934 2943 1935 2938 1935 2861 1935 2940 1932 2944 1932 2878 1932 2944 1936 2879 1936 2878 1936 2889 1937 2945 1937 2890 1937 2945 1938 2941 1938 2890 1938 2942 1939 2946 1939 2850 1939 2946 1940 2851 1940 2850 1940 2864 1941 2947 1941 2860 1941 2947 1941 2943 1941 2860 1941 2944 1942 2948 1942 2879 1942 2948 1943 2880 1943 2879 1943 2888 1944 2949 1944 2889 1944 2949 1944 2945 1944 2889 1944 2950 1945 2843 1945 2934 1945 2935 1946 2951 1946 2934 1946 2951 1947 2950 1947 2934 1947 2847 1948 178 1948 176 1948 2946 1940 2952 1940 2851 1940 2952 1949 2852 1949 2851 1949 2863 1950 2953 1950 2864 1950 2953 1951 2947 1951 2864 1951 2948 1952 2954 1952 2880 1952 2954 1953 2881 1953 2880 1953 2887 1954 2955 1954 2888 1954 2955 1955 2949 1955 2888 1955 2956 1251 2843 1251 2950 1251 2951 457 2957 457 2950 457 2957 52 2956 52 2950 52 2847 1956 180 1956 178 1956 2952 1957 2958 1957 2852 1957 2958 1958 2853 1958 2852 1958 2858 1959 2959 1959 2863 1959 2959 1960 2953 1960 2863 1960 2954 1961 2960 1961 2881 1961 2960 1958 2882 1958 2881 1958 2893 1959 2961 1959 2887 1959 2961 1960 2955 1960 2887 1960 2962 1251 2843 1251 2956 1251 2963 1251 2962 1251 2956 1251 2957 55 2964 55 2956 55 2964 56 2963 56 2956 56 2965 1962 182 1962 180 1962 2847 1963 2965 1963 180 1963 2966 1964 2908 1964 2907 1964 2906 1965 2967 1965 2907 1965 2967 1966 2966 1966 2907 1966 2966 1967 2968 1967 2908 1967 2968 177 2909 177 2908 177 2919 169 2969 169 2906 169 2969 170 2967 170 2906 170 2968 171 2970 171 2909 171 2970 182 2910 182 2909 182 2918 1968 2971 1968 2919 1968 2971 1969 2969 1969 2919 1969 2972 1251 2962 1251 2963 1251 2964 1970 2973 1970 2963 1970 2973 1971 2972 1971 2963 1971 2965 1251 184 1251 182 1251 2970 173 2974 173 2910 173 2974 640 2911 640 2910 640 2917 184 2975 184 2918 184 2975 742 2971 742 2918 742 2958 1972 2976 1972 2853 1972 2976 1973 2854 1973 2853 1973 2857 1974 2977 1974 2858 1974 2977 1975 2959 1975 2858 1975 2960 1972 2978 1972 2882 1972 2978 1976 2883 1976 2882 1976 2892 1977 2979 1977 2893 1977 2979 1978 2961 1978 2893 1978 190 1251 2962 1251 2972 1251 2973 1979 2980 1979 2972 1979 2980 64 190 64 2972 64 2965 1251 186 1251 184 1251 2965 1251 192 1251 186 1251 191 1980 187 1980 186 1980 189 1251 2962 1251 190 1251 2980 1981 188 1981 190 1981 2965 1251 2962 1251 189 1251 192 1251 2965 1251 189 1251 188 66 2981 66 189 66 2981 66 192 66 189 66 2981 66 191 66 192 66 2974 187 2982 187 2911 187 2982 186 2912 186 2911 186 2916 1982 2983 1982 2917 1982 2983 188 2975 188 2917 188 2982 1983 2984 1983 2912 1983 2984 1984 2913 1984 2912 1984 2922 196 2985 196 2916 196 2985 1985 2983 1985 2916 1985 2976 1986 2986 1986 2854 1986 2986 1987 2855 1987 2854 1987 2859 1988 2987 1988 2857 1988 2987 1989 2977 1989 2857 1989 2978 1990 2988 1990 2883 1990 2988 1991 2884 1991 2883 1991 2891 1992 2989 1992 2892 1992 2989 1993 2979 1993 2892 1993 2984 202 2990 202 2913 202 2990 1994 2914 1994 2913 1994 2921 200 2991 200 2922 200 2991 1995 2985 1995 2922 1995 2986 1996 2992 1996 2855 1996 2992 1997 2856 1997 2855 1997 2867 1998 2993 1998 2859 1998 2993 1999 2987 1999 2859 1999 2988 2000 2994 2000 2884 2000 2994 2001 2885 2001 2884 2001 2896 2002 2995 2002 2891 2002 2995 2003 2989 2003 2891 2003 2990 209 2996 209 2914 209 2996 2004 2915 2004 2914 2004 2920 2005 2997 2005 2921 2005 2997 2006 2991 2006 2921 2006 2996 2007 2998 2007 2915 2007 2998 833 2999 833 2915 833 2999 2008 2905 2008 2915 2008 2925 2009 3000 2009 2920 2009 3000 835 2997 835 2920 835 3001 1251 2847 1251 2856 1251 2992 2010 3002 2010 2856 2010 3002 2011 3001 2011 2856 2011 2866 2012 3003 2012 2867 2012 3003 2012 2993 2012 2867 2012 3004 1251 2876 1251 2885 1251 2994 2013 3005 2013 2885 2013 3005 2014 3004 2014 2885 2014 2895 2012 3006 2012 2896 2012 3006 2012 2995 2012 2896 2012 2998 2015 3007 2015 2999 2015 3007 34 3008 34 2999 34 3008 1251 2905 1251 2999 1251 2924 84 3009 84 2925 84 3009 84 3000 84 2925 84 3010 1251 2847 1251 3001 1251 3002 2011 3011 2011 3001 2011 3011 2016 3010 2016 3001 2016 2865 2017 3012 2017 2866 2017 3012 2018 3013 2018 2866 2018 3013 2019 3003 2019 2866 2019 3014 1251 2876 1251 3004 1251 3005 2014 3015 2014 3004 2014 3015 2020 3014 2020 3004 2020 2894 2021 3016 2021 2895 2021 3016 2018 3017 2018 2895 2018 3017 2019 3006 2019 2895 2019 3007 34 3018 34 3008 34 3018 838 3019 838 3008 838 3019 2022 2905 2022 3008 2022 2923 2023 3020 2023 2924 2023 3020 840 3021 840 2924 840 3021 839 3009 839 2924 839 3018 841 3022 841 3019 841 3022 2024 3023 2024 3019 2024 3023 1251 2905 1251 3019 1251 2923 2025 3024 2025 3020 2025 3024 2026 3025 2026 3020 2026 3025 2027 3021 2027 3020 2027 3026 2028 2847 2028 3010 2028 3011 2029 3027 2029 3010 2029 3027 2030 3026 2030 3010 2030 2865 2031 3028 2031 3012 2031 3028 2032 3029 2032 3012 2032 3029 2032 3013 2032 3012 2032 3030 1251 2876 1251 3014 1251 3015 2033 3031 2033 3014 2033 3031 2034 3030 2034 3014 2034 2894 2035 3032 2035 3016 2035 3032 2036 3033 2036 3016 2036 3033 2037 3017 2037 3016 2037 3022 2038 3034 2038 3023 2038 3034 241 3035 241 3023 241 3035 1251 2905 1251 3023 1251 2923 2039 3036 2039 3024 2039 3036 2040 3037 2040 3024 2040 3037 239 3025 239 3024 239 3038 1251 2847 1251 3026 1251 3027 2030 3039 2030 3026 2030 3039 2041 3038 2041 3026 2041 2865 1251 3040 1251 3028 1251 3040 2042 3041 2042 3028 2042 3041 2043 3029 2043 3028 2043 3042 1251 2876 1251 3030 1251 3031 2044 3043 2044 3030 2044 3043 2041 3042 2041 3030 2041 2894 2045 3044 2045 3032 2045 3044 2042 3045 2042 3032 2042 3045 2043 3033 2043 3032 2043 3034 2046 3046 2046 3035 2046 3046 2047 3047 2047 3035 2047 3047 2048 2905 2048 3035 2048 2923 2049 3048 2049 3036 2049 3048 2050 3049 2050 3036 2050 3049 2051 3037 2051 3036 2051 3046 2052 3050 2052 3047 2052 3050 613 3051 613 3047 613 3051 1251 2905 1251 3047 1251 2923 2053 3052 2053 3048 2053 3052 2054 3053 2054 3048 2054 3053 615 3049 615 3048 615 3054 2055 2847 2055 3038 2055 3039 2056 3055 2056 3038 2056 3055 2057 3054 2057 3038 2057 2865 2058 3056 2058 3040 2058 3056 2059 3057 2059 3040 2059 3057 2059 3041 2059 3040 2059 3058 1251 2876 1251 3042 1251 3043 2056 3059 2056 3042 2056 3059 2060 3058 2060 3042 2060 2894 2061 3060 2061 3044 2061 3060 2059 3061 2059 3044 2059 3061 2059 3045 2059 3044 2059 3050 2062 3062 2062 3051 2062 3062 725 3063 725 3051 725 3063 1251 2905 1251 3051 1251 2923 2063 3064 2063 3052 2063 3064 2064 3065 2064 3052 2064 3065 726 3053 726 3052 726 3062 854 3066 854 3063 854 3066 262 3067 262 3063 262 3067 1251 2905 1251 3063 1251 2923 2065 3068 2065 3064 2065 3068 2066 3069 2066 3064 2066 3069 2067 3065 2067 3064 2067 3066 2068 3070 2068 3067 2068 3070 269 3071 269 3067 269 3071 1251 2905 1251 3067 1251 2923 2069 3072 2069 3068 2069 3072 2070 3073 2070 3068 2070 3073 268 3069 268 3068 268 3074 1251 2847 1251 3054 1251 3055 2071 3075 2071 3054 2071 3075 2072 3074 2072 3054 2072 2865 1251 3076 1251 3056 1251 3076 2073 3077 2073 3056 2073 3077 2074 3057 2074 3056 2074 3078 1251 2876 1251 3058 1251 3059 2060 3079 2060 3058 2060 3079 2075 3078 2075 3058 2075 2894 2076 3080 2076 3060 2076 3080 2077 3081 2077 3060 2077 3081 2078 3061 2078 3060 2078 3070 2079 3082 2079 3071 2079 3082 855 3083 855 3071 855 3083 1251 2905 1251 3071 1251 2923 2080 3083 2080 3072 2080 3083 2081 3084 2081 3072 2081 3084 2082 3073 2082 3072 2082 3082 2083 3084 2083 3083 2083 2923 2084 2905 2084 3083 2084 3085 1251 2847 1251 3074 1251 3075 2085 3086 2085 3074 2085 3086 2086 3085 2086 3074 2086 2865 2087 3087 2087 3076 2087 3087 2088 3088 2088 3076 2088 3088 2088 3077 2088 3076 2088 3089 1251 2876 1251 3078 1251 3079 2089 3090 2089 3078 2089 3090 2090 3089 2090 3078 2090 2894 2091 3091 2091 3080 2091 3091 2092 3092 2092 3080 2092 3092 2093 3081 2093 3080 2093 3093 1251 3094 1251 2843 1251 2962 1251 3093 1251 2843 1251 3095 84 2845 84 2843 84 3094 84 3095 84 2843 84 3096 1251 3093 1251 2962 1251 2965 1251 3096 1251 2962 1251 3097 1251 3096 1251 2965 1251 2847 1251 3097 1251 2965 1251 3085 1251 3097 1251 2847 1251 3098 1251 3097 1251 3085 1251 3086 2086 3099 2086 3085 2086 3099 2094 3098 2094 3085 2094 2865 2095 3100 2095 3087 2095 3100 2096 3101 2096 3087 2096 3101 2097 3088 2097 3087 2097 3102 1251 3100 1251 2865 1251 2868 1251 3103 1251 2865 1251 3103 1251 3102 1251 2865 1251 2869 1251 3104 1251 2868 1251 3104 1251 3103 1251 2868 1251 2870 1251 3105 1251 2869 1251 3105 1251 3104 1251 2869 1251 3106 1251 3105 1251 2870 1251 2871 1251 3106 1251 2870 1251 3107 1251 3106 1251 2871 1251 2872 1251 3107 1251 2871 1251 3108 1251 3107 1251 2872 1251 2873 1251 3108 1251 2872 1251 2874 1251 3109 1251 2873 1251 3109 1251 3108 1251 2873 1251 2875 1251 3110 1251 2874 1251 3110 1251 3109 1251 2874 1251 2876 1251 3111 1251 2875 1251 3111 1251 3110 1251 2875 1251 3089 1251 3111 1251 2876 1251 3112 1251 3111 1251 3089 1251 3090 2098 3113 2098 3089 2098 3113 2094 3112 2094 3089 2094 2894 2099 3114 2099 3091 2099 3114 2100 3115 2100 3091 2100 3115 2101 3092 2101 3091 2101 3116 1251 3114 1251 2894 1251 3117 1251 3116 1251 2894 1251 2897 1251 3117 1251 2894 1251 2898 1251 3118 1251 2897 1251 3118 1251 3117 1251 2897 1251 2899 1251 3119 1251 2898 1251 3119 1251 3118 1251 2898 1251 2900 1251 3120 1251 2899 1251 3120 1251 3119 1251 2899 1251 2901 1251 3121 1251 2900 1251 3121 1251 3120 1251 2900 1251 3122 1251 3121 1251 2901 1251 2902 1251 3122 1251 2901 1251 2903 1251 3123 1251 2902 1251 3123 1251 3122 1251 2902 1251 2904 1251 3124 1251 2903 1251 3124 1251 3123 1251 2903 1251 3125 1251 3124 1251 2904 1251 2905 1251 3125 1251 2904 1251 3126 1251 3125 1251 2905 1251 2923 1251 3126 1251 2905 1251 2926 34 3127 34 2923 34 3127 34 3126 34 2923 34 3128 1251 3097 1251 3098 1251 3099 2102 3129 2102 3098 2102 3129 2103 3128 2103 3098 2103 3102 1251 3130 1251 3100 1251 3130 2104 3131 2104 3100 2104 3131 2104 3101 2104 3100 2104 3132 1251 3111 1251 3112 1251 3113 2102 3133 2102 3112 2102 3133 2105 3132 2105 3112 2105 3116 1251 3134 1251 3114 1251 3134 2104 3135 2104 3114 2104 3135 2104 3115 2104 3114 2104 3136 1251 3097 1251 3128 1251 3129 2106 3137 2106 3128 2106 3137 2107 3136 2107 3128 2107 3102 2108 3138 2108 3130 2108 3138 2109 3139 2109 3130 2109 3139 2110 3131 2110 3130 2110 3140 2111 3111 2111 3132 2111 3133 2112 3141 2112 3132 2112 3141 2113 3140 2113 3132 2113 3116 2114 3142 2114 3134 2114 3142 2109 3143 2109 3134 2109 3143 2110 3135 2110 3134 2110 3144 2115 3102 2115 3136 2115 3102 1251 3097 1251 3136 1251 3137 2116 3145 2116 3136 2116 3145 2117 3144 2117 3136 2117 3102 2118 3144 2118 3138 2118 3144 2119 3146 2119 3138 2119 3146 2120 3139 2120 3138 2120 3147 1251 3111 1251 3140 1251 3141 2121 3148 2121 3140 2121 3148 2122 3147 2122 3140 2122 3116 1251 3147 1251 3142 1251 3147 2123 3149 2123 3142 2123 3149 2124 3143 2124 3142 2124 3145 2125 3146 2125 3144 2125 3116 2126 3111 2126 3147 2126 3148 2127 3149 2127 3147 2127 3150 1251 3151 1251 3094 1251 3151 2128 3152 2128 3094 2128 3152 2129 3153 2129 3094 2129 3153 2130 3154 2130 3094 2130 3154 1251 3155 1251 3094 1251 3155 1251 3156 1251 3094 1251 3156 1251 3157 1251 3094 1251 3093 1251 3158 1251 3094 1251 3158 2131 3159 2131 3094 2131 3159 1251 3150 1251 3094 1251 3160 84 3095 84 3094 84 3157 84 3160 84 3094 84 3161 1251 3158 1251 3093 1251 3096 1251 195 1251 3093 1251 195 1251 197 1251 3093 1251 197 1251 3161 1251 3093 1251 198 1251 200 1251 3096 1251 200 1251 193 1251 3096 1251 193 1251 195 1251 3096 1251 3097 2132 204 2132 3096 2132 204 1251 202 1251 3096 1251 202 2133 198 2133 3096 2133 212 1251 210 1251 3097 1251 210 1251 208 1251 3097 1251 3162 1251 216 1251 3097 1251 216 1251 214 1251 3097 1251 214 1251 212 1251 3097 1251 208 1251 206 1251 3097 1251 206 1251 204 1251 3097 1251 3102 1251 3163 1251 3097 1251 3163 1251 3162 1251 3097 1251 3103 1251 3164 1251 3102 1251 3164 1251 3163 1251 3102 1251 3104 1251 3165 1251 3103 1251 3165 1251 3164 1251 3103 1251 3105 1251 3166 1251 3104 1251 3166 1251 3165 1251 3104 1251 3167 1251 3166 1251 3105 1251 3106 1251 3167 1251 3105 1251 3168 1251 3167 1251 3106 1251 3107 1251 3168 1251 3106 1251 3169 1251 3168 1251 3107 1251 3108 1251 3169 1251 3107 1251 3109 1251 3170 1251 3108 1251 3170 1251 3169 1251 3108 1251 3110 1251 3171 1251 3109 1251 3171 1251 3170 1251 3109 1251 3111 1251 3172 1251 3110 1251 3172 1251 3171 1251 3110 1251 3116 1251 3173 1251 3111 1251 3173 1251 3172 1251 3111 1251 232 1251 231 1251 3116 1251 231 1251 243 1251 3116 1251 243 1251 251 1251 3116 1251 251 1251 261 1251 3116 1251 261 1251 276 1251 3116 1251 276 1251 284 1251 3116 1251 284 1251 3173 1251 3116 1251 3117 2134 232 2134 3116 2134 253 2135 245 2135 3117 2135 245 2136 234 2136 3117 2136 234 1251 232 1251 3117 1251 286 1251 278 1251 3117 1251 278 1251 263 1251 3117 1251 263 2137 253 2137 3117 2137 3174 1251 302 1251 3117 1251 302 1251 294 1251 3117 1251 294 1251 286 1251 3117 1251 3118 1251 3175 1251 3117 1251 3175 1251 3174 1251 3117 1251 3119 1251 3176 1251 3118 1251 3176 1251 3175 1251 3118 1251 3120 1251 3177 1251 3119 1251 3177 1251 3176 1251 3119 1251 3121 1251 3178 1251 3120 1251 3178 1251 3177 1251 3120 1251 3179 1251 3178 1251 3121 1251 3122 1251 3179 1251 3121 1251 3123 1251 3180 1251 3122 1251 3180 1251 3179 1251 3122 1251 3124 1251 3181 1251 3123 1251 3181 1251 3180 1251 3123 1251 239 2138 237 2138 3124 2138 255 1251 265 1251 3124 1251 265 1251 280 1251 3124 1251 280 2139 288 2139 3124 2139 288 1251 3181 1251 3124 1251 237 1251 236 1251 3124 1251 236 1251 247 1251 3124 1251 247 1251 255 1251 3124 1251 3125 1251 239 1251 3124 1251 282 1251 267 1251 3125 1251 3182 1251 298 1251 3125 1251 298 1251 290 1251 3125 1251 290 1251 282 1251 3125 1251 267 1251 257 1251 3125 1251 257 2140 249 2140 3125 2140 249 2141 239 2141 3125 2141 3183 1251 3182 1251 3125 1251 3126 1251 3183 1251 3125 1251 3127 34 3184 34 3126 34 3184 34 3183 34 3126 34 3185 2142 3158 2142 3161 2142 3186 4 3185 4 3161 4 197 4 3186 4 3161 4 196 4 3186 4 197 4 201 2143 194 2143 193 2143 3185 2144 3187 2144 3158 2144 3187 9 3159 9 3158 9 3187 12 3188 12 3159 12 3188 13 3150 13 3159 13 3188 372 3189 372 3150 372 3189 17 3151 17 3150 17 3189 2145 3190 2145 3151 2145 3190 2146 3152 2146 3151 2146 3190 2147 3191 2147 3152 2147 3191 2148 3153 2148 3152 2148 3191 2149 3192 2149 3153 2149 3192 2150 3154 2150 3153 2150 3192 2151 3193 2151 3154 2151 3193 27 3155 27 3154 27 3193 27 3194 27 3155 27 3194 2152 3156 2152 3155 2152 3195 1251 3157 1251 3156 1251 3194 484 3196 484 3156 484 3196 34 3195 34 3156 34 3197 1251 3157 1251 3195 1251 3196 34 3198 34 3195 34 3198 2153 3197 2153 3195 2153 3162 2154 218 2154 216 2154 3199 1251 3157 1251 3197 1251 3198 40 3200 40 3197 40 3200 39 3199 39 3197 39 3162 2155 220 2155 218 2155 3201 2156 3157 2156 3199 2156 3200 39 3202 39 3199 39 3202 1922 3201 1922 3199 1922 3162 2157 222 2157 220 2157 3203 2158 3157 2158 3201 2158 3202 2159 3204 2159 3201 2159 3204 1925 3203 1925 3201 1925 3162 2160 224 2160 222 2160 3205 2161 3157 2161 3203 2161 3204 2162 3206 2162 3203 2162 3206 1947 3205 1947 3203 1947 3162 2163 226 2163 224 2163 3207 1251 3157 1251 3205 1251 3206 2164 3208 2164 3205 2164 3208 2165 3207 2165 3205 2165 3162 2166 228 2166 226 2166 3209 1251 3157 1251 3207 1251 3208 55 3210 55 3207 55 3210 461 3209 461 3207 461 3211 2167 240 2167 228 2167 3162 2168 3211 2168 228 2168 3212 1251 3213 1251 3209 1251 3213 1251 3157 1251 3209 1251 3210 2169 3214 2169 3209 2169 3214 1971 3212 1971 3209 1971 3211 1251 258 1251 240 1251 272 1251 3213 1251 3212 1251 3214 63 3215 63 3212 63 3215 64 272 64 3212 64 3211 1251 268 1251 258 1251 3211 1251 274 1251 268 1251 273 1980 269 1980 268 1980 271 1251 3213 1251 272 1251 3215 2170 270 2170 272 2170 274 1251 3211 1251 271 1251 3211 1251 3213 1251 271 1251 270 66 3216 66 271 66 3216 66 274 66 271 66 3216 66 273 66 274 66 292 1251 3173 1251 284 1251 296 1251 3181 1251 288 1251 300 1251 3173 1251 292 1251 304 1251 3181 1251 296 1251 3182 2171 306 2171 298 2171 308 1251 3173 1251 300 1251 3174 2172 310 2172 302 2172 312 1251 3181 1251 304 1251 3182 2173 314 2173 306 2173 316 1251 3173 1251 308 1251 3174 1251 318 1251 310 1251 320 1251 3181 1251 312 1251 3182 1251 322 1251 314 1251 324 1251 3173 1251 316 1251 3174 2174 326 2174 318 2174 328 1251 3181 1251 320 1251 3182 2175 330 2175 322 2175 3213 1251 3217 1251 3157 1251 3217 1251 3218 1251 3157 1251 3219 84 3160 84 3157 84 3218 84 3219 84 3157 84 3211 1251 3220 1251 3213 1251 3220 1251 3217 1251 3213 1251 3162 1251 3221 1251 3211 1251 3221 1251 3220 1251 3211 1251 3163 1251 3222 1251 3162 1251 3222 1251 3221 1251 3162 1251 3164 1251 3223 1251 3163 1251 3223 1251 3222 1251 3163 1251 3165 1251 3224 1251 3164 1251 3224 1251 3223 1251 3164 1251 3166 1251 3225 1251 3165 1251 3225 1251 3224 1251 3165 1251 3226 1251 3225 1251 3166 1251 3167 1251 3226 1251 3166 1251 3227 1251 3226 1251 3167 1251 3168 1251 3227 1251 3167 1251 3228 1251 3227 1251 3168 1251 3169 1251 3228 1251 3168 1251 3170 1251 3229 1251 3169 1251 3229 1251 3228 1251 3169 1251 3171 1251 3230 1251 3170 1251 3230 1251 3229 1251 3170 1251 3172 1251 3231 1251 3171 1251 3231 1251 3230 1251 3171 1251 3173 1251 3232 1251 3172 1251 3232 1251 3231 1251 3172 1251 333 1251 332 1251 3173 1251 332 1251 3232 1251 3173 1251 324 1251 333 1251 3173 1251 323 222 334 222 324 222 3174 2176 336 2176 326 2176 335 2177 325 2177 326 2177 350 1251 338 1251 3174 1251 3233 1251 350 1251 3174 1251 338 1251 336 1251 3174 1251 3175 1251 3234 1251 3174 1251 3234 1251 3233 1251 3174 1251 3176 1251 3235 1251 3175 1251 3235 1251 3234 1251 3175 1251 3177 1251 3236 1251 3176 1251 3236 1251 3235 1251 3176 1251 3178 1251 3237 1251 3177 1251 3237 1251 3236 1251 3177 1251 3238 1251 3237 1251 3178 1251 3179 1251 3238 1251 3178 1251 3180 1251 3239 1251 3179 1251 3239 1251 3238 1251 3179 1251 3181 1251 3240 1251 3180 1251 3240 1251 3239 1251 3180 1251 340 1251 3240 1251 3181 1251 341 1251 340 1251 3181 1251 328 1251 341 1251 3181 1251 327 222 342 222 328 222 3182 2178 344 2178 330 2178 343 2177 329 2177 330 2177 3241 1251 354 1251 3182 1251 354 1251 346 1251 3182 1251 346 2179 344 2179 3182 2179 3242 1251 3241 1251 3182 1251 3183 1251 3242 1251 3182 1251 3184 34 3243 34 3183 34 3243 34 3242 34 3183 34 348 1251 3232 1251 332 1251 352 1251 3240 1251 340 1251 356 1251 3232 1251 348 1251 3233 2180 358 2180 350 2180 360 2181 3240 2181 352 2181 3241 2182 362 2182 354 2182 364 1251 3232 1251 356 1251 3233 2183 366 2183 358 2183 368 1251 3240 1251 360 1251 3241 2184 370 2184 362 2184 372 1251 3232 1251 364 1251 3233 2185 374 2185 366 2185 376 1251 3240 1251 368 1251 3241 2186 378 2186 370 2186 380 1251 3232 1251 372 1251 3233 2187 382 2187 374 2187 384 1251 3240 1251 376 1251 3241 2188 386 2188 378 2188 388 1251 3232 1251 380 1251 3233 2189 390 2189 382 2189 392 1251 3240 1251 384 1251 3241 2190 394 2190 386 2190 396 1251 3233 1251 388 1251 3233 2191 3232 2191 388 2191 3233 2192 396 2192 390 2192 399 1251 3240 1251 392 1251 3241 2193 399 2193 394 2193 3241 1251 3240 1251 399 1251 3217 1251 3244 1251 3218 1251 3244 1251 3245 1251 3218 1251 3246 84 3219 84 3218 84 3245 84 3246 84 3218 84 3220 1251 3247 1251 3217 1251 3247 1251 3244 1251 3217 1251 3221 1251 3248 1251 3220 1251 3248 1251 3247 1251 3220 1251 3222 1251 3249 1251 3221 1251 3249 1251 3248 1251 3221 1251 3223 1251 3250 1251 3222 1251 3250 1251 3249 1251 3222 1251 3224 1251 3251 1251 3223 1251 3251 1251 3250 1251 3223 1251 3225 1251 3252 1251 3224 1251 3252 1251 3251 1251 3224 1251 3253 1251 3252 1251 3225 1251 3226 1251 3253 1251 3225 1251 3254 2194 3255 2194 3226 2194 3255 1251 3256 1251 3226 1251 3257 1251 3258 1251 3226 1251 3256 2195 3259 2195 3226 2195 3259 2196 3260 2196 3226 2196 3260 1251 3261 1251 3226 1251 3261 1251 3262 1251 3226 1251 3262 2197 3263 2197 3226 2197 3263 2198 3257 2198 3226 2198 3258 1251 3264 1251 3226 1251 3264 1251 3265 1251 3226 1251 3265 1251 3253 1251 3226 1251 3227 2199 3254 2199 3226 2199 3266 1251 3267 1251 3227 1251 3268 2200 3266 2200 3227 2200 3267 1251 3269 1251 3227 1251 3269 1251 3270 1251 3227 1251 3270 2201 3271 2201 3227 2201 3271 1251 3272 1251 3227 1251 3272 1251 3273 1251 3227 1251 3273 1251 3254 1251 3227 1251 3274 1251 3275 1251 3227 1251 3275 1251 3276 1251 3227 1251 3276 1251 3268 1251 3227 1251 3277 1251 3274 1251 3227 1251 3228 1251 3277 1251 3227 1251 3229 1251 3278 1251 3228 1251 3278 1251 3277 1251 3228 1251 3279 1251 3280 1251 3229 1251 3281 1251 3282 1251 3229 1251 3280 1251 3283 1251 3229 1251 3283 1251 3284 1251 3229 1251 3284 1251 3281 1251 3229 1251 3282 2202 3285 2202 3229 2202 3285 1251 3286 1251 3229 1251 3286 1251 3287 1251 3229 1251 3287 2203 3288 2203 3229 2203 3288 1251 3289 1251 3229 1251 3289 1251 3278 1251 3229 1251 3230 2204 3290 2204 3229 2204 3290 2205 3279 2205 3229 2205 3291 1251 3292 1251 3230 1251 3292 2206 3293 2206 3230 2206 3293 2207 3294 2207 3230 2207 3294 2208 3295 2208 3230 2208 3295 2209 3296 2209 3230 2209 3296 2210 3297 2210 3230 2210 3297 2211 3290 2211 3230 2211 3298 1251 3299 1251 3230 1251 3299 1251 3300 1251 3230 1251 3300 2212 3291 2212 3230 2212 3231 1251 3301 1251 3230 1251 3301 1251 3298 1251 3230 1251 3232 1251 3302 1251 3231 1251 3302 1251 3301 1251 3231 1251 3233 1251 3303 1251 3232 1251 3303 1251 3302 1251 3232 1251 3234 1251 3304 1251 3233 1251 3304 1251 3303 1251 3233 1251 3235 1251 3305 1251 3234 1251 3305 1251 3304 1251 3234 1251 3236 1251 3306 1251 3235 1251 3306 1251 3305 1251 3235 1251 3237 1251 3307 1251 3236 1251 3307 1251 3306 1251 3236 1251 3308 1251 3307 1251 3237 1251 3238 1251 3308 1251 3237 1251 3239 1251 3309 1251 3238 1251 3309 1251 3308 1251 3238 1251 3240 1251 3310 1251 3239 1251 3310 1251 3309 1251 3239 1251 3241 1251 3311 1251 3240 1251 3311 1251 3310 1251 3240 1251 3312 1251 3311 1251 3241 1251 3242 1251 3312 1251 3241 1251 3243 34 3313 34 3242 34 3313 34 3312 34 3242 34 3314 2213 3315 2213 3255 2213 3254 1411 3314 1411 3255 1411 3315 2214 3256 2214 3255 2214 3316 2213 3317 2213 3279 2213 3290 1411 3316 1411 3279 1411 3317 2215 3280 2215 3279 2215 3318 1417 3259 1417 3256 1417 3315 2216 3318 2216 3256 2216 3319 1418 3314 1418 3254 1418 3273 1419 3319 1419 3254 1419 3320 1417 3283 1417 3280 1417 3317 2217 3320 2217 3280 2217 3321 1418 3316 1418 3290 1418 3297 1419 3321 1419 3290 1419 3322 2218 3260 2218 3259 2218 3318 1424 3322 1424 3259 1424 3323 2219 3319 2219 3273 2219 3272 2220 3323 2220 3273 2220 3324 2218 3284 2218 3283 2218 3320 1424 3324 1424 3283 1424 3325 2219 3321 2219 3297 2219 3296 2220 3325 2220 3297 2220 3326 2221 3261 2221 3260 2221 3322 2222 3326 2222 3260 2222 3327 2223 3323 2223 3272 2223 3271 2224 3327 2224 3272 2224 3328 2221 3281 2221 3284 2221 3324 2222 3328 2222 3284 2222 3329 2223 3325 2223 3296 2223 3295 2224 3329 2224 3296 2224 3330 2225 3262 2225 3261 2225 3326 2226 3330 2226 3261 2226 3331 2227 3327 2227 3271 2227 3270 2228 3331 2228 3271 2228 3332 2225 3282 2225 3281 2225 3328 2226 3332 2226 3281 2226 3333 2229 3329 2229 3295 2229 3294 2230 3333 2230 3295 2230 3334 2231 3263 2231 3262 2231 3330 2232 3334 2232 3262 2232 3335 2233 3331 2233 3270 2233 3269 2234 3335 2234 3270 2234 3336 2231 3285 2231 3282 2231 3332 2232 3336 2232 3282 2232 3337 2235 3333 2235 3294 2235 3293 2236 3337 2236 3294 2236 3338 1448 3257 1448 3263 1448 3334 2237 3338 2237 3263 2237 3339 1451 3335 1451 3269 1451 3267 2238 3339 2238 3269 2238 3340 1448 3286 1448 3285 1448 3336 2237 3340 2237 3285 2237 3341 1451 3337 1451 3293 1451 3292 2238 3341 2238 3293 2238 3342 2239 3258 2239 3257 2239 3338 2240 3342 2240 3257 2240 3343 2241 3339 2241 3267 2241 3266 1456 3343 1456 3267 1456 3344 2239 3287 2239 3286 2239 3340 2240 3344 2240 3286 2240 3345 2241 3341 2241 3292 2241 3291 1456 3345 1456 3292 1456 3346 2242 3264 2242 3258 2242 3342 1457 3346 1457 3258 1457 3347 2243 3343 2243 3266 2243 3268 2244 3347 2244 3266 2244 3348 2242 3288 2242 3287 2242 3344 1457 3348 1457 3287 1457 3349 2243 3345 2243 3291 2243 3300 2244 3349 2244 3291 2244 3350 1475 3265 1475 3264 1475 3346 2245 3350 2245 3264 2245 3351 2246 3347 2246 3268 2246 3276 2246 3351 2246 3268 2246 3352 1475 3289 1475 3288 1475 3348 2245 3352 2245 3288 2245 3353 2246 3349 2246 3300 2246 3299 2246 3353 2246 3300 2246 3354 1251 3253 1251 3265 1251 3355 34 3356 34 3265 34 3356 34 3354 34 3265 34 3350 1475 3355 1475 3265 1475 3275 84 3351 84 3276 84 3357 1251 3278 1251 3289 1251 3358 34 3359 34 3289 34 3359 34 3357 34 3289 34 3352 1475 3358 1475 3289 1475 3298 1251 3360 1251 3299 1251 3360 84 3353 84 3299 84 3361 1251 3253 1251 3354 1251 3356 2247 3361 2247 3354 2247 3274 2248 3362 2248 3275 2248 3363 84 3351 84 3275 84 3364 2249 3363 2249 3275 2249 3362 2250 3364 2250 3275 2250 3365 2251 3278 2251 3357 2251 3359 2247 3365 2247 3357 2247 3298 2252 3366 2252 3360 2252 3367 84 3353 84 3360 84 3368 2249 3367 2249 3360 2249 3366 2250 3368 2250 3360 2250 3369 1251 3253 1251 3361 1251 3370 2253 3369 2253 3361 2253 3356 2247 3370 2247 3361 2247 3274 2254 3371 2254 3362 2254 3372 2255 3364 2255 3362 2255 3371 2256 3372 2256 3362 2256 3373 1251 3278 1251 3365 1251 3374 2253 3373 2253 3365 2253 3359 2247 3374 2247 3365 2247 3298 2257 3375 2257 3366 2257 3376 2255 3368 2255 3366 2255 3375 2256 3376 2256 3366 2256 3377 1251 3253 1251 3369 1251 3378 2258 3377 2258 3369 2258 3370 2259 3378 2259 3369 2259 3274 2260 3379 2260 3371 2260 3380 2261 3372 2261 3371 2261 3379 2262 3380 2262 3371 2262 3381 1251 3278 1251 3373 1251 3382 2258 3381 2258 3373 2258 3374 2259 3382 2259 3373 2259 3298 2263 3383 2263 3375 2263 3384 2261 3376 2261 3375 2261 3383 2262 3384 2262 3375 2262 3385 2264 3253 2264 3377 2264 3386 2265 3385 2265 3377 2265 3378 2266 3386 2266 3377 2266 3274 1251 3387 1251 3379 1251 3388 2267 3380 2267 3379 2267 3387 2268 3388 2268 3379 2268 3389 1251 3278 1251 3381 1251 3390 2265 3389 2265 3381 2265 3382 2266 3390 2266 3381 2266 3298 2269 3391 2269 3383 2269 3392 2270 3384 2270 3383 2270 3391 2271 3392 2271 3383 2271 3393 2272 3253 2272 3385 2272 3394 2273 3393 2273 3385 2273 3386 2274 3394 2274 3385 2274 3274 2275 3395 2275 3387 2275 3396 2276 3388 2276 3387 2276 3395 2277 3396 2277 3387 2277 3397 1251 3278 1251 3389 1251 3398 2273 3397 2273 3389 2273 3390 2274 3398 2274 3389 2274 3298 2278 3399 2278 3391 2278 3400 2276 3392 2276 3391 2276 3399 2277 3400 2277 3391 2277 3401 2279 3253 2279 3393 2279 3402 2280 3401 2280 3393 2280 3394 2281 3402 2281 3393 2281 3274 2282 3403 2282 3395 2282 3404 2283 3396 2283 3395 2283 3403 2284 3404 2284 3395 2284 3405 2285 3278 2285 3397 2285 3406 2286 3405 2286 3397 2286 3398 2281 3406 2281 3397 2281 3298 2287 3407 2287 3399 2287 3408 2288 3400 2288 3399 2288 3407 2289 3408 2289 3399 2289 3409 1251 3253 1251 3401 1251 3410 2290 3409 2290 3401 2290 3402 2291 3410 2291 3401 2291 3274 1251 3411 1251 3403 1251 3412 2292 3404 2292 3403 2292 3411 2293 3412 2293 3403 2293 3413 1251 3278 1251 3405 1251 3414 2294 3413 2294 3405 2294 3406 2295 3414 2295 3405 2295 3298 2296 3415 2296 3407 2296 3416 2292 3408 2292 3407 2292 3415 2293 3416 2293 3407 2293 3417 1251 3253 1251 3409 1251 3418 2297 3417 2297 3409 2297 3410 2298 3418 2298 3409 2298 3274 2299 3419 2299 3411 2299 3420 2300 3412 2300 3411 2300 3419 2301 3420 2301 3411 2301 3421 1251 3278 1251 3413 1251 3422 2297 3421 2297 3413 2297 3414 2302 3422 2302 3413 2302 3298 1251 3423 1251 3415 1251 3424 2303 3416 2303 3415 2303 3423 2303 3424 2303 3415 2303 3425 2304 3253 2304 3417 2304 3426 2305 3425 2305 3417 2305 3418 2297 3426 2297 3417 2297 3274 2306 3427 2306 3419 2306 3428 2307 3420 2307 3419 2307 3427 2308 3428 2308 3419 2308 3429 2309 3278 2309 3421 2309 3430 2310 3429 2310 3421 2310 3422 2297 3430 2297 3421 2297 3298 2311 3431 2311 3423 2311 3432 2312 3424 2312 3423 2312 3431 2313 3432 2313 3423 2313 3427 1251 3253 1251 3425 1251 3433 66 3427 66 3425 66 3426 2314 3433 2314 3425 2314 3274 2315 3253 2315 3427 2315 3433 66 3428 66 3427 66 3298 2316 3278 2316 3429 2316 3431 1251 3298 1251 3429 1251 3434 66 3431 66 3429 66 3430 2317 3434 2317 3429 2317 3434 66 3432 66 3431 66 403 1251 405 1251 3245 1251 405 1251 409 1251 3245 1251 409 1251 413 1251 3245 1251 413 1251 417 1251 3245 1251 417 1251 421 1251 3245 1251 421 1251 425 1251 3245 1251 425 1251 429 1251 3245 1251 429 1251 433 1251 3245 1251 433 1251 437 1251 3245 1251 437 1251 3435 1251 3245 1251 3244 1251 401 1251 3245 1251 401 1251 403 1251 3245 1251 3436 84 3246 84 3245 84 3435 84 3436 84 3245 84 444 1251 454 1251 3244 1251 454 1251 462 1251 3244 1251 462 1251 470 1251 3244 1251 470 2318 482 2318 3244 2318 482 1251 490 1251 3244 1251 490 1251 500 1251 3244 1251 500 1251 3437 1251 3244 1251 414 1251 410 1251 3244 1251 410 1251 406 1251 3244 1251 406 1251 401 1251 3244 1251 434 1251 430 1251 3244 1251 430 1251 426 1251 3244 1251 426 1251 422 1251 3244 1251 422 1251 418 1251 3244 1251 418 1251 414 1251 3244 1251 3437 1251 479 1251 3244 1251 479 1251 438 1251 3244 1251 438 1251 434 1251 3244 1251 3247 1251 445 1251 3244 1251 445 2319 444 2319 3244 2319 464 1251 456 1251 3247 1251 456 1251 447 1251 3247 1251 447 1251 445 1251 3247 1251 492 1251 484 1251 3247 1251 484 1251 472 1251 3247 1251 472 1251 464 1251 3247 1251 3438 1251 512 1251 3247 1251 512 2320 502 2320 3247 2320 502 2321 492 2321 3247 2321 3248 1251 3439 1251 3247 1251 3439 1251 3438 1251 3247 1251 3249 1251 3440 1251 3248 1251 3440 1251 3439 1251 3248 1251 3250 1251 3441 1251 3249 1251 3441 1251 3440 1251 3249 1251 3251 1251 3442 1251 3250 1251 3442 1251 3441 1251 3250 1251 449 1251 458 1251 3251 1251 450 1251 449 1251 3251 1251 458 1251 466 1251 3251 1251 466 1251 474 1251 3251 1251 474 1251 486 1251 3251 1251 486 1251 494 1251 3251 1251 494 1251 504 1251 3251 1251 504 1251 3442 1251 3251 1251 3252 1251 452 1251 3251 1251 452 1251 450 1251 3251 1251 468 1251 460 1251 3252 1251 460 1251 452 1251 3252 1251 496 1251 488 1251 3252 1251 488 1251 476 1251 3252 1251 476 1251 468 1251 3252 1251 3443 1251 516 1251 3252 1251 516 1251 506 1251 3252 1251 506 1251 496 1251 3252 1251 3444 1251 3443 1251 3252 1251 3253 1251 3444 1251 3252 1251 3445 1251 3444 1251 3253 1251 3274 1251 3445 1251 3253 1251 3446 1251 3445 1251 3274 1251 3277 1251 3446 1251 3274 1251 3278 1251 3447 1251 3277 1251 3447 1251 3446 1251 3277 1251 3298 1251 3448 1251 3278 1251 3448 1251 3447 1251 3278 1251 3301 1251 3449 1251 3298 1251 3449 1251 3448 1251 3298 1251 3302 1251 3450 1251 3301 1251 3450 1251 3449 1251 3301 1251 3303 1251 3451 1251 3302 1251 3451 1251 3450 1251 3302 1251 3304 1251 3452 1251 3303 1251 3452 1251 3451 1251 3303 1251 528 1251 538 1251 3304 1251 529 1251 528 1251 3304 1251 538 1251 550 1251 3304 1251 550 2322 556 2322 3304 2322 556 1251 570 1251 3304 1251 570 1251 584 1251 3304 1251 584 1251 600 1251 3304 1251 600 1251 3452 1251 3304 1251 3305 1251 530 1251 3304 1251 530 1251 529 1251 3304 1251 3453 1251 3454 1251 3305 1251 3454 1251 3455 1251 3305 1251 3455 1251 530 1251 3305 1251 3456 1251 3457 1251 3305 1251 3457 2323 3458 2323 3305 2323 3458 1251 3453 1251 3305 1251 3459 1251 3460 1251 3305 1251 3460 2324 3461 2324 3305 2324 3461 1251 3456 1251 3305 1251 3306 1251 3462 1251 3305 1251 3462 1251 3459 1251 3305 1251 3307 1251 3463 1251 3306 1251 3463 1251 3462 1251 3306 1251 3464 1251 3463 1251 3307 1251 3308 1251 3464 1251 3307 1251 534 1251 533 1251 3308 1251 533 1251 540 1251 3308 1251 540 1251 552 1251 3308 1251 552 2325 558 2325 3308 2325 558 1251 572 1251 3308 1251 572 1251 586 1251 3308 1251 586 1251 3464 1251 3308 1251 3309 1251 535 1251 3308 1251 535 2326 534 2326 3308 2326 3465 1251 3466 1251 3309 1251 3466 1251 535 1251 3309 1251 3467 1251 3468 1251 3309 1251 3468 2327 3469 2327 3309 2327 3470 1251 3471 1251 3309 1251 3471 1251 3472 1251 3309 1251 3472 1251 3467 1251 3309 1251 3469 1251 3473 1251 3309 1251 3473 1251 3474 1251 3309 1251 3474 1251 3465 1251 3309 1251 3310 1251 3475 1251 3309 1251 3475 1251 3470 1251 3309 1251 3311 1251 3476 1251 3310 1251 3476 1251 3475 1251 3310 1251 3477 1251 3476 1251 3311 1251 3312 1251 3477 1251 3311 1251 3313 34 3478 34 3312 34 3478 34 3477 34 3312 34 442 1251 3435 1251 437 1251 3479 1251 3435 1251 442 1251 441 2328 3479 2328 442 2328 3437 2329 477 2329 479 2329 3480 2330 3435 2330 3479 2330 441 2331 3481 2331 3479 2331 3481 2332 3480 2332 3479 2332 3437 2333 497 2333 477 2333 3482 1251 3435 1251 3480 1251 3481 2334 3483 2334 3480 2334 3483 2335 3482 2335 3480 2335 3437 2336 507 2336 497 2336 510 2337 3437 2337 500 2337 514 1251 3442 1251 504 1251 518 1251 3437 1251 510 1251 3438 2338 520 2338 512 2338 522 1251 3442 1251 514 1251 3443 2339 524 2339 516 2339 3484 1251 3435 1251 3482 1251 3483 1400 3485 1400 3482 1400 3485 2340 3484 2340 3482 2340 3437 2341 525 2341 507 2341 3455 2342 3486 2342 530 2342 3486 2343 531 2343 530 2343 3466 2342 3487 2342 535 2342 3487 2343 536 2343 535 2343 3454 2344 3488 2344 3455 2344 3488 2345 3486 2345 3455 2345 3465 142 3489 142 3466 142 3489 2346 3487 2346 3466 2346 542 1251 3437 1251 518 1251 3438 1251 544 1251 520 1251 546 1251 3442 1251 522 1251 3443 1251 548 1251 524 1251 3453 107 3490 107 3454 107 3490 2347 3488 2347 3454 2347 3474 2348 3491 2348 3465 2348 3491 2349 3489 2349 3465 2349 3492 1251 3435 1251 3484 1251 3485 1834 3493 1834 3484 1834 3493 2350 3492 2350 3484 2350 3437 2351 553 2351 525 2351 3458 2352 3494 2352 3453 2352 3494 2353 3490 2353 3453 2353 3473 2354 3495 2354 3474 2354 3495 2355 3491 2355 3474 2355 560 1251 3437 1251 542 1251 3438 2356 562 2356 544 2356 564 1251 3442 1251 546 1251 3443 2357 566 2357 548 2357 3496 1251 3435 1251 3492 1251 3493 2358 3497 2358 3492 2358 3497 2359 3496 2359 3492 2359 3437 2360 567 2360 553 2360 3457 2361 3498 2361 3458 2361 3498 112 3494 112 3458 112 3469 2361 3499 2361 3473 2361 3499 112 3495 112 3473 112 574 2362 3437 2362 560 2362 3438 2363 576 2363 562 2363 578 1251 3442 1251 564 1251 3443 2364 580 2364 566 2364 3500 1251 3435 1251 3496 1251 3497 2365 3501 2365 3496 2365 3501 2366 3500 2366 3496 2366 3437 2367 581 2367 567 2367 3456 77 3502 77 3457 77 3502 2368 3498 2368 3457 2368 3468 77 3503 77 3469 77 3503 2368 3499 2368 3469 2368 3504 1251 3435 1251 3500 1251 3501 2369 3505 2369 3500 2369 3505 2370 3504 2370 3500 2370 3437 2371 587 2371 581 2371 590 1251 3437 1251 574 1251 3438 2372 592 2372 576 2372 594 1251 3442 1251 578 1251 3443 2373 596 2373 580 2373 3506 1251 3435 1251 3504 1251 3505 2374 3507 2374 3504 2374 3507 1873 3506 1873 3504 1873 3437 2375 597 2375 587 2375 3461 150 3508 150 3456 150 3508 2376 3502 2376 3456 2376 602 2377 3464 2377 586 2377 3467 150 3509 150 3468 150 3509 2376 3503 2376 3468 2376 603 2378 3435 2378 3506 2378 3507 2379 3510 2379 3506 2379 3510 2380 603 2380 3506 2380 3437 2381 603 2381 597 2381 606 1251 3437 1251 590 1251 3438 2382 608 2382 592 2382 610 1251 3442 1251 594 1251 3443 2383 612 2383 596 2383 3437 1251 3435 1251 603 1251 3510 2384 604 2384 603 2384 614 2385 3437 2385 606 2385 3438 2386 616 2386 608 2386 618 1251 3442 1251 610 1251 3443 2387 620 2387 612 2387 622 1251 3452 1251 600 1251 3460 2388 3511 2388 3461 2388 3511 2389 3508 2389 3461 2389 624 1251 3464 1251 602 1251 3472 117 3512 117 3467 117 3512 117 3509 117 3467 117 626 1251 3437 1251 614 1251 3438 2390 628 2390 616 2390 630 1251 3442 1251 618 1251 3443 2391 632 2391 620 2391 634 1251 3437 1251 626 1251 3438 2392 636 2392 628 2392 638 1251 3442 1251 630 1251 3443 2393 640 2393 632 2393 642 1251 3452 1251 622 1251 3459 2394 3513 2394 3460 2394 3513 2395 3514 2395 3460 2395 3514 2396 3511 2396 3460 2396 644 2397 3464 2397 624 2397 3471 2398 3515 2398 3472 2398 3515 2399 3512 2399 3472 2399 646 1251 3437 1251 634 1251 3438 2400 648 2400 636 2400 650 1251 3442 1251 638 1251 3443 2401 652 2401 640 2401 654 2402 3437 2402 646 2402 3438 2403 654 2403 648 2403 657 1251 3442 1251 650 1251 3443 2404 657 2404 652 2404 3438 1251 3437 1251 654 1251 3443 1251 3442 1251 657 1251 660 1251 3452 1251 642 1251 3459 1251 3516 1251 3513 1251 3516 84 3517 84 3513 84 3517 84 3514 84 3513 84 662 1251 3464 1251 644 1251 3470 1251 3518 1251 3471 1251 3518 84 3519 84 3471 84 3519 84 3515 84 3471 84 664 1251 3452 1251 660 1251 3459 2405 3520 2405 3516 2405 3520 2406 3521 2406 3516 2406 3521 2407 3517 2407 3516 2407 666 2408 3464 2408 662 2408 3470 2409 3522 2409 3518 2409 3522 2410 3523 2410 3518 2410 3523 2411 3519 2411 3518 2411 668 1251 3452 1251 664 1251 3459 2412 3524 2412 3520 2412 3524 2413 3525 2413 3520 2413 3525 2414 3521 2414 3520 2414 670 1251 3464 1251 666 1251 3470 2415 3526 2415 3522 2415 3526 123 3527 123 3522 123 3527 123 3523 123 3522 123 672 1251 3452 1251 668 1251 3459 2416 3528 2416 3524 2416 3528 2417 3529 2417 3524 2417 3529 2418 3525 2418 3524 2418 674 1251 3464 1251 670 1251 3470 2419 3530 2419 3526 2419 3530 2420 3531 2420 3526 2420 3531 2421 3527 2421 3526 2421 3532 1251 3533 1251 3435 1251 3437 1251 3532 1251 3435 1251 3534 84 3436 84 3435 84 3533 84 3534 84 3435 84 3535 1251 3532 1251 3437 1251 3438 1251 3535 1251 3437 1251 3439 1251 3536 1251 3438 1251 3536 1251 3535 1251 3438 1251 3440 1251 3537 1251 3439 1251 3537 1251 3536 1251 3439 1251 3441 1251 3538 1251 3440 1251 3538 1251 3537 1251 3440 1251 3442 1251 3539 1251 3441 1251 3539 1251 3538 1251 3441 1251 3540 1251 3539 1251 3442 1251 3443 1251 3540 1251 3442 1251 3541 1251 3540 1251 3443 1251 3444 1251 3541 1251 3443 1251 3542 1251 3541 1251 3444 1251 3445 1251 3542 1251 3444 1251 3543 1251 3542 1251 3445 1251 3446 1251 3543 1251 3445 1251 3447 1251 3544 1251 3446 1251 3544 1251 3543 1251 3446 1251 3448 1251 3545 1251 3447 1251 3545 1251 3544 1251 3447 1251 3449 1251 3546 1251 3448 1251 3546 1251 3545 1251 3448 1251 3450 1251 3547 1251 3449 1251 3547 1251 3546 1251 3449 1251 3451 1251 3548 1251 3450 1251 3548 1251 3547 1251 3450 1251 3452 1251 3549 1251 3451 1251 3549 1251 3548 1251 3451 1251 672 1251 676 1251 3452 1251 676 1251 3549 1251 3452 1251 671 2422 675 2422 672 2422 3459 2423 3550 2423 3528 2423 3550 2424 3551 2424 3528 2424 3551 2425 3529 2425 3528 2425 3552 1251 3553 1251 3459 1251 3553 1251 3550 1251 3459 1251 3462 1251 3554 1251 3459 1251 3554 1251 3552 1251 3459 1251 3463 1251 3555 1251 3462 1251 3555 1251 3554 1251 3462 1251 3556 1251 3555 1251 3463 1251 3464 1251 3556 1251 3463 1251 674 1251 680 1251 3464 1251 680 1251 3556 1251 3464 1251 673 2426 679 2426 674 2426 3470 1251 3557 1251 3530 1251 3557 2427 3558 2427 3530 2427 3558 2428 3531 2428 3530 2428 3559 1251 3557 1251 3470 1251 3475 1251 3560 1251 3470 1251 3560 1251 3559 1251 3470 1251 3476 1251 3561 1251 3475 1251 3561 1251 3560 1251 3475 1251 3562 1251 3561 1251 3476 1251 3477 1251 3562 1251 3476 1251 3478 34 3563 34 3477 34 3563 34 3562 34 3477 34 678 1251 3549 1251 676 1251 3553 2429 3564 2429 3550 2429 3564 2430 3551 2430 3550 2430 682 1251 3556 1251 680 1251 3559 2431 3565 2431 3557 2431 3565 2429 3566 2429 3557 2429 3566 2430 3558 2430 3557 2430 684 1251 3549 1251 678 1251 3552 2432 3567 2432 3553 2432 3567 129 3568 129 3553 129 3568 2433 3564 2433 3553 2433 686 1251 3556 1251 682 1251 3559 2434 3569 2434 3565 2434 3569 129 3570 129 3565 129 3570 2433 3566 2433 3565 2433 688 2435 3549 2435 684 2435 3552 2436 3571 2436 3567 2436 3571 131 3572 131 3567 131 3572 2437 3568 2437 3567 2437 690 2438 3556 2438 686 2438 3559 2439 3573 2439 3569 2439 3573 1352 3574 1352 3569 1352 3574 2440 3570 2440 3569 2440 692 1251 3549 1251 688 1251 3552 2441 3575 2441 3571 2441 3575 2442 3576 2442 3571 2442 3576 166 3572 166 3571 166 694 1251 3556 1251 690 1251 3559 2443 3577 2443 3573 2443 3577 2444 3578 2444 3573 2444 3578 2445 3574 2445 3573 2445 696 1251 3549 1251 692 1251 3552 2446 3579 2446 3575 2446 3579 2447 3580 2447 3575 2447 3580 2448 3576 2448 3575 2448 698 1251 3556 1251 694 1251 3559 2449 3581 2449 3577 2449 3581 180 3582 180 3577 180 3582 2450 3578 2450 3577 2450 700 1251 3549 1251 696 1251 3552 2451 705 2451 3579 2451 705 2452 704 2452 3579 2452 704 2453 3580 2453 3579 2453 702 1251 3556 1251 698 1251 3559 2454 708 2454 3581 2454 708 2452 707 2452 3581 2452 707 2453 3582 2453 3581 2453 3552 1251 3549 1251 700 1251 705 1251 3552 1251 700 1251 3559 2455 3556 2455 702 2455 708 1251 3559 1251 702 1251 3583 1251 3584 1251 3533 1251 3532 1251 3583 1251 3533 1251 3585 84 3534 84 3533 84 3584 84 3585 84 3533 84 3586 1251 3583 1251 3532 1251 3535 1251 3586 1251 3532 1251 3536 1251 3587 1251 3535 1251 3587 1251 3586 1251 3535 1251 3537 1251 3588 1251 3536 1251 3588 1251 3587 1251 3536 1251 3538 1251 3589 1251 3537 1251 3589 1251 3588 1251 3537 1251 3539 1251 3590 1251 3538 1251 3590 1251 3589 1251 3538 1251 3591 1251 3590 1251 3539 1251 3540 1251 3591 1251 3539 1251 3592 1251 3591 1251 3540 1251 3541 1251 3592 1251 3540 1251 3593 2456 3594 2456 3541 2456 3594 1251 3595 1251 3541 1251 3595 2457 3596 2457 3541 2457 3596 2458 3597 2458 3541 2458 3597 1251 3598 1251 3541 1251 3598 1251 3599 1251 3541 1251 3599 2459 3600 2459 3541 2459 3600 2460 3601 2460 3541 2460 3601 1251 3602 1251 3541 1251 3602 1251 3603 1251 3541 1251 3603 1251 3604 1251 3541 1251 3604 1251 3592 1251 3541 1251 3542 2461 3593 2461 3541 2461 3605 1251 3606 1251 3542 1251 3606 1251 3607 1251 3542 1251 3607 2462 3608 2462 3542 2462 3608 1251 3609 1251 3542 1251 3609 1251 3610 1251 3542 1251 3610 1251 3593 1251 3542 1251 3611 1251 3612 1251 3542 1251 3612 2463 3613 2463 3542 2463 3613 1251 3605 1251 3542 1251 3614 1251 3611 1251 3542 1251 3543 1251 3614 1251 3542 1251 3544 1251 3615 1251 3543 1251 3615 1251 3614 1251 3543 1251 3616 1251 3617 1251 3544 1251 3618 1251 3619 1251 3544 1251 3617 1251 3620 1251 3544 1251 3620 1251 3621 1251 3544 1251 3621 1251 3618 1251 3544 1251 3619 2464 3622 2464 3544 2464 3622 1251 3623 1251 3544 1251 3623 1251 3624 1251 3544 1251 3624 2465 3625 2465 3544 2465 3625 1251 3626 1251 3544 1251 3626 1251 3615 1251 3544 1251 3545 2466 3627 2466 3544 2466 3627 2467 3616 2467 3544 2467 3628 2468 3629 2468 3545 2468 3630 1251 3631 1251 3545 1251 3631 2469 3632 2469 3545 2469 3632 2470 3628 2470 3545 2470 3629 2471 3633 2471 3545 2471 3633 2472 3634 2472 3545 2472 3634 2473 3627 2473 3545 2473 3635 1251 3636 1251 3545 1251 3636 1251 3637 1251 3545 1251 3637 2474 3630 2474 3545 2474 3546 1251 3638 1251 3545 1251 3638 1251 3635 1251 3545 1251 3547 1251 3639 1251 3546 1251 3639 1251 3638 1251 3546 1251 3548 1251 3640 1251 3547 1251 3640 1251 3639 1251 3547 1251 3549 1251 3641 1251 3548 1251 3641 1251 3640 1251 3548 1251 3552 1251 712 1251 3549 1251 712 1251 711 1251 3549 1251 711 1251 710 1251 3549 1251 710 1251 720 1251 3549 1251 720 1251 724 1251 3549 1251 724 2475 728 2475 3549 2475 728 1251 732 1251 3549 1251 732 1251 736 1251 3549 1251 736 1251 740 1251 3549 1251 740 1251 744 1251 3549 1251 744 1251 748 1251 3549 1251 748 1251 3641 1251 3549 1251 3642 1251 3643 1251 3552 1251 3643 1251 3644 1251 3552 1251 3644 1251 712 1251 3552 1251 3645 1251 3646 1251 3552 1251 3646 1251 3647 1251 3552 1251 3647 2476 3648 2476 3552 2476 3648 1251 3642 1251 3552 1251 3649 1251 3650 1251 3552 1251 3650 2477 3651 2477 3552 2477 3651 2478 3645 2478 3552 2478 3554 1251 3652 1251 3552 1251 3652 1251 3649 1251 3552 1251 3555 1251 3653 1251 3554 1251 3653 1251 3652 1251 3554 1251 3654 1251 3653 1251 3555 1251 3556 1251 3654 1251 3555 1251 715 1251 722 1251 3556 1251 722 1251 726 1251 3556 1251 726 2479 730 2479 3556 2479 3559 1251 717 1251 3556 1251 717 2480 716 2480 3556 2480 716 1251 715 1251 3556 1251 730 1251 734 1251 3556 1251 734 1251 738 1251 3556 1251 738 2481 742 2481 3556 2481 742 1251 746 1251 3556 1251 746 2482 750 2482 3556 2482 750 1251 3654 1251 3556 1251 3655 1251 3656 1251 3559 1251 3656 1251 717 1251 3559 1251 3657 1251 3658 1251 3559 1251 3658 2483 3659 2483 3559 2483 3660 1251 3661 1251 3559 1251 3661 1251 3662 1251 3559 1251 3662 1251 3657 1251 3559 1251 3659 1251 3663 1251 3559 1251 3663 1251 3664 1251 3559 1251 3664 1251 3655 1251 3559 1251 3560 1251 3665 1251 3559 1251 3665 1251 3660 1251 3559 1251 3561 1251 3666 1251 3560 1251 3666 1251 3665 1251 3560 1251 3667 1251 3666 1251 3561 1251 3562 1251 3667 1251 3561 1251 3563 34 3668 34 3562 34 3668 34 3667 34 3562 34 3644 2342 3669 2342 712 2342 3669 2484 713 2484 712 2484 3656 2342 3670 2342 717 2342 3670 2484 718 2484 717 2484 3643 2485 3671 2485 3644 2485 3671 2486 3669 2486 3644 2486 3655 2487 3672 2487 3656 2487 3672 105 3670 105 3656 105 3642 107 3673 107 3643 107 3673 108 3671 108 3643 108 3664 2348 3674 2348 3655 2348 3674 2488 3672 2488 3655 2488 3648 2352 3675 2352 3642 2352 3675 110 3673 110 3642 110 3663 2354 3676 2354 3664 2354 3676 2489 3674 2489 3664 2489 3647 2490 3677 2490 3648 2490 3677 2491 3675 2491 3648 2491 3659 2490 3678 2490 3663 2490 3678 2491 3676 2491 3663 2491 3646 148 3679 148 3647 148 3679 114 3677 114 3647 114 3658 148 3680 148 3659 148 3680 114 3678 114 3659 114 3645 150 3681 150 3646 150 3681 2376 3679 2376 3646 2376 3657 150 3682 150 3658 150 3682 2376 3680 2376 3658 2376 3651 2492 3683 2492 3645 2492 3683 2389 3681 2389 3645 2389 3662 2493 3684 2493 3657 2493 3684 117 3682 117 3657 117 3650 2494 3685 2494 3651 2494 3685 2396 3683 2396 3651 2396 3661 152 3686 152 3662 152 3686 2399 3684 2399 3662 2399 752 1251 3641 1251 748 1251 3649 1251 3687 1251 3650 1251 3687 84 3688 84 3650 84 3688 84 3685 84 3650 84 754 1251 3654 1251 750 1251 3660 1251 3689 1251 3661 1251 3689 84 3690 84 3661 84 3690 84 3686 84 3661 84 756 1251 3641 1251 752 1251 3649 2495 3691 2495 3687 2495 3691 2496 3692 2496 3687 2496 3692 2497 3688 2497 3687 2497 758 2498 3654 2498 754 2498 3660 2499 3693 2499 3689 2499 3693 2500 3694 2500 3689 2500 3694 2501 3690 2501 3689 2501 3695 2502 3696 2502 3594 2502 3593 2503 3695 2503 3594 2503 3696 2504 3595 2504 3594 2504 3697 2502 3698 2502 3616 2502 3627 2503 3697 2503 3616 2503 3698 2505 3617 2505 3616 2505 760 1251 3641 1251 756 1251 3649 2506 3699 2506 3691 2506 3699 2507 3700 2507 3691 2507 3700 2508 3692 2508 3691 2508 762 1251 3654 1251 758 1251 3660 2509 3701 2509 3693 2509 3701 2510 3702 2510 3693 2510 3702 2510 3694 2510 3693 2510 3703 1417 3596 1417 3595 1417 3696 2511 3703 2511 3595 2511 3704 1418 3695 1418 3593 1418 3610 1419 3704 1419 3593 1419 3705 1417 3620 1417 3617 1417 3698 2512 3705 2512 3617 2512 3706 1418 3697 1418 3627 1418 3634 1419 3706 1419 3627 1419 3707 2513 3597 2513 3596 2513 3703 1424 3707 1424 3596 1424 3708 1422 3704 1422 3610 1422 3609 2514 3708 2514 3610 2514 3709 2513 3621 2513 3620 2513 3705 1424 3709 1424 3620 1424 3710 1422 3706 1422 3634 1422 3633 2514 3710 2514 3634 2514 3711 2515 3598 2515 3597 2515 3707 2516 3711 2516 3597 2516 3712 2517 3708 2517 3609 2517 3608 2224 3712 2224 3609 2224 3713 2515 3618 2515 3621 2515 3709 2516 3713 2516 3621 2516 3714 2517 3710 2517 3633 2517 3629 2224 3714 2224 3633 2224 764 1251 3641 1251 760 1251 3649 2518 3715 2518 3699 2518 3715 2519 3716 2519 3699 2519 3716 126 3700 126 3699 126 766 2520 3654 2520 762 2520 3660 1251 3717 1251 3701 1251 3717 2519 3718 2519 3701 2519 3718 126 3702 126 3701 126 3719 2521 3599 2521 3598 2521 3711 2226 3719 2226 3598 2226 3720 2522 3712 2522 3608 2522 3607 2228 3720 2228 3608 2228 3721 2521 3619 2521 3618 2521 3713 2226 3721 2226 3618 2226 3722 2523 3714 2523 3629 2523 3628 2230 3722 2230 3629 2230 3723 2524 3600 2524 3599 2524 3719 2232 3723 2232 3599 2232 3724 1444 3720 1444 3607 1444 3606 1445 3724 1445 3607 1445 3725 2524 3622 2524 3619 2524 3721 2232 3725 2232 3619 2232 3726 2525 3722 2525 3628 2525 3632 2525 3726 2525 3628 2525 768 1251 3641 1251 764 1251 3649 2526 3727 2526 3715 2526 3727 127 3728 127 3715 127 3728 2527 3716 2527 3715 2527 770 1251 3654 1251 766 1251 3660 2528 3729 2528 3717 2528 3729 127 3730 127 3717 127 3730 2527 3718 2527 3717 2527 3731 2529 3601 2529 3600 2529 3723 2530 3731 2530 3600 2530 3732 2531 3724 2531 3606 2531 3605 1452 3732 1452 3606 1452 3733 2529 3623 2529 3622 2529 3725 2530 3733 2530 3622 2530 3734 2531 3726 2531 3632 2531 3631 1452 3734 1452 3632 1452 772 1251 3641 1251 768 1251 3649 2532 3735 2532 3727 2532 3735 129 3736 129 3727 129 3736 2433 3728 2433 3727 2433 774 1251 3654 1251 770 1251 3660 2533 3737 2533 3729 2533 3737 129 3738 129 3729 129 3738 2433 3730 2433 3729 2433 3739 2239 3602 2239 3601 2239 3731 1453 3739 1453 3601 1453 3740 2241 3732 2241 3605 2241 3613 1456 3740 1456 3605 1456 3741 2239 3624 2239 3623 2239 3733 1453 3741 1453 3623 1453 3742 2241 3734 2241 3631 2241 3630 1456 3742 1456 3631 1456 776 2534 3641 2534 772 2534 3649 2535 3743 2535 3735 2535 3743 131 3744 131 3735 131 3744 132 3736 132 3735 132 778 2536 3654 2536 774 2536 3660 2537 3745 2537 3737 2537 3745 1352 3746 1352 3737 1352 3746 1353 3738 1353 3737 1353 780 1251 3641 1251 776 1251 3649 2538 3747 2538 3743 2538 3747 2442 3748 2442 3743 2442 3748 2539 3744 2539 3743 2539 782 1251 3654 1251 778 1251 3660 2540 3749 2540 3745 2540 3749 2444 3750 2444 3745 2444 3750 2541 3746 2541 3745 2541 3751 2542 3603 2542 3602 2542 3739 1457 3751 1457 3602 1457 3752 2543 3740 2543 3613 2543 3612 2544 3752 2544 3613 2544 3753 2542 3625 2542 3624 2542 3741 1457 3753 1457 3624 1457 3754 2543 3742 2543 3630 2543 3637 2544 3754 2544 3630 2544 784 1251 3641 1251 780 1251 3649 2545 3755 2545 3747 2545 3755 2447 3756 2447 3747 2447 3756 2448 3748 2448 3747 2448 786 1251 3654 1251 782 1251 3660 2546 3757 2546 3749 2546 3757 180 3758 180 3749 180 3758 2450 3750 2450 3749 2450 788 1251 3641 1251 784 1251 3649 2547 793 2547 3755 2547 793 2452 792 2452 3755 2452 792 2453 3756 2453 3755 2453 790 1251 3654 1251 786 1251 3660 2548 796 2548 3757 2548 796 2452 795 2452 3757 2452 795 2453 3758 2453 3757 2453 3649 1251 3641 1251 788 1251 793 1251 3649 1251 788 1251 3660 2549 3654 2549 790 2549 796 1251 3660 1251 790 1251 3759 1475 3604 1475 3603 1475 3751 2550 3759 2550 3603 2550 3760 2246 3752 2246 3612 2246 3761 2551 3760 2551 3612 2551 3611 2552 3761 2552 3612 2552 3762 1475 3626 1475 3625 1475 3753 2550 3762 2550 3625 2550 3763 2246 3754 2246 3637 2246 3636 2551 3763 2551 3637 2551 3764 1251 3592 1251 3604 1251 3765 34 3764 34 3604 34 3759 2553 3765 2553 3604 2553 3611 1251 3766 1251 3761 1251 3766 84 3767 84 3761 84 3767 84 3760 84 3761 84 3768 1251 3615 1251 3626 1251 3769 34 3768 34 3626 34 3762 2553 3769 2553 3626 2553 3635 1251 3770 1251 3636 1251 3770 84 3771 84 3636 84 3771 84 3763 84 3636 84 3772 1251 3773 1251 3584 1251 3583 1251 3772 1251 3584 1251 3774 84 3585 84 3584 84 3773 84 3774 84 3584 84 3775 1251 3772 1251 3583 1251 3586 1251 3775 1251 3583 1251 3587 1251 3776 1251 3586 1251 3776 1251 3775 1251 3586 1251 3588 1251 3777 1251 3587 1251 3777 1251 3776 1251 3587 1251 3589 1251 3778 1251 3588 1251 3778 1251 3777 1251 3588 1251 3590 1251 3779 1251 3589 1251 3779 1251 3778 1251 3589 1251 3780 1251 3779 1251 3590 1251 3591 1251 3780 1251 3590 1251 3781 1251 3780 1251 3591 1251 3592 1251 3781 1251 3591 1251 3782 1251 3781 1251 3592 1251 3764 1251 3782 1251 3592 1251 3765 34 3783 34 3764 34 3783 34 3782 34 3764 34 3611 1251 3784 1251 3766 1251 3784 84 3785 84 3766 84 3785 84 3767 84 3766 84 3786 1251 3787 1251 3611 1251 3787 1251 3784 1251 3611 1251 3788 1251 3786 1251 3611 1251 3614 1251 3788 1251 3611 1251 3615 1251 3789 1251 3614 1251 3789 1251 3788 1251 3614 1251 3790 1251 3789 1251 3615 1251 3768 1251 3790 1251 3615 1251 3769 34 3791 34 3768 34 3791 34 3790 34 3768 34 3635 1251 3792 1251 3770 1251 3792 84 3793 84 3770 84 3793 84 3771 84 3770 84 3794 1251 3792 1251 3635 1251 3795 1251 3794 1251 3635 1251 3638 1251 3796 1251 3635 1251 3796 1251 3795 1251 3635 1251 3639 1251 3797 1251 3638 1251 3797 1251 3796 1251 3638 1251 3640 1251 3798 1251 3639 1251 3798 1251 3797 1251 3639 1251 3641 1251 3799 1251 3640 1251 3799 1251 3798 1251 3640 1251 3800 1251 3799 1251 3641 1251 3649 1251 3800 1251 3641 1251 3652 1251 3801 1251 3649 1251 3801 1251 3800 1251 3649 1251 3653 1251 3802 1251 3652 1251 3802 1251 3801 1251 3652 1251 3803 1251 3802 1251 3653 1251 3654 1251 3803 1251 3653 1251 3804 1251 3803 1251 3654 1251 3660 1251 3804 1251 3654 1251 3665 1251 3805 1251 3660 1251 3805 1251 3804 1251 3660 1251 3666 1251 3806 1251 3665 1251 3806 1251 3805 1251 3665 1251 3807 1251 3806 1251 3666 1251 3667 1251 3807 1251 3666 1251 3668 34 3808 34 3667 34 3808 34 3807 34 3667 34 3809 1251 3781 1251 3782 1251 3783 34 3810 34 3782 34 3810 2554 3809 2554 3782 2554 3811 2555 3785 2555 3784 2555 3787 2250 3811 2250 3784 2250 3812 2556 3789 2556 3790 2556 3791 34 3813 34 3790 34 3813 2554 3812 2554 3790 2554 3814 2555 3793 2555 3792 2555 3794 2250 3814 2250 3792 2250 3815 1251 3781 1251 3809 1251 3816 2557 3815 2557 3809 2557 3810 2247 3816 2247 3809 2247 3786 2558 3817 2558 3787 2558 3818 2559 3811 2559 3787 2559 3817 2560 3818 2560 3787 2560 3819 1251 3789 1251 3812 1251 3820 2557 3819 2557 3812 2557 3813 2247 3820 2247 3812 2247 3795 2561 3821 2561 3794 2561 3822 2559 3814 2559 3794 2559 3821 2560 3822 2560 3794 2560 3823 1251 3781 1251 3815 1251 3824 2562 3823 2562 3815 2562 3816 2563 3824 2563 3815 2563 3786 2564 3825 2564 3817 2564 3826 2565 3818 2565 3817 2565 3825 2566 3826 2566 3817 2566 3827 1251 3789 1251 3819 1251 3828 2562 3827 2562 3819 2562 3820 2563 3828 2563 3819 2563 3795 2567 3829 2567 3821 2567 3830 2565 3822 2565 3821 2565 3829 2566 3830 2566 3821 2566 3831 2568 3781 2568 3823 2568 3832 2265 3831 2265 3823 2265 3824 2569 3832 2569 3823 2569 3786 1251 3833 1251 3825 1251 3834 2267 3826 2267 3825 2267 3833 2570 3834 2570 3825 2570 3835 1251 3789 1251 3827 1251 3836 2265 3835 2265 3827 2265 3828 2569 3836 2569 3827 2569 3795 2571 3837 2571 3829 2571 3838 2270 3830 2270 3829 2270 3837 2572 3838 2572 3829 2572 3839 2573 3781 2573 3831 2573 3840 2273 3839 2273 3831 2273 3832 2574 3840 2574 3831 2574 3786 2575 3841 2575 3833 2575 3842 2276 3834 2276 3833 2276 3841 2576 3842 2576 3833 2576 3843 1251 3789 1251 3835 1251 3844 2273 3843 2273 3835 2273 3836 2574 3844 2574 3835 2574 3795 2577 3845 2577 3837 2577 3846 2276 3838 2276 3837 2276 3845 2576 3846 2576 3837 2576 3847 2578 3781 2578 3839 2578 3848 2579 3847 2579 3839 2579 3840 2580 3848 2580 3839 2580 3786 2581 3849 2581 3841 2581 3850 2582 3842 2582 3841 2582 3849 2284 3850 2284 3841 2284 3851 2583 3789 2583 3843 2583 3852 2584 3851 2584 3843 2584 3844 2580 3852 2580 3843 2580 3795 2585 3853 2585 3845 2585 3854 2586 3846 2586 3845 2586 3853 2289 3854 2289 3845 2289 3855 1251 3781 1251 3847 1251 3856 2290 3855 2290 3847 2290 3848 2291 3856 2291 3847 2291 3786 1251 3857 1251 3849 1251 3858 2292 3850 2292 3849 2292 3857 2587 3858 2587 3849 2587 3859 1251 3789 1251 3851 1251 3860 2294 3859 2294 3851 2294 3852 2295 3860 2295 3851 2295 3795 2588 3861 2588 3853 2588 3862 2292 3854 2292 3853 2292 3861 2587 3862 2587 3853 2587 3863 1251 3781 1251 3855 1251 3864 2297 3863 2297 3855 2297 3856 2589 3864 2589 3855 2589 3786 2590 3865 2590 3857 2590 3866 2300 3858 2300 3857 2300 3865 2591 3866 2591 3857 2591 3867 1251 3789 1251 3859 1251 3868 2297 3867 2297 3859 2297 3860 2592 3868 2592 3859 2592 3795 1251 3869 1251 3861 1251 3870 2303 3862 2303 3861 2303 3869 2593 3870 2593 3861 2593 3871 2594 3781 2594 3863 2594 3872 2595 3871 2595 3863 2595 3864 2596 3872 2596 3863 2596 3786 2597 3873 2597 3865 2597 3874 2598 3866 2598 3865 2598 3873 2308 3874 2308 3865 2308 3875 2599 3789 2599 3867 2599 3876 2600 3875 2600 3867 2600 3868 2596 3876 2596 3867 2596 3795 2601 3877 2601 3869 2601 3878 2602 3870 2602 3869 2602 3877 2313 3878 2313 3869 2313 3873 1251 3786 1251 3871 1251 3786 2603 3781 2603 3871 2603 3879 66 3873 66 3871 66 3872 2314 3879 2314 3871 2314 3879 66 3874 66 3873 66 3877 1251 3795 1251 3875 1251 3795 2604 3789 2604 3875 2604 3880 66 3877 66 3875 66 3876 2317 3880 2317 3875 2317 3880 66 3878 66 3877 66 3881 1251 3882 1251 3773 1251 3772 1251 3881 1251 3773 1251 3883 84 3774 84 3773 84 3882 84 3883 84 3773 84 3884 1251 3881 1251 3772 1251 3775 1251 3884 1251 3772 1251 3776 1251 3885 1251 3775 1251 3885 1251 3884 1251 3775 1251 3886 1251 3887 1251 3776 1251 3888 1251 3889 1251 3776 1251 3889 2605 3890 2605 3776 2605 3890 1251 3885 1251 3776 1251 3887 1251 3891 1251 3776 1251 3891 1251 3892 1251 3776 1251 3892 1251 3888 1251 3776 1251 3777 1251 3893 1251 3776 1251 3893 1251 3886 1251 3776 1251 3894 1251 3895 1251 3777 1251 3895 2606 3896 2606 3777 2606 3896 1251 3893 1251 3777 1251 3897 1251 3898 1251 3777 1251 3899 1251 3897 1251 3777 1251 3898 1251 3900 1251 3777 1251 3900 1251 3901 1251 3777 1251 3901 1251 3894 1251 3777 1251 3902 1251 3903 1251 3777 1251 3903 2607 3904 2607 3777 2607 3904 1251 3899 1251 3777 1251 3778 1251 3905 1251 3777 1251 3905 1251 3902 1251 3777 1251 3779 1251 3906 1251 3778 1251 3906 1251 3905 1251 3778 1251 3907 1251 3906 1251 3779 1251 3780 1251 3907 1251 3779 1251 3908 1251 3907 1251 3780 1251 3781 1251 3908 1251 3780 1251 3786 1251 3909 1251 3781 1251 3909 1251 3908 1251 3781 1251 3910 1251 3909 1251 3786 1251 3788 1251 3910 1251 3786 1251 3789 1251 3911 1251 3788 1251 3911 1251 3910 1251 3788 1251 3795 1251 3912 1251 3789 1251 3912 1251 3911 1251 3789 1251 3796 1251 3913 1251 3795 1251 3913 1251 3912 1251 3795 1251 3914 1251 3915 1251 3796 1251 3916 2608 3914 2608 3796 2608 3917 1251 3918 1251 3796 1251 3915 1251 3919 1251 3796 1251 3919 1251 3920 1251 3796 1251 3920 1251 3917 1251 3796 1251 3918 1251 3921 1251 3796 1251 3921 1251 3922 1251 3796 1251 3922 1251 3913 1251 3796 1251 3797 2609 3923 2609 3796 2609 3923 1251 3916 1251 3796 1251 3924 1251 3925 1251 3797 1251 3925 1251 3926 1251 3797 1251 3926 2610 3923 2610 3797 2610 3927 1251 3928 1251 3797 1251 3928 1251 3929 1251 3797 1251 3929 2611 3924 2611 3797 2611 3930 1251 3931 1251 3797 1251 3931 2612 3932 2612 3797 2612 3932 2613 3927 2613 3797 2613 3798 1251 3933 1251 3797 1251 3933 1251 3930 1251 3797 1251 3799 1251 3934 1251 3798 1251 3934 1251 3933 1251 3798 1251 800 1251 799 1251 3799 1251 799 1251 798 1251 3799 1251 798 1251 808 1251 3799 1251 808 1251 812 1251 3799 1251 812 2614 816 2614 3799 2614 816 1251 820 1251 3799 1251 820 1251 824 1251 3799 1251 824 1251 828 1251 3799 1251 828 1251 3934 1251 3799 1251 3800 1251 800 1251 3799 1251 3935 1251 3936 1251 3800 1251 3936 2615 3937 2615 3800 2615 3937 1251 3938 1251 3800 1251 3938 1251 3939 1251 3800 1251 3939 1251 3940 1251 3800 1251 3940 1251 800 1251 3800 1251 3941 1251 3942 1251 3800 1251 3942 2616 3943 2616 3800 2616 3943 1251 3935 1251 3800 1251 3801 1251 3944 1251 3800 1251 3944 1251 3941 1251 3800 1251 3802 1251 3945 1251 3801 1251 3945 1251 3944 1251 3801 1251 3946 1251 3945 1251 3802 1251 3803 1251 3946 1251 3802 1251 814 2617 818 2617 3803 2617 810 1251 814 1251 3803 1251 818 1251 822 1251 3803 1251 822 1251 826 1251 3803 1251 826 1251 3946 1251 3803 1251 805 2618 804 2618 3803 2618 804 1251 803 1251 3803 1251 803 1251 810 1251 3803 1251 3804 1251 805 1251 3803 1251 3947 1251 3948 1251 3804 1251 3948 2619 3949 2619 3804 2619 3949 1251 3950 1251 3804 1251 3950 1251 3951 1251 3804 1251 3951 1251 3952 1251 3804 1251 3952 1251 3953 1251 3804 1251 3953 1251 805 1251 3804 1251 3954 1251 3955 1251 3804 1251 3955 1251 3956 1251 3804 1251 3956 1251 3947 1251 3804 1251 3805 1251 3957 1251 3804 1251 3957 1251 3954 1251 3804 1251 3806 1251 3958 1251 3805 1251 3958 1251 3957 1251 3805 1251 3959 1251 3958 1251 3806 1251 3807 1251 3959 1251 3806 1251 3808 34 3960 34 3807 34 3960 34 3959 34 3807 34 3896 4 3961 4 3893 4 3961 4 3962 4 3893 4 3962 2620 3886 2620 3893 2620 3895 2621 3963 2621 3896 2621 3963 2622 3961 2622 3896 2622 3923 4 3964 4 3916 4 3964 4 3965 4 3916 4 3965 2620 3914 2620 3916 2620 3926 2623 3966 2623 3923 2623 3966 2624 3964 2624 3923 2624 3962 2625 3967 2625 3886 2625 3967 1933 3887 1933 3886 1933 3894 2626 3968 2626 3895 2626 3968 1935 3963 1935 3895 1935 3965 2625 3969 2625 3914 2625 3969 1936 3915 1936 3914 1936 3925 2627 3970 2627 3926 2627 3970 1938 3966 1938 3926 1938 3967 2628 3971 2628 3887 2628 3971 2629 3891 2629 3887 2629 3901 2630 3972 2630 3894 2630 3972 2630 3968 2630 3894 2630 3969 2631 3973 2631 3915 2631 3973 2632 3919 2632 3915 2632 3924 2633 3974 2633 3925 2633 3974 2633 3970 2633 3925 2633 3971 2629 3975 2629 3891 2629 3975 2634 3892 2634 3891 2634 3900 2635 3976 2635 3901 2635 3976 2635 3972 2635 3901 2635 3973 2636 3977 2636 3919 2636 3977 2637 3920 2637 3919 2637 3929 2638 3978 2638 3924 2638 3978 2639 3974 2639 3924 2639 3975 2634 3979 2634 3892 2634 3979 1958 3888 1958 3892 1958 3898 2640 3980 2640 3900 2640 3980 1960 3976 1960 3900 1960 3977 2641 3981 2641 3920 2641 3981 1958 3917 1958 3920 1958 3928 2640 3982 2640 3929 2640 3982 1960 3978 1960 3929 1960 3979 2642 3983 2642 3888 2642 3983 1973 3889 1973 3888 1973 3897 1974 3984 1974 3898 1974 3984 1975 3980 1975 3898 1975 3981 2642 3985 2642 3917 2642 3985 1976 3918 1976 3917 1976 3927 1977 3986 1977 3928 1977 3986 1978 3982 1978 3928 1978 3983 1986 3987 1986 3889 1986 3987 2643 3890 2643 3889 2643 3899 2644 3988 2644 3897 2644 3988 2645 3984 2645 3897 2645 3985 1990 3989 1990 3918 1990 3989 2646 3921 2646 3918 2646 3932 2647 3990 2647 3927 2647 3990 2648 3986 2648 3927 2648 3991 2649 3885 2649 3890 2649 3987 2650 3992 2650 3890 2650 3992 2651 3991 2651 3890 2651 3904 1998 3993 1998 3899 1998 3993 2652 3988 2652 3899 2652 3989 2653 3994 2653 3921 2653 3994 2654 3922 2654 3921 2654 3931 2002 3995 2002 3932 2002 3995 2655 3990 2655 3932 2655 3996 1251 3885 1251 3991 1251 3992 2010 3997 2010 3991 2010 3997 2656 3996 2656 3991 2656 3903 2657 3998 2657 3904 2657 3998 2657 3993 2657 3904 2657 3999 1251 3913 1251 3922 1251 3994 2013 4000 2013 3922 2013 4000 2658 3999 2658 3922 2658 3930 2659 4001 2659 3931 2659 4001 2657 4002 2657 3931 2657 4002 2657 3995 2657 3931 2657 4003 1251 3885 1251 3996 1251 3997 2656 4004 2656 3996 2656 4004 2660 4003 2660 3996 2660 3902 2661 4005 2661 3903 2661 4005 2662 4006 2662 3903 2662 4006 2663 3998 2663 3903 2663 4007 1251 3913 1251 3999 1251 4000 2658 4008 2658 3999 2658 4008 2664 4007 2664 3999 2664 3930 2665 4009 2665 4001 2665 4009 2662 4010 2662 4001 2662 4010 2663 4002 2663 4001 2663 4011 2666 3885 2666 4003 2666 4004 2667 4012 2667 4003 2667 4012 2668 4011 2668 4003 2668 3902 2669 4013 2669 4005 2669 4013 2032 4014 2032 4005 2032 4014 2670 4006 2670 4005 2670 4015 1251 3913 1251 4007 1251 4008 2671 4016 2671 4007 2671 4016 2672 4015 2672 4007 2672 3930 2673 4017 2673 4009 2673 4017 2036 4018 2036 4009 2036 4018 2674 4010 2674 4009 2674 4019 1251 3885 1251 4011 1251 4012 2030 4020 2030 4011 2030 4020 2675 4019 2675 4011 2675 3902 1251 4021 1251 4013 1251 4021 2676 4022 2676 4013 2676 4022 2677 4014 2677 4013 2677 4023 1251 3913 1251 4015 1251 4016 2044 4024 2044 4015 2044 4024 2675 4023 2675 4015 2675 3930 2678 4025 2678 4017 2678 4025 2676 4026 2676 4017 2676 4026 2677 4018 2677 4017 2677 4027 2679 3885 2679 4019 2679 4020 2680 4028 2680 4019 2680 4028 2681 4027 2681 4019 2681 3902 2682 4029 2682 4021 2682 4029 2683 4030 2683 4021 2683 4030 2683 4022 2683 4021 2683 4031 1251 3913 1251 4023 1251 4024 2680 4032 2680 4023 2680 4032 2684 4031 2684 4023 2684 3930 2685 4033 2685 4025 2685 4033 2683 4034 2683 4025 2683 4034 2683 4026 2683 4025 2683 3940 2686 4035 2686 800 2686 4035 2687 801 2687 800 2687 3953 2686 4036 2686 805 2686 4036 2687 806 2687 805 2687 3939 2688 4037 2688 3940 2688 4037 2689 4035 2689 3940 2689 3952 2690 4038 2690 3953 2690 4038 2691 4036 2691 3953 2691 3938 2692 4039 2692 3939 2692 4039 2347 4037 2347 3939 2347 3951 2693 4040 2693 3952 2693 4040 2349 4038 2349 3952 2349 4041 1251 3885 1251 4027 1251 4028 2694 4042 2694 4027 2694 4042 2695 4041 2695 4027 2695 3902 1251 4043 1251 4029 1251 4043 2696 4044 2696 4029 2696 4044 2697 4030 2697 4029 2697 4045 1251 3913 1251 4031 1251 4032 2684 4046 2684 4031 2684 4046 2698 4045 2698 4031 2698 3930 2699 4047 2699 4033 2699 4047 2700 4048 2700 4033 2700 4048 2700 4034 2700 4033 2700 3937 2701 4049 2701 3938 2701 4049 2702 4039 2702 3938 2702 3950 2703 4050 2703 3951 2703 4050 2704 4040 2704 3951 2704 4051 1251 3885 1251 4041 1251 4042 2695 4052 2695 4041 2695 4052 2705 4051 2705 4041 2705 3902 2706 4053 2706 4043 2706 4053 2707 4054 2707 4043 2707 4054 2708 4044 2708 4043 2708 4055 1251 3913 1251 4045 1251 4046 2709 4056 2709 4045 2709 4056 2710 4055 2710 4045 2710 3930 2711 4057 2711 4047 2711 4057 2707 4058 2707 4047 2707 4058 2708 4048 2708 4047 2708 3936 2490 4059 2490 3937 2490 4059 2712 4049 2712 3937 2712 3949 2490 4060 2490 3950 2490 4060 2712 4050 2712 3950 2712 4061 1251 3885 1251 4051 1251 4052 2713 4062 2713 4051 2713 4062 2714 4061 2714 4051 2714 3902 1251 4063 1251 4053 1251 4063 2715 4064 2715 4053 2715 4064 2715 4054 2715 4053 2715 4065 1251 3913 1251 4055 1251 4056 2716 4066 2716 4055 2716 4066 2717 4065 2717 4055 2717 3930 1251 4067 1251 4057 1251 4067 2715 4068 2715 4057 2715 4068 2715 4058 2715 4057 2715 3935 2718 4069 2718 3936 2718 4069 2368 4059 2368 3936 2368 3948 2718 4070 2718 3949 2718 4070 2368 4060 2368 3949 2368 4071 1251 3885 1251 4061 1251 4062 2719 4072 2719 4061 2719 4072 2720 4071 2720 4061 2720 3902 2721 4073 2721 4063 2721 4073 2722 4074 2722 4063 2722 4074 2723 4064 2723 4063 2723 4075 2724 3913 2724 4065 2724 4066 2725 4076 2725 4065 2725 4076 2726 4075 2726 4065 2726 3930 2727 4077 2727 4067 2727 4077 2722 4078 2722 4067 2722 4078 2723 4068 2723 4067 2723 3902 1251 3885 1251 4071 1251 4079 2728 3902 2728 4071 2728 4072 2729 4080 2729 4071 2729 4080 2730 4079 2730 4071 2730 3902 2731 4079 2731 4073 2731 4079 2732 4081 2732 4073 2732 4081 2733 4074 2733 4073 2733 4082 1251 3913 1251 4075 1251 4076 2734 4083 2734 4075 2734 4083 2735 4082 2735 4075 2735 3930 1251 4082 1251 4077 1251 4082 2736 4084 2736 4077 2736 4084 2736 4078 2736 4077 2736 4080 2737 4081 2737 4079 2737 3930 2738 3913 2738 4082 2738 4083 2739 4084 2739 4082 2739 3943 150 4085 150 3935 150 4085 2740 4069 2740 3935 2740 830 2741 3946 2741 826 2741 3947 150 4086 150 3948 150 4086 2740 4070 2740 3948 2740 832 1251 3934 1251 828 1251 3942 2388 4087 2388 3943 2388 4087 2389 4085 2389 3943 2389 834 1251 3946 1251 830 1251 3956 117 4088 117 3947 117 4088 117 4086 117 3947 117 836 1251 3934 1251 832 1251 3941 2742 4089 2742 3942 2742 4089 2395 4090 2395 3942 2395 4090 2396 4087 2396 3942 2396 838 2743 3946 2743 834 2743 3955 2398 4091 2398 3956 2398 4091 2399 4088 2399 3956 2399 840 1251 3934 1251 836 1251 3941 1251 4092 1251 4089 1251 4092 84 4093 84 4089 84 4093 84 4090 84 4089 84 842 1251 3946 1251 838 1251 3954 1251 4094 1251 3955 1251 4094 84 4095 84 3955 84 4095 84 4091 84 3955 84 844 2744 3934 2744 840 2744 3941 2745 4096 2745 4092 2745 4096 2746 4097 2746 4092 2746 4097 2747 4093 2747 4092 2747 846 1251 3946 1251 842 1251 3954 1251 4098 1251 4094 1251 4098 2748 4099 2748 4094 2748 4099 2749 4095 2749 4094 2749 4100 1251 4101 1251 3882 1251 3881 1251 4100 1251 3882 1251 4102 84 3883 84 3882 84 4101 84 4102 84 3882 84 4103 1251 4100 1251 3881 1251 3884 1251 4103 1251 3881 1251 3885 1251 4104 1251 3884 1251 4104 1251 4103 1251 3884 1251 4105 1251 4104 1251 3885 1251 3902 1251 4105 1251 3885 1251 3905 1251 4106 1251 3902 1251 4106 1251 4105 1251 3902 1251 3906 1251 4107 1251 3905 1251 4107 1251 4106 1251 3905 1251 4108 1251 4107 1251 3906 1251 3907 1251 4108 1251 3906 1251 4109 1251 4108 1251 3907 1251 3908 1251 4109 1251 3907 1251 3909 1251 4110 1251 3908 1251 4110 1251 4109 1251 3908 1251 4111 1251 4110 1251 3909 1251 3910 1251 4111 1251 3909 1251 3911 1251 4112 1251 3910 1251 4112 1251 4111 1251 3910 1251 3912 1251 4113 1251 3911 1251 4113 1251 4112 1251 3911 1251 3913 1251 4114 1251 3912 1251 4114 1251 4113 1251 3912 1251 4115 1251 4114 1251 3913 1251 3930 1251 4115 1251 3913 1251 3933 1251 4116 1251 3930 1251 4116 1251 4115 1251 3930 1251 3934 1251 4117 1251 3933 1251 4117 1251 4116 1251 3933 1251 844 2750 848 2750 3934 2750 848 1251 850 1251 3934 1251 850 1251 4117 1251 3934 1251 843 2751 847 2751 844 2751 3941 2752 4118 2752 4096 2752 4118 2753 4119 2753 4096 2753 4119 2754 4097 2754 4096 2754 4120 1251 4121 1251 3941 1251 4121 2755 4122 2755 3941 2755 4122 2756 4118 2756 3941 2756 3944 1251 4123 1251 3941 1251 4123 1251 4120 1251 3941 1251 3945 1251 4124 1251 3944 1251 4124 1251 4123 1251 3944 1251 4125 1251 4124 1251 3945 1251 3946 1251 4125 1251 3945 1251 854 1251 4125 1251 3946 1251 852 1251 854 1251 3946 1251 846 1251 852 1251 3946 1251 845 2757 851 2757 846 2757 3954 2758 4126 2758 4098 2758 4126 2753 4127 2753 4098 2753 4127 2754 4099 2754 4098 2754 4128 1251 4129 1251 3954 1251 4129 2759 4126 2759 3954 2759 3957 1251 4130 1251 3954 1251 4130 1251 4128 1251 3954 1251 3958 1251 4131 1251 3957 1251 4131 1251 4130 1251 3957 1251 4132 1251 4131 1251 3958 1251 3959 1251 4132 1251 3958 1251 3960 34 4133 34 3959 34 4133 34 4132 34 3959 34 4122 2413 4134 2413 4118 2413 4134 2760 4119 2760 4118 2760 4129 123 4135 123 4126 123 4135 2761 4127 2761 4126 2761 856 1251 4117 1251 850 1251 4121 2762 4136 2762 4122 2762 4136 126 4134 126 4122 126 858 2763 4125 2763 854 2763 4128 1251 4137 1251 4129 1251 4137 2762 4138 2762 4129 2762 4138 126 4135 126 4129 126 860 1251 4117 1251 856 1251 4120 2764 4139 2764 4121 2764 4139 2765 4140 2765 4121 2765 4140 2766 4136 2766 4121 2766 862 1251 4125 1251 858 1251 4128 2767 4141 2767 4137 2767 4141 2765 4142 2765 4137 2765 4142 2766 4138 2766 4137 2766 864 1251 4117 1251 860 1251 4120 2768 4143 2768 4139 2768 4143 2769 4144 2769 4139 2769 4144 2770 4140 2770 4139 2770 866 1251 4125 1251 862 1251 4128 2771 4145 2771 4141 2771 4145 2769 4146 2769 4141 2769 4146 2770 4142 2770 4141 2770 868 2772 4117 2772 864 2772 4120 2773 4147 2773 4143 2773 4147 2774 4148 2774 4143 2774 4148 2437 4144 2437 4143 2437 870 2775 4125 2775 866 2775 4128 2776 4149 2776 4145 2776 4149 2777 4150 2777 4145 2777 4150 2440 4146 2440 4145 2440 872 1251 4117 1251 868 1251 4120 2778 4151 2778 4147 2778 4151 2442 4152 2442 4147 2442 4152 2539 4148 2539 4147 2539 874 1251 4125 1251 870 1251 4128 2779 4153 2779 4149 2779 4153 2444 4154 2444 4149 2444 4154 2541 4150 2541 4149 2541 876 1251 4117 1251 872 1251 4120 2780 4155 2780 4151 2780 4155 2447 4156 2447 4151 2447 4156 2448 4152 2448 4151 2448 878 1251 4125 1251 874 1251 4128 2781 4157 2781 4153 2781 4157 180 4158 180 4153 180 4158 2450 4154 2450 4153 2450 880 1251 4117 1251 876 1251 4120 2782 885 2782 4155 2782 885 2452 884 2452 4155 2452 884 2783 4156 2783 4155 2783 882 1251 4125 1251 878 1251 4128 2784 888 2784 4157 2784 888 2452 887 2452 4157 2452 887 2783 4158 2783 4157 2783 885 1251 4120 1251 880 1251 4120 1251 4117 1251 880 1251 888 1251 4128 1251 882 1251 4128 2785 4125 2785 882 2785 4159 1251 4160 1251 4101 1251 4100 1251 4159 1251 4101 1251 4161 84 4102 84 4101 84 4160 84 4161 84 4101 84 4162 1251 4159 1251 4100 1251 4103 1251 4162 1251 4100 1251 4104 1251 4163 1251 4103 1251 4163 1251 4162 1251 4103 1251 4164 1251 4163 1251 4104 1251 4105 1251 4164 1251 4104 1251 4106 1251 4165 1251 4105 1251 4165 1251 4164 1251 4105 1251 4107 1251 4166 1251 4106 1251 4166 1251 4165 1251 4106 1251 4167 1251 4166 1251 4107 1251 4108 1251 4167 1251 4107 1251 4168 1251 4167 1251 4108 1251 4109 1251 4168 1251 4108 1251 4169 1251 4170 1251 4109 1251 4170 1251 4171 1251 4109 1251 4171 2786 4172 2786 4109 2786 4172 2787 4173 2787 4109 2787 4173 1251 4174 1251 4109 1251 4174 1251 4168 1251 4109 1251 4175 1251 4176 1251 4109 1251 4176 2788 4177 2788 4109 2788 4177 2789 4169 2789 4109 2789 4110 2790 4178 2790 4109 2790 4178 2791 4175 2791 4109 2791 4179 1251 4180 1251 4110 1251 4180 1251 4181 1251 4110 1251 4181 2792 4182 2792 4110 2792 4183 1251 4179 1251 4110 1251 4184 1251 4183 1251 4110 1251 4182 1251 4185 1251 4110 1251 4185 1251 4186 1251 4110 1251 4186 1251 4178 1251 4110 1251 4187 1251 4184 1251 4110 1251 4111 1251 4187 1251 4110 1251 4112 1251 4188 1251 4111 1251 4188 1251 4187 1251 4111 1251 4189 1251 4190 1251 4112 1251 4191 1251 4189 1251 4112 1251 4190 1251 4192 1251 4112 1251 4192 1251 4193 1251 4112 1251 4193 1251 4194 1251 4112 1251 4194 2793 4195 2793 4112 2793 4195 1251 4196 1251 4112 1251 4196 1251 4188 1251 4112 1251 4113 2794 4197 2794 4112 2794 4197 2795 4191 2795 4112 2795 4198 2796 4199 2796 4113 2796 4199 2797 4197 2797 4113 2797 4200 2798 4201 2798 4113 2798 4201 2799 4202 2799 4113 2799 4202 2800 4198 2800 4113 2800 4203 1251 4204 1251 4113 1251 4204 1251 4205 1251 4113 1251 4205 2801 4200 2801 4113 2801 4114 1251 4206 1251 4113 1251 4206 1251 4203 1251 4113 1251 4207 1251 4206 1251 4114 1251 4115 1251 4207 1251 4114 1251 4116 1251 4208 1251 4115 1251 4208 1251 4207 1251 4115 1251 4117 1251 4209 1251 4116 1251 4209 1251 4208 1251 4116 1251 4120 1251 4210 1251 4117 1251 4210 1251 4209 1251 4117 1251 4123 1251 4211 1251 4120 1251 4211 1251 4210 1251 4120 1251 4124 1251 4212 1251 4123 1251 4212 1251 4211 1251 4123 1251 4213 1251 4212 1251 4124 1251 4125 1251 4213 1251 4124 1251 4128 1251 4214 1251 4125 1251 4214 1251 4213 1251 4125 1251 4130 1251 4215 1251 4128 1251 4215 1251 4214 1251 4128 1251 4131 1251 4216 1251 4130 1251 4216 1251 4215 1251 4130 1251 4217 1251 4216 1251 4131 1251 4132 1251 4217 1251 4131 1251 4133 34 4218 34 4132 34 4218 34 4217 34 4132 34 4219 2802 4220 2802 4175 2802 4178 2803 4219 2803 4175 2803 4220 2804 4176 2804 4175 2804 4221 2802 4222 2802 4191 2802 4197 2803 4221 2803 4191 2803 4222 2805 4189 2805 4191 2805 4223 1417 4177 1417 4176 1417 4220 2806 4223 2806 4176 2806 4224 1418 4219 1418 4178 1418 4186 2807 4224 2807 4178 2807 4225 1417 4190 1417 4189 1417 4222 2808 4225 2808 4189 2808 4226 1418 4221 1418 4197 1418 4199 2807 4226 2807 4197 2807 4227 2809 4169 2809 4177 2809 4223 2810 4227 2810 4177 2810 4228 2811 4224 2811 4186 2811 4185 2812 4228 2812 4186 2812 4229 2809 4192 2809 4190 2809 4225 2810 4229 2810 4190 2810 4230 2811 4226 2811 4199 2811 4198 2812 4230 2812 4199 2812 4231 2813 4170 2813 4169 2813 4227 2814 4231 2814 4169 2814 4232 2815 4228 2815 4185 2815 4182 2816 4232 2816 4185 2816 4233 2813 4193 2813 4192 2813 4229 2814 4233 2814 4192 2814 4234 2815 4230 2815 4198 2815 4202 2816 4234 2816 4198 2816 4235 2817 4171 2817 4170 2817 4231 2818 4235 2818 4170 2818 4236 2819 4232 2819 4182 2819 4181 2820 4236 2820 4182 2820 4237 2817 4194 2817 4193 2817 4233 2818 4237 2818 4193 2818 4238 2821 4234 2821 4202 2821 4201 2822 4238 2822 4202 2822 4239 2823 4172 2823 4171 2823 4235 2824 4239 2824 4171 2824 4240 2825 4236 2825 4181 2825 4180 2826 4240 2826 4181 2826 4241 2823 4195 2823 4194 2823 4237 2824 4241 2824 4194 2824 4242 2827 4238 2827 4201 2827 4200 2827 4242 2827 4201 2827 4243 1448 4173 1448 4172 1448 4239 2828 4243 2828 4172 2828 4244 1451 4240 1451 4180 1451 4179 1452 4244 1452 4180 1452 4245 1448 4196 1448 4195 1448 4241 2828 4245 2828 4195 2828 4246 1451 4242 1451 4200 1451 4205 1452 4246 1452 4200 1452 4247 2829 4174 2829 4173 2829 4243 1453 4247 1453 4173 1453 4248 2830 4244 2830 4179 2830 4183 2831 4248 2831 4179 2831 4249 1251 4188 1251 4196 1251 4250 2829 4249 2829 4196 2829 4245 1453 4250 1453 4196 1453 4251 2830 4246 2830 4205 2830 4204 2831 4251 2831 4205 2831 4252 1251 4168 1251 4174 1251 4253 2832 4252 2832 4174 2832 4247 2833 4253 2833 4174 2833 4254 2834 4248 2834 4183 2834 4255 2835 4254 2835 4183 2835 4184 2836 4255 2836 4183 2836 4256 2837 4188 2837 4249 2837 4257 2832 4256 2832 4249 2832 4250 2833 4257 2833 4249 2833 4258 2834 4251 2834 4204 2834 4259 2835 4258 2835 4204 2835 4203 2838 4259 2838 4204 2838 4260 1251 4168 1251 4252 1251 4261 2839 4260 2839 4252 2839 4253 2840 4261 2840 4252 2840 4262 2841 4254 2841 4255 2841 4263 2841 4262 2841 4255 2841 4184 2842 4263 2842 4255 2842 4264 1251 4188 1251 4256 1251 4265 2839 4264 2839 4256 2839 4257 2840 4265 2840 4256 2840 4266 2841 4258 2841 4259 2841 4267 2841 4266 2841 4259 2841 4203 2843 4267 2843 4259 2843 4268 1251 4168 1251 4260 1251 4261 2844 4269 2844 4260 2844 4269 34 4268 34 4260 34 4184 1251 4270 1251 4263 1251 4270 84 4271 84 4263 84 4271 84 4262 84 4263 84 4272 1251 4188 1251 4264 1251 4265 2844 4273 2844 4264 2844 4273 34 4272 34 4264 34 4203 1251 4274 1251 4267 1251 4274 84 4275 84 4267 84 4275 84 4266 84 4267 84 4276 1251 4277 1251 4160 1251 4159 1251 4276 1251 4160 1251 4278 84 4161 84 4160 84 4277 84 4278 84 4160 84 4279 1251 4276 1251 4159 1251 4162 1251 4279 1251 4159 1251 4163 1251 4280 1251 4162 1251 4280 1251 4279 1251 4162 1251 4281 1251 4280 1251 4163 1251 4164 1251 4281 1251 4163 1251 4165 1251 4282 1251 4164 1251 4282 1251 4281 1251 4164 1251 4166 1251 4283 1251 4165 1251 4283 1251 4282 1251 4165 1251 4284 1251 4283 1251 4166 1251 4167 1251 4284 1251 4166 1251 4285 1251 4284 1251 4167 1251 4168 1251 4285 1251 4167 1251 4268 1251 4286 1251 4168 1251 4286 1251 4285 1251 4168 1251 4269 34 4287 34 4268 34 4287 34 4286 34 4268 34 4184 1251 4288 1251 4270 1251 4288 1251 4289 1251 4270 1251 4289 84 4290 84 4270 84 4290 84 4271 84 4270 84 4291 1251 4288 1251 4184 1251 4187 1251 4291 1251 4184 1251 4188 1251 4292 1251 4187 1251 4292 1251 4291 1251 4187 1251 4272 1251 4293 1251 4188 1251 4293 1251 4292 1251 4188 1251 4273 34 4294 34 4272 34 4294 34 4293 34 4272 34 4295 1251 4296 1251 4274 1251 4203 1251 4295 1251 4274 1251 4296 84 4297 84 4274 84 4297 84 4275 84 4274 84 4206 1251 4298 1251 4203 1251 4298 1251 4295 1251 4203 1251 4299 1251 4298 1251 4206 1251 4207 1251 4299 1251 4206 1251 890 1251 900 1251 4207 1251 900 1251 908 1251 4207 1251 908 1251 916 1251 4207 1251 916 1251 924 1251 4207 1251 924 1251 932 1251 4207 1251 932 1251 940 1251 4207 1251 940 1251 948 1251 4207 1251 948 1251 956 1251 4207 1251 956 1251 4299 1251 4207 1251 4208 2845 891 2845 4207 2845 891 1251 890 1251 4207 1251 910 2846 902 2846 4208 2846 902 2847 893 2847 4208 2847 893 1251 891 1251 4208 1251 942 1251 934 1251 4208 1251 950 1251 942 1251 4208 1251 934 1251 926 1251 4208 1251 926 1251 918 1251 4208 1251 918 2848 910 2848 4208 2848 4300 1251 966 1251 4208 1251 966 1251 958 1251 4208 1251 958 1251 950 1251 4208 1251 4209 1251 4301 1251 4208 1251 4301 1251 4300 1251 4208 1251 4210 1251 4302 1251 4209 1251 4302 1251 4301 1251 4209 1251 4211 1251 4303 1251 4210 1251 4303 1251 4302 1251 4210 1251 4212 1251 4304 1251 4211 1251 4304 1251 4303 1251 4211 1251 4305 1251 4304 1251 4212 1251 4213 1251 4305 1251 4212 1251 4214 1251 4306 1251 4213 1251 4306 1251 4305 1251 4213 1251 4215 1251 4307 1251 4214 1251 4307 1251 4306 1251 4214 1251 912 1251 920 1251 4215 1251 920 1251 928 1251 4215 1251 928 2849 936 2849 4215 2849 936 1251 944 1251 4215 1251 896 1251 895 1251 4215 1251 895 1251 904 1251 4215 1251 904 1251 912 1251 4215 1251 944 1251 952 1251 4215 1251 952 1251 960 1251 4215 1251 960 1251 4307 1251 4215 1251 4216 1251 898 1251 4215 1251 898 2850 896 2850 4215 2850 4308 1251 970 1251 4216 1251 970 1251 962 1251 4216 1251 962 1251 954 1251 4216 1251 954 2851 946 2851 4216 2851 946 1251 938 1251 4216 1251 938 1251 930 1251 4216 1251 930 1251 922 1251 4216 1251 922 1251 914 1251 4216 1251 914 2852 906 2852 4216 2852 906 2853 898 2853 4216 2853 4309 1251 4308 1251 4216 1251 4217 1251 4309 1251 4216 1251 4218 34 4310 34 4217 34 4310 34 4309 34 4217 34 964 1251 4299 1251 956 1251 968 1251 4307 1251 960 1251 972 1251 4299 1251 964 1251 4300 2854 974 2854 966 2854 976 1251 4307 1251 968 1251 4308 2855 978 2855 970 2855 980 1251 4299 1251 972 1251 4300 2856 982 2856 974 2856 984 1251 4307 1251 976 1251 4308 2857 986 2857 978 2857 988 1251 4299 1251 980 1251 4300 2858 990 2858 982 2858 992 1251 4307 1251 984 1251 4308 2859 994 2859 986 2859 996 1251 4299 1251 988 1251 4300 2860 998 2860 990 2860 1000 2861 4307 2861 992 2861 4308 2862 1002 2862 994 2862 1004 1251 4299 1251 996 1251 4300 2863 1006 2863 998 2863 1008 1251 4307 1251 1000 1251 4308 2864 1010 2864 1002 2864 1012 1251 4299 1251 1004 1251 4300 2865 1014 2865 1006 2865 1016 1251 4307 1251 1008 1251 4308 2866 1018 2866 1010 2866 1020 1251 4299 1251 1012 1251 4300 2867 1022 2867 1014 2867 1024 1251 4307 1251 1016 1251 4308 2868 1026 2868 1018 2868 1028 1251 4299 1251 1020 1251 4300 2869 1030 2869 1022 2869 1032 1251 4307 1251 1024 1251 4308 2870 1034 2870 1026 2870 4300 2871 4299 2871 1028 2871 1036 1251 4300 1251 1028 1251 4300 2872 1036 2872 1030 2872 1039 1251 4307 1251 1032 1251 4308 2873 1039 2873 1034 2873 4308 1251 4307 1251 1039 1251 4311 1251 4312 1251 4277 1251 4276 1251 4311 1251 4277 1251 4313 84 4278 84 4277 84 4312 84 4313 84 4277 84 4314 1251 4311 1251 4276 1251 4279 1251 4314 1251 4276 1251 4280 1251 4315 1251 4279 1251 4315 1251 4314 1251 4279 1251 4316 1251 4315 1251 4280 1251 4281 1251 4316 1251 4280 1251 4282 1251 4317 1251 4281 1251 4317 1251 4316 1251 4281 1251 4283 1251 4318 1251 4282 1251 4318 1251 4317 1251 4282 1251 4319 1251 4318 1251 4283 1251 4284 1251 4319 1251 4283 1251 4320 1251 4319 1251 4284 1251 4285 1251 4320 1251 4284 1251 4321 1251 4320 1251 4285 1251 4286 1251 4322 1251 4285 1251 4322 1251 4321 1251 4285 1251 4287 34 4323 34 4286 34 4323 34 4322 34 4286 34 4288 1251 4324 1251 4289 1251 4324 84 4325 84 4289 84 4325 84 4290 84 4289 84 4326 1251 4327 1251 4288 1251 4327 1251 4328 1251 4288 1251 4328 1251 4329 1251 4288 1251 4329 1251 4324 1251 4288 1251 4330 1251 4326 1251 4288 1251 4291 1251 4330 1251 4288 1251 4292 1251 4331 1251 4291 1251 4331 1251 4330 1251 4291 1251 4332 1251 4331 1251 4292 1251 4293 1251 4333 1251 4292 1251 4333 2874 4332 2874 4292 2874 4294 34 4334 34 4293 34 4334 34 4333 34 4293 34 4295 1251 4335 1251 4296 1251 4335 84 4336 84 4296 84 4336 84 4297 84 4296 84 4337 1251 4338 1251 4295 1251 4338 1251 4339 1251 4295 1251 4339 1251 4335 1251 4295 1251 4298 1251 4340 1251 4295 1251 4340 1251 4337 1251 4295 1251 4341 1251 4340 1251 4298 1251 4299 1251 4341 1251 4298 1251 4342 1251 4341 1251 4299 1251 4300 1251 4342 1251 4299 1251 1123 1251 1122 1251 4300 1251 1122 1251 1127 1251 4300 1251 1139 1251 1143 1251 4300 1251 1143 2875 1147 2875 4300 2875 1127 2876 1131 2876 4300 2876 1131 1251 1135 1251 4300 1251 1135 1251 1139 1251 4300 1251 1147 1251 1151 1251 4300 1251 1151 1251 1155 1251 4300 1251 1155 1251 4342 1251 4300 1251 4301 2877 1125 2877 4300 2877 1125 2878 1123 2878 4300 2878 1149 1251 1145 1251 4301 1251 1133 1251 1129 1251 4301 1251 1129 1251 1125 1251 4301 1251 4343 1251 1157 1251 4301 1251 1157 1251 1153 1251 4301 1251 1153 1251 1149 1251 4301 1251 1145 1251 1141 1251 4301 1251 1141 1251 1137 1251 4301 1251 1137 1251 1133 1251 4301 1251 4302 1251 4344 1251 4301 1251 4344 1251 4343 1251 4301 1251 4303 1251 4345 1251 4302 1251 4345 1251 4344 1251 4302 1251 4304 1251 4346 1251 4303 1251 4346 1251 4345 1251 4303 1251 4347 1251 4346 1251 4304 1251 4305 1251 4347 1251 4304 1251 4306 1251 4348 1251 4305 1251 4348 1251 4347 1251 4305 1251 1064 1251 1063 1251 4306 1251 1063 1251 1069 1251 4306 1251 1069 2879 1073 2879 4306 2879 1073 1251 1077 1251 4306 1251 1077 1251 1081 1251 4306 1251 1081 1251 4348 1251 4306 1251 4307 1251 1059 1251 4306 1251 1059 1251 1064 1251 4306 1251 1055 1251 1059 1251 4307 1251 1043 1251 1042 1251 4307 1251 1042 1251 1047 1251 4307 1251 1047 1251 1051 1251 4307 1251 1051 2880 1055 2880 4307 2880 4308 2881 1049 2881 4307 2881 1049 2882 1045 2882 4307 2882 1045 2883 1043 2883 4307 2883 4349 1251 1083 1251 4308 1251 1083 1251 1079 1251 4308 1251 1079 1251 1075 1251 4308 1251 1075 2884 1071 2884 4308 2884 1071 2885 1067 2885 4308 2885 1067 1251 1061 1251 4308 1251 1061 1251 1057 1251 4308 1251 1057 1251 1053 1251 4308 1251 1053 2886 1049 2886 4308 2886 4350 1251 4349 1251 4308 1251 4309 1251 4350 1251 4308 1251 4310 34 4351 34 4309 34 4351 34 4350 34 4309 34 4352 2887 4321 2887 4322 2887 4323 34 4352 34 4322 34 4353 2888 4325 2888 4324 2888 4329 2889 4353 2889 4324 2889 4354 2887 4332 2887 4333 2887 4334 34 4354 34 4333 34 4355 2888 4336 2888 4335 2888 4339 2889 4355 2889 4335 2889 4356 1251 4320 1251 4321 1251 4357 2557 4356 2557 4321 2557 4352 2890 4357 2890 4321 2890 4358 2559 4353 2559 4329 2559 4328 2891 4358 2891 4329 2891 4359 1251 4331 1251 4332 1251 4360 2557 4359 2557 4332 2557 4354 2890 4360 2890 4332 2890 4361 2559 4355 2559 4339 2559 4338 2891 4361 2891 4339 2891 4362 1251 4320 1251 4356 1251 4363 2892 4362 2892 4356 2892 4357 2893 4363 2893 4356 2893 4364 2894 4358 2894 4328 2894 4327 2895 4364 2895 4328 2895 4365 1251 4331 1251 4359 1251 4366 2892 4365 2892 4359 2892 4360 2893 4366 2893 4359 2893 4337 2896 4367 2896 4338 2896 4368 2894 4361 2894 4338 2894 4367 2895 4368 2895 4338 2895 4369 2897 4326 2897 4362 2897 4326 2898 4320 2898 4362 2898 4370 2899 4369 2899 4362 2899 4363 2900 4370 2900 4362 2900 4326 1251 4371 1251 4327 1251 4372 2901 4364 2901 4327 2901 4371 2902 4372 2902 4327 2902 4373 1251 4331 1251 4365 1251 4374 2899 4373 2899 4365 2899 4366 2900 4374 2900 4365 2900 4337 2903 4375 2903 4367 2903 4376 2904 4368 2904 4367 2904 4375 2905 4376 2905 4367 2905 4377 1251 4326 1251 4369 1251 4378 2906 4377 2906 4369 2906 4370 2907 4378 2907 4369 2907 4326 2908 4379 2908 4371 2908 4380 2909 4372 2909 4371 2909 4379 2910 4380 2910 4371 2910 4381 1251 4331 1251 4373 1251 4382 2906 4381 2906 4373 2906 4374 2907 4382 2907 4373 2907 4337 2911 4383 2911 4375 2911 4384 2909 4376 2909 4375 2909 4383 2910 4384 2910 4375 2910 4385 1251 4326 1251 4377 1251 4386 2912 4385 2912 4377 2912 4378 2913 4386 2913 4377 2913 4326 2914 4387 2914 4379 2914 4388 2915 4380 2915 4379 2915 4387 2916 4388 2916 4379 2916 4389 2917 4331 2917 4381 2917 4390 2918 4389 2918 4381 2918 4382 2913 4390 2913 4381 2913 4337 2919 4391 2919 4383 2919 4392 2920 4384 2920 4383 2920 4391 2921 4392 2921 4383 2921 4393 1251 4326 1251 4385 1251 4394 2922 4393 2922 4385 2922 4386 2923 4394 2923 4385 2923 4326 1251 4395 1251 4387 1251 4396 2924 4388 2924 4387 2924 4395 2925 4396 2925 4387 2925 4397 1251 4331 1251 4389 1251 4398 2926 4397 2926 4389 2926 4390 2927 4398 2927 4389 2927 4337 2928 4399 2928 4391 2928 4400 2924 4392 2924 4391 2924 4399 2925 4400 2925 4391 2925 4401 1251 4326 1251 4393 1251 4402 2929 4401 2929 4393 2929 4394 2930 4402 2930 4393 2930 4326 2931 4403 2931 4395 2931 4404 2932 4396 2932 4395 2932 4403 2933 4404 2933 4395 2933 4405 1251 4331 1251 4397 1251 4406 2929 4405 2929 4397 2929 4398 2934 4406 2934 4397 2934 4337 1251 4407 1251 4399 1251 4408 2935 4400 2935 4399 2935 4407 2935 4408 2935 4399 2935 4409 1251 4326 1251 4401 1251 4410 2936 4409 2936 4401 2936 4402 2929 4410 2929 4401 2929 4326 2937 4411 2937 4403 2937 4412 2938 4404 2938 4403 2938 4411 2939 4412 2939 4403 2939 4413 2940 4331 2940 4405 2940 4414 2941 4413 2941 4405 2941 4406 2929 4414 2929 4405 2929 4337 2942 4415 2942 4407 2942 4416 2943 4408 2943 4407 2943 4415 2944 4416 2944 4407 2944 4411 1251 4326 1251 4409 1251 4417 66 4411 66 4409 66 4410 2945 4417 2945 4409 2945 4417 66 4412 66 4411 66 4415 1251 4337 1251 4413 1251 4337 2946 4331 2946 4413 2946 4418 66 4415 66 4413 66 4414 2947 4418 2947 4413 2947 4418 66 4416 66 4415 66 1058 2948 1065 2948 1059 2948 1085 1251 4348 1251 1081 1251 4349 2949 1087 2949 1083 2949 1089 2950 4348 2950 1085 2950 4349 2951 1091 2951 1087 2951 1093 1251 4348 1251 1089 1251 4349 2952 1095 2952 1091 2952 1097 1251 4348 1251 1093 1251 4349 2953 1099 2953 1095 2953 1101 1251 4419 1251 1097 1251 4419 1251 4348 1251 1097 1251 4349 2954 1103 2954 1099 2954 1100 2955 1107 2955 1101 2955 1106 1251 4419 1251 1101 1251 1105 2956 4419 2956 1106 2956 4349 2957 1109 2957 1103 2957 1111 1251 4419 1251 1105 1251 4349 2958 1113 2958 1109 2958 1115 1251 4419 1251 1111 1251 4349 2959 1117 2959 1113 2959 1119 1251 4419 1251 1115 1251 4349 2960 1119 2960 1117 2960 4349 2961 4419 2961 1119 2961 1159 1251 4342 1251 1155 1251 4343 1251 1161 1251 1157 1251 1163 1251 4342 1251 1159 1251 4343 2962 1165 2962 1161 2962 1167 1251 4342 1251 1163 1251 4343 2963 1169 2963 1165 2963 1171 2964 4342 2964 1167 2964 4343 2965 1173 2965 1169 2965 1175 1251 4342 1251 1171 1251 4343 2966 1177 2966 1173 2966 1179 1251 4342 1251 1175 1251 4343 2967 1181 2967 1177 2967 1183 1251 4342 1251 1179 1251 4343 2968 1185 2968 1181 2968 1187 2969 4342 2969 1183 2969 4343 2970 1189 2970 1185 2970 1191 1251 4342 1251 1187 1251 4343 2971 1193 2971 1189 2971 1195 1251 4342 1251 1191 1251 4343 2972 4342 2972 1193 2972 4342 2973 1195 2973 1193 2973 4420 1251 4421 1251 4312 1251 4311 1251 4420 1251 4312 1251 4422 84 4313 84 4312 84 4421 84 4422 84 4312 84 4423 1251 4420 1251 4311 1251 4314 1251 4423 1251 4311 1251 4315 1251 4424 1251 4314 1251 4424 1251 4423 1251 4314 1251 4425 1251 4424 1251 4315 1251 4316 1251 4425 1251 4315 1251 4317 1251 4426 1251 4316 1251 4426 1251 4425 1251 4316 1251 4318 1251 4427 1251 4317 1251 4427 1251 4426 1251 4317 1251 4428 1251 4427 1251 4318 1251 4319 1251 4428 1251 4318 1251 4429 1251 4428 1251 4319 1251 4320 1251 4429 1251 4319 1251 4326 1251 4430 1251 4320 1251 4430 1251 4429 1251 4320 1251 4431 1251 4430 1251 4326 1251 4330 1251 4431 1251 4326 1251 4331 1251 4432 1251 4330 1251 4432 1251 4431 1251 4330 1251 4337 1251 4433 1251 4331 1251 4433 1251 4432 1251 4331 1251 4340 1251 4434 1251 4337 1251 4434 1251 4433 1251 4337 1251 4435 1251 4434 1251 4340 1251 4341 1251 4435 1251 4340 1251 4436 1251 4435 1251 4341 1251 4342 1251 4436 1251 4341 1251 1199 1251 1198 1251 4342 1251 1198 1251 1203 1251 4342 1251 1203 2974 1207 2974 4342 2974 1207 1251 1211 1251 4342 1251 1223 1251 1227 1251 4342 1251 1227 1251 1231 1251 4342 1251 1231 1251 4436 1251 4342 1251 1211 1251 1215 1251 4342 1251 1215 1251 1219 1251 4342 1251 1219 2975 1223 2975 4342 2975 4343 2976 1205 2976 4342 2976 1205 1251 1201 1251 4342 1251 1201 2977 1199 2977 4342 2977 4437 1251 1233 1251 4343 1251 1233 1251 1229 1251 4343 1251 1229 1251 1225 1251 4343 1251 1225 1251 1221 1251 4343 1251 1221 1251 1217 1251 4343 1251 1217 1251 1213 1251 4343 1251 1213 1251 1209 1251 4343 1251 1209 1251 1205 1251 4343 1251 4344 1251 4438 1251 4343 1251 4438 1251 4437 1251 4343 1251 4345 1251 4439 1251 4344 1251 4439 1251 4438 1251 4344 1251 4346 1251 4440 1251 4345 1251 4440 1251 4439 1251 4345 1251 4441 1251 4440 1251 4346 1251 4347 1251 4441 1251 4346 1251 4348 1251 4442 1251 4347 1251 4442 1251 4441 1251 4347 1251 4419 1251 4443 1251 4348 1251 4443 1251 4442 1251 4348 1251 4349 1251 4444 1251 4419 1251 4444 1251 4443 1251 4419 1251 4445 1251 4444 1251 4349 1251 4350 1251 4445 1251 4349 1251 4351 34 4446 34 4350 34 4446 34 4445 34 4350 34 1235 1251 4436 1251 1231 1251 4437 1251 1237 1251 1233 1251 1239 1251 4436 1251 1235 1251 4437 2978 1241 2978 1237 2978 1243 1251 4436 1251 1239 1251 4437 2979 1245 2979 1241 2979 1247 2980 4436 2980 1243 2980 4437 2981 1249 2981 1245 2981 1251 1251 4436 1251 1247 1251 4437 2982 1253 2982 1249 2982 1255 1251 4436 1251 1251 1251 4437 2983 1257 2983 1253 2983 1259 1251 4436 1251 1255 1251 4437 2984 1261 2984 1257 2984 1263 2985 4436 2985 1259 2985 4437 2986 1265 2986 1261 2986 1267 1251 4436 1251 1263 1251 4437 2987 1269 2987 1265 2987 1271 1251 4436 1251 1267 1251 4436 2988 1271 2988 1269 2988 4437 2989 4436 2989 1269 2989 4447 1251 4448 1251 4421 1251 4420 1251 4447 1251 4421 1251 4449 84 4422 84 4421 84 4448 84 4449 84 4421 84 1292 1251 1300 1251 4420 1251 1300 2990 1308 2990 4420 2990 1308 1251 1316 1251 4420 1251 1316 1251 1324 1251 4420 1251 1275 2991 1274 2991 4420 2991 1274 1251 1284 1251 4420 1251 1284 1251 1292 1251 4420 1251 1324 2992 1332 2992 4420 2992 1332 1251 1340 1251 4420 1251 1340 1251 4447 1251 4420 1251 4423 1251 1275 1251 4420 1251 4450 1251 1350 1251 4423 1251 1350 1251 1342 1251 4423 1251 1342 2993 1334 2993 4423 2993 1334 2994 1326 2994 4423 2994 1326 2995 1318 2995 4423 2995 1318 1251 1310 1251 4423 1251 1310 1251 1302 1251 4423 1251 1302 1251 1294 1251 4423 1251 1294 1251 1286 1251 4423 1251 1286 1251 1277 1251 4423 1251 1277 1251 1275 1251 4423 1251 4424 1251 4451 1251 4423 1251 4451 1251 4450 1251 4423 1251 4452 1251 4451 1251 4424 1251 4425 1251 4452 1251 4424 1251 4426 1251 4453 1251 4425 1251 4453 1251 4452 1251 4425 1251 4427 1251 4454 1251 4426 1251 4454 1251 4453 1251 4426 1251 1280 1251 1279 1251 4427 1251 1279 1251 1288 1251 4427 1251 1288 1251 1296 1251 4427 1251 1296 1251 1304 1251 4427 1251 1304 1251 1312 1251 4427 1251 1312 1251 1320 1251 4427 1251 1320 1251 1328 1251 4427 1251 1328 1251 1336 1251 4427 1251 1336 1251 1344 1251 4427 1251 1344 1251 4454 1251 4427 1251 4428 1251 1280 1251 4427 1251 1298 1251 1290 1251 4428 1251 1290 1251 1282 1251 4428 1251 1282 1251 1280 1251 4428 1251 1338 1251 1330 1251 4428 1251 1330 1251 1322 1251 4428 1251 1322 1251 1314 1251 4428 1251 1314 1251 1306 1251 4428 1251 1306 1251 1298 1251 4428 1251 4455 1251 1354 1251 4428 1251 1354 1251 1346 1251 4428 1251 1346 1251 1338 1251 4428 1251 4456 1251 4455 1251 4428 1251 4429 1251 4456 1251 4428 1251 4430 1251 4457 1251 4429 1251 4457 1251 4456 1251 4429 1251 4458 1251 4457 1251 4430 1251 4431 1251 4458 1251 4430 1251 4432 1251 4459 1251 4431 1251 4459 1251 4458 1251 4431 1251 4433 1251 4460 1251 4432 1251 4460 1251 4459 1251 4432 1251 4434 1251 4461 1251 4433 1251 4461 1251 4460 1251 4433 1251 4462 1251 4461 1251 4434 1251 4435 1251 4462 1251 4434 1251 4463 1251 4462 1251 4435 1251 4436 1251 4463 1251 4435 1251 4464 1251 4463 1251 4436 1251 4437 1251 4464 1251 4436 1251 4438 1251 4465 1251 4437 1251 4465 1251 4464 1251 4437 1251 4439 1251 4466 1251 4438 1251 4466 1251 4465 1251 4438 1251 4440 1251 4467 1251 4439 1251 4467 1251 4466 1251 4439 1251 4468 1251 4467 1251 4440 1251 4441 1251 4468 1251 4440 1251 4442 1251 4469 1251 4441 1251 4469 1251 4468 1251 4441 1251 4443 1251 4470 1251 4442 1251 4470 1251 4469 1251 4442 1251 4444 1251 4471 1251 4443 1251 4471 1251 4470 1251 4443 1251 4472 1251 4471 1251 4444 1251 4445 1251 4472 1251 4444 1251 4446 34 4473 34 4445 34 4473 34 4472 34 4445 34 1348 1251 4447 1251 1340 1251 1352 1251 4454 1251 1344 1251 1356 1251 4447 1251 1348 1251 4450 2996 1358 2996 1350 2996 1360 1251 4454 1251 1352 1251 4455 2997 1362 2997 1354 2997 1364 2998 4447 2998 1356 2998 4450 2999 1366 2999 1358 2999 1368 1251 4454 1251 1360 1251 4455 3000 1370 3000 1362 3000 1372 1251 4447 1251 1364 1251 4450 3001 1374 3001 1366 3001 1376 1251 4454 1251 1368 1251 4455 3002 1378 3002 1370 3002 1380 1251 4447 1251 1372 1251 4450 3003 1382 3003 1374 3003 1384 1251 4454 1251 1376 1251 4455 3004 1386 3004 1378 3004 1388 3005 4447 3005 1380 3005 4450 3006 1390 3006 1382 3006 1392 1251 4454 1251 1384 1251 4455 3007 1394 3007 1386 3007 1396 1251 4447 1251 1388 1251 4450 3008 1398 3008 1390 3008 1400 1251 4454 1251 1392 1251 4455 3009 1402 3009 1394 3009 1404 1251 4447 1251 1396 1251 4450 3010 1406 3010 1398 3010 1408 1251 4454 1251 1400 1251 4455 3011 1410 3011 1402 3011 1412 1251 4447 1251 1404 1251 4450 3012 1414 3012 1406 3012 1416 1251 4454 1251 1408 1251 4455 3013 1418 3013 1410 3013 1420 3014 4447 3014 1412 3014 4450 3015 1420 3015 1414 3015 1423 1251 4454 1251 1416 1251 4455 3016 1423 3016 1418 3016 4450 1251 4447 1251 1420 1251 4455 1251 4454 1251 1423 1251 4474 1251 4475 1251 4448 1251 4447 1251 4474 1251 4448 1251 4476 84 4449 84 4448 84 4475 84 4476 84 4448 84 4477 1251 4474 1251 4447 1251 4450 1251 4477 1251 4447 1251 4451 1251 4478 1251 4450 1251 4478 1251 4477 1251 4450 1251 4479 1251 4478 1251 4451 1251 4452 1251 4479 1251 4451 1251 4453 1251 4480 1251 4452 1251 4480 1251 4479 1251 4452 1251 4454 1251 4481 1251 4453 1251 4481 1251 4480 1251 4453 1251 4482 1251 4481 1251 4454 1251 4455 1251 4482 1251 4454 1251 4483 1251 4482 1251 4455 1251 4456 1251 4483 1251 4455 1251 4484 3017 4485 3017 4456 3017 4485 3018 4486 3018 4456 3018 4486 1251 4487 1251 4456 1251 4488 1251 4489 1251 4456 1251 4487 1251 4490 1251 4456 1251 4490 3019 4491 3019 4456 3019 4491 3020 4488 3020 4456 3020 4489 1251 4492 1251 4456 1251 4492 1251 4493 1251 4456 1251 4493 1251 4483 1251 4456 1251 4457 1251 4494 1251 4456 1251 4494 1251 4484 1251 4456 1251 4495 3021 4496 3021 4457 3021 4496 1251 4497 1251 4457 1251 4497 1251 4498 1251 4457 1251 4498 1251 4499 1251 4457 1251 4499 3022 4500 3022 4457 3022 4500 1251 4501 1251 4457 1251 4501 1251 4502 1251 4457 1251 4502 1251 4503 1251 4457 1251 4503 1251 4494 1251 4457 1251 4504 1251 4505 1251 4457 1251 4505 1251 4506 1251 4457 1251 4506 1251 4495 1251 4457 1251 4507 1251 4504 1251 4457 1251 4458 1251 4507 1251 4457 1251 4459 1251 4508 1251 4458 1251 4508 1251 4507 1251 4458 1251 4509 1251 4510 1251 4459 1251 4510 1251 4511 1251 4459 1251 4511 1251 4512 1251 4459 1251 4512 1251 4513 1251 4459 1251 4513 3023 4514 3023 4459 3023 4514 1251 4515 1251 4459 1251 4515 1251 4516 1251 4459 1251 4516 3024 4517 3024 4459 3024 4517 1251 4518 1251 4459 1251 4518 1251 4508 1251 4459 1251 4460 1251 4519 1251 4459 1251 4519 1251 4509 1251 4459 1251 4520 3025 4521 3025 4460 3025 4521 3026 4522 3026 4460 3026 4522 1251 4519 1251 4460 1251 4523 3027 4524 3027 4460 3027 4524 1251 4525 1251 4460 1251 4525 3028 4526 3028 4460 3028 4526 3029 4527 3029 4460 3029 4527 3030 4528 3030 4460 3030 4528 3031 4520 3031 4460 3031 4529 1251 4530 1251 4460 1251 4530 1251 4531 1251 4460 1251 4531 1251 4523 1251 4460 1251 4461 1251 4532 1251 4460 1251 4532 1251 4529 1251 4460 1251 4533 1251 4532 1251 4461 1251 4462 1251 4533 1251 4461 1251 4534 1251 4533 1251 4462 1251 4463 1251 4534 1251 4462 1251 4535 1251 4534 1251 4463 1251 4464 1251 4535 1251 4463 1251 4465 1251 4536 1251 4464 1251 4536 1251 4535 1251 4464 1251 4466 1251 4537 1251 4465 1251 4537 1251 4536 1251 4465 1251 4467 1251 4538 1251 4466 1251 4538 1251 4537 1251 4466 1251 4539 1251 4538 1251 4467 1251 4468 1251 4539 1251 4467 1251 4469 1251 4540 1251 4468 1251 4540 1251 4539 1251 4468 1251 1448 1251 1447 1251 4469 1251 1447 1251 1453 1251 4469 1251 1453 3032 1457 3032 4469 3032 1457 1251 4540 1251 4469 1251 4470 1251 1443 1251 4469 1251 1443 1251 1448 1251 4469 1251 1429 3033 1427 3033 4470 3033 1439 1251 1443 1251 4470 1251 1435 3034 1439 3034 4470 3034 1427 1251 1426 1251 4470 1251 1426 1251 1431 1251 4470 1251 1431 1251 1435 1251 4470 1251 4471 3035 1433 3035 4470 3035 1433 3036 1429 3036 4470 3036 1451 1251 1445 1251 4471 1251 4541 1251 1459 1251 4471 1251 1459 3037 1455 3037 4471 3037 1455 3038 1451 3038 4471 3038 1445 1251 1441 1251 4471 1251 1441 1251 1437 1251 4471 1251 1437 3039 1433 3039 4471 3039 4542 1251 4541 1251 4471 1251 4472 1251 4542 1251 4471 1251 4473 34 4543 34 4472 34 4543 34 4542 34 4472 34 4544 2802 4545 2802 4494 2802 4503 3040 4544 3040 4494 3040 4545 2804 4484 2804 4494 2804 4546 2802 4547 2802 4519 2802 4522 3040 4546 3040 4519 3040 4547 2805 4509 2805 4519 2805 4548 1417 4485 1417 4484 1417 4545 3041 4548 3041 4484 3041 4549 1418 4544 1418 4503 1418 4502 1419 4549 1419 4503 1419 4550 1417 4510 1417 4509 1417 4547 3042 4550 3042 4509 3042 4551 1418 4546 1418 4522 1418 4521 1419 4551 1419 4522 1419 4552 3043 4486 3043 4485 3043 4548 1424 4552 1424 4485 1424 4553 3044 4549 3044 4502 3044 4501 3045 4553 3045 4502 3045 4554 3043 4511 3043 4510 3043 4550 1424 4554 1424 4510 1424 4555 3044 4551 3044 4521 3044 4520 3045 4555 3045 4521 3045 4556 3046 4487 3046 4486 3046 4552 3047 4556 3047 4486 3047 4557 3048 4553 3048 4501 3048 4500 3049 4557 3049 4501 3049 4558 3046 4512 3046 4511 3046 4554 3047 4558 3047 4511 3047 4559 3048 4555 3048 4520 3048 4528 3049 4559 3049 4520 3049 4560 2521 4490 2521 4487 2521 4556 3050 4560 3050 4487 3050 4561 2522 4557 2522 4500 2522 4499 3051 4561 3051 4500 3051 4562 2521 4513 2521 4512 2521 4558 3050 4562 3050 4512 3050 4563 2523 4559 2523 4528 2523 4527 3052 4563 3052 4528 3052 4564 2524 4491 2524 4490 2524 4560 3053 4564 3053 4490 3053 4565 1444 4561 1444 4499 1444 4498 3054 4565 3054 4499 3054 4566 2524 4514 2524 4513 2524 4562 3053 4566 3053 4513 3053 4567 2525 4563 2525 4527 2525 4526 3055 4567 3055 4527 3055 4568 1448 4488 1448 4491 1448 4564 3056 4568 3056 4491 3056 4569 1451 4565 1451 4498 1451 4497 1452 4569 1452 4498 1452 4570 1448 4515 1448 4514 1448 4566 3056 4570 3056 4514 3056 4571 1451 4567 1451 4526 1451 4525 1452 4571 1452 4526 1452 4572 2239 4489 2239 4488 2239 4568 1453 4572 1453 4488 1453 4573 2241 4569 2241 4497 2241 4496 3057 4573 3057 4497 3057 4574 2239 4516 2239 4515 2239 4570 1453 4574 1453 4515 1453 4575 2241 4571 2241 4525 2241 4524 3057 4575 3057 4525 3057 4576 2242 4492 2242 4489 2242 4572 3058 4576 3058 4489 3058 4577 2243 4573 2243 4496 2243 4495 3059 4577 3059 4496 3059 4578 2242 4517 2242 4516 2242 4574 3058 4578 3058 4516 3058 4579 2243 4575 2243 4524 2243 4523 3059 4579 3059 4524 3059 4580 2839 4493 2839 4492 2839 4576 3060 4580 3060 4492 3060 4581 2841 4577 2841 4495 2841 4506 2841 4581 2841 4495 2841 4582 2839 4518 2839 4517 2839 4578 3060 4582 3060 4517 3060 4583 2841 4579 2841 4523 2841 4531 2841 4583 2841 4523 2841 4584 1251 4483 1251 4493 1251 4580 2844 4585 2844 4493 2844 4585 34 4584 34 4493 34 4505 84 4586 84 4506 84 4586 84 4581 84 4506 84 4587 1251 4508 1251 4518 1251 4582 2844 4588 2844 4518 2844 4588 34 4587 34 4518 34 4530 84 4589 84 4531 84 4589 84 4583 84 4531 84 1442 3061 1449 3061 1443 3061 1461 1251 4540 1251 1457 1251 4541 3062 1463 3062 1459 3062 1465 1251 4540 1251 1461 1251 4541 1251 1467 1251 1463 1251 1469 1251 4540 1251 1465 1251 4541 3063 1471 3063 1467 3063 1473 3064 4540 3064 1469 3064 4541 3065 1475 3065 1471 3065 1477 1251 4540 1251 1473 1251 4541 3066 1479 3066 1475 3066 1481 1251 4540 1251 1477 1251 4541 3067 1483 3067 1479 3067 1485 1251 4590 1251 1481 1251 4590 1251 4540 1251 1481 1251 4541 3068 1487 3068 1483 3068 1484 3069 1491 3069 1485 3069 1490 1251 4590 1251 1485 1251 1489 3070 4590 3070 1490 3070 4541 3071 1493 3071 1487 3071 1495 1251 4590 1251 1489 1251 4541 3072 1497 3072 1493 3072 1499 1251 4590 1251 1495 1251 4541 3073 1501 3073 1497 3073 1503 1251 4590 1251 1499 1251 4541 3074 1503 3074 1501 3074 4541 3075 4590 3075 1503 3075 4474 1251 4591 1251 4475 1251 4592 84 4476 84 4475 84 4591 84 4592 84 4475 84 4593 1251 4591 1251 4474 1251 4594 1251 4593 1251 4474 1251 4595 3076 4596 3076 4474 3076 4597 1251 4595 1251 4474 1251 4596 1251 4598 1251 4474 1251 4598 1251 4599 1251 4474 1251 4599 3077 4600 3077 4474 3077 4601 1251 4602 1251 4474 1251 4602 1251 4603 1251 4474 1251 4603 1251 4597 1251 4474 1251 4600 1251 4604 1251 4474 1251 4604 1251 4605 1251 4474 1251 4605 1251 4594 1251 4474 1251 4477 3078 4601 3078 4474 3078 4606 1251 4607 1251 4477 1251 4607 1251 4608 1251 4477 1251 4608 3079 4609 3079 4477 3079 4609 1251 4610 1251 4477 1251 4610 1251 4611 1251 4477 1251 4611 1251 4612 1251 4477 1251 4612 1251 4613 1251 4477 1251 4613 1251 4614 1251 4477 1251 4614 1251 4601 1251 4477 1251 4615 1251 4616 1251 4477 1251 4616 1251 4617 1251 4477 1251 4617 1251 4606 1251 4477 1251 4478 1251 4618 1251 4477 1251 4618 1251 4615 1251 4477 1251 4619 1251 4618 1251 4478 1251 4479 1251 4619 1251 4478 1251 4480 1251 4620 1251 4479 1251 4620 1251 4619 1251 4479 1251 4481 1251 4621 1251 4480 1251 4621 1251 4620 1251 4480 1251 4622 1251 4621 1251 4481 1251 4482 1251 4622 1251 4481 1251 4623 1251 4622 1251 4482 1251 4483 1251 4623 1251 4482 1251 4584 1251 4623 1251 4483 1251 4624 1251 4623 1251 4584 1251 4585 34 4625 34 4584 34 4625 34 4624 34 4584 34 4504 1251 4626 1251 4505 1251 4626 84 4627 84 4505 84 4627 84 4586 84 4505 84 4628 1251 4626 1251 4504 1251 4629 1251 4628 1251 4504 1251 4507 1251 4629 1251 4504 1251 4508 1251 4630 1251 4507 1251 4630 1251 4629 1251 4507 1251 4587 1251 4630 1251 4508 1251 4631 1251 4630 1251 4587 1251 4588 34 4632 34 4587 34 4632 34 4631 34 4587 34 4529 1251 4633 1251 4530 1251 4633 84 4634 84 4530 84 4634 84 4589 84 4530 84 4635 1251 4633 1251 4529 1251 4532 1251 4636 1251 4529 1251 4636 1251 4635 1251 4529 1251 4637 1251 4636 1251 4532 1251 4533 1251 4637 1251 4532 1251 4638 1251 4637 1251 4533 1251 4534 1251 4638 1251 4533 1251 4639 1251 4638 1251 4534 1251 4535 1251 4639 1251 4534 1251 4536 1251 4640 1251 4535 1251 4640 1251 4639 1251 4535 1251 4537 1251 4641 1251 4536 1251 4641 1251 4640 1251 4536 1251 4538 1251 4642 1251 4537 1251 4642 1251 4641 1251 4537 1251 4643 1251 4642 1251 4538 1251 4539 1251 4643 1251 4538 1251 4540 1251 4644 1251 4539 1251 4644 1251 4643 1251 4539 1251 4590 1251 4645 1251 4540 1251 4645 1251 4644 1251 4540 1251 4541 1251 4646 1251 4590 1251 4646 1251 4645 1251 4590 1251 4647 1251 4648 1251 4541 1251 4649 1251 4647 1251 4541 1251 4648 3080 4650 3080 4541 3080 4650 1251 4651 1251 4541 1251 4651 1251 4652 1251 4541 1251 4653 1251 4654 1251 4541 1251 4654 1251 4655 1251 4541 1251 4655 1251 4649 1251 4541 1251 4652 3081 4656 3081 4541 3081 4656 1251 4657 1251 4541 1251 4657 1251 4646 1251 4541 1251 4542 3082 4653 3082 4541 3082 4658 1251 4659 1251 4542 1251 4660 3083 4658 3083 4542 3083 4659 1251 4661 1251 4542 1251 4661 1251 4662 1251 4542 1251 4662 1251 4663 1251 4542 1251 4663 1251 4664 1251 4542 1251 4664 1251 4665 1251 4542 1251 4665 3084 4653 3084 4542 3084 4666 1251 4667 1251 4542 1251 4667 1251 4668 1251 4542 1251 4668 1251 4660 1251 4542 1251 4543 34 4669 34 4542 34 4669 34 4666 34 4542 34 4670 3085 4602 3085 4601 3085 4614 160 4671 160 4601 160 4671 3086 4670 3086 4601 3086 4672 3085 4654 3085 4653 3085 4665 1965 4673 1965 4653 1965 4673 3087 4672 3087 4653 3087 4670 1967 4674 1967 4602 1967 4674 316 4603 316 4602 316 4613 170 4675 170 4614 170 4675 318 4671 318 4614 318 4672 1967 4676 1967 4654 1967 4676 316 4655 316 4654 316 4664 170 4677 170 4665 170 4677 318 4673 318 4665 318 4674 177 4678 177 4603 177 4678 770 4597 770 4603 770 4612 816 4679 816 4613 816 4679 816 4675 816 4613 816 4676 177 4680 177 4655 177 4680 695 4649 695 4655 695 4663 3088 4681 3088 4664 3088 4681 3088 4677 3088 4664 3088 4678 330 4682 330 4597 330 4682 3089 4595 3089 4597 3089 4611 3090 4683 3090 4612 3090 4683 183 4679 183 4612 183 4680 695 4684 695 4649 695 4684 181 4647 181 4649 181 4662 3090 4685 3090 4663 3090 4685 183 4681 183 4663 183 4682 3091 4686 3091 4595 3091 4686 186 4596 186 4595 186 4610 189 4687 189 4611 189 4687 188 4683 188 4611 188 4684 3092 4688 3092 4647 3092 4688 186 4648 186 4647 186 4661 189 4689 189 4662 189 4689 188 4685 188 4662 188 4686 191 4690 191 4596 191 4690 1984 4598 1984 4596 1984 4609 193 4691 193 4610 193 4691 3093 4687 3093 4610 3093 4688 191 4692 191 4648 191 4692 1984 4650 1984 4648 1984 4659 196 4693 196 4661 196 4693 1985 4689 1985 4661 1985 4690 202 4694 202 4598 202 4694 3094 4599 3094 4598 3094 4608 342 4695 342 4609 342 4695 3095 4691 3095 4609 3095 4692 202 4696 202 4650 202 4696 825 4651 825 4650 825 4658 828 4697 828 4659 828 4697 827 4693 827 4659 827 4694 340 4698 340 4599 340 4698 349 4600 349 4599 349 4607 3096 4699 3096 4608 3096 4699 3097 4695 3097 4608 3097 4696 830 4700 830 4651 830 4700 829 4652 829 4651 829 4660 832 4701 832 4658 832 4701 831 4697 831 4658 831 4698 782 4702 782 4600 782 4702 3098 4604 3098 4600 3098 4606 355 4703 355 4607 355 4703 3099 4699 3099 4607 3099 4700 834 4704 834 4652 834 4704 3100 4656 3100 4652 3100 4668 3101 4705 3101 4660 3101 4705 3102 4701 3102 4660 3102 4702 365 4706 365 4604 365 4706 34 4605 34 4604 34 4617 84 4707 84 4606 84 4707 84 4703 84 4606 84 4704 3103 4708 3103 4656 3103 4708 34 4657 34 4656 34 4667 84 4709 84 4668 84 4709 84 4705 84 4668 84 4593 3104 4592 3104 4591 3104 4710 1251 4711 1251 4666 1251 4711 1251 4667 1251 4666 1251 4669 34 4712 34 4666 34 4713 3105 4710 3105 4666 3105 4712 3106 4713 3106 4666 3106 4706 34 4714 34 4605 34 4714 3107 4715 3107 4605 3107 4715 1251 4594 1251 4605 1251 4616 378 4716 378 4617 378 4716 3108 4707 3108 4617 3108 4708 34 4717 34 4657 34 4717 838 4718 838 4657 838 4718 3109 4646 3109 4657 3109 4711 840 4719 840 4667 840 4719 839 4709 839 4667 839 4714 388 4720 388 4715 388 4720 387 4721 387 4715 387 4721 3110 4594 3110 4715 3110 4615 3111 4722 3111 4616 3111 4722 3112 4723 3112 4616 3112 4723 3113 4716 3113 4616 3113 4717 841 4724 841 4718 841 4724 664 4725 664 4718 664 4725 1251 4646 1251 4718 1251 4710 3114 4726 3114 4711 3114 4726 842 4727 842 4711 842 4727 666 4719 666 4711 666 4720 792 4728 792 4721 792 4728 237 4729 237 4721 237 4729 1251 4594 1251 4721 1251 4615 3115 4730 3115 4722 3115 4730 403 4731 403 4722 403 4731 3116 4723 3116 4722 3116 4724 843 4732 843 4725 843 4732 241 4733 241 4725 241 4733 1251 4646 1251 4725 1251 4734 3117 4735 3117 4726 3117 4710 3118 4734 3118 4726 3118 4735 844 4736 844 4726 844 4736 239 4727 239 4726 239 4728 401 4737 401 4729 401 4737 2047 4738 2047 4729 2047 4738 1251 4594 1251 4729 1251 4615 3119 4739 3119 4730 3119 4739 759 4740 759 4730 759 4740 3120 4731 3120 4730 3120 4732 846 4741 846 4733 846 4741 2047 4742 2047 4733 2047 4742 3121 4646 3121 4733 3121 4734 3122 4743 3122 4735 3122 4743 3123 4744 3123 4735 3123 4744 2051 4736 2051 4735 2051 4737 3124 4745 3124 4738 3124 4745 613 4746 613 4738 613 4746 3125 4594 3125 4738 3125 4615 3126 4747 3126 4739 3126 4747 256 4748 256 4739 256 4748 615 4740 615 4739 615 4741 3124 4749 3124 4742 3124 4749 613 4750 613 4742 613 4750 1251 4646 1251 4742 1251 4734 3127 4751 3127 4743 3127 4751 256 4752 256 4743 256 4752 615 4744 615 4743 615 4745 259 4753 259 4746 259 4753 3128 4754 3128 4746 3128 4754 1251 4594 1251 4746 1251 4615 3129 4755 3129 4747 3129 4755 2064 4756 2064 4747 2064 4756 3130 4748 3130 4747 3130 4749 259 4757 259 4750 259 4757 850 4758 850 4750 850 4758 1251 4646 1251 4750 1251 4734 3131 4759 3131 4751 3131 4759 2064 4760 2064 4751 2064 4760 3130 4752 3130 4751 3130 4753 3132 4761 3132 4754 3132 4761 801 4762 801 4754 801 4762 1251 4594 1251 4754 1251 4615 3133 4763 3133 4755 3133 4763 687 4764 687 4755 687 4764 687 4756 687 4755 687 4757 854 4765 854 4758 854 4765 685 4766 685 4758 685 4766 1251 4646 1251 4758 1251 4734 3134 4767 3134 4759 3134 4767 3135 4768 3135 4759 3135 4768 3135 4760 3135 4759 3135 4761 430 4769 430 4762 430 4769 429 4770 429 4762 429 4770 1251 4594 1251 4762 1251 4615 3136 4771 3136 4763 3136 4771 431 4772 431 4763 431 4772 431 4764 431 4763 431 4765 685 4773 685 4766 685 4773 429 4774 429 4766 429 4774 1251 4646 1251 4766 1251 4734 3137 4775 3137 4767 3137 4775 431 4776 431 4767 431 4776 431 4768 431 4767 431 4769 429 4777 429 4770 429 4777 3138 4778 3138 4770 3138 4778 1251 4594 1251 4770 1251 4615 3139 4778 3139 4771 3139 4778 734 4779 734 4771 734 4779 734 4772 734 4771 734 4773 429 4780 429 4774 429 4780 3138 4781 3138 4774 3138 4781 1251 4646 1251 4774 1251 4646 3140 4781 3140 4775 3140 4734 1251 4646 1251 4775 1251 4781 3141 4782 3141 4775 3141 4782 3141 4776 3141 4775 3141 4777 856 4779 856 4778 856 4615 3142 4594 3142 4778 3142 4780 856 4782 856 4781 856 4783 1251 4623 1251 4624 1251 4784 3143 4783 3143 4624 3143 4625 34 4784 34 4624 34 4628 3144 4785 3144 4626 3144 4786 3145 4627 3145 4626 3145 4785 3146 4786 3146 4626 3146 4787 3147 4630 3147 4631 3147 4788 3143 4787 3143 4631 3143 4632 34 4788 34 4631 34 4635 3148 4789 3148 4633 3148 4790 3145 4634 3145 4633 3145 4789 3146 4790 3146 4633 3146 4791 1251 4623 1251 4783 1251 4792 3149 4791 3149 4783 3149 4784 3143 4792 3143 4783 3143 4628 3150 4793 3150 4785 3150 4794 3151 4786 3151 4785 3151 4793 3152 4794 3152 4785 3152 4795 1251 4630 1251 4787 1251 4796 3149 4795 3149 4787 3149 4788 3143 4796 3143 4787 3143 4635 3153 4797 3153 4789 3153 4798 3151 4790 3151 4789 3151 4797 3152 4798 3152 4789 3152 4594 3154 4799 3154 4593 3154 4800 3155 4592 3155 4593 3155 4801 3156 4800 3156 4593 3156 4799 3157 4801 3157 4593 3157 4713 3158 4734 3158 4710 3158 1520 1251 1528 1251 4799 1251 1528 1251 1536 1251 4799 1251 1536 1251 1544 1251 4799 1251 1544 1251 1552 1251 4799 1251 1552 3159 4802 3159 4799 3159 4594 1251 1509 1251 4799 1251 1509 1251 1520 1251 4799 1251 4803 3160 4801 3160 4799 3160 4802 3161 4803 3161 4799 3161 1523 1251 1515 1251 4594 1251 1531 1251 1523 1251 4594 1251 1515 1251 1505 1251 4594 1251 1505 1251 1507 1251 4594 1251 1507 1251 1509 1251 4594 1251 4615 1251 1547 1251 4594 1251 1547 1251 1539 1251 4594 1251 1539 1251 1531 1251 4594 1251 4804 1251 1599 1251 4615 1251 1599 1251 1547 1251 4615 1251 4618 1251 4805 1251 4615 1251 4805 1251 4804 1251 4615 1251 4806 1251 4805 1251 4618 1251 4619 1251 4806 1251 4618 1251 4620 1251 4807 1251 4619 1251 4807 1251 4806 1251 4619 1251 4621 1251 4808 1251 4620 1251 4808 1251 4807 1251 4620 1251 4809 1251 4808 1251 4621 1251 4622 1251 4809 1251 4621 1251 4810 1251 4809 1251 4622 1251 4623 1251 4810 1251 4622 1251 4791 1251 4811 1251 4623 1251 4811 1251 4812 1251 4623 1251 4812 1251 4810 1251 4623 1251 4813 3162 4811 3162 4791 3162 4792 3163 4813 3163 4791 3163 4628 3164 4814 3164 4793 3164 4815 3165 4794 3165 4793 3165 4814 3166 4815 3166 4793 3166 4816 1251 4817 1251 4628 1251 4817 1251 4814 1251 4628 1251 4818 1251 4816 1251 4628 1251 4629 1251 4818 1251 4628 1251 4630 1251 4819 1251 4629 1251 4819 1251 4818 1251 4629 1251 4795 1251 4820 1251 4630 1251 4820 1251 4821 1251 4630 1251 4821 1251 4819 1251 4630 1251 4822 3162 4820 3162 4795 3162 4796 3163 4822 3163 4795 3163 4635 3167 4823 3167 4797 3167 4824 3165 4798 3165 4797 3165 4823 3166 4824 3166 4797 3166 4825 1251 4826 1251 4635 1251 4826 3168 4827 3168 4635 3168 4827 1251 4823 1251 4635 1251 4636 1251 4828 1251 4635 1251 4828 1251 4825 1251 4635 1251 4829 1251 4828 1251 4636 1251 4637 1251 4829 1251 4636 1251 4830 1251 4829 1251 4637 1251 4638 1251 4830 1251 4637 1251 4831 1251 4830 1251 4638 1251 4639 1251 4831 1251 4638 1251 4640 1251 4832 1251 4639 1251 4832 1251 4831 1251 4639 1251 4641 1251 4833 1251 4640 1251 4833 1251 4832 1251 4640 1251 4642 1251 4834 1251 4641 1251 4834 1251 4833 1251 4641 1251 4835 1251 4834 1251 4642 1251 4643 1251 4835 1251 4642 1251 4644 1251 4836 1251 4643 1251 4836 1251 4835 1251 4643 1251 4645 1251 4837 1251 4644 1251 4837 1251 4836 1251 4644 1251 4646 1251 4838 1251 4645 1251 4838 1251 4837 1251 4645 1251 1542 1251 4838 1251 4646 1251 1512 1251 1514 1251 4646 1251 1514 1251 1518 1251 4646 1251 1518 1251 1526 1251 4646 1251 1526 3169 1534 3169 4646 3169 1534 1251 1542 1251 4646 1251 4734 3170 1521 3170 4646 3170 1521 1251 1510 1251 4646 1251 1510 1251 1512 1251 4646 1251 4839 1251 1557 1251 4734 1251 1557 1251 1553 1251 4734 1251 1553 3171 1545 3171 4734 3171 1545 1251 1537 1251 4734 1251 1537 3172 1529 3172 4734 3172 1529 1251 1521 1251 4734 1251 4840 3173 4839 3173 4734 3173 4713 3174 4840 3174 4734 3174 4841 3175 4812 3175 4811 3175 4813 3176 4841 3176 4811 3176 4842 3177 4815 3177 4814 3177 4817 3178 4842 3178 4814 3178 4843 3175 4821 3175 4820 3175 4822 3176 4843 3176 4820 3176 4844 3177 4824 3177 4823 3177 4827 3178 4844 3178 4823 3178 4845 3179 4810 3179 4812 3179 4846 3180 4845 3180 4812 3180 4841 3181 4846 3181 4812 3181 4816 1251 4847 1251 4817 1251 4848 3182 4842 3182 4817 3182 4847 2570 4848 2570 4817 2570 4849 1251 4819 1251 4821 1251 4850 3180 4849 3180 4821 3180 4843 3181 4850 3181 4821 3181 4851 3183 4844 3183 4827 3183 4826 2572 4851 2572 4827 2572 4852 3184 4810 3184 4845 3184 4853 3185 4852 3185 4845 3185 4846 2574 4853 2574 4845 2574 4816 3186 4854 3186 4847 3186 4855 3187 4848 3187 4847 3187 4854 3188 4855 3188 4847 3188 4856 1251 4819 1251 4849 1251 4857 3185 4856 3185 4849 3185 4850 2574 4857 2574 4849 2574 4825 3189 4858 3189 4826 3189 4859 3187 4851 3187 4826 3187 4858 3188 4859 3188 4826 3188 4860 3190 4810 3190 4852 3190 4861 2579 4860 2579 4852 2579 4853 3191 4861 3191 4852 3191 4816 3192 4862 3192 4854 3192 4863 2582 4855 2582 4854 2582 4862 2284 4863 2284 4854 2284 4864 3193 4819 3193 4856 3193 4865 2584 4864 2584 4856 2584 4857 3191 4865 3191 4856 3191 4825 3194 4866 3194 4858 3194 4867 2586 4859 2586 4858 2586 4866 2289 4867 2289 4858 2289 4868 1251 4810 1251 4860 1251 4869 3195 4868 3195 4860 3195 4861 2291 4869 2291 4860 2291 4816 1251 4870 1251 4862 1251 4871 3196 4863 3196 4862 3196 4870 3197 4871 3197 4862 3197 4872 1251 4819 1251 4864 1251 4873 3198 4872 3198 4864 3198 4865 2295 4873 2295 4864 2295 4825 3199 4874 3199 4866 3199 4875 3196 4867 3196 4866 3196 4874 3197 4875 3197 4866 3197 4876 1251 4810 1251 4868 1251 4877 2596 4876 2596 4868 2596 4869 3200 4877 3200 4868 3200 4816 3201 4878 3201 4870 3201 4879 3202 4871 3202 4870 3202 4878 2591 4879 2591 4870 2591 4880 1251 4819 1251 4872 1251 4881 2596 4880 2596 4872 2596 4873 3203 4881 3203 4872 3203 4825 1251 4882 1251 4874 1251 4883 2593 4875 2593 4874 2593 4882 2593 4883 2593 4874 2593 4884 3204 4810 3204 4876 3204 4885 2595 4884 2595 4876 2595 4877 2596 4885 2596 4876 2596 4816 3205 4886 3205 4878 3205 4887 2598 4879 2598 4878 2598 4886 3206 4887 3206 4878 3206 4888 3207 4819 3207 4880 3207 4889 2600 4888 2600 4880 2600 4881 2596 4889 2596 4880 2596 4825 3208 4890 3208 4882 3208 4891 2602 4883 2602 4882 2602 4890 3209 4891 3209 4882 3209 4886 1251 4810 1251 4884 1251 4892 66 4886 66 4884 66 4885 3210 4892 3210 4884 3210 4816 3211 4810 3211 4886 3211 4892 66 4887 66 4886 66 4890 1251 4825 1251 4888 1251 4825 3212 4819 3212 4888 3212 4893 66 4890 66 4888 66 4889 3213 4893 3213 4888 3213 4893 66 4891 66 4890 66 1552 1251 1556 1251 4802 1251 1556 3214 4894 3214 4802 3214 4894 3215 4803 3215 4802 3215 4895 1251 1561 1251 4839 1251 1561 1251 1557 1251 4839 1251 4896 3216 4895 3216 4839 3216 4897 3217 4896 3217 4839 3217 4840 3218 4897 3218 4839 3218 1550 1251 4838 1251 1542 1251 1556 1251 1560 1251 4894 1251 1560 3219 4898 3219 4894 3219 4899 3220 4803 3220 4894 3220 4900 3221 4899 3221 4894 3221 4898 3221 4900 3221 4894 3221 4901 3222 1565 3222 4895 3222 1565 3223 1561 3223 4895 3223 4896 3224 4901 3224 4895 3224 1599 3225 4902 3225 1547 3225 4902 3226 1548 3226 1547 3226 1564 1251 4898 1251 1560 1251 1568 1251 4898 1251 1564 1251 4901 3227 1569 3227 1565 3227 1568 3228 4903 3228 4898 3228 4904 3229 4900 3229 4898 3229 4903 3230 4904 3230 4898 3230 1572 1251 4903 1251 1568 1251 1567 913 1571 913 1568 913 4804 1251 1597 1251 1599 1251 1598 3231 4902 3231 1599 3231 4905 1251 1607 1251 4804 1251 1607 1251 1603 1251 4804 1251 1603 3232 1595 3232 4804 3232 1595 1251 1597 1251 4804 1251 4906 1251 4907 1251 4804 1251 4908 3233 4906 3233 4804 3233 4909 1251 4910 1251 4804 1251 4907 3234 4911 3234 4804 3234 4911 3235 4912 3235 4804 3235 4912 3236 4909 3236 4804 3236 4910 1251 4913 1251 4804 1251 4913 1251 4914 1251 4804 1251 4914 1251 4905 1251 4804 1251 4805 3237 4915 3237 4804 3237 4915 1251 4908 1251 4804 1251 4916 1251 4915 1251 4805 1251 4917 1251 4916 1251 4805 1251 4918 1251 4919 1251 4805 1251 4919 1251 4920 1251 4805 1251 4920 1251 4921 1251 4805 1251 4921 1251 4922 1251 4805 1251 4922 3238 4923 3238 4805 3238 4923 1251 4924 1251 4805 1251 4924 1251 4925 1251 4805 1251 4925 1251 4926 1251 4805 1251 4926 1251 4917 1251 4805 1251 4927 1251 4918 1251 4805 1251 4806 1251 4927 1251 4805 1251 4807 1251 4928 1251 4806 1251 4928 1251 4927 1251 4806 1251 4808 1251 4929 1251 4807 1251 4929 1251 4928 1251 4807 1251 4930 1251 4929 1251 4808 1251 4809 1251 4930 1251 4808 1251 4931 1251 4930 1251 4809 1251 4810 1251 4931 1251 4809 1251 4816 1251 4932 1251 4810 1251 4932 1251 4931 1251 4810 1251 4933 1251 4932 1251 4816 1251 4818 1251 4933 1251 4816 1251 4819 1251 4934 1251 4818 1251 4934 1251 4933 1251 4818 1251 4825 1251 4935 1251 4819 1251 4935 1251 4934 1251 4819 1251 4828 1251 4936 1251 4825 1251 4936 1251 4935 1251 4825 1251 4937 1251 4936 1251 4828 1251 4829 1251 4937 1251 4828 1251 4938 1251 4937 1251 4829 1251 4830 1251 4938 1251 4829 1251 4939 1251 4938 1251 4830 1251 4831 1251 4939 1251 4830 1251 4832 1251 4940 1251 4831 1251 4940 1251 4939 1251 4831 1251 4833 1251 4941 1251 4832 1251 4941 1251 4940 1251 4832 1251 4834 1251 4942 1251 4833 1251 4942 1251 4941 1251 4833 1251 4943 1251 4942 1251 4834 1251 4835 1251 4943 1251 4834 1251 4944 1251 4945 1251 4835 1251 4945 1251 4946 1251 4835 1251 4946 1251 4947 1251 4835 1251 4947 3239 4948 3239 4835 3239 4948 1251 4949 1251 4835 1251 4949 1251 4950 1251 4835 1251 4950 1251 4951 1251 4835 1251 4951 1251 4943 1251 4835 1251 4836 1251 4952 1251 4835 1251 4952 1251 4944 1251 4835 1251 4953 1251 4954 1251 4836 1251 4954 3240 4955 3240 4836 3240 4955 1251 4956 1251 4836 1251 4956 1251 4957 1251 4836 1251 4957 1251 4958 1251 4836 1251 4958 1251 4959 1251 4836 1251 4959 3241 4960 3241 4836 3241 4960 1251 4961 1251 4836 1251 4961 1251 4952 1251 4836 1251 4837 1251 4962 1251 4836 1251 4962 1251 4953 1251 4836 1251 4963 1251 4964 1251 4837 1251 4964 1251 4965 1251 4837 1251 4965 1251 4962 1251 4837 1251 1601 1251 1606 1251 4837 1251 1602 1251 1601 1251 4837 1251 1606 1251 1610 1251 4837 1251 1610 1251 1614 1251 4837 1251 1614 1251 4963 1251 4837 1251 4838 1251 4966 1251 4837 1251 4966 3242 1602 3242 4837 3242 1550 1251 4966 1251 4838 1251 4967 3243 4966 3243 1550 3243 1549 3244 4967 3244 1550 3244 4901 3245 1577 3245 1569 3245 1578 919 1570 919 1569 919 4968 1251 1577 1251 4901 1251 4969 3246 4968 3246 4901 3246 4896 3224 4969 3224 4901 3224 1574 3247 4903 3247 1572 3247 4968 3248 1575 3248 1577 3248 4970 3249 1602 3249 4966 3249 4967 3250 4970 3250 4966 3250 4971 1251 4903 1251 1574 1251 1580 1251 4971 1251 1574 1251 4968 3251 1581 3251 1575 3251 1584 1251 4971 1251 1580 1251 2 3252 1585 3252 1581 3252 4968 1251 2 1251 1581 1251 4971 3253 4904 3253 4903 3253 0 3254 2 3254 4968 3254 4972 3255 0 3255 4968 3255 4969 3256 4972 3256 4968 3256 1588 1251 4971 1251 1584 1251 2 3257 1589 3257 1585 3257 1592 1251 4971 1251 1588 1251 2 3258 1 3258 1589 3258 1 3259 1594 3259 1589 3259 4973 1476 4908 1476 4915 1476 4916 3260 4974 3260 4915 3260 4974 1664 4973 1664 4915 1664 4975 1476 4952 1476 4961 1476 4960 3261 4976 3261 4961 3261 4976 1666 4975 1666 4961 1666 4973 3262 4977 3262 4908 3262 4977 1481 4906 1481 4908 1481 4917 3263 4978 3263 4916 3263 4978 1668 4974 1668 4916 1668 4975 3262 4979 3262 4952 3262 4979 1669 4944 1669 4952 1669 4959 3264 4980 3264 4960 3264 4980 1671 4976 1671 4960 1671 4977 3265 4981 3265 4906 3265 4981 3266 4907 3266 4906 3266 4926 3267 4982 3267 4917 3267 4982 3267 4978 3267 4917 3267 4979 3268 4983 3268 4944 3268 4983 3269 4945 3269 4944 3269 4958 3267 4984 3267 4959 3267 4984 3267 4980 3267 4959 3267 4981 3270 4985 3270 4907 3270 4985 3271 4911 3271 4907 3271 4925 3272 4986 3272 4926 3272 4986 3273 4982 3273 4926 3273 4983 3269 4987 3269 4945 3269 4987 3274 4946 3274 4945 3274 4957 3275 4988 3275 4958 3275 4988 3276 4984 3276 4958 3276 1592 3277 4989 3277 4971 3277 4989 3278 4990 3278 4971 3278 4990 3279 4991 3279 4971 3279 4991 3280 4904 3280 4971 3280 4985 1495 4992 1495 4911 1495 4992 3281 4912 3281 4911 3281 4924 3282 4993 3282 4925 3282 4993 3283 4986 3283 4925 3283 4987 3284 4994 3284 4946 3284 4994 3285 4947 3285 4946 3285 4956 3286 4995 3286 4957 3286 4995 3287 4988 3287 4957 3287 4992 3288 4996 3288 4912 3288 4996 1692 4909 1692 4912 1692 4923 1693 4997 1693 4924 1693 4997 1693 4993 1693 4924 1693 4994 3285 4998 3285 4947 3285 4998 1695 4948 1695 4947 1695 4955 1696 4999 1696 4956 1696 4999 1697 4995 1697 4956 1697 4996 1698 5000 1698 4909 1698 5000 1699 4910 1699 4909 1699 4922 1700 5001 1700 4923 1700 5001 1701 4997 1701 4923 1701 4998 1702 5002 1702 4948 1702 5002 1699 4949 1699 4948 1699 4954 1700 5003 1700 4955 1700 5003 1701 4999 1701 4955 1701 5000 1703 5004 1703 4910 1703 5004 1704 4913 1704 4910 1704 4921 3289 5005 3289 4922 3289 5005 1706 5001 1706 4922 1706 5002 1703 5006 1703 4949 1703 5006 1707 4950 1707 4949 1707 4953 3290 5007 3290 4954 3290 5007 1708 5003 1708 4954 1708 5004 3291 5008 3291 4913 3291 5008 3292 4914 3292 4913 3292 4920 3293 5009 3293 4921 3293 5009 3293 5005 3293 4921 3293 5006 3294 5010 3294 4950 3294 5010 3295 4951 3295 4950 3295 4962 3296 5011 3296 4953 3296 5011 3297 5007 3297 4953 3297 4965 3298 5012 3298 4962 3298 5012 3299 5011 3299 4962 3299 5008 3300 5013 3300 4914 3300 5013 34 5014 34 4914 34 5014 1251 4905 1251 4914 1251 4919 84 5015 84 4920 84 5015 84 5009 84 4920 84 5010 3301 5016 3301 4951 3301 5016 34 5017 34 4951 34 5017 1251 4943 1251 4951 1251 4964 84 5018 84 4965 84 5018 84 5012 84 4965 84 5013 34 5019 34 5014 34 5019 3302 5020 3302 5014 3302 5020 1251 4905 1251 5014 1251 4918 3303 5021 3303 4919 3303 5021 3304 5022 3304 4919 3304 5022 3304 5015 3304 4919 3304 5016 34 5023 34 5017 34 5023 3305 5024 3305 5017 3305 5024 1251 4943 1251 5017 1251 4963 3306 5025 3306 4964 3306 5025 1725 5026 1725 4964 1725 5026 3307 5018 3307 4964 3307 5027 1251 4989 1251 1592 1251 5028 1251 5027 1251 1592 1251 5029 3308 5028 3308 1592 3308 1591 3309 5029 3309 1592 3309 5030 1251 5031 1251 5025 1251 4963 1251 5030 1251 5025 1251 5031 1727 5032 1727 5025 1727 5032 3310 5026 3310 5025 3310 5019 3311 5033 3311 5020 3311 5033 1730 5034 1730 5020 1730 5034 1251 4905 1251 5020 1251 4918 3312 5035 3312 5021 3312 5035 3313 5036 3313 5021 3313 5036 1733 5022 1733 5021 1733 5023 3314 5037 3314 5024 3314 5037 1735 5038 1735 5024 1735 5038 1251 4943 1251 5024 1251 5030 1251 5039 1251 5031 1251 5039 3315 5040 3315 5031 3315 5040 1736 5032 1736 5031 1736 5033 3316 5041 3316 5034 3316 5041 1738 5042 1738 5034 1738 5042 1251 4905 1251 5034 1251 4918 3317 5043 3317 5035 3317 5043 3318 5044 3318 5035 3318 5044 1741 5036 1741 5035 1741 5037 3319 5045 3319 5038 3319 5045 1738 5046 1738 5038 1738 5046 1251 4943 1251 5038 1251 5030 3320 5047 3320 5039 3320 5047 3318 5048 3318 5039 3318 5048 1741 5040 1741 5039 1741 4970 3321 1600 3321 1602 3321 5041 3322 5049 3322 5042 3322 5049 3323 5050 3323 5042 3323 5050 3324 4905 3324 5042 3324 4918 3325 5051 3325 5043 3325 5051 3326 5052 3326 5043 3326 5052 3327 5044 3327 5043 3327 5045 3322 5053 3322 5046 3322 5053 3328 5054 3328 5046 3328 5054 3329 4943 3329 5046 3329 5030 1251 5055 1251 5047 1251 5055 3330 5056 3330 5047 3330 5056 3331 5048 3331 5047 3331 5049 3332 5057 3332 5050 3332 5057 3333 5058 3333 5050 3333 5058 3334 4905 3334 5050 3334 4918 3335 5059 3335 5051 3335 5059 1755 5060 1755 5051 1755 5060 3336 5052 3336 5051 3336 5053 3337 5061 3337 5054 3337 5061 3338 5062 3338 5054 3338 5062 1251 4943 1251 5054 1251 5030 1251 5063 1251 5055 1251 5063 1759 5064 1759 5055 1759 5064 3339 5056 3339 5055 3339 5057 1559 5065 1559 5058 1559 5065 3340 5066 3340 5058 3340 5066 3341 4905 3341 5058 3341 4918 3342 5067 3342 5059 3342 5067 3343 5068 3343 5059 3343 5068 3344 5060 3344 5059 3344 5061 1765 5069 1765 5062 1765 5069 3345 5070 3345 5062 3345 5070 1251 4943 1251 5062 1251 5030 3346 5071 3346 5063 3346 5071 3347 5072 3347 5063 3347 5072 3348 5064 3348 5063 3348 5073 1251 1647 1251 1594 1251 1 1251 5073 1251 1594 1251 5074 3349 1593 3349 1594 3349 1647 3350 5074 3350 1594 3350 5065 3340 5075 3340 5066 3340 5075 3351 5076 3351 5066 3351 5076 1251 4905 1251 5066 1251 4918 3352 5077 3352 5067 3352 5077 3353 5078 3353 5067 3353 5078 3353 5068 3353 5067 3353 5069 3354 5079 3354 5070 3354 5079 3355 5080 3355 5070 3355 5080 1251 4943 1251 5070 1251 5030 1251 5081 1251 5071 1251 5081 3353 5082 3353 5071 3353 5082 3353 5072 3353 5071 3353 5075 3356 5083 3356 5076 3356 5083 3357 5084 3357 5076 3357 5084 3358 4905 3358 5076 3358 4918 1251 5085 1251 5077 1251 5085 1776 5086 1776 5077 1776 5086 3359 5078 3359 5077 3359 5079 3355 5087 3355 5080 3355 5087 3360 5088 3360 5080 3360 5088 1251 4943 1251 5080 1251 5030 3361 5089 3361 5081 3361 5089 3362 5090 3362 5081 3362 5090 3363 5082 3363 5081 3363 4905 3364 1611 3364 1607 3364 5083 1578 5091 1578 5084 1578 5091 1579 5092 1579 5084 1579 5092 1251 4905 1251 5084 1251 4918 3365 5092 3365 5085 3365 5092 3366 5093 3366 5085 3366 5093 1784 5086 1784 5085 1784 5087 3367 5094 3367 5088 3367 5094 1579 5095 1579 5088 1579 5095 1251 5030 1251 5088 1251 5030 1251 4943 1251 5088 1251 5030 3368 5095 3368 5089 3368 5095 3369 5096 3369 5089 3369 5096 1788 5090 1788 5089 1788 5091 3370 5093 3370 5092 3370 4918 3371 4905 3371 5092 3371 5094 3370 5096 3370 5095 3370 4905 3372 1615 3372 1611 3372 1618 1251 4963 1251 1614 1251 4905 3373 1619 3373 1615 3373 1622 3374 4963 3374 1618 3374 4905 3375 1623 3375 1619 3375 1626 3376 4963 3376 1622 3376 5027 1251 5097 1251 4989 1251 5097 3377 5098 3377 4989 3377 5098 3378 5099 3378 4989 3378 5099 3379 4990 3379 4989 3379 5028 1251 5097 1251 5027 1251 5100 1251 5097 1251 5028 1251 5101 3380 5100 3380 5028 3380 5029 3381 5101 3381 5028 3381 1630 3382 1624 3382 1623 3382 4905 3383 1629 3383 1623 3383 5102 1251 1629 1251 4905 1251 5103 1251 5102 1251 4905 1251 4918 1251 5103 1251 4905 1251 5104 1251 5103 1251 4918 1251 4927 1251 5104 1251 4918 1251 4928 1251 5105 1251 4927 1251 5105 1251 5104 1251 4927 1251 4929 1251 5106 1251 4928 1251 5106 1251 5105 1251 4928 1251 5107 1251 5106 1251 4929 1251 4930 1251 5107 1251 4929 1251 5108 1251 5107 1251 4930 1251 4931 1251 5108 1251 4930 1251 4932 1251 5109 1251 4931 1251 5109 1251 5108 1251 4931 1251 5110 1251 5109 1251 4932 1251 4933 1251 5110 1251 4932 1251 4934 1251 5111 1251 4933 1251 5111 1251 5110 1251 4933 1251 4935 1251 5112 1251 4934 1251 5112 1251 5111 1251 4934 1251 4936 1251 5113 1251 4935 1251 5113 1251 5112 1251 4935 1251 5114 1251 5113 1251 4936 1251 4937 1251 5114 1251 4936 1251 5115 1251 5114 1251 4937 1251 4938 1251 5115 1251 4937 1251 5116 1251 5115 1251 4938 1251 4939 1251 5116 1251 4938 1251 4940 1251 5117 1251 4939 1251 5117 1251 5116 1251 4939 1251 4941 1251 5118 1251 4940 1251 5118 1251 5117 1251 4940 1251 4942 1251 5119 1251 4941 1251 5119 1251 5118 1251 4941 1251 5120 1251 5119 1251 4942 1251 4943 1251 5120 1251 4942 1251 5121 1251 5120 1251 4943 1251 5030 1251 5121 1251 4943 1251 5122 1251 5121 1251 5030 1251 4963 1251 5122 1251 5030 1251 1632 1251 5122 1251 4963 1251 1626 3384 1632 3384 4963 3384 1625 3385 1631 3385 1626 3385 5073 3386 1645 3386 1647 3386 1646 3387 5074 3387 1647 3387 5123 1251 1645 1251 5073 1251 1 1251 5124 1251 5073 1251 5124 1251 5123 1251 5073 1251 5125 3388 5124 3388 1 3388 0 0 5125 0 1 0 5102 3389 1627 3389 1629 3389 1634 1251 5122 1251 1632 1251 5102 3390 1635 3390 1627 3390 1638 1251 5122 1251 1634 1251 5102 1251 1639 1251 1635 1251 1642 3391 5122 3391 1638 3391 5126 1251 5097 1251 5100 1251 5127 1845 5126 1845 5100 1845 5101 3392 5127 3392 5100 3392 5123 3393 1643 3393 1645 3393 5102 3394 1648 3394 1639 3394 1651 3395 5122 3395 1642 3395 5128 1251 5097 1251 5126 1251 5127 1854 5129 1854 5126 1854 5129 2366 5128 2366 5126 2366 5123 3396 1652 3396 1643 3396 5102 3397 1654 3397 1648 3397 1657 1251 5122 1251 1651 1251 5130 1251 5097 1251 5128 1251 5129 2369 5131 2369 5128 2369 5131 3398 5130 3398 5128 3398 5123 3399 1658 3399 1652 3399 5102 3400 1660 3400 1654 3400 1663 1251 5122 1251 1657 1251 5132 1251 5097 1251 5130 1251 5131 2374 5133 2374 5130 2374 5133 1873 5132 1873 5130 1873 5123 3401 1664 3401 1658 3401 5102 3402 1666 3402 1660 3402 1669 1251 5122 1251 1663 1251 1666 3403 5097 3403 5132 3403 5133 2379 5134 2379 5132 2379 5134 3404 1666 3404 5132 3404 5123 1251 1669 1251 1664 1251 5102 1251 5097 1251 1666 1251 5134 3405 1667 3405 1666 3405 5123 1251 5122 1251 1669 1251 5097 1251 5135 1251 5098 1251 5135 3406 5136 3406 5098 3406 5136 3407 5099 3407 5098 3407 5102 1251 5135 1251 5097 1251 5137 1251 5135 1251 5102 1251 5103 1251 5137 1251 5102 1251 5138 1251 5137 1251 5103 1251 5139 1251 5138 1251 5103 1251 5140 1251 5139 1251 5103 1251 5104 1251 5140 1251 5103 1251 5105 1251 5141 1251 5104 1251 5141 1251 5140 1251 5104 1251 1725 1251 1727 1251 5105 1251 1727 1251 1733 1251 5105 1251 1733 1251 1739 1251 5105 1251 1739 1251 5141 1251 5105 1251 5106 1251 1717 1251 5105 1251 1717 3408 1725 3408 5105 3408 1711 1251 1717 1251 5106 1251 1703 3409 1711 3409 5106 3409 1689 3410 1688 3410 5106 3410 1688 3411 1697 3411 5106 3411 1697 1251 1703 1251 5106 1251 5107 1251 1689 1251 5106 1251 1691 1251 1689 1251 5107 1251 5108 1251 1691 1251 5107 1251 1686 1251 1691 1251 5108 1251 5109 3412 1681 3412 5108 3412 1681 1251 1686 1251 5108 1251 1694 1251 1683 1251 5109 1251 1683 1251 1682 1251 5109 1251 1682 3413 1681 3413 5109 3413 5110 1251 1694 1251 5109 1251 1692 1251 1694 1251 5110 1251 1700 1251 1692 1251 5110 1251 5111 3414 1708 3414 5110 3414 1708 1251 1700 1251 5110 1251 1730 3415 1722 3415 5111 3415 5142 1251 1742 1251 5111 1251 1742 1251 1736 1251 5111 1251 1736 1251 1730 1251 5111 1251 1722 1251 1714 1251 5111 1251 1714 1251 1706 1251 5111 1251 1706 1251 1708 1251 5111 1251 5112 1251 5143 1251 5111 1251 5143 1251 5142 1251 5111 1251 5144 1251 5145 1251 5112 1251 5145 1251 5146 1251 5112 1251 5146 1251 5143 1251 5112 1251 5113 1251 5147 1251 5112 1251 5147 3416 5144 3416 5112 3416 5148 1251 5147 1251 5113 1251 5149 3417 5148 3417 5113 3417 5150 3418 5151 3418 5113 3418 5151 1251 5152 1251 5113 1251 5152 3419 5149 3419 5113 3419 5114 1251 5150 1251 5113 1251 5153 1251 5154 1251 5114 1251 5154 3420 5155 3420 5114 3420 5155 1251 5150 1251 5114 1251 5115 1251 5153 1251 5114 1251 5156 1251 5153 1251 5115 1251 5116 1251 5156 1251 5115 1251 1672 1251 1677 1251 5116 1251 1677 1251 5156 1251 5116 1251 5117 1251 1673 1251 5116 1251 1673 3421 1672 3421 5116 3421 1704 1251 1698 1251 5117 1251 1712 1251 1704 1251 5117 1251 1698 1251 1678 1251 5117 1251 1678 1251 1674 1251 5117 1251 1674 3422 1673 3422 5117 3422 5118 3423 1720 3423 5117 3423 1720 1251 1712 1251 5117 1251 5157 1251 1740 1251 5118 1251 1740 3424 1734 3424 5118 3424 1734 1251 1728 1251 5118 1251 1728 3425 1718 3425 5118 3425 1718 1251 1720 1251 5118 1251 5119 1251 5158 1251 5118 1251 5158 1251 5157 1251 5118 1251 5159 1251 5158 1251 5119 1251 5120 1251 5159 1251 5119 1251 5160 1251 5159 1251 5120 1251 5161 3426 5160 3426 5120 3426 5121 1251 5161 1251 5120 1251 5122 1251 5161 1251 5121 1251 5123 1251 5162 1251 5122 1251 5162 1251 5161 1251 5122 1251 5124 1251 5163 1251 5123 1251 5163 1251 5162 1251 5123 1251 5164 3427 5163 3427 5124 3427 5125 3428 5164 3428 5124 3428 5165 3429 5156 3429 1677 3429 1676 3430 5165 3430 1677 3430 5166 3431 5153 3431 5156 3431 5165 3432 5166 3432 5156 3432 5167 3433 5154 3433 5153 3433 1695 3434 1684 3434 1683 3434 5168 3435 1691 3435 1686 3435 1685 3436 5168 3436 1686 3436 5168 3435 1690 3435 1691 3435 5167 3437 5169 3437 5154 3437 5169 3438 5155 3438 5154 3438 5169 3439 5170 3439 5155 3439 5170 3440 5150 3440 5155 3440 5170 3440 5171 3440 5150 3440 5171 3441 5151 3441 5150 3441 1709 3442 1701 3442 1700 3442 5137 3443 5172 3443 5135 3443 5172 3444 5136 3444 5135 3444 5171 3445 5173 3445 5151 3445 5173 3446 5152 3446 5151 3446 5174 3447 5162 3447 5163 3447 5164 3448 5174 3448 5163 3448 1721 3449 1713 3449 1712 3449 5173 3450 5175 3450 5152 3450 5175 3451 5149 3451 5152 3451 5175 3452 5176 3452 5149 3452 5176 3453 5148 3453 5149 3453 1716 3454 1724 3454 1717 3454 5176 3455 5177 3455 5148 3455 5177 3456 5147 3456 5148 3456 5177 3457 5178 3457 5147 3457 5178 3458 5144 3458 5147 3458 5178 3459 5179 3459 5144 3459 5179 3460 5145 3460 5144 3460 5180 3461 5161 3461 5162 3461 5174 3462 5180 3462 5162 3462 5138 3463 5181 3463 5137 3463 5181 3464 5172 3464 5137 3464 5179 3465 5182 3465 5145 3465 5182 3466 5146 3466 5145 3466 1745 1251 5141 1251 1739 1251 5157 1251 1746 1251 1740 1251 5142 1251 1748 1251 1742 1251 5183 1251 5143 1251 5146 1251 5182 3466 5184 3466 5146 3466 5184 3467 5183 3467 5146 3467 5142 1251 1750 1251 1748 1251 5157 3468 1752 3468 1746 3468 1755 1251 5141 1251 1745 1251 5185 1251 5143 1251 5183 1251 5184 3467 5186 3467 5183 3467 5186 3469 5185 3469 5183 3469 5142 1251 1756 1251 1750 1251 5157 3470 1758 3470 1752 3470 1761 1251 5141 1251 1755 1251 5187 1251 5188 1251 5185 1251 5188 3471 5143 3471 5185 3471 5186 3472 5189 3472 5185 3472 5189 3473 5187 3473 5185 3473 5190 1251 5188 1251 5187 1251 5189 3474 5191 3474 5187 3474 5191 3475 5190 3475 5187 3475 5142 3476 1762 3476 1756 3476 5157 3477 1764 3477 1758 3477 1767 1251 5141 1251 1761 1251 5192 3478 5188 3478 5190 3478 5191 3479 5193 3479 5190 3479 5193 3480 5192 3480 5190 3480 5194 3481 5160 3481 5161 3481 5180 3461 5194 3461 5161 3461 5142 1251 1768 1251 1762 1251 5157 3482 1770 3482 1764 3482 5195 3483 5141 3483 1767 3483 1773 1251 5195 1251 1767 1251 1779 1251 5195 1251 1773 1251 1772 3484 1778 3484 1773 3484 5196 3485 5188 3485 5192 3485 5193 3486 5197 3486 5192 3486 5197 3487 5196 3487 5192 3487 5142 3488 1774 3488 1768 3488 5157 3489 1776 3489 1770 3489 1781 3490 5195 3490 1779 3490 5198 1251 5188 1251 5196 1251 5197 3491 5199 3491 5196 3491 5199 3492 5198 3492 5196 3492 1787 3493 1777 3493 1776 3493 5200 1251 1786 1251 1776 1251 5157 1251 5200 1251 1776 1251 5142 3494 1782 3494 1774 3494 5200 1251 1784 1251 1786 1251 1789 1251 5195 1251 1781 1251 5201 1251 5202 1251 5198 1251 5202 3495 5188 3495 5198 3495 5199 3496 5203 3496 5198 3496 5203 3497 5201 3497 5198 3497 5142 3498 1790 3498 1782 3498 5200 3499 1792 3499 1784 3499 1795 3500 5195 3500 1789 3500 1799 3501 1791 3501 1790 3501 5142 1251 5204 1251 1790 1251 5204 1251 1798 1251 1790 1251 5205 1251 5202 1251 5201 1251 5203 3497 5206 3497 5201 3497 5206 3502 5205 3502 5201 3502 5204 1251 1796 1251 1798 1251 5207 3503 5202 3503 5205 3503 5206 3502 5208 3502 5205 3502 5208 3504 5207 3504 5205 3504 5200 3505 1800 3505 1792 3505 1803 3506 5195 3506 1795 3506 5209 1251 1804 1251 1796 1251 5204 1251 5209 1251 1796 1251 5210 3507 5202 3507 5207 3507 5208 3508 5211 3508 5207 3508 5211 3509 5210 3509 5207 3509 5212 1251 5195 1251 1803 1251 1807 1251 5212 1251 1803 1251 5213 1251 5212 1251 1807 1251 5214 3510 5213 3510 1807 3510 1806 3511 5214 3511 1807 3511 5215 1251 5212 1251 5213 1251 5209 1251 5215 1251 5213 1251 5216 3512 5209 3512 5213 3512 5217 3513 5216 3513 5213 3513 5214 3510 5217 3510 5213 3510 1808 3514 1805 3514 1804 3514 5209 1251 1809 1251 1804 1251 1809 3515 5209 3515 5216 3515 5218 3516 1809 3516 5216 3516 5217 3517 5218 3517 5216 3517 5218 3518 1808 3518 1809 3518 5200 3519 1810 3519 1800 3519 5219 1251 5220 1251 5138 1251 5139 1251 5219 1251 5138 1251 5220 3520 5221 3520 5138 3520 5221 3520 5181 3520 5138 3520 5222 1251 5219 1251 5139 1251 5140 1251 5222 1251 5139 1251 5141 1251 5223 1251 5140 1251 5223 1251 5222 1251 5140 1251 5224 1251 5223 1251 5141 1251 5195 1251 5224 1251 5141 1251 5225 1251 5224 1251 5195 1251 5212 1251 5225 1251 5195 1251 5226 1251 5225 1251 5212 1251 5215 1251 5226 1251 5212 1251 5227 1251 5226 1251 5215 1251 5209 1251 5227 1251 5215 1251 5228 1251 5227 1251 5209 1251 5204 1251 5228 1251 5209 1251 5229 1251 5228 1251 5204 1251 5142 1251 5229 1251 5204 1251 5143 1251 5230 1251 5142 1251 5230 1251 5229 1251 5142 1251 5188 1251 5231 1251 5143 1251 5231 1251 5230 1251 5143 1251 5202 1251 5232 1251 5188 1251 5232 1251 5231 1251 5188 1251 5210 1251 5232 1251 5202 1251 1814 1251 5233 1251 5210 1251 5233 3521 5232 3521 5210 3521 5211 3522 5234 3522 5210 3522 5234 3523 1814 3523 5210 3523 1820 3524 1811 3524 1810 3524 5200 1251 5235 1251 1810 1251 5235 1251 1816 1251 1810 1251 5157 1251 5236 1251 5200 1251 5236 1251 5235 1251 5200 1251 5158 1251 5237 1251 5157 1251 5237 1251 5236 1251 5157 1251 5238 1251 5237 1251 5158 1251 5159 1251 5238 1251 5158 1251 5239 1251 5238 1251 5159 1251 5160 3525 5239 3525 5159 3525 5240 3526 5239 3526 5160 3526 5194 3527 5240 3527 5160 3527 1813 1251 5233 1251 1814 1251 5234 3528 1812 3528 1814 3528 1819 1251 5233 1251 1813 1251 5241 3529 1819 3529 1813 3529 1812 3530 5241 3530 1813 3530 5242 1251 5233 1251 1819 1251 1817 1251 5242 1251 1819 1251 5241 3531 1818 3531 1819 3531 1816 3532 5242 3532 1817 3532 5235 1251 5242 1251 1816 1251 5219 1251 5243 1251 5220 1251 5243 3379 5244 3379 5220 3379 5244 1143 5221 1143 5220 1143 5222 1251 5243 1251 5219 1251 1878 1251 1882 1251 5222 1251 1821 1251 1823 1251 5222 1251 1823 1251 1825 1251 5222 1251 1825 3533 1836 3533 5222 3533 1836 1251 1844 1251 5222 1251 1844 3534 1852 3534 5222 3534 1852 1251 1860 1251 5222 1251 1860 3535 1868 3535 5222 3535 1868 3536 1874 3536 5222 3536 1874 1251 1878 1251 5222 1251 5245 1251 5243 1251 5222 1251 1882 1251 5245 1251 5222 1251 5223 3537 1831 3537 5222 3537 1831 1251 1821 1251 5222 1251 1919 1251 1915 1251 5223 1251 1915 1251 1911 1251 5223 1251 1911 1251 1863 1251 5223 1251 1863 1251 1855 1251 5223 1251 1855 1251 1847 1251 5223 1251 1847 1251 1839 1251 5223 1251 1839 1251 1831 1251 5223 1251 5246 1251 1919 1251 5223 1251 5247 1251 5246 1251 5223 1251 5224 1251 5247 1251 5223 1251 5248 1251 5247 1251 5224 1251 5225 1251 5248 1251 5224 1251 5226 1251 5249 1251 5225 1251 5249 3538 5250 3538 5225 3538 5250 1251 5251 1251 5225 1251 5251 1251 5252 1251 5225 1251 5253 1251 5248 1251 5225 1251 5252 1251 5253 1251 5225 1251 5254 1251 5255 1251 5226 1251 5256 1251 5254 1251 5226 1251 5227 3539 5257 3539 5226 3539 5257 1251 5258 1251 5226 1251 5258 1251 5256 1251 5226 1251 5255 1251 5259 1251 5226 1251 5259 1251 5249 1251 5226 1251 5260 3540 5261 3540 5227 3540 5261 1251 5262 1251 5227 1251 5262 1251 5263 1251 5227 1251 5263 1251 5264 1251 5227 1251 5264 1251 5265 1251 5227 1251 5265 3541 5257 3541 5227 3541 5266 1251 5260 1251 5227 1251 5267 1251 5266 1251 5227 1251 5228 1251 5267 1251 5227 1251 5268 1251 5267 1251 5228 1251 5229 1251 5268 1251 5228 1251 5269 1251 5270 1251 5229 1251 5270 1251 5271 1251 5229 1251 5271 3542 5272 3542 5229 3542 5272 1251 5273 1251 5229 1251 5273 1251 5274 1251 5229 1251 5274 1251 5275 1251 5229 1251 5275 1251 5276 1251 5229 1251 5276 1251 5277 1251 5229 1251 5278 1251 5268 1251 5229 1251 5277 1251 5278 1251 5229 1251 5230 3543 5279 3543 5229 3543 5279 1251 5269 1251 5229 1251 5280 3544 5279 3544 5230 3544 5281 1251 5282 1251 5230 1251 5282 1251 5283 1251 5230 1251 5283 1251 5284 1251 5230 1251 5284 1251 5280 1251 5230 1251 5285 3545 5286 3545 5230 3545 5286 1251 5287 1251 5230 1251 5287 1251 5281 1251 5230 1251 5288 1251 5289 1251 5230 1251 5289 1251 5290 1251 5230 1251 5290 1251 5285 1251 5230 1251 5231 1251 5291 1251 5230 1251 5291 1251 5288 1251 5230 1251 5232 1251 5292 1251 5231 1251 5292 1251 5291 1251 5231 1251 5233 1251 5293 1251 5232 1251 5293 1251 5292 1251 5232 1251 5294 1251 5295 1251 5233 1251 5295 1251 5296 1251 5233 1251 5296 1251 5297 1251 5233 1251 5242 3546 5298 3546 5233 3546 5298 1251 5299 1251 5233 1251 5299 1251 5294 1251 5233 1251 5297 3547 5300 3547 5233 3547 5300 1251 5301 1251 5233 1251 5301 1251 5293 1251 5233 1251 5302 1251 5303 1251 5242 1251 5235 1251 5302 1251 5242 1251 5304 1251 5305 1251 5242 1251 5305 1251 5298 1251 5242 1251 5306 1251 5307 1251 5242 1251 5307 1251 5308 1251 5242 1251 5308 1251 5309 1251 5242 1251 5309 1251 5304 1251 5242 1251 5303 1251 5310 1251 5242 1251 5310 1251 5311 1251 5242 1251 5311 1251 5306 1251 5242 1251 5236 1251 5312 1251 5235 1251 5312 1251 5302 1251 5235 1251 1918 1251 5312 1251 5236 1251 1914 1251 1918 1251 5236 1251 1842 1251 1850 1251 5236 1251 1850 1251 1858 1251 5236 1251 1858 1251 1866 1251 5236 1251 1866 1251 1914 1251 5236 1251 5237 1251 1834 1251 5236 1251 1834 1251 1842 1251 5236 1251 1871 1251 1861 1251 5237 1251 1861 1251 1853 1251 5237 1251 1853 1251 1845 1251 5237 1251 1845 1251 1837 1251 5237 1251 1837 1251 1826 1251 5237 1251 1826 1251 1828 1251 5237 1251 1828 1251 1830 1251 5237 1251 1830 3548 1834 3548 5237 3548 5238 3549 1871 3549 5237 3549 1887 1251 1883 1251 5238 1251 1883 1251 1879 1251 5238 1251 1879 3550 1875 3550 5238 3550 1875 3551 1869 3551 5238 3551 1869 1251 1871 1251 5238 1251 5313 1251 1887 1251 5238 1251 5239 1251 5313 1251 5238 1251 5314 3552 5313 3552 5239 3552 5240 3553 5314 3553 5239 3553 5245 3554 5315 3554 5243 3554 5315 3555 5244 3555 5243 3555 5316 1479 5269 1479 5279 1479 5280 1478 5317 1478 5279 1478 5317 1478 5316 1478 5279 1478 5316 1479 5318 1479 5269 1479 5318 3556 5270 3556 5269 3556 5284 3557 5319 3557 5280 3557 5319 3558 5317 3558 5280 3558 5318 3559 5320 3559 5270 3559 5320 3560 5271 3560 5270 3560 5283 3561 5321 3561 5284 3561 5321 3562 5319 3562 5284 3562 5320 3563 5322 3563 5271 3563 5322 1495 5272 1495 5271 1495 5282 3564 5323 3564 5283 3564 5323 3565 5321 3565 5283 3565 5322 1492 5324 1492 5272 1492 5324 1684 5273 1684 5272 1684 5281 1498 5325 1498 5282 1498 5325 1497 5323 1497 5282 1497 5324 1691 5326 1691 5273 1691 5326 1500 5274 1500 5273 1500 5287 1503 5327 1503 5281 1503 5327 1504 5325 1504 5281 1504 5326 1505 5328 1505 5274 1505 5328 1699 5275 1699 5274 1699 5286 3566 5329 3566 5287 3566 5329 1701 5327 1701 5287 1701 1872 3567 1862 3567 1861 3567 5328 3568 5330 3568 5275 3568 5330 1704 5276 1704 5275 1704 5285 1514 5331 1514 5286 1514 5331 3569 5329 3569 5286 3569 5330 1516 5332 1516 5276 1516 5332 3570 5277 3570 5276 3570 5290 1518 5333 1518 5285 1518 5333 3571 5331 3571 5285 3571 5332 1521 5334 1521 5277 1521 5334 34 5278 34 5277 34 5289 84 5335 84 5290 84 5335 84 5333 84 5290 84 5334 34 5336 34 5278 34 5336 1522 5337 1522 5278 1522 5337 1251 5268 1251 5278 1251 5288 1251 5338 1251 5289 1251 5338 1525 5339 1525 5289 1525 5339 1526 5335 1526 5289 1526 1886 1251 5245 1251 1882 1251 5336 1528 5340 1528 5337 1528 5340 3572 5341 3572 5337 3572 5341 1251 5268 1251 5337 1251 5288 3573 5342 3573 5338 3573 5342 3574 5343 3574 5338 3574 5343 3575 5339 3575 5338 3575 1890 1251 5245 1251 1886 1251 5313 3576 1891 3576 1887 3576 5340 1737 5344 1737 5341 1737 5344 3577 5345 3577 5341 3577 5345 1251 5268 1251 5341 1251 5288 3578 5346 3578 5342 3578 5346 1538 5347 1538 5342 1538 5347 3579 5343 3579 5342 3579 1894 1251 5245 1251 1890 1251 5313 3580 1895 3580 1891 3580 5344 1543 5348 1543 5345 1543 5348 1744 5349 1744 5345 1744 5349 1251 5268 1251 5345 1251 5288 3581 5350 3581 5346 3581 5350 1551 5351 1551 5346 1551 5351 3582 5347 3582 5346 3582 1898 3583 5245 3583 1894 3583 5313 3584 1899 3584 1895 3584 5348 1553 5352 1553 5349 1553 5352 1752 5353 1752 5349 1752 5353 1251 5268 1251 5349 1251 5288 3585 5354 3585 5350 3585 5354 1556 5355 1556 5350 1556 5355 3586 5351 3586 5350 3586 1902 3587 5245 3587 1898 3587 5313 3588 1903 3588 1899 3588 5352 1559 5356 1559 5353 1559 5356 1565 5357 1565 5353 1565 5357 3589 5268 3589 5353 3589 5288 3590 5358 3590 5354 3590 5358 3591 5359 3591 5354 3591 5359 3592 5355 3592 5354 3592 5356 1565 5360 1565 5357 1565 5360 3593 5361 3593 5357 3593 5361 1251 5268 1251 5357 1251 5288 3594 5362 3594 5358 3594 5362 3595 5363 3595 5358 3595 5363 3596 5359 3596 5358 3596 5364 1251 1909 1251 1903 1251 5313 1251 5364 1251 1903 1251 1908 1184 1904 1184 1903 1184 5365 3597 5245 3597 1902 3597 1907 3598 5365 3598 1902 3598 5364 3599 1910 3599 1909 3599 5360 3600 5366 3600 5361 3600 5366 3601 5367 3601 5361 3601 5367 1251 5268 1251 5361 1251 5288 3602 5368 3602 5362 3602 5368 3603 5369 3603 5362 3603 5369 3604 5363 3604 5362 3604 5366 3605 5370 3605 5367 3605 5370 3606 5371 3606 5367 3606 5288 3607 5268 3607 5367 3607 5371 3608 5288 3608 5367 3608 5288 3609 5371 3609 5368 3609 5371 3610 5372 3610 5368 3610 5372 3610 5369 3610 5368 3610 5370 3606 5372 3606 5371 3606 5373 3611 5364 3611 5313 3611 5314 3612 5373 3612 5313 3612 5374 159 5254 159 5256 159 5258 3613 5375 3613 5256 3613 5375 163 5374 163 5256 163 5376 159 5299 159 5298 159 5305 160 5377 160 5298 160 5377 160 5376 160 5298 160 5374 159 5378 159 5254 159 5378 177 5255 177 5254 177 5257 169 5379 169 5258 169 5379 170 5375 170 5258 170 5376 159 5380 159 5299 159 5380 177 5294 177 5299 177 5304 3614 5381 3614 5305 3614 5381 3615 5377 3615 5305 3615 1922 1251 5312 1251 1918 1251 5378 171 5382 171 5255 171 5382 3616 5259 3616 5255 3616 5265 178 5383 178 5257 178 5383 179 5379 179 5257 179 5380 171 5384 171 5294 171 5384 3617 5295 3617 5294 3617 5309 178 5385 178 5304 178 5385 179 5381 179 5304 179 5365 3618 5386 3618 5245 3618 5386 3619 5315 3619 5245 3619 5382 3620 5387 3620 5259 3620 5387 3621 5249 3621 5259 3621 5264 3622 5388 3622 5265 3622 5388 742 5383 742 5265 742 5384 3623 5389 3623 5295 3623 5389 640 5296 640 5295 640 5308 3622 5390 3622 5309 3622 5390 742 5385 742 5309 742 5387 3621 5391 3621 5249 3621 5391 3624 5250 3624 5249 3624 5391 3625 5392 3625 5250 3625 5392 3626 5251 3626 5250 3626 5263 189 5393 189 5264 189 5393 188 5388 188 5264 188 5389 3627 5394 3627 5296 3627 5394 186 5297 186 5296 186 5307 189 5395 189 5308 189 5395 188 5390 188 5308 188 5246 3628 1923 3628 1919 3628 1926 1251 5312 1251 1922 1251 5392 3626 5396 3626 5251 3626 5396 3629 5252 3629 5251 3629 5262 824 5397 824 5263 824 5397 3630 5393 3630 5263 3630 5394 191 5398 191 5297 191 5398 3629 5300 3629 5297 3629 5306 193 5399 193 5307 193 5399 3093 5395 3093 5307 3093 5396 198 5400 198 5252 198 5400 1994 5253 1994 5252 1994 5261 200 5401 200 5262 200 5401 1995 5397 1995 5262 1995 5398 198 5402 198 5300 198 5402 1994 5301 1994 5300 1994 5311 343 5403 343 5306 343 5403 342 5399 342 5306 342 5246 3631 1927 3631 1923 3631 1930 3632 5312 3632 1926 3632 5400 209 5404 209 5253 209 5404 3633 5405 3633 5253 3633 5405 1251 5248 1251 5253 1251 5260 3634 5406 3634 5261 3634 5406 3634 5401 3634 5261 3634 5402 209 5407 209 5301 209 5407 2004 5408 2004 5301 2004 5408 3635 5293 3635 5301 3635 5310 3634 5409 3634 5311 3634 5409 3634 5403 3634 5311 3634 6 3636 1910 3636 5364 3636 5410 3637 6 3637 5364 3637 5373 3638 5410 3638 5364 3638 5246 3639 1931 3639 1927 3639 1934 3640 5312 3640 1930 3640 5404 3633 5411 3633 5405 3633 5411 212 5412 212 5405 212 5412 1251 5248 1251 5405 1251 5266 3641 5413 3641 5260 3641 5413 712 5414 712 5260 712 5414 214 5406 214 5260 214 5407 2004 5415 2004 5408 2004 5415 833 5416 833 5408 833 5416 3642 5293 3642 5408 3642 5303 3643 5417 3643 5310 3643 5417 836 5418 836 5310 836 5418 835 5409 835 5310 835 5411 713 5419 713 5412 713 5419 34 5420 34 5412 34 5420 1251 5248 1251 5412 1251 5266 1251 5421 1251 5413 1251 5421 84 5422 84 5413 84 5422 84 5414 84 5413 84 5415 837 5423 837 5416 837 5423 34 5424 34 5416 34 5424 1251 5293 1251 5416 1251 5303 1251 5425 1251 5417 1251 5425 84 5426 84 5417 84 5426 84 5418 84 5417 84 5246 3644 1935 3644 1931 3644 1938 3645 5312 3645 1934 3645 5419 34 5427 34 5420 34 5427 753 5428 753 5420 753 5428 1251 5248 1251 5420 1251 5266 3646 5429 3646 5421 3646 5429 755 5430 755 5421 755 5430 754 5422 754 5421 754 5423 34 5431 34 5424 34 5431 661 5432 661 5424 661 5432 3647 5293 3647 5424 3647 5303 3648 5433 3648 5425 3648 5433 3649 5434 3649 5425 3649 5434 662 5426 662 5425 662 5246 3650 1939 3650 1935 3650 1942 3651 5312 3651 1938 3651 5427 756 5435 756 5428 756 5435 226 5436 226 5428 226 5436 1251 5248 1251 5428 1251 5266 3652 5437 3652 5429 3652 5437 3653 5438 3653 5429 3653 5438 230 5430 230 5429 230 5431 3654 5439 3654 5432 3654 5439 2024 5440 2024 5432 2024 5440 3655 5293 3655 5432 3655 5303 3656 5441 3656 5433 3656 5441 3653 5442 3653 5433 3653 5442 230 5434 230 5433 230 5246 3657 1943 3657 1939 3657 1946 1251 5312 1251 1942 1251 5435 3658 5443 3658 5436 3658 5443 3659 5444 3659 5436 3659 5444 1251 5248 1251 5436 1251 5266 3660 5445 3660 5437 3660 5445 240 5446 240 5437 240 5446 3661 5438 3661 5437 3661 5439 3662 5447 3662 5440 3662 5447 3659 5448 3659 5440 3659 5448 1251 5293 1251 5440 1251 5303 3663 5449 3663 5441 3663 5449 3664 5450 3664 5441 3664 5450 3664 5442 3664 5441 3664 5443 250 5451 250 5444 250 5451 3665 5452 3665 5444 3665 5452 1251 5248 1251 5444 1251 5266 3666 5453 3666 5445 3666 5453 3667 5454 3667 5445 3667 5454 3668 5446 3668 5445 3668 5447 250 5455 250 5448 250 5455 3665 5456 3665 5448 3665 5456 3669 5293 3669 5448 3669 5303 3670 5457 3670 5449 3670 5457 248 5458 248 5449 248 5458 3671 5450 3671 5449 3671 5246 3672 1947 3672 1943 3672 1950 1251 5312 1251 1946 1251 5459 3673 5365 3673 1907 3673 1906 3674 5459 3674 1907 3674 6 3675 1951 3675 1910 3675 5451 254 5460 254 5452 254 5460 3676 5461 3676 5452 3676 5461 1251 5248 1251 5452 1251 5266 3677 5462 3677 5453 3677 5462 3678 5463 3678 5453 3678 5463 3679 5454 3679 5453 3679 5455 254 5464 254 5456 254 5464 3680 5465 3680 5456 3680 5465 1251 5293 1251 5456 1251 5303 3681 5466 3681 5457 3681 5466 3678 5467 3678 5457 3678 5467 3679 5458 3679 5457 3679 5246 3682 1954 3682 1947 3682 1957 1251 5312 1251 1950 1251 5460 3683 5468 3683 5461 3683 5468 3684 5469 3684 5461 3684 5470 3685 5248 3685 5461 3685 5469 1251 5470 1251 5461 1251 5266 3686 5471 3686 5462 3686 5471 261 5472 261 5462 261 5472 260 5463 260 5462 260 5464 3687 5473 3687 5465 3687 5473 258 5474 258 5465 258 5474 1251 5293 1251 5465 1251 5303 3688 5475 3688 5466 3688 5475 261 5476 261 5466 261 5476 260 5467 260 5466 260 5477 1251 5365 1251 5459 1251 1906 3689 5478 3689 5459 3689 5478 3690 5477 3690 5459 3690 6 3691 1958 3691 1951 3691 5468 3692 5479 3692 5469 3692 5479 3693 5480 3693 5469 3693 5480 1251 5470 1251 5469 1251 5479 3693 5481 3693 5480 3693 5481 422 5482 422 5480 422 5482 1251 5470 1251 5480 1251 5266 3694 5483 3694 5471 3694 5483 3695 5484 3695 5471 3695 5484 266 5472 266 5471 266 5473 263 5485 263 5474 263 5485 3696 5486 3696 5474 3696 5486 1251 5293 1251 5474 1251 5303 3697 5487 3697 5475 3697 5487 3695 5488 3695 5475 3695 5488 266 5476 266 5475 266 5246 3698 1960 3698 1954 3698 1963 1251 5312 1251 1957 1251 5489 1251 5365 1251 5477 1251 5478 3699 5490 3699 5477 3699 5490 3700 5489 3700 5477 3700 6 3701 1964 3701 1958 3701 5481 3702 5491 3702 5482 3702 5491 2079 5492 2079 5482 2079 5492 1251 5470 1251 5482 1251 5266 3703 5493 3703 5483 3703 5493 268 5494 268 5483 268 5494 2070 5484 2070 5483 2070 5485 3704 5495 3704 5486 3704 5495 2079 5496 2079 5486 2079 5496 1251 5293 1251 5486 1251 5303 3705 5497 3705 5487 3705 5497 3706 5498 3706 5487 3706 5498 3707 5488 3707 5487 3707 5246 3708 1966 3708 1960 3708 1969 1251 5312 1251 1963 1251 5491 269 5499 269 5492 269 5499 277 5500 277 5492 277 5500 1251 5470 1251 5492 1251 5266 3709 5500 3709 5493 3709 5500 276 5501 276 5493 276 5501 436 5494 436 5493 436 5495 269 5502 269 5496 269 5502 277 5503 277 5496 277 5503 1251 5293 1251 5496 1251 5303 3710 5503 3710 5497 3710 5503 273 5504 273 5497 273 5504 273 5498 273 5497 273 5505 1251 5365 1251 5489 1251 5490 1874 5506 1874 5489 1874 5506 3711 5505 3711 5489 3711 6 3712 1970 3712 1964 3712 5499 277 5501 277 5500 277 5266 3713 5470 3713 5500 3713 5502 277 5504 277 5503 277 5303 3714 5293 3714 5503 3714 5505 3715 5507 3715 5365 3715 5507 3716 5508 3716 5365 3716 5508 936 5386 936 5365 936 5509 1251 5507 1251 5505 1251 5506 3717 5510 3717 5505 3717 5510 3718 5509 3718 5505 3718 1975 3719 1967 3719 1966 3719 5246 1251 5511 1251 1966 1251 5511 3720 5512 3720 1966 3720 5512 3721 1974 3721 1966 3721 5247 1251 5513 1251 5246 1251 5513 1251 5511 1251 5246 1251 5248 1251 5514 1251 5247 1251 5514 1251 5513 1251 5247 1251 5470 1251 5515 1251 5248 1251 5515 1251 5514 1251 5248 1251 5266 1251 5516 1251 5470 1251 5516 1251 5515 1251 5470 1251 5267 1251 5517 1251 5266 1251 5517 1251 5516 1251 5266 1251 5268 1251 5518 1251 5267 1251 5518 1251 5517 1251 5267 1251 5519 1251 5518 1251 5268 1251 5288 1251 5519 1251 5268 1251 5291 1251 5520 1251 5288 1251 5520 1251 5519 1251 5288 1251 5292 1251 5521 1251 5291 1251 5521 1251 5520 1251 5291 1251 5293 1251 5522 1251 5292 1251 5522 1251 5521 1251 5292 1251 5523 1251 5522 1251 5293 1251 5303 1251 5523 1251 5293 1251 5302 1251 5524 1251 5303 1251 5524 1251 5523 1251 5303 1251 5312 1251 5525 1251 5302 1251 5525 1251 5524 1251 5302 1251 1969 1251 5525 1251 5312 1251 1977 1251 5526 1251 1969 1251 5526 1251 5525 1251 1969 1251 1968 3722 1976 3722 1969 3722 1982 3723 1971 3723 1970 3723 5 3724 1981 3724 1970 3724 6 3715 5 3715 1970 3715 5410 3725 3 3725 6 3725 5512 3726 5527 3726 1974 3726 5527 1251 1972 1251 1974 1251 5528 1251 5526 1251 1977 1251 5529 1251 5528 1251 1977 1251 1979 3727 5529 3727 1977 3727 1972 1251 5530 1251 5509 1251 5530 1251 5507 1251 5509 1251 5510 3728 5531 3728 5509 3728 5531 3729 1972 3729 5509 3729 5532 1251 1979 1251 1981 1251 5 3730 5532 3730 1981 3730 5527 3731 5533 3731 1972 3731 5533 1251 5530 1251 1972 1251 5531 3732 1973 3732 1972 3732 5532 3733 5529 3733 1979 3733 5530 3734 5534 3734 5507 3734 5534 3734 5508 3734 5507 3734 4 3735 5532 3735 5 3735 5533 3736 5535 3736 5530 3736 5535 3736 5534 3736 5530 3736 4 3255 5536 3255 5532 3255 5536 1448 5529 1448 5532 1448 5527 3737 5537 3737 5533 3737 5537 2241 5535 2241 5533 2241 5536 1453 5538 1453 5529 1453 5538 2239 5528 2239 5529 2239 5512 3738 5539 3738 5527 3738 5539 3739 5537 3739 5527 3739 5538 3740 5540 3740 5528 3740 5540 3741 5526 3741 5528 3741 5511 3742 5541 3742 5512 3742 5541 3743 5542 3743 5512 3743 5542 3743 5539 3743 5512 3743 5543 3744 5525 3744 5526 3744 5540 3745 5544 3745 5526 3745 5544 3746 5543 3746 5526 3746 5511 3747 5545 3747 5541 3747 5545 3748 5546 3748 5541 3748 5546 3748 5542 3748 5541 3748 5547 1251 5545 1251 5511 1251 5513 3749 5548 3749 5511 3749 5548 1251 5549 1251 5511 1251 5549 3750 5550 3750 5511 3750 5550 1251 5551 1251 5511 1251 5551 1251 5552 1251 5511 1251 5552 1251 5553 1251 5511 1251 5553 1251 5554 1251 5511 1251 5554 1251 5555 1251 5511 1251 5555 3751 5556 3751 5511 3751 5556 3752 5557 3752 5511 3752 5558 1251 5547 1251 5511 1251 5559 1251 5558 1251 5511 1251 5557 1251 5559 1251 5511 1251 5560 1251 5548 1251 5513 1251 5514 1251 5561 1251 5513 1251 5561 3753 5562 3753 5513 3753 5562 1251 5563 1251 5513 1251 5564 1251 5565 1251 5513 1251 5566 1251 5567 1251 5513 1251 5567 1251 5568 1251 5513 1251 5568 1251 5560 1251 5513 1251 5563 1251 5569 1251 5513 1251 5569 1251 5570 1251 5513 1251 5570 1251 5564 1251 5513 1251 5565 1251 5571 1251 5513 1251 5571 1251 5572 1251 5513 1251 5572 3754 5566 3754 5513 3754 5515 1251 5573 1251 5514 1251 5573 1251 5561 1251 5514 1251 5574 1251 5575 1251 5515 1251 5516 3755 5576 3755 5515 3755 5576 1251 5577 1251 5515 1251 5577 1251 5574 1251 5515 1251 5575 3756 5578 3756 5515 3756 5578 1251 5573 1251 5515 1251 5579 1251 5576 1251 5516 1251 5580 1251 5579 1251 5516 1251 5517 1251 5580 1251 5516 1251 5581 1251 5580 1251 5517 1251 5518 1251 5581 1251 5517 1251 5582 1251 5581 1251 5518 1251 5519 1251 5582 1251 5518 1251 5520 1251 5583 1251 5519 1251 5583 1251 5582 1251 5519 1251 5521 1251 5584 1251 5520 1251 5584 1251 5583 1251 5520 1251 5522 1251 5585 1251 5521 1251 5585 1251 5584 1251 5521 1251 5586 1251 5585 1251 5522 1251 5523 3757 5587 3757 5522 3757 5587 1251 5588 1251 5522 1251 5588 3758 5586 3758 5522 3758 5589 1251 5590 1251 5523 1251 5590 1251 5591 1251 5523 1251 5591 1251 5592 1251 5523 1251 5592 1251 5587 1251 5523 1251 5524 1251 5589 1251 5523 1251 5593 1251 5594 1251 5524 1251 5595 1251 5593 1251 5524 1251 5594 3759 5596 3759 5524 3759 5596 1251 5597 1251 5524 1251 5597 1251 5598 1251 5524 1251 5598 1251 5599 1251 5524 1251 5599 1251 5600 1251 5524 1251 5600 1251 5601 1251 5524 1251 5601 1251 5602 1251 5524 1251 5602 1251 5603 1251 5524 1251 5603 1251 5604 1251 5524 1251 5604 1251 5589 1251 5524 1251 5525 3760 5605 3760 5524 3760 5605 1251 5595 1251 5524 1251 5543 1251 5606 1251 5525 1251 5606 1251 5607 1251 5525 1251 5608 3761 5609 3761 5525 3761 5610 1251 5611 1251 5525 1251 5611 1251 5612 1251 5525 1251 5612 1251 5605 1251 5525 1251 5607 1251 5613 1251 5525 1251 5613 1251 5614 1251 5525 1251 5614 1251 5608 1251 5525 1251 5609 1251 5615 1251 5525 1251 5615 1251 5616 1251 5525 1251 5616 1251 5610 1251 5525 1251 5544 3746 5617 3746 5543 3746 5617 3762 5606 3762 5543 3762 5547 84 5618 84 5545 84 5618 84 5546 84 5545 84 5619 1251 5607 1251 5606 1251 5620 34 5619 34 5606 34 5617 3763 5620 3763 5606 3763 5621 3764 5575 3764 5574 3764 5577 3765 5622 3765 5574 3765 5622 3766 5621 3766 5574 3766 5623 3764 5588 3764 5587 3764 5592 3765 5624 3765 5587 3765 5624 3766 5623 3766 5587 3766 5621 3767 5625 3767 5575 3767 5625 3768 5578 3768 5575 3768 5576 3769 5626 3769 5577 3769 5626 3770 5622 3770 5577 3770 5623 3767 5627 3767 5588 3767 5627 3768 5586 3768 5588 3768 5591 3769 5628 3769 5592 3769 5628 3770 5624 3770 5592 3770 5629 1251 5563 1251 5562 1251 5630 34 5629 34 5562 34 5631 4 5630 4 5562 4 5561 4 5631 4 5562 4 5632 4 5631 4 5561 4 5573 4 5632 4 5561 4 5633 4 5632 4 5573 4 5578 4 5633 4 5573 4 5625 3771 5633 3771 5578 3771 5634 4 5626 4 5576 4 5579 4 5634 4 5576 4 5635 4 5634 4 5579 4 5580 4 5635 4 5579 4 5636 4 5635 4 5580 4 5581 4 5636 4 5580 4 5637 4 5636 4 5581 4 5582 4 5637 4 5581 4 5638 4 5637 4 5582 4 5583 4 5638 4 5582 4 5639 4 5638 4 5583 4 5584 4 5639 4 5583 4 5640 4 5639 4 5584 4 5585 4 5640 4 5584 4 5641 4 5640 4 5585 4 5586 4 5641 4 5585 4 5627 3771 5641 3771 5586 3771 5642 4 5628 4 5591 4 5590 4 5642 4 5591 4 5643 4 5642 4 5590 4 5589 4 5643 4 5590 4 5604 1251 5644 1251 5589 1251 5645 84 5643 84 5589 84 5644 84 5645 84 5589 84 5646 3772 5549 3772 5548 3772 5560 1478 5647 1478 5548 1478 5647 1477 5646 1477 5548 1477 5648 1484 5593 1484 5595 1484 5605 3260 5649 3260 5595 3260 5649 3773 5648 3773 5595 3773 5646 3774 5650 3774 5549 3774 5650 3775 5550 3775 5549 3775 5568 3557 5651 3557 5560 3557 5651 3776 5647 3776 5560 3776 5648 1479 5652 1479 5593 1479 5652 3775 5594 3775 5593 3775 5612 1668 5653 1668 5605 1668 5653 3777 5649 3777 5605 3777 5650 3559 5654 3559 5550 3559 5654 3778 5551 3778 5550 3778 5567 3779 5655 3779 5568 3779 5655 3780 5651 3780 5568 3780 5652 3559 5656 3559 5594 3559 5656 1679 5596 1679 5594 1679 5611 3781 5657 3781 5612 3781 5657 3782 5653 3782 5612 3782 5654 3783 5658 3783 5551 3783 5658 1492 5552 1492 5551 1492 5566 3784 5659 3784 5567 3784 5659 3784 5655 3784 5567 3784 5656 3785 5660 3785 5596 3785 5660 3786 5597 3786 5596 3786 5610 3784 5661 3784 5611 3784 5661 3784 5657 3784 5611 3784 5658 1492 5662 1492 5552 1492 5662 3787 5553 3787 5552 3787 5572 1689 5663 1689 5566 1689 5663 3788 5659 3788 5566 3788 5660 3786 5664 3786 5597 3786 5664 3789 5598 3789 5597 3789 5616 1689 5665 1689 5610 1689 5665 3788 5661 3788 5610 3788 5662 3790 5666 3790 5553 3790 5666 3791 5554 3791 5553 3791 5571 1693 5667 1693 5572 1693 5667 3792 5663 3792 5572 3792 5664 3793 5668 3793 5598 3793 5668 3794 5599 3794 5598 3794 5615 3795 5669 3795 5616 3795 5669 3796 5665 3796 5616 3796 5666 3797 5670 3797 5554 3797 5670 1699 5555 1699 5554 1699 5565 3798 5671 3798 5571 3798 5671 3799 5667 3799 5571 3799 5668 1698 5672 1698 5599 1698 5672 1699 5600 1699 5599 1699 5609 1507 5673 1507 5615 1507 5673 1701 5669 1701 5615 1701 5670 1512 5674 1512 5555 1512 5674 3800 5556 3800 5555 3800 5564 1705 5675 1705 5565 1705 5675 3801 5671 3801 5565 3801 5672 1512 5676 1512 5600 1512 5676 3800 5601 3800 5600 3800 5608 3802 5677 3802 5609 3802 5677 3803 5673 3803 5609 3803 5674 1709 5678 1709 5556 1709 5678 3804 5557 3804 5556 3804 5570 1712 5679 1712 5564 1712 5679 1712 5675 1712 5564 1712 5676 1709 5680 1709 5601 1709 5680 3805 5602 3805 5601 3805 5614 1518 5681 1518 5608 1518 5681 3806 5677 3806 5608 3806 5678 3804 5682 3804 5557 3804 5682 34 5559 34 5557 34 5569 84 5683 84 5570 84 5683 84 5679 84 5570 84 5680 1521 5684 1521 5602 1521 5684 34 5603 34 5602 34 5613 84 5685 84 5614 84 5685 84 5681 84 5614 84 5682 34 5686 34 5559 34 5686 3807 5687 3807 5559 3807 5687 3808 5558 3808 5559 3808 5563 3809 5688 3809 5569 3809 5688 3810 5689 3810 5569 3810 5689 1722 5683 1722 5569 1722 5684 34 5690 34 5603 34 5690 3811 5691 3811 5603 3811 5691 1251 5604 1251 5603 1251 5607 3812 5692 3812 5613 3812 5692 3813 5693 3813 5613 3813 5693 3814 5685 3814 5613 3814 5686 3815 5694 3815 5687 3815 5694 3572 5695 3572 5687 3572 5695 3816 5558 3816 5687 3816 5563 3817 5696 3817 5688 3817 5696 3818 5697 3818 5688 3818 5697 3819 5689 3819 5688 3819 5690 3820 5698 3820 5691 3820 5698 3572 5699 3572 5691 3572 5699 1251 5604 1251 5691 1251 5607 3821 5700 3821 5692 3821 5700 1531 5701 1531 5692 1531 5701 3575 5693 3575 5692 3575 5694 1534 5702 1534 5695 1534 5702 1738 5703 1738 5695 1738 5703 1251 5558 1251 5695 1251 5563 3822 5704 3822 5696 3822 5704 3823 5705 3823 5696 3823 5705 3824 5697 3824 5696 3824 5698 1534 5706 1534 5699 1534 5706 1738 5707 1738 5699 1738 5707 1251 5604 1251 5699 1251 5607 3825 5708 3825 5700 3825 5708 1538 5709 1538 5700 1538 5709 1741 5701 1741 5700 1741 5702 1543 5710 1543 5703 1543 5710 3826 5711 3826 5703 3826 5711 1251 5558 1251 5703 1251 5563 3827 5712 3827 5704 3827 5712 1747 5713 1747 5704 1747 5713 3326 5705 3326 5704 3326 5706 1543 5714 1543 5707 1543 5714 3828 5715 3828 5707 3828 5715 1251 5604 1251 5707 1251 5607 3829 5716 3829 5708 3829 5716 1551 5717 1551 5708 1551 5717 3830 5709 3830 5708 3830 5710 3831 5718 3831 5711 3831 5718 3832 5719 3832 5711 3832 5719 1251 5558 1251 5711 1251 5563 3833 5720 3833 5712 3833 5720 1759 5721 1759 5712 1759 5721 3834 5713 3834 5712 3834 5714 1553 5722 1553 5715 1553 5722 3835 5723 3835 5715 3835 5723 1251 5604 1251 5715 1251 5607 3836 5724 3836 5716 3836 5724 1759 5725 1759 5716 1759 5725 3834 5717 3834 5716 3834 5718 3837 5726 3837 5719 3837 5726 1560 5727 1560 5719 1560 5727 1251 5558 1251 5719 1251 5563 3838 5728 3838 5720 3838 5728 3839 5729 3839 5720 3839 5729 3840 5721 3840 5720 3840 5722 3841 5730 3841 5723 3841 5730 3842 5731 3842 5723 3842 5731 1251 5604 1251 5723 1251 5607 3843 5732 3843 5724 3843 5732 3839 5733 3839 5724 3839 5733 3840 5725 3840 5724 3840 5726 3844 5734 3844 5727 3844 5734 3845 5735 3845 5727 3845 5735 1251 5558 1251 5727 1251 5563 3846 5736 3846 5728 3846 5736 3847 5737 3847 5728 3847 5737 3848 5729 3848 5728 3848 5730 3849 5738 3849 5731 3849 5738 3850 5739 3850 5731 3850 5739 3851 5604 3851 5731 3851 5607 3852 5740 3852 5732 3852 5740 3853 5741 3853 5732 3853 5741 3854 5733 3854 5732 3854 5734 3855 5742 3855 5735 3855 5742 3601 5743 3601 5735 3601 5743 3856 5558 3856 5735 3856 5563 3857 5744 3857 5736 3857 5744 1573 5745 1573 5736 1573 5745 3604 5737 3604 5736 3604 5738 1772 5746 1772 5739 1772 5746 3601 5747 3601 5739 3601 5747 1251 5604 1251 5739 1251 5607 1251 5748 1251 5740 1251 5748 1776 5749 1776 5740 1776 5749 1776 5741 1776 5740 1776 5742 1584 5750 1584 5743 1584 5750 3858 5751 3858 5743 3858 5563 3859 5558 3859 5743 3859 5751 1251 5563 1251 5743 1251 5563 3860 5751 3860 5744 3860 5751 1583 5752 1583 5744 1583 5752 1583 5745 1583 5744 1583 5746 1584 5753 1584 5747 1584 5753 1585 5754 1585 5747 1585 5754 1251 5604 1251 5747 1251 5607 3861 5754 3861 5748 3861 5754 1783 5755 1783 5748 1783 5755 1784 5749 1784 5748 1784 5750 3858 5752 3858 5751 3858 5753 1585 5755 1585 5754 1585 5607 3862 5604 3862 5754 3862 5756 1251 5757 1251 5547 1251 5558 1251 5756 1251 5547 1251 5757 84 5758 84 5547 84 5758 84 5618 84 5547 84 5563 3863 5759 3863 5558 3863 5759 1251 5760 1251 5558 1251 5760 3864 5761 3864 5558 3864 5761 1251 5762 1251 5558 1251 5762 1251 5763 1251 5558 1251 5763 1251 5764 1251 5558 1251 5764 1251 5765 1251 5558 1251 5765 1251 5766 1251 5558 1251 5766 1251 5756 1251 5558 1251 5767 1251 5768 1251 5563 1251 5629 1251 5767 1251 5563 1251 5769 1251 5770 1251 5563 1251 5770 1251 5759 1251 5563 1251 5771 1251 5772 1251 5563 1251 5772 3865 5773 3865 5563 3865 5773 1251 5774 1251 5563 1251 5774 1251 5769 1251 5563 1251 5768 1251 5775 1251 5563 1251 5775 1251 5776 1251 5563 1251 5776 1251 5771 1251 5563 1251 5777 34 5767 34 5629 34 5630 34 5777 34 5629 34 5778 1251 5779 1251 5644 1251 5604 1251 5778 1251 5644 1251 5780 84 5645 84 5644 84 5779 84 5780 84 5644 84 5781 1251 5782 1251 5604 1251 5607 3866 5781 3866 5604 3866 5782 1251 5783 1251 5604 1251 5783 1251 5784 1251 5604 1251 5784 3867 5785 3867 5604 3867 5785 1251 5786 1251 5604 1251 5786 1251 5787 1251 5604 1251 5787 1251 5788 1251 5604 1251 5788 1251 5789 1251 5604 1251 5789 1251 5790 1251 5604 1251 5790 1251 5778 1251 5604 1251 5791 1251 5792 1251 5607 1251 5619 1251 5791 1251 5607 1251 5793 1251 5781 1251 5607 1251 5794 1251 5795 1251 5607 1251 5795 1251 5796 1251 5607 1251 5796 1251 5797 1251 5607 1251 5797 1251 5793 1251 5607 1251 5792 1251 5798 1251 5607 1251 5798 3868 5799 3868 5607 3868 5799 1251 5794 1251 5607 1251 5800 34 5791 34 5619 34 5620 34 5800 34 5619 34 5801 3774 5760 3774 5759 3774 5770 3869 5802 3869 5759 3869 5802 1478 5801 1478 5759 1478 5803 1479 5783 1479 5782 1479 5781 3870 5804 3870 5782 3870 5804 1664 5803 1664 5782 1664 5801 3871 5805 3871 5760 3871 5805 1485 5761 1485 5760 1485 5769 3557 5806 3557 5770 3557 5806 1483 5802 1483 5770 1483 5803 3872 5807 3872 5783 3872 5807 1485 5784 1485 5783 1485 5793 1668 5808 1668 5781 1668 5808 1668 5804 1668 5781 1668 5805 3559 5809 3559 5761 3559 5809 3873 5762 3873 5761 3873 5774 3874 5810 3874 5769 3874 5810 3874 5806 3874 5769 3874 5807 3559 5811 3559 5784 3559 5811 3875 5785 3875 5784 3875 5797 3876 5812 3876 5793 3876 5812 3877 5808 3877 5793 3877 5809 3873 5813 3873 5762 3873 5813 1683 5763 1683 5762 1683 5773 3878 5814 3878 5774 3878 5814 3878 5810 3878 5774 3878 5811 3875 5815 3875 5785 3875 5815 3879 5786 3879 5785 3879 5796 3878 5816 3878 5797 3878 5816 3878 5812 3878 5797 3878 5813 1683 5817 1683 5763 1683 5817 3880 5764 3880 5763 3880 5772 1689 5818 1689 5773 1689 5818 3881 5814 3881 5773 3881 5815 3879 5819 3879 5786 3879 5819 3793 5787 3793 5786 3793 5795 1689 5820 1689 5796 1689 5820 3881 5816 3881 5796 3881 5817 3790 5821 3790 5764 3790 5821 3797 5765 3797 5764 3797 5771 3882 5822 3882 5772 3882 5822 1693 5818 1693 5772 1693 5819 3793 5823 3793 5787 3793 5823 1692 5788 1692 5787 1692 5794 3883 5824 3883 5795 3883 5824 3884 5820 3884 5795 3884 5821 3885 5825 3885 5765 3885 5825 1506 5766 1506 5765 1506 5776 3886 5826 3886 5771 3886 5826 3887 5822 3887 5771 3887 5823 3888 5827 3888 5788 3888 5827 1506 5789 1506 5788 1506 5799 3566 5828 3566 5794 3566 5828 1508 5824 1508 5794 1508 5825 3568 5829 3568 5766 3568 5829 1513 5830 1513 5766 1513 5830 3889 5756 3889 5766 3889 5775 3890 5831 3890 5776 3890 5831 3891 5826 3891 5776 3891 5827 3568 5832 3568 5789 3568 5832 1513 5790 1513 5789 1513 5798 3892 5833 3892 5799 3892 5833 1515 5828 1515 5799 1515 5829 3893 5834 3893 5830 3893 5834 3894 5835 3894 5830 3894 5835 3895 5756 3895 5830 3895 5768 3896 5836 3896 5775 3896 5836 1712 5837 1712 5775 1712 5837 3897 5831 3897 5775 3897 5832 3893 5838 3893 5790 3893 5838 3898 5839 3898 5790 3898 5839 1251 5778 1251 5790 1251 5792 3899 5840 3899 5798 3899 5840 1518 5841 1518 5798 1518 5841 3900 5833 3900 5798 3900 5834 3804 5842 3804 5835 3804 5842 34 5843 34 5835 34 5843 1251 5756 1251 5835 1251 5768 1251 5844 1251 5836 1251 5844 84 5845 84 5836 84 5845 84 5837 84 5836 84 5838 1521 5846 1521 5839 1521 5846 34 5847 34 5839 34 5847 1251 5778 1251 5839 1251 5792 1251 5848 1251 5840 1251 5848 84 5849 84 5840 84 5849 84 5841 84 5840 84 5842 34 5850 34 5843 34 5850 3901 5851 3901 5843 3901 5851 3902 5756 3902 5843 3902 5768 3903 5852 3903 5844 3903 5852 1721 5853 1721 5844 1721 5853 3904 5845 3904 5844 3904 5846 34 5854 34 5847 34 5854 3905 5855 3905 5847 3905 5855 1251 5778 1251 5847 1251 5792 3906 5856 3906 5848 3906 5856 3907 5857 3907 5848 3907 5857 3908 5849 3908 5848 3908 5850 3909 5858 3909 5851 3909 5858 1529 5859 1529 5851 1529 5859 3910 5756 3910 5851 3910 5768 3911 5860 3911 5852 3911 5860 3912 5861 3912 5852 3912 5861 3913 5853 3913 5852 3913 5854 3914 5862 3914 5855 3914 5862 1529 5863 1529 5855 1529 5863 1251 5778 1251 5855 1251 5792 3915 5864 3915 5856 3915 5864 3916 5865 3916 5856 3916 5865 1532 5857 1532 5856 1532 5858 3917 5866 3917 5859 3917 5866 1535 5867 1535 5859 1535 5867 1251 5756 1251 5859 1251 5768 3918 5868 3918 5860 3918 5868 3919 5869 3919 5860 3919 5869 3920 5861 3920 5860 3920 5862 3917 5870 3917 5863 3917 5870 1535 5871 1535 5863 1535 5871 1251 5778 1251 5863 1251 5792 3921 5872 3921 5864 3921 5872 3922 5873 3922 5864 3922 5873 1539 5865 1539 5864 1539 5866 3923 5874 3923 5867 3923 5874 3826 5875 3826 5867 3826 5875 1251 5756 1251 5867 1251 5768 3924 5876 3924 5868 3924 5876 3925 5877 3925 5868 3925 5877 3326 5869 3326 5868 3326 5870 3923 5878 3923 5871 3923 5878 3828 5879 3828 5871 3828 5879 1251 5778 1251 5871 1251 5792 3926 5880 3926 5872 3926 5880 3927 5881 3927 5872 3927 5881 3830 5873 3830 5872 3830 5874 3928 5882 3928 5875 3928 5882 3929 5883 3929 5875 3929 5883 1251 5756 1251 5875 1251 5768 3930 5884 3930 5876 3930 5884 3931 5885 3931 5876 3931 5885 3932 5877 3932 5876 3932 5878 3933 5886 3933 5879 3933 5886 3841 5887 3841 5879 3841 5887 1251 5778 1251 5879 1251 5792 3934 5888 3934 5880 3934 5888 3931 5889 3931 5880 3931 5889 3932 5881 3932 5880 3932 5882 3935 5890 3935 5883 3935 5890 3936 5891 3936 5883 3936 5891 1251 5756 1251 5883 1251 5768 3937 5892 3937 5884 3937 5892 3840 5893 3840 5884 3840 5893 3938 5885 3938 5884 3938 5886 3939 5894 3939 5887 3939 5894 3940 5895 3940 5887 3940 5895 1251 5778 1251 5887 1251 5792 3941 5896 3941 5888 3941 5896 3840 5897 3840 5888 3840 5897 3938 5889 3938 5888 3938 5890 1560 5898 1560 5891 1560 5898 3855 5899 3855 5891 3855 5899 1251 5756 1251 5891 1251 5768 3942 5900 3942 5892 3942 5900 3943 5901 3943 5892 3943 5901 3847 5893 3847 5892 3847 5894 3842 5902 3842 5895 3842 5902 1772 5903 1772 5895 1772 5903 3944 5778 3944 5895 3944 5792 3945 5904 3945 5896 3945 5904 3946 5905 3946 5896 3946 5905 3947 5897 3947 5896 3947 5898 3948 5906 3948 5899 3948 5906 3601 5907 3601 5899 3601 5907 3949 5756 3949 5899 3949 5768 3950 5908 3950 5900 3950 5908 3951 5909 3951 5900 3951 5909 3604 5901 3604 5900 3604 5902 3952 5910 3952 5903 3952 5910 3601 5911 3601 5903 3601 5911 1251 5778 1251 5903 1251 5792 1251 5912 1251 5904 1251 5912 3953 5913 3953 5904 3953 5913 1776 5905 1776 5904 1776 5906 3954 5914 3954 5907 3954 5914 3955 5915 3955 5907 3955 5915 1251 5756 1251 5907 1251 5768 3956 5915 3956 5908 3956 5915 3610 5916 3610 5908 3610 5916 3957 5909 3957 5908 3957 5910 3954 5917 3954 5911 3954 5917 3958 5918 3958 5911 3958 5918 1251 5778 1251 5911 1251 5792 3959 5918 3959 5912 3959 5918 3960 5919 3960 5912 3960 5919 3961 5913 3961 5912 3961 5914 3962 5916 3962 5915 3962 5768 3963 5756 3963 5915 3963 5917 3606 5919 3606 5918 3606 5792 3964 5778 3964 5918 3964 5756 1251 5920 1251 5757 1251 5920 84 5921 84 5757 84 5921 84 5758 84 5757 84 5922 1251 5923 1251 5756 1251 5923 1251 5924 1251 5756 1251 5924 1251 5925 1251 5756 1251 5925 3965 5926 3965 5756 3965 5926 1251 5927 1251 5756 1251 5927 1251 5920 1251 5756 1251 5928 1251 5929 1251 5756 1251 5929 1251 5930 1251 5756 1251 5930 3966 5931 3966 5756 3966 5931 3967 5932 3967 5756 3967 5932 1251 5933 1251 5756 1251 5933 1251 5934 1251 5756 1251 5935 1251 5922 1251 5756 1251 5936 3968 5935 3968 5756 3968 5934 1251 5937 1251 5756 1251 5937 3969 5938 3969 5756 3969 5938 3970 5936 3970 5756 3970 5768 3971 5928 3971 5756 3971 5767 1251 5939 1251 5768 1251 5939 1251 5940 1251 5768 1251 5941 3972 5942 3972 5768 3972 5943 1251 5941 1251 5768 1251 5944 3973 5945 3973 5768 3973 5945 1251 5946 1251 5768 1251 5946 3974 5943 3974 5768 3974 5940 1251 5947 1251 5768 1251 5947 1251 5948 1251 5768 1251 5948 1251 5949 1251 5768 1251 5949 1251 5950 1251 5768 1251 5950 1251 5951 1251 5768 1251 5951 1251 5944 1251 5768 1251 5942 3975 5928 3975 5768 3975 5952 34 5939 34 5767 34 5777 34 5952 34 5767 34 5778 1251 5953 1251 5779 1251 5954 84 5780 84 5779 84 5953 84 5954 84 5779 84 5955 3976 5953 3976 5778 3976 5956 1251 5957 1251 5778 1251 5957 1251 5958 1251 5778 1251 5958 1251 5959 1251 5778 1251 5959 1251 5960 1251 5778 1251 5960 1251 5961 1251 5778 1251 5961 1251 5962 1251 5778 1251 5962 1251 5963 1251 5778 1251 5964 1251 5955 1251 5778 1251 5965 1251 5964 1251 5778 1251 5966 3977 5965 3977 5778 3977 5963 1251 5967 1251 5778 1251 5967 1251 5968 1251 5778 1251 5968 3978 5966 3978 5778 3978 5792 1251 5956 1251 5778 1251 5969 1251 5970 1251 5792 1251 5971 1251 5956 1251 5792 1251 5972 1251 5971 1251 5792 1251 5973 1251 5974 1251 5792 1251 5975 1251 5976 1251 5792 1251 5976 1251 5977 1251 5792 1251 5977 1251 5972 1251 5792 1251 5970 1251 5978 1251 5792 1251 5978 1251 5979 1251 5792 1251 5979 1251 5973 1251 5792 1251 5974 3969 5980 3969 5792 3969 5980 3979 5981 3979 5792 3979 5981 3980 5975 3980 5792 3980 5791 1251 5982 1251 5792 1251 5982 1251 5983 1251 5792 1251 5983 1251 5984 1251 5792 1251 5984 1251 5985 1251 5792 1251 5985 1251 5986 1251 5792 1251 5986 3981 5969 3981 5792 3981 5987 34 5982 34 5791 34 5800 34 5987 34 5791 34 5942 4 5988 4 5928 4 5988 4 5989 4 5928 4 5989 3982 5929 3982 5928 3982 5941 3983 5990 3983 5942 3983 5990 3984 5988 3984 5942 3984 5956 4 5991 4 5957 4 5991 4 5992 4 5957 4 5992 3985 5958 3985 5957 3985 5971 3983 5993 3983 5956 3983 5993 3984 5991 3984 5956 3984 5989 3986 5994 3986 5929 3986 5994 3987 5930 3987 5929 3987 5943 1937 5995 1937 5941 1937 5995 1937 5990 1937 5941 1937 5992 3988 5996 3988 5958 3988 5996 1939 5959 1939 5958 1939 5972 1937 5997 1937 5971 1937 5997 1937 5993 1937 5971 1937 5994 3987 5998 3987 5930 3987 5998 3989 5931 3989 5930 3989 5946 1941 5999 1941 5943 1941 5999 3990 5995 3990 5943 3990 5996 1939 6000 1939 5959 1939 6000 3991 5960 3991 5959 3991 5977 3992 6001 3992 5972 3992 6001 3993 5997 3993 5972 3993 5998 1940 6002 1940 5931 1940 6002 1957 5932 1957 5931 1957 5945 3994 6003 3994 5946 3994 6003 1950 5999 1950 5946 1950 6000 3995 6004 3995 5960 3995 6004 3996 5961 3996 5960 3996 5976 3997 6005 3997 5977 3997 6005 3998 6001 3998 5977 3998 6002 3999 6006 3999 5932 3999 6006 1958 5933 1958 5932 1958 5944 4000 6007 4000 5945 4000 6007 1960 6003 1960 5945 1960 6004 4001 6008 4001 5961 4001 6008 1958 5962 1958 5961 1958 5975 4000 6009 4000 5976 4000 6009 1960 6005 1960 5976 1960 6006 4002 6010 4002 5933 4002 6010 1973 5934 1973 5933 1973 5951 1974 6011 1974 5944 1974 6011 1975 6007 1975 5944 1975 6008 4002 6012 4002 5962 4002 6012 4003 5963 4003 5962 4003 5981 4004 6013 4004 5975 4004 6013 4004 6009 4004 5975 4004 6010 1986 6014 1986 5934 1986 6014 4005 5937 4005 5934 4005 5950 4006 6015 4006 5951 4006 6015 4007 6011 4007 5951 4007 6012 4003 6016 4003 5963 4003 6016 1987 5967 1987 5963 1987 5980 4008 6017 4008 5981 4008 6017 1993 6013 1993 5981 1993 6014 4009 6018 4009 5937 4009 6018 2001 5938 2001 5937 2001 5949 4010 6019 4010 5950 4010 6019 2003 6015 2003 5950 2003 6016 4011 6020 4011 5967 4011 6020 1997 5968 1997 5967 1997 5974 4012 6021 4012 5980 4012 6021 1999 6017 1999 5980 1999 6018 4013 6022 4013 5938 4013 6022 4014 5936 4014 5938 4014 5948 4015 6023 4015 5949 4015 6023 4015 6019 4015 5949 4015 6020 4016 6024 4016 5968 4016 6024 4017 5966 4017 5968 4017 5973 4018 6025 4018 5974 4018 6025 4018 6021 4018 5974 4018 6022 4014 6026 4014 5936 4014 6026 4019 5935 4019 5936 4019 5947 4020 6027 4020 5948 4020 6027 4021 6023 4021 5948 4021 6024 4022 6028 4022 5966 4022 6028 4023 5965 4023 5966 4023 5979 4024 6029 4024 5973 4024 6029 4025 6025 4025 5973 4025 6030 1251 5922 1251 5935 1251 6026 4026 6031 4026 5935 4026 6031 4027 6030 4027 5935 4027 5940 4028 6032 4028 5947 4028 6032 4029 6033 4029 5947 4029 6033 4030 6027 4030 5947 4030 6034 1251 5964 1251 5965 1251 6028 4031 6035 4031 5965 4031 6035 4032 6034 4032 5965 4032 5978 4033 6036 4033 5979 4033 6036 4034 6029 4034 5979 4034 6037 4035 5922 4035 6030 4035 6031 4036 6038 4036 6030 4036 6038 4037 6037 4037 6030 4037 5940 4038 6039 4038 6032 4038 6039 4039 6040 4039 6032 4039 6040 4040 6033 4040 6032 4040 6041 4041 5964 4041 6034 4041 6035 4042 6042 4042 6034 4042 6042 4043 6041 4043 6034 4043 5970 4044 6043 4044 5978 4044 6043 4045 6044 4045 5978 4045 6044 4046 6036 4046 5978 4046 6045 1251 5922 1251 6037 1251 6038 4047 6046 4047 6037 4047 6046 4048 6045 4048 6037 4048 5940 4049 6047 4049 6039 4049 6047 4050 6048 4050 6039 4050 6048 4050 6040 4050 6039 4050 6049 1251 5964 1251 6041 1251 6042 4051 6050 4051 6041 4051 6050 4048 6049 4048 6041 4048 5970 4052 6051 4052 6043 4052 6051 4053 6052 4053 6043 4053 6052 4054 6044 4054 6043 4054 6053 1251 5922 1251 6045 1251 6046 4048 6054 4048 6045 4048 6054 4055 6053 4055 6045 4055 5940 4056 6055 4056 6047 4056 6055 2073 6056 2073 6047 2073 6056 4057 6048 4057 6047 4057 6057 1251 5964 1251 6049 1251 6050 4048 6058 4048 6049 4048 6058 2085 6057 2085 6049 2085 5970 4058 6059 4058 6051 4058 6059 2077 6060 2077 6051 2077 6060 2077 6052 2077 6051 2077 6061 1251 5922 1251 6053 1251 6062 4059 6061 4059 6053 4059 6054 4060 6063 4060 6053 4060 6063 4061 6062 4061 6053 4061 5940 4062 6064 4062 6055 4062 6064 4063 6065 4063 6055 4063 6065 4064 6056 4064 6055 4064 6066 1251 5964 1251 6057 1251 6058 2085 6067 2085 6057 2085 6067 4065 6066 4065 6057 4065 5970 4066 6068 4066 6059 4066 6068 4067 6069 4067 6059 4067 6069 4068 6060 4068 6059 4068 6070 4069 6061 4069 6062 4069 6071 1251 6070 1251 6062 1251 6063 4070 6072 4070 6062 4070 6072 4071 6071 4071 6062 4071 5940 4072 6073 4072 6064 4072 6073 4073 6074 4073 6064 4073 6074 4074 6065 4074 6064 4074 6075 4075 5964 4075 6066 4075 6067 4076 6076 4076 6066 4076 6076 4077 6075 4077 6066 4077 6077 1251 6078 1251 6068 1251 6079 4069 6077 4069 6068 4069 5970 4078 6079 4078 6068 4078 6078 4079 6080 4079 6068 4079 6080 2104 6069 2104 6068 2104 6081 1251 6070 1251 6071 1251 6082 1251 6081 1251 6071 1251 6072 4080 6083 4080 6071 4080 6083 2113 6082 2113 6071 2113 5940 4081 6084 4081 6073 4081 6084 4082 6085 4082 6073 4082 6085 4083 6074 4083 6073 4083 6086 1251 5964 1251 6075 1251 6076 4084 6087 4084 6075 4084 6087 2113 6086 2113 6075 2113 6088 4085 6089 4085 6078 4085 6077 4086 6088 4086 6078 4086 6089 4087 6090 4087 6078 4087 6090 2110 6080 2110 6078 2110 5927 4088 5921 4088 5920 4088 5987 34 6091 34 5982 34 6091 4089 6092 4089 5982 4089 6092 4090 5983 4090 5982 4090 6093 1251 6081 1251 6082 1251 6083 4091 6094 4091 6082 4091 6094 4092 6093 4092 6082 4092 5940 4093 6093 4093 6084 4093 6093 4094 6095 4094 6084 4094 6095 4095 6085 4095 6084 4095 6096 1251 5964 1251 6086 1251 6087 4091 6097 4091 6086 4091 6097 4096 6096 4096 6086 4096 6088 4097 6096 4097 6089 4097 6096 4098 6098 4098 6089 4098 6098 4099 6090 4099 6089 4099 5940 4100 6081 4100 6093 4100 6094 4101 6095 4101 6093 4101 6088 4102 5964 4102 6096 4102 6097 4103 6098 4103 6096 4103 6099 4104 5940 4104 5939 4104 6100 4105 6099 4105 5939 4105 5952 34 6100 34 5939 34 5955 4106 6101 4106 5953 4106 6101 4107 5954 4107 5953 4107 6102 4108 5940 4108 6099 4108 6100 4109 6103 4109 6099 4109 6103 4110 6102 4110 6099 4110 5964 4111 6104 4111 5955 4111 6104 4112 6105 4112 5955 4112 6105 4113 6101 4113 5955 4113 6106 4088 5921 4088 5927 4088 5926 4114 6106 4114 5927 4114 6092 4115 6107 4115 5983 4115 6107 4116 5984 4116 5983 4116 6108 4117 5940 4117 6102 4117 6103 4118 6109 4118 6102 4118 6109 4119 6108 4119 6102 4119 5964 4120 6110 4120 6104 4120 6110 4121 6111 4121 6104 4121 6111 4122 6105 4122 6104 4122 6112 1251 5940 1251 6108 1251 6109 4123 6113 4123 6108 4123 6113 4124 6112 4124 6108 4124 5964 4125 6114 4125 6110 4125 6114 4126 6115 4126 6110 4126 6115 4127 6111 4127 6110 4127 6116 4128 6106 4128 5926 4128 5925 4129 6116 4129 5926 4129 6107 4130 6117 4130 5984 4130 6117 4131 5985 4131 5984 4131 6118 4132 5940 4132 6112 4132 6113 4133 6119 4133 6112 4133 6119 4134 6118 4134 6112 4134 5964 4135 6120 4135 6114 4135 6120 4136 6121 4136 6114 4136 6121 4137 6115 4137 6114 4137 6122 1251 5940 1251 6118 1251 6119 4138 6123 4138 6118 4138 6123 4139 6122 4139 6118 4139 5964 1251 6124 1251 6120 1251 6124 4140 6125 4140 6120 4140 6125 4141 6121 4141 6120 4141 6126 1251 5940 1251 6122 1251 6123 4142 6127 4142 6122 4142 6127 4143 6126 4143 6122 4143 5964 4144 6128 4144 6124 4144 6128 4145 6129 4145 6124 4145 6129 4145 6125 4145 6124 4145 6130 4146 6116 4146 5925 4146 5924 4147 6130 4147 5925 4147 6117 4148 6131 4148 5985 4148 6131 4149 5986 4149 5985 4149 6132 1251 5940 1251 6126 1251 6127 4150 6133 4150 6126 4150 6133 4151 6132 4151 6126 4151 5964 4152 6134 4152 6128 4152 6134 4153 6135 4153 6128 4153 6135 4154 6129 4154 6128 4154 6136 1251 5940 1251 6132 1251 6133 4155 6137 4155 6132 4155 6137 4156 6136 4156 6132 4156 5964 4157 6138 4157 6134 4157 6138 4158 6139 4158 6134 4158 6139 4159 6135 4159 6134 4159 6140 1251 5940 1251 6136 1251 6137 4160 6141 4160 6136 4160 6141 4161 6140 4161 6136 4161 5964 4162 6142 4162 6138 4162 6142 4163 6143 4163 6138 4163 6143 4164 6139 4164 6138 4164 6144 1251 5940 1251 6140 1251 6145 1251 6144 1251 6140 1251 6141 4165 6146 4165 6140 4165 6146 66 6145 66 6140 66 6147 1251 6144 1251 6145 1251 6148 1251 6147 1251 6145 1251 6149 66 6148 66 6145 66 6146 66 6149 66 6145 66 6150 1251 6151 1251 6148 1251 6151 1251 6147 1251 6148 1251 6152 66 6150 66 6148 66 6149 66 6152 66 6148 66 6153 1251 6154 1251 6150 1251 6154 1251 6151 1251 6150 1251 6155 66 6153 66 6150 66 6152 66 6155 66 6150 66 6156 1251 6157 1251 6153 1251 6157 1251 6154 1251 6153 1251 6158 66 6156 66 6153 66 6155 66 6158 66 6153 66 6159 1251 6160 1251 6156 1251 6160 1251 6157 1251 6156 1251 6161 66 6159 66 6156 66 6158 66 6161 66 6156 66 6162 1251 6163 1251 6159 1251 6163 1251 6160 1251 6159 1251 6164 66 6162 66 6159 66 6161 66 6164 66 6159 66 6165 1251 6166 1251 6162 1251 6166 1251 6163 1251 6162 1251 6167 66 6165 66 6162 66 6164 66 6167 66 6162 66 6168 1251 6169 1251 6165 1251 6169 1251 6166 1251 6165 1251 6170 66 6168 66 6165 66 6167 66 6170 66 6165 66 6171 1251 6172 1251 6168 1251 6172 1251 6169 1251 6168 1251 6173 66 6171 66 6168 66 6170 66 6173 66 6168 66 6142 1251 5964 1251 6171 1251 5964 1251 6172 1251 6171 1251 6174 66 6142 66 6171 66 6173 66 6174 66 6171 66 6174 66 6143 66 6142 66 6175 4166 6130 4166 5924 4166 5923 4167 6175 4167 5924 4167 6131 4168 6176 4168 5986 4168 6176 4169 5969 4169 5986 4169 6177 4170 6175 4170 5923 4170 6178 4171 6177 4171 5923 4171 5922 4172 6178 4172 5923 4172 6176 4173 5970 4173 5969 4173 6179 4174 6178 4174 5922 4174 6061 4175 6179 4175 5922 4175 6176 4176 6180 4176 5970 4176 6180 4177 6079 4177 5970 4177 6070 4178 6179 4178 6061 4178 6180 4179 6181 4179 6079 4179 6181 4180 6182 4180 6079 4180 6182 4181 6077 4181 6079 4181 6081 4182 6183 4182 6070 4182 6183 4183 6184 4183 6070 4183 6184 4184 6179 4184 6070 4184 6182 4185 6088 4185 6077 4185 5940 1251 6185 1251 6081 1251 6185 4186 6186 4186 6081 4186 6186 4186 6183 4186 6081 4186 6144 1251 6187 1251 5940 1251 6187 1251 6185 1251 5940 1251 6188 1251 6189 1251 6144 1251 6189 1251 6187 1251 6144 1251 6147 4187 6190 4187 6144 4187 6190 1251 6191 1251 6144 1251 6191 1251 6188 1251 6144 1251 6192 1251 6193 1251 6147 1251 6193 1251 6194 1251 6147 1251 6194 1251 6190 1251 6147 1251 6151 1251 6195 1251 6147 1251 6195 1251 6196 1251 6147 1251 6196 4188 6197 4188 6147 4188 6197 1251 6198 1251 6147 1251 6198 4189 6199 4189 6147 4189 6199 1251 6200 1251 6147 1251 6200 1251 6201 1251 6147 1251 6201 4190 6202 4190 6147 4190 6202 4191 6203 4191 6147 4191 6203 1251 6204 1251 6147 1251 6204 4192 6205 4192 6147 4192 6205 1251 6206 1251 6147 1251 6206 1251 6192 1251 6147 1251 6207 1251 6195 1251 6151 1251 6208 1251 6209 1251 6151 1251 6210 1251 6211 1251 6151 1251 6209 4193 6212 4193 6151 4193 6212 1251 6213 1251 6151 1251 6213 1251 6207 1251 6151 1251 6211 4194 6214 4194 6151 4194 6214 1251 6215 1251 6151 1251 6215 1251 6208 1251 6151 1251 6154 1251 6216 1251 6151 1251 6216 1251 6217 1251 6151 1251 6217 1251 6210 1251 6151 1251 6157 1251 6218 1251 6154 1251 6218 1251 6216 1251 6154 1251 6160 1251 6219 1251 6157 1251 6219 1251 6218 1251 6157 1251 6163 1251 6220 1251 6160 1251 6220 1251 6219 1251 6160 1251 6166 1251 6221 1251 6163 1251 6221 1251 6220 1251 6163 1251 6169 1251 6222 1251 6166 1251 6222 1251 6221 1251 6166 1251 6172 4195 6223 4195 6169 4195 6223 4196 6224 4196 6169 4196 6224 4197 6225 4197 6169 4197 6225 4198 6226 4198 6169 4198 6226 1251 6227 1251 6169 1251 6227 1251 6228 1251 6169 1251 6228 1251 6229 1251 6169 1251 6229 4199 6230 4199 6169 4199 6230 1251 6231 1251 6169 1251 6231 1251 6232 1251 6169 1251 6232 1251 6233 1251 6169 1251 6233 1251 6234 1251 6169 1251 6234 1251 6222 1251 6169 1251 6235 1251 6223 1251 6172 1251 6236 1251 6237 1251 6172 1251 6237 1251 6238 1251 6172 1251 6238 4200 6239 4200 6172 4200 6239 1251 6240 1251 6172 1251 6240 1251 6235 1251 6172 1251 6241 1251 6242 1251 6172 1251 6242 1251 6243 1251 6172 1251 6243 1251 6244 1251 6172 1251 6244 4201 6236 4201 6172 4201 6245 4202 6246 4202 6172 4202 6247 1251 6241 1251 6172 1251 6248 1251 6247 1251 6172 1251 6246 4203 6248 4203 6172 4203 5964 1251 6249 1251 6172 1251 6249 4204 6250 4204 6172 4204 6250 1251 6245 1251 6172 1251 6088 1251 6249 1251 5964 1251 6182 4205 6251 4205 6088 4205 6251 4206 6249 4206 6088 4206 6252 4207 6197 4207 6196 4207 6195 1478 6253 1478 6196 1478 6253 3869 6252 3869 6196 3869 6254 3872 6225 3872 6224 3872 6223 1478 6255 1478 6224 1478 6255 3869 6254 3869 6224 3869 6252 3262 6256 3262 6197 3262 6256 1481 6198 1481 6197 1481 6207 3557 6257 3557 6195 3557 6257 1483 6253 1483 6195 1483 6254 1479 6258 1479 6225 1479 6258 1485 6226 1485 6225 1485 6235 3557 6259 3557 6223 3557 6259 1483 6255 1483 6223 1483 6256 1481 6260 1481 6198 1481 6260 4208 6199 4208 6198 4208 6213 1488 6261 1488 6207 1488 6261 1488 6257 1488 6207 1488 6258 3559 6262 3559 6226 3559 6262 4208 6227 4208 6226 4208 6240 1488 6263 1488 6235 1488 6263 1488 6259 1488 6235 1488 6260 1491 6264 1491 6199 1491 6264 1495 6200 1495 6199 1495 6212 1493 6265 1493 6213 1493 6265 1493 6261 1493 6213 1493 6262 1491 6266 1491 6227 1491 6266 1495 6228 1495 6227 1495 6239 1493 6267 1493 6240 1493 6267 1493 6263 1493 6240 1493 6251 4209 6268 4209 6249 4209 6268 4210 6250 4210 6249 4210 6264 1495 6269 1495 6200 1495 6269 1496 6201 1496 6200 1496 6209 1498 6270 1498 6212 1498 6270 1498 6265 1498 6212 1498 6266 1495 6271 1495 6228 1495 6271 1496 6229 1496 6228 1496 6238 1498 6272 1498 6239 1498 6272 1498 6267 1498 6239 1498 6187 4211 6273 4211 6185 4211 6273 4212 6186 4212 6185 4212 6269 1691 6274 1691 6201 1691 6274 4213 6202 4213 6201 4213 6208 4214 6275 4214 6209 4214 6275 4215 6270 4215 6209 4215 6271 1691 6276 1691 6229 1691 6276 4213 6230 4213 6229 4213 6237 3795 6277 3795 6238 3795 6277 4216 6272 4216 6238 4216 6274 1698 6278 1698 6202 1698 6278 1506 6203 1506 6202 1506 6215 3566 6279 3566 6208 3566 6279 1508 6275 1508 6208 1508 6276 1698 6280 1698 6230 1698 6280 1506 6231 1506 6230 1506 6236 4217 6281 4217 6237 4217 6281 1510 6277 1510 6237 1510 6278 3568 6282 3568 6203 3568 6282 1513 6204 1513 6203 1513 6214 3892 6283 3892 6215 3892 6283 1515 6279 1515 6215 1515 6280 3568 6284 3568 6231 3568 6284 1513 6232 1513 6231 1513 6244 3892 6285 3892 6236 3892 6285 1515 6281 1515 6236 1515 6282 3893 6286 3893 6204 3893 6286 3805 6205 3805 6204 3805 6211 4218 6287 4218 6214 4218 6287 3806 6283 3806 6214 3806 6284 3893 6288 3893 6232 3893 6288 3805 6233 3805 6232 3805 6243 4218 6289 4218 6244 4218 6289 3806 6285 3806 6244 3806 6286 4219 6290 4219 6205 4219 6290 34 6206 34 6205 34 6210 84 6291 84 6211 84 6291 84 6287 84 6211 84 6288 4219 6292 4219 6233 4219 6292 34 6234 34 6233 34 6242 84 6293 84 6243 84 6293 84 6289 84 6243 84 6290 34 6294 34 6206 34 6294 1522 6295 1522 6206 1522 6295 4220 6192 4220 6206 4220 6217 4221 6296 4221 6210 4221 6296 3907 6297 3907 6210 3907 6297 1526 6291 1526 6210 1526 6292 34 6298 34 6234 34 6298 1522 6299 1522 6234 1522 6299 1251 6222 1251 6234 1251 6241 3907 6300 3907 6242 3907 6300 1526 6293 1526 6242 1526 6294 3914 6301 3914 6295 3914 6301 1529 6302 1529 6295 1529 6302 1251 6192 1251 6295 1251 6217 4222 6303 4222 6296 4222 6303 1531 6304 1531 6296 1531 6304 1532 6297 1532 6296 1532 6298 3914 6305 3914 6299 3914 6305 1529 6306 1529 6299 1529 6306 1251 6222 1251 6299 1251 6247 4223 6307 4223 6241 4223 6307 1531 6308 1531 6241 1531 6308 1532 6300 1532 6241 1532 6301 1534 6309 1534 6302 1534 6309 3577 6310 3577 6302 3577 6310 4224 6192 4224 6302 4224 6217 4225 6311 4225 6303 4225 6311 3922 6312 3922 6303 3922 6312 3579 6304 3579 6303 3579 6305 1534 6313 1534 6306 1534 6313 3577 6314 3577 6306 3577 6314 1251 6222 1251 6306 1251 6247 4226 6315 4226 6307 4226 6315 4227 6316 4227 6307 4227 6316 4228 6308 4228 6307 4228 6309 3923 6317 3923 6310 3923 6317 4229 6318 4229 6310 4229 6318 4230 6192 4230 6310 4230 6217 4231 6319 4231 6311 4231 6319 4232 6320 4232 6311 4232 6320 4233 6312 4233 6311 4233 6313 3923 6321 3923 6314 3923 6321 4229 6322 4229 6314 4229 6322 4234 6222 4234 6314 4234 6247 4235 6323 4235 6315 4235 6323 4236 6324 4236 6315 4236 6324 4237 6316 4237 6315 4237 6317 3332 6325 3332 6318 3332 6325 4238 6326 4238 6318 4238 6326 1251 6192 1251 6318 1251 6217 4239 6327 4239 6319 4239 6327 1556 6328 1556 6319 1556 6328 4240 6320 4240 6319 4240 6321 3332 6329 3332 6322 3332 6329 4238 6330 4238 6322 4238 6330 1251 6222 1251 6322 1251 6247 4241 6331 4241 6323 4241 6331 1556 6332 1556 6323 1556 6332 4240 6324 4240 6323 4240 6325 1559 6333 1559 6326 1559 6333 4242 6334 4242 6326 4242 6334 1251 6192 1251 6326 1251 6217 4243 6335 4243 6327 4243 6335 1563 6336 1563 6327 1563 6336 4244 6328 4244 6327 4244 6329 1559 6337 1559 6330 1559 6337 4242 6338 4242 6330 4242 6338 1251 6222 1251 6330 1251 6247 4245 6339 4245 6331 4245 6339 1563 6340 1563 6331 1563 6340 4244 6332 4244 6331 4244 6333 1560 6341 1560 6334 1560 6341 1566 6342 1566 6334 1566 6342 4246 6192 4246 6334 4246 6217 1251 6343 1251 6335 1251 6343 4247 6344 4247 6335 4247 6344 1569 6336 1569 6335 1569 6337 1560 6345 1560 6338 1560 6345 1566 6346 1566 6338 1566 6346 1251 6222 1251 6338 1251 6247 1251 6347 1251 6339 1251 6347 4247 6348 4247 6339 4247 6348 1569 6340 1569 6339 1569 6341 4248 6349 4248 6342 4248 6349 1578 6350 1578 6342 1578 6350 1251 6192 1251 6342 1251 6217 4249 6351 4249 6343 4249 6351 1573 6352 1573 6343 1573 6352 3604 6344 3604 6343 3604 6345 4248 6353 4248 6346 4248 6353 3601 6354 3601 6346 3601 6354 4250 6222 4250 6346 4250 6355 4251 6356 4251 6347 4251 6357 1251 6355 1251 6347 1251 6358 1251 6357 1251 6347 1251 6247 1251 6358 1251 6347 1251 6356 1573 6359 1573 6347 1573 6359 3604 6348 3604 6347 3604 6349 1578 6360 1578 6350 1578 6360 4252 6361 4252 6350 4252 6361 4253 6192 4253 6350 4253 6217 4254 6361 4254 6351 4254 6361 3957 6362 3957 6351 3957 6362 3610 6352 3610 6351 3610 6353 1584 6363 1584 6354 1584 6363 3606 6364 3606 6354 3606 6364 4255 6222 4255 6354 4255 6355 4256 6364 4256 6356 4256 6364 3957 6365 3957 6356 3957 6365 3610 6359 3610 6356 3610 6360 4257 6362 4257 6361 4257 6217 4258 6192 4258 6361 4258 6363 3958 6365 3958 6364 3958 6355 1251 6222 1251 6364 1251 6366 4178 6273 4178 6187 4178 6189 4178 6366 4178 6187 4178 6268 4259 6367 4259 6250 4259 6367 4180 6245 4180 6250 4180 6368 4260 6366 4260 6189 4260 6188 4261 6368 4261 6189 4261 6367 4180 6369 4180 6245 4180 6369 4262 6246 4262 6245 4262 6370 4263 6368 4263 6188 4263 6191 4264 6370 4264 6188 4264 6369 4265 6371 4265 6246 4265 6371 4266 6248 4266 6246 4266 6372 4267 6370 4267 6191 4267 6190 4268 6372 4268 6191 4268 6373 4269 6372 4269 6190 4269 6194 4147 6373 4147 6190 4147 6371 4270 6374 4270 6248 4270 6374 4271 6247 4271 6248 4271 6374 4272 6375 4272 6247 4272 6375 4273 6358 4273 6247 4273 6376 4146 6373 4146 6194 4146 6193 4129 6376 4129 6194 4129 6375 4274 6377 4274 6358 4274 6377 4275 6357 4275 6358 4275 6192 4276 6378 4276 6193 4276 6379 4277 6376 4277 6193 4277 6378 4278 6379 4278 6193 4278 6377 4279 6380 4279 6357 4279 6380 4280 6355 4280 6357 4280 6192 4281 6381 4281 6378 4281 6382 4282 6379 4282 6378 4282 6381 4282 6382 4282 6378 4282 6217 1251 6383 1251 6192 1251 6383 4283 6384 4283 6192 4283 6384 1251 6385 1251 6192 1251 6385 1251 6386 1251 6192 1251 6386 1251 6387 1251 6192 1251 6387 1251 6388 1251 6192 1251 6388 4284 6389 4284 6192 4284 6389 1251 6390 1251 6192 1251 6390 1251 6391 1251 6192 1251 6391 1251 6392 1251 6192 1251 6392 1251 6381 1251 6192 1251 6393 1251 6394 1251 6217 1251 6394 1251 6383 1251 6217 1251 6395 1251 6393 1251 6217 1251 6216 4285 6395 4285 6217 4285 6218 1251 6396 1251 6216 1251 6396 4286 6397 4286 6216 4286 6397 4287 6398 4287 6216 4287 6398 1251 6399 1251 6216 1251 6400 1251 6395 1251 6216 1251 6401 1251 6402 1251 6216 1251 6402 4288 6403 4288 6216 4288 6403 4289 6404 4289 6216 4289 6404 1251 6405 1251 6216 1251 6405 1251 6400 1251 6216 1251 6399 1251 6406 1251 6216 1251 6406 4290 6407 4290 6216 4290 6407 1251 6401 1251 6216 1251 6408 1251 6409 1251 6218 1251 6409 1251 6410 1251 6218 1251 6410 4291 6411 4291 6218 4291 6411 1251 6396 1251 6218 1251 6219 4292 6412 4292 6218 4292 6412 1251 6413 1251 6218 1251 6413 4293 6408 4293 6218 4293 6414 1251 6415 1251 6219 1251 6415 4294 6416 4294 6219 4294 6416 1251 6417 1251 6219 1251 6417 4295 6412 4295 6219 4295 6220 4296 6418 4296 6219 4296 6418 1251 6419 1251 6219 1251 6419 1251 6414 1251 6219 1251 6420 4297 6421 4297 6220 4297 6421 4298 6422 4298 6220 4298 6422 1251 6423 1251 6220 1251 6423 1251 6418 1251 6220 1251 6424 1251 6420 1251 6220 1251 6425 1251 6424 1251 6220 1251 6221 1251 6425 1251 6220 1251 6426 1251 6427 1251 6221 1251 6427 4299 6428 4299 6221 4299 6428 1251 6429 1251 6221 1251 6429 4300 6430 4300 6221 4300 6430 1251 6431 1251 6221 1251 6431 1251 6432 1251 6221 1251 6433 1251 6434 1251 6221 1251 6432 1251 6435 1251 6221 1251 6435 1251 6436 1251 6221 1251 6436 4301 6433 4301 6221 4301 6222 1251 6437 1251 6221 1251 6437 1251 6438 1251 6221 1251 6438 1251 6426 1251 6221 1251 6439 1251 6425 1251 6221 1251 6434 4302 6439 4302 6221 4302 6355 1251 6440 1251 6222 1251 6440 1251 6441 1251 6222 1251 6441 1251 6437 1251 6222 1251 6380 4303 6442 4303 6355 4303 6442 4304 6440 4304 6355 4304 6443 4088 6382 4088 6381 4088 6392 4088 6443 4088 6381 4088 6442 4305 6444 4305 6440 4305 6444 4090 6441 4090 6440 4090 6391 84 6445 84 6392 84 6445 84 6443 84 6392 84 6446 1251 6437 1251 6441 1251 6447 1251 6446 1251 6441 1251 6448 1251 6449 1251 6441 1251 6449 1251 6450 1251 6441 1251 6450 1251 6447 1251 6441 1251 6451 34 6448 34 6441 34 6444 4089 6451 4089 6441 4089 6452 4306 6413 4306 6412 4306 6417 4307 6453 4307 6412 4307 6453 4308 6452 4308 6412 4308 6452 4309 6454 4309 6413 4309 6454 4310 6408 4310 6413 4310 6416 4311 6455 4311 6417 4311 6455 4312 6453 4312 6417 4312 6454 4310 6456 4310 6408 4310 6456 4313 6409 4313 6408 4313 6415 4314 6457 4314 6416 4314 6457 4315 6455 4315 6416 4315 6456 4316 6458 4316 6409 4316 6458 4317 6410 4317 6409 4317 6414 4318 6459 4318 6415 4318 6459 4319 6457 4319 6415 4319 6458 4320 6460 4320 6410 4320 6460 4321 6411 4321 6410 4321 6419 4322 6461 4322 6414 4322 6461 4323 6459 4323 6414 4323 6418 4324 6462 4324 6419 4324 6462 4325 6461 4325 6419 4325 6460 4321 6463 4321 6411 4321 6463 4326 6396 4326 6411 4326 6423 4327 6464 4327 6418 4327 6464 4328 6462 4328 6418 4328 6463 4329 6465 4329 6396 4329 6465 4330 6397 4330 6396 4330 6465 4330 6466 4330 6397 4330 6466 4331 6398 4331 6397 4331 6422 4332 6467 4332 6423 4332 6467 4333 6464 4333 6423 4333 6468 1479 6383 1479 6394 1479 6393 4334 6469 4334 6394 4334 6469 4335 6468 4335 6394 4335 6470 1479 6430 1479 6429 1479 6428 4336 6471 4336 6429 4336 6471 1478 6470 1478 6429 1478 6395 4337 6472 4337 6393 4337 6472 4338 6469 4338 6393 4338 6468 4339 6473 4339 6383 4339 6473 1485 6384 1485 6383 1485 6400 3557 6474 3557 6395 3557 6474 1483 6472 1483 6395 1483 6470 4339 6475 4339 6430 4339 6475 1485 6431 1485 6430 1485 6427 3557 6476 3557 6428 3557 6476 1483 6471 1483 6428 1483 6473 3559 6477 3559 6384 3559 6477 1679 6385 1679 6384 1679 6405 1488 6478 1488 6400 1488 6478 1488 6474 1488 6400 1488 6475 3559 6479 3559 6431 3559 6479 1679 6432 1679 6431 1679 6426 4340 6480 4340 6427 4340 6480 3782 6476 3782 6427 3782 6477 1679 6481 1679 6385 1679 6481 3879 6386 3879 6385 3879 6404 3878 6482 3878 6405 3878 6482 3878 6478 3878 6405 3878 6479 1679 6483 1679 6432 1679 6483 3879 6435 3879 6432 3879 6438 3878 6484 3878 6426 3878 6484 3878 6480 3878 6426 3878 6466 4341 6485 4341 6398 4341 6485 4342 6486 4342 6398 4342 6486 4343 6399 4343 6398 4343 6421 4344 6487 4344 6422 4344 6487 4345 6467 4345 6422 4345 6481 3879 6488 3879 6386 3879 6488 3793 6387 3793 6386 3793 6403 1689 6489 1689 6404 1689 6489 3881 6482 3881 6404 3881 6483 3879 6490 3879 6435 3879 6490 3793 6436 3793 6435 3793 6437 4346 6491 4346 6438 4346 6491 4346 6484 4346 6438 4346 6446 4347 6492 4347 6437 4347 6492 4348 6491 4348 6437 4348 6488 3793 6493 3793 6387 3793 6493 1692 6388 1692 6387 1692 6402 4349 6494 4349 6403 4349 6494 3884 6489 3884 6403 3884 6490 3793 6495 3793 6436 3793 6495 1692 6433 1692 6436 1692 6447 4349 6496 4349 6446 4349 6496 3884 6492 3884 6446 3884 6493 4350 6497 4350 6388 4350 6497 4351 6389 4351 6388 4351 6401 1507 6498 1507 6402 1507 6498 4352 6494 4352 6402 4352 6495 4350 6499 4350 6433 4350 6499 4351 6434 4351 6433 4351 6450 1507 6500 1507 6447 1507 6500 4352 6496 4352 6447 4352 6485 4353 6501 4353 6486 4353 6501 4354 6502 4354 6486 4354 6502 1251 6399 1251 6486 1251 6420 4355 6503 4355 6421 4355 6503 4356 6487 4356 6421 4356 6497 1512 6504 1512 6389 1512 6504 3800 6505 3800 6389 3800 6505 4357 6390 4357 6389 4357 6407 1514 6506 1514 6401 1514 6506 3803 6498 3803 6401 3803 6499 1512 6507 1512 6434 1512 6507 3800 6439 3800 6434 3800 6449 1514 6508 1514 6450 1514 6508 3803 6500 3803 6450 3803 6504 1516 6509 1516 6505 1516 6509 3805 6510 3805 6505 3805 6510 4358 6390 4358 6505 4358 6406 4359 6511 4359 6407 4359 6511 3806 6506 3806 6407 3806 6507 1516 6512 1516 6439 1516 6512 3805 6513 3805 6439 3805 6513 1251 6425 1251 6439 1251 6448 4360 6514 4360 6449 4360 6514 4359 6515 4359 6449 4359 6515 3806 6508 3806 6449 3806 6501 4361 6516 4361 6502 4361 6516 34 6517 34 6502 34 6517 1251 6399 1251 6502 1251 6424 1251 6518 1251 6420 1251 6518 84 6519 84 6420 84 6519 84 6503 84 6420 84 6509 4362 6520 4362 6510 4362 6520 34 6521 34 6510 34 6521 1251 6390 1251 6510 1251 6399 1251 6522 1251 6406 1251 6522 84 6523 84 6406 84 6523 84 6511 84 6406 84 6512 4362 6524 4362 6513 4362 6524 34 6525 34 6513 34 6525 1251 6425 1251 6513 1251 6448 1251 6526 1251 6514 1251 6526 84 6527 84 6514 84 6527 84 6515 84 6514 84 6520 34 6528 34 6521 34 6528 1522 6529 1522 6521 1522 6529 4363 6390 4363 6521 4363 6399 4364 6530 4364 6522 4364 6530 3813 6531 3813 6522 3813 6531 1526 6523 1526 6522 1526 6524 34 6532 34 6525 34 6532 1522 6533 1522 6525 1522 6533 4365 6425 4365 6525 4365 6448 4366 6534 4366 6526 4366 6534 3813 6535 3813 6526 3813 6535 1526 6527 1526 6526 1526 6516 34 6536 34 6517 34 6536 4367 6537 4367 6517 4367 6537 1251 6399 1251 6517 1251 6424 4368 6538 4368 6518 4368 6538 4369 6539 4369 6518 4369 6539 4370 6519 4370 6518 4370 6528 3820 6540 3820 6529 3820 6540 3572 6541 3572 6529 3572 6541 4371 6390 4371 6529 4371 6399 4372 6542 4372 6530 4372 6542 1531 6543 1531 6530 1531 6543 3575 6531 3575 6530 3575 6532 3820 6544 3820 6533 3820 6544 3572 6545 3572 6533 3572 6545 4373 6425 4373 6533 4373 6448 4374 6546 4374 6534 4374 6546 1531 6547 1531 6534 1531 6547 3575 6535 3575 6534 3575 6540 1534 6548 1534 6541 1534 6548 3577 6549 3577 6541 3577 6549 4375 6390 4375 6541 4375 6399 4376 6550 4376 6542 4376 6550 1538 6551 1538 6542 1538 6551 3579 6543 3579 6542 3579 6544 1534 6552 1534 6545 1534 6552 3577 6553 3577 6545 3577 6553 1251 6425 1251 6545 1251 6448 4377 6554 4377 6546 4377 6554 1538 6555 1538 6546 1538 6555 3579 6547 3579 6546 3579 6536 4378 6556 4378 6537 4378 6556 4379 6557 4379 6537 4379 6557 4380 6399 4380 6537 4380 6424 4381 6558 4381 6538 4381 6558 4382 6559 4382 6538 4382 6559 4383 6539 4383 6538 4383 6548 1543 6560 1543 6549 1543 6560 4229 6561 4229 6549 4229 6561 1251 6390 1251 6549 1251 6399 4384 6562 4384 6550 4384 6562 4236 6563 4236 6550 4236 6563 4237 6551 4237 6550 4237 6552 1543 6564 1543 6553 1543 6564 4229 6565 4229 6553 4229 6565 4385 6425 4385 6553 4385 6448 4386 6566 4386 6554 4386 6566 4236 6567 4236 6554 4236 6567 4237 6555 4237 6554 4237 6560 3332 6568 3332 6561 3332 6568 3841 6569 3841 6561 3841 6569 1251 6390 1251 6561 1251 6399 4387 6570 4387 6562 4387 6570 3931 6571 3931 6562 3931 6571 3932 6563 3932 6562 3932 6564 3332 6572 3332 6565 3332 6572 3841 6573 3841 6565 3841 6573 1251 6425 1251 6565 1251 6448 4388 6574 4388 6566 4388 6574 4389 6575 4389 6566 4389 6575 4390 6567 4390 6566 4390 6576 1251 6577 1251 6574 1251 6448 1251 6576 1251 6574 1251 6577 4391 6578 4391 6574 4391 6578 4391 6575 4391 6574 4391 6568 3939 6579 3939 6569 3939 6579 3940 6580 3940 6569 3940 6580 1251 6390 1251 6569 1251 6399 4392 6581 4392 6570 4392 6581 3840 6582 3840 6570 3840 6582 3938 6571 3938 6570 3938 6572 3939 6583 3939 6573 3939 6583 3940 6584 3940 6573 3940 6584 1251 6425 1251 6573 1251 6576 1251 6585 1251 6577 1251 6585 3840 6586 3840 6577 3840 6586 3938 6578 3938 6577 3938 6556 4393 6587 4393 6557 4393 6587 4394 6588 4394 6557 4394 6588 4395 6399 4395 6557 4395 6424 1251 6589 1251 6558 1251 6589 4396 6590 4396 6558 4396 6590 4397 6559 4397 6558 4397 6579 3842 6591 3842 6580 3842 6591 1772 6592 1772 6580 1772 6592 1251 6593 1251 6580 1251 6593 1251 6390 1251 6580 1251 6399 1251 6594 1251 6581 1251 6594 4398 6595 4398 6581 4398 6595 1569 6582 1569 6581 1569 6583 3842 6596 3842 6584 3842 6596 1772 6597 1772 6584 1772 6597 1251 6425 1251 6584 1251 6576 4399 6598 4399 6585 4399 6598 3946 6599 3946 6585 3946 6599 3947 6586 3947 6585 3947 6591 3952 6600 3952 6592 3952 6600 4400 6601 4400 6592 4400 6601 1251 6593 1251 6592 1251 6593 1251 6602 1251 6594 1251 6399 4401 6593 4401 6594 4401 6602 1573 6603 1573 6594 1573 6603 4402 6595 4402 6594 4402 6596 3952 6604 3952 6597 3952 6604 4400 6605 4400 6597 4400 6605 1251 6425 1251 6597 1251 6576 4403 6606 4403 6598 4403 6606 1573 6607 1573 6598 1573 6607 4402 6599 4402 6598 4402 6600 1584 6608 1584 6601 1584 6608 3606 6609 3606 6601 3606 6609 1251 6593 1251 6601 1251 6593 1251 6610 1251 6602 1251 6610 4404 6611 4404 6602 4404 6611 4405 6603 4405 6602 4405 6604 1584 6612 1584 6605 1584 6612 3606 6613 3606 6605 3606 6576 4406 6425 4406 6605 4406 6613 1251 6576 1251 6605 1251 6576 4407 6613 4407 6606 4407 6613 3610 6614 3610 6606 3610 6614 3610 6607 3610 6606 3610 6593 1251 6609 1251 6610 1251 6609 4408 6615 4408 6610 4408 6615 4409 6611 4409 6610 4409 6608 3606 6615 3606 6609 3606 6612 3606 6614 3606 6613 3606 6587 4410 6616 4410 6588 4410 6616 4411 6617 4411 6588 4411 6618 4412 6399 4412 6588 4412 6617 1251 6618 1251 6588 1251 6424 4413 6619 4413 6589 4413 6619 4414 6620 4414 6589 4414 6620 4415 6590 4415 6589 4415 6616 4411 6621 4411 6617 4411 6621 4416 6622 4416 6617 4416 6622 1251 6618 1251 6617 1251 6621 4417 6623 4417 6622 4417 6623 4418 6624 4418 6622 4418 6624 4419 6618 4419 6622 4419 6424 4420 6625 4420 6619 4420 6625 4421 6626 4421 6619 4421 6626 4422 6620 4422 6619 4422 6627 1251 6628 1251 6625 1251 6424 1251 6627 1251 6625 1251 6628 4423 6629 4423 6625 4423 6629 4424 6626 4424 6625 4424 6390 1251 6630 1251 6391 1251 6630 84 6631 84 6391 84 6631 84 6445 84 6391 84 6632 1251 6633 1251 6390 1251 6633 1251 6634 1251 6390 1251 6634 1251 6630 1251 6390 1251 6593 4425 6635 4425 6390 4425 6635 1251 6632 1251 6390 1251 6636 1251 6637 1251 6593 1251 6638 4426 6639 4426 6593 4426 6639 4427 6640 4427 6593 4427 6640 1251 6635 1251 6593 1251 6637 1251 6641 1251 6593 1251 6641 1251 6642 1251 6593 1251 6642 1251 6638 1251 6593 1251 6399 1251 6643 1251 6593 1251 6643 1251 6644 1251 6593 1251 6644 1251 6636 1251 6593 1251 6618 1251 6645 1251 6399 1251 6645 1251 6643 1251 6399 1251 6624 1251 6645 1251 6618 1251 6623 4428 6646 4428 6624 4428 6646 4429 6647 4429 6624 4429 6647 4430 6645 4430 6624 4430 6627 4431 6648 4431 6628 4431 6648 4432 6649 4432 6628 4432 6649 4433 6629 4433 6628 4433 6650 1251 6648 1251 6627 1251 6651 1251 6650 1251 6627 1251 6424 1251 6651 1251 6627 1251 6652 1251 6651 1251 6424 1251 6425 1251 6652 1251 6424 1251 6653 1251 6652 1251 6425 1251 6576 1251 6653 1251 6425 1251 6448 1251 6654 1251 6576 1251 6654 1251 6655 1251 6576 1251 6656 4434 6657 4434 6576 4434 6658 1251 6656 1251 6576 1251 6657 4435 6659 4435 6576 4435 6659 4436 6660 4436 6576 4436 6660 1251 6661 1251 6576 1251 6655 1251 6662 1251 6576 1251 6662 1251 6663 1251 6576 1251 6663 1251 6658 1251 6576 1251 6664 1251 6653 1251 6576 1251 6661 1251 6664 1251 6576 1251 6665 34 6654 34 6448 34 6451 34 6665 34 6448 34 6646 4437 6666 4437 6647 4437 6666 4438 6667 4438 6647 4438 6667 1251 6645 1251 6647 1251 6650 1251 6668 1251 6648 1251 6668 4439 6669 4439 6648 4439 6669 4440 6649 4440 6648 4440 6666 4441 6670 4441 6667 4441 6670 4442 6671 4442 6667 4442 6671 1251 6645 1251 6667 1251 6650 4443 6672 4443 6668 4443 6672 4444 6673 4444 6668 4444 6673 4445 6669 4445 6668 4445 6670 4446 6674 4446 6671 4446 6674 4447 6675 4447 6671 4447 6675 4448 6645 4448 6671 4448 6650 1251 6676 1251 6672 1251 6676 4449 6677 4449 6672 4449 6677 4450 6673 4450 6672 4450 6674 4447 6678 4447 6675 4447 6678 4451 6679 4451 6675 4451 6650 4452 6645 4452 6675 4452 6679 1251 6650 1251 6675 1251 6650 4453 6679 4453 6676 4453 6679 4454 6680 4454 6676 4454 6680 4455 6677 4455 6676 4455 6678 4456 6680 4456 6679 4456 6634 4457 6631 4457 6630 4457 6665 34 6681 34 6654 34 6682 4458 6655 4458 6654 4458 6681 4459 6682 4459 6654 4459 6633 4460 6683 4460 6634 4460 6683 4461 6631 4461 6634 4461 6684 4462 6662 4462 6655 4462 6682 4463 6684 4463 6655 4463 6632 4464 6685 4464 6633 4464 6685 4465 6686 4465 6633 4465 6686 4466 6683 4466 6633 4466 6687 2239 6663 2239 6662 2239 6684 4467 6687 4467 6662 4467 6635 4468 6688 4468 6632 4468 6688 4469 6685 4469 6632 4469 6640 4470 6688 4470 6635 4470 6689 1448 6658 1448 6663 1448 6687 1453 6689 1453 6663 1453 6639 1445 6690 1445 6640 1445 6690 4471 6688 4471 6640 4471 6691 4472 6656 4472 6658 4472 6689 4472 6691 4472 6658 4472 6638 4473 6692 4473 6639 4473 6692 1444 6690 1444 6639 1444 6693 2521 6657 2521 6656 2521 6691 2232 6693 2232 6656 2232 6642 1431 6694 1431 6638 1431 6694 4474 6692 4474 6638 4474 6695 1433 6659 1433 6657 1433 6693 1440 6695 1440 6657 1440 6641 4475 6696 4475 6642 4475 6696 1430 6694 1430 6642 1430 6697 1421 6660 1421 6659 1421 6695 4476 6697 4476 6659 4476 6637 4477 6698 4477 6641 4477 6698 4478 6696 4478 6641 4478 6697 4479 6661 4479 6660 4479 6699 4480 6664 4480 6661 4480 6697 4481 6699 4481 6661 4481 6636 4482 6700 4482 6637 4482 6700 4483 6698 4483 6637 4483 6701 4484 6653 4484 6664 4484 6702 4485 6701 4485 6664 4485 6699 4486 6702 4486 6664 4486 6644 4 6703 4 6636 4 6703 4 6704 4 6636 4 6704 4487 6700 4487 6636 4487 6643 4 6705 4 6644 4 6705 4 6703 4 6644 4 6645 4 6706 4 6643 4 6706 4 6705 4 6643 4 6650 4 6707 4 6645 4 6707 4 6706 4 6645 4 6651 4 6708 4 6650 4 6708 4 6707 4 6650 4 6652 4 6709 4 6651 4 6709 4 6708 4 6651 4 6653 4 6701 4 6652 4 6701 4 6709 4 6652 4 5166 4488 5167 4488 5153 4488 6710 4489 1990 4489 1987 4489 2103 4489 6710 4489 1987 4489 6711 4489 1993 4489 1990 4489 6710 4489 6711 4489 1990 4489 6711 4489 55 4489 1993 4489 55 4489 51 4489 1993 4489 27 4489 23 4489 1993 4489 51 4489 47 4489 1993 4489 47 4489 43 4489 1993 4489 43 4489 39 4489 1993 4489 39 4489 35 4489 1993 4489 35 4489 31 4489 1993 4489 31 4489 27 4489 1993 4489 23 4489 19 4489 1993 4489 19 4490 7 4490 1993 4490 7 4491 1995 4491 1993 4491 2122 4489 1997 4489 1995 4489 7 4489 2121 4489 1995 4489 2121 4489 2122 4489 1995 4489 2122 4489 2012 4489 1997 4489 2122 4492 10 4492 2012 4492 10 4489 2123 4489 2012 4489 2123 4493 2127 4493 2012 4493 2127 4489 2129 4489 2012 4489 2129 4494 2131 4494 2012 4494 2131 4495 2133 4495 2012 4495 2133 4489 2135 4489 2012 4489 2135 4489 2137 4489 2012 4489 2137 4489 2139 4489 2012 4489 2139 4489 2141 4489 2012 4489 2141 4489 2145 4489 2012 4489 2145 4489 6712 4489 2012 4489 6713 4489 2025 4489 2012 4489 6712 4489 6713 4489 2012 4489 2326 4489 2322 4489 2025 4489 2322 4489 2318 4489 2025 4489 2318 4489 2037 4489 2025 4489 2342 4496 2338 4496 2025 4496 2350 4489 2342 4489 2025 4489 2338 4497 2334 4497 2025 4497 2334 4489 2330 4489 2025 4489 2330 4489 2326 4489 2025 4489 6713 4489 2359 4489 2025 4489 2359 4489 2354 4489 2025 4489 2354 4489 2350 4489 2025 4489 2323 4489 2327 4489 2037 4489 2318 4489 2319 4489 2037 4489 2319 4489 2323 4489 2037 4489 2327 4489 2331 4489 2037 4489 2331 4489 2335 4489 2037 4489 2335 4498 2339 4498 2037 4498 2339 4489 2343 4489 2037 4489 2343 4489 2351 4489 2037 4489 2351 4489 6714 4489 2037 4489 6715 4489 2040 4489 2037 4489 6714 4489 6715 4489 2037 4489 6716 4489 2043 4489 2040 4489 6715 4489 6716 4489 2040 4489 6717 4489 2046 4489 2043 4489 6716 4489 6717 4489 2043 4489 6718 4489 2049 4489 2046 4489 6717 4489 6718 4489 2046 4489 6719 4489 2052 4489 2049 4489 6718 4489 6719 4489 2049 4489 6720 4489 2065 4489 2052 4489 6719 4489 6720 4489 2052 4489 2328 4499 2324 4499 2065 4499 2324 4500 2320 4500 2065 4500 2320 4489 2076 4489 2065 4489 2352 4489 2344 4489 2065 4489 2344 4489 2340 4489 2065 4489 2340 4489 2336 4489 2065 4489 2336 4501 2332 4501 2065 4501 2332 4502 2328 4502 2065 4502 6720 4489 2363 4489 2065 4489 2363 4489 2356 4489 2065 4489 2356 4489 2352 4489 2065 4489 29 4489 25 4489 2076 4489 6721 4489 61 4489 2076 4489 61 4489 57 4489 2076 4489 57 4489 53 4489 2076 4489 53 4489 49 4489 2076 4489 49 4489 45 4489 2076 4489 45 4489 41 4489 2076 4489 41 4489 37 4489 2076 4489 37 4489 33 4489 2076 4489 33 4489 29 4489 2076 4489 25 4489 21 4489 2076 4489 21 4489 13 4489 2076 4489 13 4489 2078 4489 2076 4489 2325 4489 2329 4489 2076 4489 2320 4503 2321 4503 2076 4503 2321 4489 2325 4489 2076 4489 2329 4489 2333 4489 2076 4489 2333 4489 2337 4489 2076 4489 2337 4489 2341 4489 2076 4489 2341 4489 2345 4489 2076 4489 2345 4489 2353 4489 2076 4489 2353 4489 6721 4489 2076 4489 2125 4489 2080 4489 2078 4489 13 4489 2124 4489 2078 4489 2124 4489 2125 4489 2078 4489 2125 4489 2094 4489 2080 4489 2125 4504 16 4504 2094 4504 16 4489 2126 4489 2094 4489 2138 4505 2140 4505 2094 4505 2126 4489 2128 4489 2094 4489 2128 4489 2130 4489 2094 4489 2130 4489 2132 4489 2094 4489 2132 4489 2134 4489 2094 4489 2134 4489 2136 4489 2094 4489 2136 4489 2138 4489 2094 4489 2140 4489 2142 4489 2094 4489 2142 4489 2146 4489 2094 4489 2146 4489 6722 4489 2094 4489 6723 4489 2096 4489 2094 4489 6722 4489 6723 4489 2094 4489 6723 4489 2099 4489 2096 4489 6724 4489 2101 4489 2099 4489 6723 4506 6724 4506 2099 4506 6724 4489 2106 4489 2101 4489 2110 4489 6710 4489 2103 4489 6724 4507 2105 4507 2106 4507 2109 4489 6725 4489 2110 4489 6725 4489 6710 4489 2110 4489 6726 4489 2116 4489 2105 4489 6724 4508 6726 4508 2105 4508 2114 4489 6725 4489 2109 4489 6726 4489 2120 4489 2116 4489 2149 4509 6725 4509 2114 4509 6726 4510 2144 4510 2120 4510 6727 4489 2152 4489 2144 4489 6726 4489 6727 4489 2144 4489 2148 4489 6728 4489 2149 4489 6728 4489 6725 4489 2149 4489 6727 4511 2151 4511 2152 4511 6711 4512 59 4512 55 4512 2153 4489 6712 4489 2145 4489 2155 4489 6722 4489 2146 4489 6711 4513 63 4513 59 4513 2157 4489 6712 4489 2153 4489 6721 4514 65 4514 61 4514 2159 4515 6722 4515 2155 4515 6711 4516 67 4516 63 4516 2161 4489 6712 4489 2157 4489 6721 4517 69 4517 65 4517 2163 4489 6722 4489 2159 4489 2166 4489 6728 4489 2148 4489 6711 4518 71 4518 67 4518 2168 4489 6712 4489 2161 4489 6721 4519 73 4519 69 4519 2170 4489 6722 4489 2163 4489 6711 4520 75 4520 71 4520 2172 4521 6712 4521 2168 4521 6721 4522 77 4522 73 4522 2174 4489 6722 4489 2170 4489 6711 4523 79 4523 75 4523 2176 4524 6712 4524 2172 4524 6721 4525 81 4525 77 4525 2178 4489 6722 4489 2174 4489 6711 4489 83 4489 79 4489 2180 4489 6712 4489 2176 4489 6721 4526 85 4526 81 4526 2309 4489 6722 4489 2178 4489 2183 4489 2309 4489 2178 4489 6711 4527 87 4527 83 4527 2185 4528 6712 4528 2180 4528 6721 4529 89 4529 85 4529 2298 4489 2309 4489 2183 4489 2188 4530 2298 4530 2183 4530 2291 4489 2287 4489 87 4489 2275 4531 2271 4531 87 4531 2271 4489 2267 4489 87 4489 2267 4532 91 4532 87 4532 2287 4533 2283 4533 87 4533 2283 4534 2279 4534 87 4534 2279 4535 2275 4535 87 4535 6711 4536 2304 4536 87 4536 2304 4489 2295 4489 87 4489 2295 4489 2291 4489 87 4489 2272 4489 2276 4489 2185 4489 2276 4489 2280 4489 2185 4489 2280 4489 2284 4489 2185 4489 2284 4489 2288 4489 2185 4489 2288 4489 2292 4489 2185 4489 2292 4489 2296 4489 2185 4489 2296 4537 6712 4537 2185 4537 2208 4489 2261 4489 2185 4489 2261 4489 2268 4489 2185 4489 2268 4489 2272 4489 2185 4489 2285 4538 2281 4538 89 4538 2281 4539 2277 4539 89 4539 2277 4489 2273 4489 89 4489 2273 4489 2269 4489 89 4489 2269 4540 93 4540 89 4540 2297 4489 2293 4489 89 4489 2293 4489 2289 4489 89 4489 2289 4489 2285 4489 89 4489 2308 4541 2297 4541 89 4541 6721 4542 2308 4542 89 4542 2274 4489 2278 4489 2188 4489 2278 4489 2282 4489 2188 4489 2282 4489 2286 4489 2188 4489 2286 4489 2290 4489 2188 4489 2294 4541 2298 4541 2188 4541 2290 4489 2294 4489 2188 4489 2227 4489 2266 4489 2188 4489 2266 4543 2270 4543 2188 4543 2270 4489 2274 4489 2188 4489 2267 4544 2258 4544 91 4544 2258 4489 2232 4489 91 4489 2259 4489 2234 4489 2232 4489 2258 4489 2257 4489 2232 4489 2257 4489 2259 4489 2232 4489 2259 4489 2208 4489 2234 4489 2259 4545 2260 4545 2208 4545 2260 4489 2261 4489 2208 4489 2269 4489 2263 4489 93 4489 2263 4489 2239 4489 93 4489 2264 4489 2241 4489 2239 4489 2263 4489 2262 4489 2239 4489 2262 4489 2264 4489 2239 4489 2264 4489 2227 4489 2241 4489 2264 4546 2265 4546 2227 4546 2265 4547 2266 4547 2227 4547 2246 4548 6728 4548 2166 4548 6727 4489 2244 4489 2151 4489 2250 4489 6728 4489 2246 4489 6727 4549 2248 4549 2244 4549 2254 4489 6728 4489 2250 4489 6727 4489 2252 4489 2248 4489 2300 4489 6728 4489 2254 4489 6727 4550 2256 4550 2252 4550 2348 4489 6728 4489 2300 4489 6727 4551 2302 4551 2256 4551 6711 4552 2311 4552 2304 4552 2306 4489 6712 4489 2296 4489 6721 4553 2315 4553 2308 4553 6711 4489 2444 4489 2311 4489 2313 4489 6712 4489 2306 4489 6721 4489 2466 4489 2315 4489 2317 4489 6722 4489 2309 4489 2347 4489 6728 4489 2348 4489 6727 4489 2475 4489 2302 4489 2355 4554 6714 4554 2351 4554 2358 4555 6721 4555 2353 4555 6713 4489 2367 4489 2359 4489 2362 4489 6714 4489 2355 4489 6720 4489 2371 4489 2363 4489 2366 4489 6721 4489 2358 4489 6713 4556 2375 4556 2367 4556 2370 4557 6714 4557 2362 4557 6720 4558 2379 4558 2371 4558 2374 4559 6721 4559 2366 4559 6713 4489 2383 4489 2375 4489 2378 4489 6714 4489 2370 4489 6720 4489 2387 4489 2379 4489 2382 4489 6721 4489 2374 4489 6713 4560 2391 4560 2383 4560 2386 4489 6714 4489 2378 4489 6720 4561 2395 4561 2387 4561 2390 4489 6721 4489 2382 4489 6713 4562 2399 4562 2391 4562 2394 4563 6714 4563 2386 4563 6720 4564 2403 4564 2395 4564 2398 4489 6721 4489 2390 4489 6713 4565 2407 4565 2399 4565 2402 4489 6714 4489 2394 4489 6720 4566 2411 4566 2403 4566 2406 4489 6721 4489 2398 4489 6713 4567 2415 4567 2407 4567 2410 4489 6714 4489 2402 4489 6720 4568 2419 4568 2411 4568 2414 4489 6721 4489 2406 4489 6713 4569 2423 4569 2415 4569 2418 4489 6714 4489 2410 4489 6720 4570 2427 4570 2419 4570 2422 4489 6721 4489 2414 4489 6713 4571 2431 4571 2423 4571 2426 4489 6714 4489 2418 4489 6720 4572 2434 4572 2427 4572 2430 4489 6721 4489 2422 4489 6713 4489 2433 4489 2431 4489 2433 4573 6713 4573 2426 4573 6713 4489 6714 4489 2426 4489 6720 4574 2436 4574 2434 4574 2436 4489 6720 4489 2430 4489 6720 4489 6721 4489 2430 4489 6729 4489 6728 4489 2347 4489 2439 4489 6729 4489 2347 4489 6730 4489 6725 4489 6728 4489 6729 4489 6730 4489 6728 4489 6731 4489 6710 4489 6725 4489 6730 4489 6731 4489 6725 4489 6732 4489 6711 4489 6710 4489 6731 4489 6732 4489 6710 4489 6732 4489 2539 4489 6711 4489 2539 4489 2444 4489 6711 4489 6733 4489 6712 4489 2313 4489 2447 4489 6733 4489 2313 4489 6734 4489 6713 4489 6712 4489 6733 4489 6734 4489 6712 4489 6735 4489 6714 4489 6713 4489 6734 4489 6735 4489 6713 4489 6736 4489 6715 4489 6714 4489 6735 4489 6736 4489 6714 4489 6736 4489 2488 4489 6715 4489 2488 4575 2486 4575 6715 4575 2486 4489 2485 4489 6715 4489 2485 4489 2484 4489 6715 4489 2484 4489 2483 4489 6715 4489 2483 4576 2482 4576 6715 4576 2482 4489 2481 4489 6715 4489 2481 4489 2480 4489 6715 4489 2480 4577 6716 4577 6715 4577 2476 4489 2477 4489 6716 4489 2477 4489 2478 4489 6716 4489 2478 4489 6717 4489 6716 4489 2480 4578 2479 4578 6716 4578 2479 4579 2476 4579 6716 4579 2478 4489 6718 4489 6717 4489 98 4489 96 4489 6718 4489 2478 4580 98 4580 6718 4580 96 4489 103 4489 6718 4489 103 4581 101 4581 6718 4581 101 4489 6719 4489 6718 4489 107 4582 109 4582 6719 4582 109 4489 111 4489 6719 4489 111 4489 113 4489 6719 4489 101 4583 105 4583 6719 4583 105 4489 107 4489 6719 4489 113 4584 115 4584 6719 4584 115 4489 117 4489 6719 4489 117 4489 6737 4489 6719 4489 6738 4489 6720 4489 6719 4489 6737 4489 6738 4489 6719 4489 6739 4489 6721 4489 6720 4489 6738 4489 6739 4489 6720 4489 6739 4489 2553 4489 6721 4489 2553 4489 2466 4489 6721 4489 2469 4489 6740 4489 2317 4489 6740 4489 6722 4489 2317 4489 6741 4489 6723 4489 6722 4489 6740 4489 6741 4489 6722 4489 6742 4489 6724 4489 6723 4489 6741 4489 6742 4489 6723 4489 6743 4489 6726 4489 6724 4489 6742 4489 6743 4489 6724 4489 6744 4489 6727 4489 6726 4489 6743 4489 6744 4489 6726 4489 6744 4489 2582 4489 6727 4489 2582 4489 2475 4489 6727 4489 6736 4489 2490 4489 2488 4489 119 4489 6737 4489 117 4489 6736 4585 2492 4585 2490 4585 121 4489 6737 4489 119 4489 6736 4586 2494 4586 2492 4586 123 4587 6737 4587 121 4587 6736 4588 2496 4588 2494 4588 125 4489 6737 4489 123 4489 6736 4489 2498 4489 2496 4489 127 4489 6737 4489 125 4489 6736 4589 2500 4589 2498 4589 129 4590 6737 4590 127 4590 6736 4489 2502 4489 2500 4489 131 4489 6737 4489 129 4489 6736 4591 2505 4591 2502 4591 133 4592 6745 4592 131 4592 6745 4489 6737 4489 131 4489 6736 4593 2507 4593 2505 4593 135 4594 6745 4594 133 4594 6746 4595 138 4595 2507 4595 6736 4596 6746 4596 2507 4596 137 4489 6745 4489 135 4489 141 4489 6745 4489 137 4489 6746 4489 2510 4489 138 4489 6747 4489 2511 4489 2510 4489 6746 4489 6747 4489 2510 4489 6747 4489 141 4489 2511 4489 6747 4597 6745 4597 141 4597 6748 4489 6729 4489 2439 4489 2514 4489 6748 4489 2439 4489 6749 4489 6730 4489 6729 4489 6748 4489 6749 4489 6729 4489 2591 4489 2587 4489 6730 4489 2583 4489 6731 4489 6730 4489 2587 4598 2583 4598 6730 4598 2603 4599 2599 4599 6730 4599 2599 4489 2595 4489 6730 4489 2595 4600 2591 4600 6730 4600 2615 4489 2611 4489 6730 4489 2611 4489 2607 4489 6730 4489 2607 4489 2603 4489 6730 4489 6749 4489 2626 4489 6730 4489 2626 4489 2620 4489 6730 4489 2620 4489 2615 4489 6730 4489 2583 4489 2584 4489 6731 4489 2584 4489 2588 4489 6731 4489 2588 4601 2592 4601 6731 4601 2592 4602 2596 4602 6731 4602 2596 4603 2600 4603 6731 4603 2600 4489 2604 4489 6731 4489 2604 4489 2608 4489 6731 4489 2608 4489 2612 4489 6731 4489 2612 4489 2616 4489 6731 4489 2616 4489 6750 4489 6731 4489 6751 4489 6732 4489 6731 4489 6750 4489 6751 4489 6731 4489 6751 4489 2700 4489 6732 4489 2700 4489 2539 4489 6732 4489 6752 4489 6733 4489 2447 4489 2541 4489 6752 4489 2447 4489 6753 4489 6734 4489 6733 4489 6752 4489 6753 4489 6733 4489 6754 4489 6735 4489 6734 4489 6753 4489 6754 4489 6734 4489 6755 4489 6736 4489 6735 4489 6754 4489 6755 4489 6735 4489 6756 4489 6746 4489 6736 4489 6755 4489 6756 4489 6736 4489 6757 4489 6747 4489 6746 4489 6756 4489 6757 4489 6746 4489 6758 4489 6745 4489 6747 4489 6757 4489 6758 4489 6747 4489 6759 4489 6737 4489 6745 4489 6758 4489 6759 4489 6745 4489 6760 4489 6738 4489 6737 4489 6759 4489 6760 4489 6737 4489 6761 4489 6739 4489 6738 4489 6760 4489 6761 4489 6738 4489 6761 4489 2704 4489 6739 4489 2704 4489 2553 4489 6739 4489 2555 4489 6762 4489 2469 4489 6762 4489 6740 4489 2469 4489 6763 4489 6741 4489 6740 4489 6762 4489 6763 4489 6740 4489 2601 4489 2597 4489 6741 4489 2617 4604 2613 4604 6741 4604 6763 4489 2630 4489 6741 4489 2630 4489 2623 4489 6741 4489 2623 4605 2617 4605 6741 4605 2613 4489 2609 4489 6741 4489 2609 4606 2605 4606 6741 4606 2605 4607 2601 4607 6741 4607 2593 4608 6742 4608 6741 4608 2597 4609 2593 4609 6741 4609 2590 4489 2594 4489 6742 4489 2593 4489 2589 4489 6742 4489 2589 4489 2585 4489 6742 4489 2585 4610 2586 4610 6742 4610 2586 4489 2590 4489 6742 4489 2610 4611 2614 4611 6742 4611 2606 4612 2610 4612 6742 4612 2594 4489 2598 4489 6742 4489 2598 4613 2602 4613 6742 4613 2602 4489 2606 4489 6742 4489 2618 4489 6743 4489 6742 4489 2614 4489 2618 4489 6742 4489 2619 4489 6764 4489 6743 4489 2618 4489 2619 4489 6743 4489 6765 4489 6744 4489 6743 4489 6764 4489 6765 4489 6743 4489 6765 4489 2754 4489 6744 4489 2754 4489 2582 4489 6744 4489 2622 4489 6750 4489 2616 4489 2625 4489 6764 4489 2619 4489 6749 4614 2637 4614 2626 4614 2629 4489 6750 4489 2622 4489 6763 4615 2641 4615 2630 4615 2633 4489 6764 4489 2625 4489 2636 4489 6766 4489 2633 4489 6766 4489 6764 4489 2633 4489 6749 4616 2645 4616 2637 4616 2640 4489 6750 4489 2629 4489 6763 4617 2649 4617 2641 4617 2644 4618 6766 4618 2636 4618 6749 4619 2653 4619 2645 4619 2648 4489 6750 4489 2640 4489 6763 4620 2657 4620 2649 4620 2652 4621 6766 4621 2644 4621 6749 4622 2661 4622 2653 4622 2656 4489 6750 4489 2648 4489 6763 4623 2665 4623 2657 4623 2660 4489 6766 4489 2652 4489 6749 4624 2669 4624 2661 4624 2664 4625 6750 4625 2656 4625 6763 4626 2673 4626 2665 4626 2668 4627 6766 4627 2660 4627 6749 4628 2677 4628 2669 4628 2672 4629 6750 4629 2664 4629 6763 4630 2681 4630 2673 4630 2676 4489 6766 4489 2668 4489 6749 4631 2685 4631 2677 4631 2680 4632 6750 4632 2672 4632 6763 4633 2689 4633 2681 4633 2684 4489 6766 4489 2676 4489 6749 4634 2693 4634 2685 4634 2688 4489 6750 4489 2680 4489 6763 4635 2696 4635 2689 4635 2692 4489 6766 4489 2684 4489 6749 4636 2695 4636 2693 4636 2695 4489 6750 4489 2688 4489 6766 4489 2698 4489 2696 4489 6763 4637 6766 4637 2696 4637 2698 4638 6766 4638 2692 4638 6749 4489 6750 4489 2695 4489 6751 4639 2708 4639 2700 4639 2702 4489 6752 4489 2541 4489 6761 4640 2712 4640 2704 4640 2706 4641 6762 4641 2555 4641 6751 4642 2729 4642 2708 4642 2710 4643 6752 4643 2702 4643 6761 4644 2744 4644 2712 4644 2714 4489 6762 4489 2706 4489 2723 4489 2846 4489 2514 4489 2846 4489 2841 4489 2514 4489 2841 4489 2839 4489 2514 4489 2839 4489 2838 4489 2514 4489 2838 4489 2837 4489 2514 4489 2837 4645 2836 4645 2514 4645 2821 4489 6748 4489 2514 4489 2836 4489 2821 4489 2514 4489 2821 4489 2812 4489 6748 4489 2812 4646 2803 4646 6748 4646 2803 4489 2801 4489 6748 4489 2802 4489 6749 4489 6748 4489 2801 4489 2802 4489 6748 4489 146 4489 144 4489 6749 4489 2802 4647 146 4647 6749 4647 144 4489 151 4489 6749 4489 151 4489 149 4489 6749 4489 149 4489 153 4489 6749 4489 153 4489 6750 4489 6749 4489 159 4489 161 4489 6750 4489 161 4489 163 4489 6750 4489 163 4489 6767 4489 6750 4489 153 4489 155 4489 6750 4489 155 4489 157 4489 6750 4489 157 4489 159 4489 6750 4489 6768 4489 6751 4489 6750 4489 6767 4489 6768 4489 6750 4489 6768 4489 2762 4489 6751 4489 2762 4489 2756 4489 6751 4489 2756 4489 2729 4489 6751 4489 2731 4489 6752 4489 2710 4489 2731 4489 6769 4489 6752 4489 6770 4489 6753 4489 6752 4489 6769 4489 6770 4489 6752 4489 6771 4489 6754 4489 6753 4489 6770 4489 6771 4489 6753 4489 6772 4489 6755 4489 6754 4489 6771 4489 6772 4489 6754 4489 6773 4489 6756 4489 6755 4489 6772 4489 6773 4489 6755 4489 6774 4489 6757 4489 6756 4489 6773 4489 6774 4489 6756 4489 6775 4489 6758 4489 6757 4489 6774 4489 6775 4489 6757 4489 6776 4489 6759 4489 6758 4489 6775 4489 6776 4489 6758 4489 6777 4489 6760 4489 6759 4489 6776 4489 6777 4489 6759 4489 6778 4489 6761 4489 6760 4489 6777 4489 6778 4489 6760 4489 6778 4489 2766 4489 6761 4489 2766 4648 2759 4648 6761 4648 2759 4489 2744 4489 6761 4489 2746 4649 6762 4649 2714 4649 2746 4489 6779 4489 6762 4489 6780 4489 6763 4489 6762 4489 6779 4489 6780 4489 6762 4489 6781 4489 6766 4489 6763 4489 6780 4489 6781 4489 6763 4489 6782 4489 6764 4489 6766 4489 6781 4489 6782 4489 6766 4489 6783 4489 6765 4489 6764 4489 6782 4489 6783 4489 6764 4489 6783 4489 2926 4489 6765 4489 2926 4489 2754 4489 6765 4489 2757 4489 6769 4489 2731 4489 2760 4489 6779 4489 2746 4489 6768 4650 2770 4650 2762 4650 2764 4651 6769 4651 2757 4651 6778 4652 2774 4652 2766 4652 2768 4489 6779 4489 2760 4489 6768 4653 2778 4653 2770 4653 2772 4654 6769 4654 2764 4654 6778 4489 2782 4489 2774 4489 2776 4655 6779 4655 2768 4655 6768 4656 2786 4656 2778 4656 2780 4489 6769 4489 2772 4489 6778 4657 2790 4657 2782 4657 2784 4489 6779 4489 2776 4489 6768 4658 2794 4658 2786 4658 2788 4489 6769 4489 2780 4489 6778 4659 2798 4659 2790 4659 2792 4660 6779 4660 2784 4660 6768 4661 2805 4661 2794 4661 2796 4489 6769 4489 2788 4489 6778 4662 2809 4662 2798 4662 2800 4489 6779 4489 2792 4489 6768 4663 2814 4663 2805 4663 2807 4664 6769 4664 2796 4664 6778 4665 2818 4665 2809 4665 2811 4489 6779 4489 2800 4489 6768 4666 2824 4666 2814 4666 2816 4489 6769 4489 2807 4489 6778 4489 2831 4489 2818 4489 2820 4489 6779 4489 2811 4489 6784 4489 2827 4489 2824 4489 6768 4489 6784 4489 2824 4489 6785 4489 2828 4489 2827 4489 6784 4489 6785 4489 2827 4489 6785 4489 2816 4489 2828 4489 6785 4667 6769 4667 2816 4667 6786 4489 2834 4489 2831 4489 6778 4668 6786 4668 2831 4668 6787 4489 2835 4489 2834 4489 6786 4489 6787 4489 2834 4489 6787 4489 2820 4489 2835 4489 6787 4489 6779 4489 2820 4489 165 4669 6767 4669 163 4669 2927 4670 2846 4670 2723 4670 2845 4489 2931 4489 2723 4489 2931 4489 2929 4489 2723 4489 2929 4489 2927 4489 2723 4489 169 4489 6767 4489 165 4489 169 4489 167 4489 6767 4489 167 4489 6788 4489 6767 4489 2986 4489 2976 4489 6767 4489 2992 4671 2986 4671 6767 4671 2976 4489 2958 4489 6767 4489 2958 4489 2952 4489 6767 4489 2952 4489 2946 4489 6767 4489 6788 4489 3011 4489 6767 4489 3011 4672 3002 4672 6767 4672 3002 4673 2992 4673 6767 4673 2942 4489 6768 4489 6767 4489 2946 4489 2942 4489 6767 4489 2942 4489 2937 4489 6768 4489 2937 4489 2936 4489 6768 4489 2936 4489 2938 4489 6768 4489 2938 4674 2943 4674 6768 4674 2943 4489 2947 4489 6768 4489 2947 4675 2953 4675 6768 4675 2953 4489 2959 4489 6768 4489 2959 4489 2977 4489 6768 4489 2977 4489 2987 4489 6768 4489 2987 4676 2993 4676 6768 4676 2993 4677 3003 4677 6768 4677 3003 4489 6789 4489 6768 4489 6790 4489 6784 4489 6768 4489 6789 4489 6790 4489 6768 4489 6791 4489 6785 4489 6784 4489 6790 4489 6791 4489 6784 4489 6792 4489 6769 4489 6785 4489 6791 4489 6792 4489 6785 4489 6793 4489 6770 4489 6769 4489 6792 4489 6793 4489 6769 4489 6794 4489 6771 4489 6770 4489 6793 4489 6794 4489 6770 4489 6795 4489 6772 4489 6771 4489 6794 4489 6795 4489 6771 4489 6796 4489 6773 4489 6772 4489 6795 4489 6796 4489 6772 4489 6797 4489 6774 4489 6773 4489 6796 4489 6797 4489 6773 4489 6798 4489 6775 4489 6774 4489 6797 4489 6798 4489 6774 4489 2988 4678 2978 4678 6775 4678 2948 4489 2944 4489 6775 4489 2978 4489 2960 4489 6775 4489 2960 4489 2954 4489 6775 4489 2954 4489 2948 4489 6775 4489 6798 4489 3005 4489 6775 4489 3005 4489 2994 4489 6775 4489 2994 4489 2988 4489 6775 4489 2940 4489 6776 4489 6775 4489 2944 4489 2940 4489 6775 4489 2940 4489 2939 4489 6776 4489 2939 4679 2941 4679 6776 4679 2941 4489 2945 4489 6776 4489 2945 4489 2949 4489 6776 4489 2949 4489 2955 4489 6776 4489 2955 4680 2961 4680 6776 4680 2961 4489 2979 4489 6776 4489 2979 4489 2989 4489 6776 4489 2989 4489 2995 4489 6776 4489 2995 4489 6799 4489 6776 4489 6800 4489 6777 4489 6776 4489 6799 4489 6800 4489 6776 4489 6801 4489 6778 4489 6777 4489 6800 4489 6801 4489 6777 4489 6802 4489 6786 4489 6778 4489 6801 4489 6802 4489 6778 4489 6803 4489 6787 4489 6786 4489 6802 4489 6803 4489 6786 4489 6804 4489 6779 4489 6787 4489 6803 4489 6804 4489 6787 4489 6805 4489 6780 4489 6779 4489 6804 4489 6805 4489 6779 4489 6806 4489 6781 4489 6780 4489 6805 4489 6806 4489 6780 4489 6807 4489 6782 4489 6781 4489 6806 4489 6807 4489 6781 4489 6808 4489 6783 4489 6782 4489 6807 4489 6808 4489 6782 4489 2996 4489 2990 4489 6783 4489 2990 4681 2984 4681 6783 4681 2984 4489 2982 4489 6783 4489 2982 4489 2974 4489 6783 4489 2974 4682 2970 4682 6783 4682 2970 4489 2968 4489 6783 4489 2968 4683 2966 4683 6783 4683 6808 4489 3007 4489 6783 4489 3007 4684 2998 4684 6783 4684 2998 4489 2996 4489 6783 4489 2966 4489 2967 4489 6783 4489 2967 4489 2926 4489 6783 4489 2985 4489 2991 4489 2926 4489 2967 4489 2969 4489 2926 4489 2969 4685 2971 4685 2926 4685 2971 4489 2975 4489 2926 4489 2975 4686 2983 4686 2926 4686 2983 4687 2985 4687 2926 4687 2991 4489 2997 4489 2926 4489 2997 4489 3000 4489 2926 4489 3000 4489 3127 4489 2926 4489 171 4688 6788 4688 167 4688 2845 4689 2933 4689 2931 4689 173 4489 6788 4489 171 4489 2845 4690 2935 4690 2933 4690 175 4489 6788 4489 173 4489 2845 4691 2951 4691 2935 4691 177 4489 6788 4489 175 4489 2845 4692 2957 4692 2951 4692 179 4489 6788 4489 177 4489 2845 4693 2964 4693 2957 4693 6809 4694 6788 4694 179 4694 181 4489 6809 4489 179 4489 2845 4695 2973 4695 2964 4695 183 4489 6809 4489 181 4489 6810 4696 2980 4696 2973 4696 2845 4697 6810 4697 2973 4697 185 4489 6809 4489 183 4489 6810 4698 188 4698 2980 4698 187 4489 6809 4489 185 4489 191 4489 6809 4489 187 4489 6810 4489 2981 4489 188 4489 6810 4489 191 4489 2981 4489 6810 4699 6809 4699 191 4699 6798 4700 3015 4700 3005 4700 3006 4489 6799 4489 2995 4489 6808 4489 3018 4489 3007 4489 3009 4489 3127 4489 3000 4489 6788 4701 3027 4701 3011 4701 3013 4702 6789 4702 3003 4702 6798 4703 3031 4703 3015 4703 3017 4489 6799 4489 3006 4489 6808 4704 3022 4704 3018 4704 3021 4489 3127 4489 3009 4489 6808 4705 3034 4705 3022 4705 3025 4489 3127 4489 3021 4489 6788 4706 3039 4706 3027 4706 3029 4707 6789 4707 3013 4707 6798 4708 3043 4708 3031 4708 3033 4709 6799 4709 3017 4709 6808 4710 3046 4710 3034 4710 3037 4489 3127 4489 3025 4489 6788 4711 3055 4711 3039 4711 3041 4712 6789 4712 3029 4712 6798 4713 3059 4713 3043 4713 3045 4714 6799 4714 3033 4714 6808 4715 3050 4715 3046 4715 3049 4716 3127 4716 3037 4716 6808 4717 3062 4717 3050 4717 3053 4718 3127 4718 3049 4718 6788 4719 3075 4719 3055 4719 3057 4720 6789 4720 3041 4720 6798 4489 3079 4489 3059 4489 3061 4489 6799 4489 3045 4489 6808 4721 3066 4721 3062 4721 3065 4489 3127 4489 3053 4489 6808 4722 3070 4722 3066 4722 3069 4723 3127 4723 3065 4723 6808 4724 3082 4724 3070 4724 3073 4489 3127 4489 3069 4489 6788 4725 3086 4725 3075 4725 3077 4489 6789 4489 3057 4489 6798 4726 3090 4726 3079 4726 3081 4489 6799 4489 3061 4489 6808 4727 3084 4727 3082 4727 3084 4489 3127 4489 3073 4489 6808 4489 3127 4489 3084 4489 6788 4728 3099 4728 3086 4728 3088 4489 6789 4489 3077 4489 6798 4729 3113 4729 3090 4729 3092 4489 6799 4489 3081 4489 6811 4489 6810 4489 2845 4489 3095 4489 6811 4489 2845 4489 6812 4489 6809 4489 6810 4489 6811 4489 6812 4489 6810 4489 6813 4489 6788 4489 6809 4489 6812 4489 6813 4489 6809 4489 3129 4489 3099 4489 6788 4489 6813 4489 3129 4489 6788 4489 6814 4489 6789 4489 3088 4489 3101 4730 6814 4730 3088 4730 6815 4489 6790 4489 6789 4489 6814 4489 6815 4489 6789 4489 6816 4489 6791 4489 6790 4489 6815 4489 6816 4489 6790 4489 6817 4489 6792 4489 6791 4489 6816 4489 6817 4489 6791 4489 6818 4489 6793 4489 6792 4489 6817 4489 6818 4489 6792 4489 6819 4489 6794 4489 6793 4489 6818 4489 6819 4489 6793 4489 6820 4489 6795 4489 6794 4489 6819 4489 6820 4489 6794 4489 6821 4489 6796 4489 6795 4489 6820 4489 6821 4489 6795 4489 6822 4489 6797 4489 6796 4489 6821 4489 6822 4489 6796 4489 6823 4489 6798 4489 6797 4489 6822 4489 6823 4489 6797 4489 6823 4489 3133 4489 6798 4489 3133 4489 3113 4489 6798 4489 6824 4489 6799 4489 3092 4489 3115 4489 6824 4489 3092 4489 6825 4489 6800 4489 6799 4489 6824 4489 6825 4489 6799 4489 6826 4489 6801 4489 6800 4489 6825 4489 6826 4489 6800 4489 6827 4489 6802 4489 6801 4489 6826 4489 6827 4489 6801 4489 6828 4489 6803 4489 6802 4489 6827 4489 6828 4489 6802 4489 6829 4489 6804 4489 6803 4489 6828 4489 6829 4489 6803 4489 6830 4489 6805 4489 6804 4489 6829 4489 6830 4489 6804 4489 6831 4489 6806 4489 6805 4489 6830 4489 6831 4489 6805 4489 6832 4489 6807 4489 6806 4489 6831 4489 6832 4489 6806 4489 6833 4489 6808 4489 6807 4489 6832 4489 6833 4489 6807 4489 3184 4489 3127 4489 6808 4489 6833 4489 3184 4489 6808 4489 6813 4731 3137 4731 3129 4731 3131 4489 6814 4489 3101 4489 6823 4732 3141 4732 3133 4732 3135 4733 6824 4733 3115 4733 6813 4734 3145 4734 3137 4734 3139 4489 6814 4489 3131 4489 6823 4489 3148 4489 3141 4489 3143 4489 6824 4489 3135 4489 6813 4489 6814 4489 3145 4489 6814 4489 3146 4489 3145 4489 3146 4489 6814 4489 3139 4489 6823 4735 3149 4735 3148 4735 3149 4736 6823 4736 3143 4736 6823 4489 6824 4489 3143 4489 3194 4489 3193 4489 3095 4489 3160 4489 3198 4489 3095 4489 3198 4489 3196 4489 3095 4489 3196 4489 3194 4489 3095 4489 3193 4489 3192 4489 3095 4489 3192 4489 3191 4489 3095 4489 3191 4737 3190 4737 3095 4737 3190 4489 3189 4489 3095 4489 3189 4489 3188 4489 3095 4489 3188 4738 6811 4738 3095 4738 3185 4489 3186 4489 6811 4489 3186 4489 6812 4489 6811 4489 3188 4739 3187 4739 6811 4739 3187 4489 3185 4489 6811 4489 3186 4740 196 4740 6812 4740 196 4489 194 4489 6812 4489 194 4489 201 4489 6812 4489 201 4489 199 4489 6812 4489 199 4489 203 4489 6812 4489 203 4489 6813 4489 6812 4489 209 4489 211 4489 6813 4489 207 4489 209 4489 6813 4489 203 4489 205 4489 6813 4489 205 4489 207 4489 6813 4489 211 4489 213 4489 6813 4489 213 4741 215 4741 6813 4741 215 4489 6834 4489 6813 4489 6834 4489 6835 4489 6813 4489 6835 4489 6814 4489 6813 4489 6836 4489 6815 4489 6814 4489 6835 4489 6836 4489 6814 4489 6837 4489 6816 4489 6815 4489 6836 4489 6837 4489 6815 4489 6838 4489 6817 4489 6816 4489 6837 4489 6838 4489 6816 4489 6839 4489 6818 4489 6817 4489 6838 4489 6839 4489 6817 4489 6840 4489 6819 4489 6818 4489 6839 4489 6840 4489 6818 4489 6841 4489 6820 4489 6819 4489 6840 4489 6841 4489 6819 4489 6842 4489 6821 4489 6820 4489 6841 4489 6842 4489 6820 4489 6843 4489 6822 4489 6821 4489 6842 4489 6843 4489 6821 4489 6844 4489 6823 4489 6822 4489 6843 4489 6844 4489 6822 4489 6845 4489 6824 4489 6823 4489 6844 4489 6845 4489 6823 4489 260 4489 250 4489 6824 4489 307 4489 299 4489 6824 4489 299 4489 291 4489 6824 4489 6845 4489 323 4489 6824 4489 323 4489 315 4489 6824 4489 315 4489 307 4489 6824 4489 291 4489 283 4489 6824 4489 283 4742 275 4742 6824 4742 275 4743 260 4743 6824 4743 242 4744 6825 4744 6824 4744 250 4489 242 4489 6824 4489 242 4489 230 4489 6825 4489 230 4745 233 4745 6825 4745 233 4489 244 4489 6825 4489 244 4489 252 4489 6825 4489 252 4489 262 4489 6825 4489 262 4746 277 4746 6825 4746 277 4747 285 4747 6825 4747 285 4489 293 4489 6825 4489 293 4489 6846 4489 6825 4489 6847 4489 6826 4489 6825 4489 6846 4489 6847 4489 6825 4489 6848 4489 6827 4489 6826 4489 6847 4489 6848 4489 6826 4489 6849 4489 6828 4489 6827 4489 6848 4489 6849 4489 6827 4489 6850 4489 6829 4489 6828 4489 6849 4489 6850 4489 6828 4489 6851 4489 6830 4489 6829 4489 6850 4489 6851 4489 6829 4489 6852 4489 6831 4489 6830 4489 6851 4489 6852 4489 6830 4489 6853 4489 6832 4489 6831 4489 6852 4489 6853 4489 6831 4489 287 4489 279 4489 6832 4489 6853 4489 303 4489 6832 4489 303 4489 295 4489 6832 4489 295 4489 287 4489 6832 4489 279 4748 264 4748 6832 4748 264 4749 254 4749 6832 4749 254 4489 246 4489 6832 4489 235 4489 6833 4489 6832 4489 246 4489 235 4489 6832 4489 256 4750 266 4750 6833 4750 266 4751 281 4751 6833 4751 281 4489 289 4489 6833 4489 289 4489 6854 4489 6833 4489 235 4752 238 4752 6833 4752 238 4489 248 4489 6833 4489 248 4489 256 4489 6833 4489 3243 4489 3184 4489 6833 4489 6854 4489 3243 4489 6833 4489 217 4489 6834 4489 215 4489 3160 4753 3200 4753 3198 4753 219 4754 6834 4754 217 4754 3160 4755 3202 4755 3200 4755 221 4489 6834 4489 219 4489 3160 4756 3204 4756 3202 4756 223 4489 6834 4489 221 4489 3160 4757 3206 4757 3204 4757 225 4489 6834 4489 223 4489 3160 4758 3208 4758 3206 4758 227 4489 6834 4489 225 4489 3160 4759 3210 4759 3208 4759 229 4489 6855 4489 227 4489 6855 4760 6834 4760 227 4760 3160 4761 3214 4761 3210 4761 241 4489 6855 4489 229 4489 3160 4762 3215 4762 3214 4762 259 4489 6855 4489 241 4489 6856 4763 270 4763 3215 4763 3160 4764 6856 4764 3215 4764 269 4489 6855 4489 259 4489 273 4489 6855 4489 269 4489 6856 4489 3216 4489 270 4489 6856 4489 273 4489 3216 4489 6856 4765 6855 4765 273 4765 297 4489 6854 4489 289 4489 301 4489 6846 4489 293 4489 6853 4766 311 4766 303 4766 305 4489 6854 4489 297 4489 309 4489 6846 4489 301 4489 6853 4767 319 4767 311 4767 313 4489 6854 4489 305 4489 317 4489 6846 4489 309 4489 6853 4489 327 4489 319 4489 321 4489 6854 4489 313 4489 6845 4768 334 4768 323 4768 325 4489 6846 4489 317 4489 6853 4769 342 4769 327 4769 329 4770 6854 4770 321 4770 6857 4489 6856 4489 3160 4489 3219 4489 6857 4489 3160 4489 6857 4489 6858 4489 6856 4489 6858 4489 6855 4489 6856 4489 6859 4489 6834 4489 6855 4489 6858 4489 6859 4489 6855 4489 6859 4489 6860 4489 6834 4489 6860 4489 6835 4489 6834 4489 6861 4489 6836 4489 6835 4489 6860 4489 6861 4489 6835 4489 6862 4489 6837 4489 6836 4489 6861 4489 6862 4489 6836 4489 6863 4489 6838 4489 6837 4489 6862 4489 6863 4489 6837 4489 6864 4489 6839 4489 6838 4489 6863 4489 6864 4489 6838 4489 6865 4489 6840 4489 6839 4489 6864 4489 6865 4489 6839 4489 6866 4489 6841 4489 6840 4489 6865 4489 6866 4489 6840 4489 6867 4489 6842 4489 6841 4489 6866 4489 6867 4489 6841 4489 6868 4489 6843 4489 6842 4489 6867 4489 6868 4489 6842 4489 6869 4489 6844 4489 6843 4489 6868 4489 6869 4489 6843 4489 6870 4489 6845 4489 6844 4489 6869 4489 6870 4489 6844 4489 331 4489 334 4489 6845 4489 6870 4489 355 4489 6845 4489 355 4489 347 4489 6845 4489 347 4489 331 4489 6845 4489 335 4771 6846 4771 325 4771 335 4489 337 4489 6846 4489 337 4489 6871 4489 6846 4489 6872 4489 6847 4489 6846 4489 6871 4489 6872 4489 6846 4489 6873 4489 6848 4489 6847 4489 6872 4489 6873 4489 6847 4489 6874 4489 6849 4489 6848 4489 6873 4489 6874 4489 6848 4489 6875 4489 6850 4489 6849 4489 6874 4489 6875 4489 6849 4489 6876 4489 6851 4489 6850 4489 6875 4489 6876 4489 6850 4489 6877 4489 6852 4489 6851 4489 6876 4489 6877 4489 6851 4489 6878 4489 6853 4489 6852 4489 6877 4489 6878 4489 6852 4489 339 4489 342 4489 6853 4489 6878 4489 359 4489 6853 4489 359 4489 351 4489 6853 4489 351 4489 339 4489 6853 4489 343 4772 6854 4772 329 4772 343 4489 345 4489 6854 4489 345 4489 6879 4489 6854 4489 3313 4489 3243 4489 6854 4489 6879 4489 3313 4489 6854 4489 349 4489 6871 4489 337 4489 353 4489 6879 4489 345 4489 6870 4773 363 4773 355 4773 357 4774 6871 4774 349 4774 6878 4775 367 4775 359 4775 361 4489 6879 4489 353 4489 6870 4776 371 4776 363 4776 365 4777 6871 4777 357 4777 6878 4778 375 4778 367 4778 369 4779 6879 4779 361 4779 6870 4780 379 4780 371 4780 373 4489 6871 4489 365 4489 6878 4781 383 4781 375 4781 377 4782 6879 4782 369 4782 6870 4783 387 4783 379 4783 381 4489 6871 4489 373 4489 6878 4784 391 4784 383 4784 385 4489 6879 4489 377 4489 6870 4785 395 4785 387 4785 389 4489 6871 4489 381 4489 6878 4786 398 4786 391 4786 393 4489 6879 4489 385 4489 6870 4787 397 4787 395 4787 397 4788 6871 4788 389 4788 6878 4789 400 4789 398 4789 400 4790 6878 4790 393 4790 6878 4791 6879 4791 393 4791 6870 4792 6871 4792 397 4792 6880 4489 6857 4489 3219 4489 3246 4489 6880 4489 3219 4489 6880 4489 6881 4489 6857 4489 6881 4489 6858 4489 6857 4489 6882 4489 6859 4489 6858 4489 6881 4489 6882 4489 6858 4489 6882 4489 6883 4489 6859 4489 6883 4489 6860 4489 6859 4489 6884 4489 6861 4489 6860 4489 6883 4489 6884 4489 6860 4489 6885 4489 6862 4489 6861 4489 6884 4489 6885 4489 6861 4489 6886 4489 6863 4489 6862 4489 6885 4489 6886 4489 6862 4489 6887 4489 6864 4489 6863 4489 6886 4489 6887 4489 6863 4489 3346 4489 3342 4489 6864 4489 3342 4489 3338 4489 6864 4489 3338 4489 3334 4489 6864 4489 3334 4489 3330 4489 6864 4489 3330 4489 3326 4489 6864 4489 3326 4489 3322 4489 6864 4489 3322 4489 3318 4489 6864 4489 3318 4489 3315 4489 6864 4489 3315 4489 6865 4489 6864 4489 6887 4489 3355 4489 6864 4489 3355 4489 3350 4489 6864 4489 3350 4489 3346 4489 6864 4489 3323 4489 3327 4489 6865 4489 3319 4489 3323 4489 6865 4489 3351 4489 6888 4489 6865 4489 3339 4489 3343 4489 6865 4489 3343 4489 3347 4489 6865 4489 3347 4489 3351 4489 6865 4489 3315 4489 3314 4489 6865 4489 3314 4489 3319 4489 6865 4489 3327 4489 3331 4489 6865 4489 3331 4793 3335 4793 6865 4793 3335 4489 3339 4489 6865 4489 6889 4489 6866 4489 6865 4489 6888 4489 6889 4489 6865 4489 6890 4489 6867 4489 6866 4489 6889 4489 6890 4489 6866 4489 3348 4489 3344 4489 6867 4489 3344 4489 3340 4489 6867 4489 3340 4489 3336 4489 6867 4489 3336 4489 3332 4489 6867 4489 3332 4489 3328 4489 6867 4489 3328 4489 3324 4489 6867 4489 3324 4489 3320 4489 6867 4489 3320 4794 3317 4794 6867 4794 3317 4489 6868 4489 6867 4489 6890 4489 3358 4489 6867 4489 3358 4489 3352 4489 6867 4489 3352 4489 3348 4489 6867 4489 3321 4489 3325 4489 6868 4489 3325 4795 3329 4795 6868 4795 3329 4796 3333 4796 6868 4796 3317 4797 3316 4797 6868 4797 3316 4489 3321 4489 6868 4489 3333 4489 3337 4489 6868 4489 3337 4489 3341 4489 6868 4489 3341 4489 3345 4489 6868 4489 3345 4489 3349 4489 6868 4489 3349 4489 3353 4489 6868 4489 3353 4489 6891 4489 6868 4489 6892 4489 6869 4489 6868 4489 6891 4489 6892 4489 6868 4489 6893 4489 6870 4489 6869 4489 6892 4489 6893 4489 6869 4489 6893 4489 6894 4489 6870 4489 6894 4489 6871 4489 6870 4489 6895 4489 6872 4489 6871 4489 6894 4489 6895 4489 6871 4489 6896 4489 6873 4489 6872 4489 6895 4489 6896 4489 6872 4489 6897 4489 6874 4489 6873 4489 6896 4489 6897 4489 6873 4489 6898 4489 6875 4489 6874 4489 6897 4489 6898 4489 6874 4489 6899 4489 6876 4489 6875 4489 6898 4489 6899 4489 6875 4489 6900 4489 6877 4489 6876 4489 6899 4489 6900 4489 6876 4489 6901 4489 6878 4489 6877 4489 6900 4489 6901 4489 6877 4489 6902 4489 6879 4489 6878 4489 6901 4489 6902 4489 6878 4489 3478 4489 3313 4489 6879 4489 6902 4489 3478 4489 6879 4489 6887 4489 3356 4489 3355 4489 3363 4489 6888 4489 3351 4489 6890 4489 3359 4489 3358 4489 3367 4489 6891 4489 3353 4489 6887 4798 3370 4798 3356 4798 3364 4489 6888 4489 3363 4489 6890 4799 3374 4799 3359 4799 3368 4489 6891 4489 3367 4489 6887 4800 3378 4800 3370 4800 3372 4801 6888 4801 3364 4801 6890 4802 3382 4802 3374 4802 3376 4803 6891 4803 3368 4803 6887 4804 3386 4804 3378 4804 3380 4489 6888 4489 3372 4489 6890 4805 3390 4805 3382 4805 3384 4806 6891 4806 3376 4806 6887 4807 3394 4807 3386 4807 3388 4489 6888 4489 3380 4489 6890 4808 3398 4808 3390 4808 3392 4809 6891 4809 3384 4809 6887 4810 3402 4810 3394 4810 3396 4489 6888 4489 3388 4489 6890 4811 3406 4811 3398 4811 3400 4489 6891 4489 3392 4489 6887 4812 3410 4812 3402 4812 3404 4489 6888 4489 3396 4489 6890 4813 3414 4813 3406 4813 3408 4489 6891 4489 3400 4489 6887 4814 3418 4814 3410 4814 3412 4489 6888 4489 3404 4489 6890 4815 3422 4815 3414 4815 3416 4489 6891 4489 3408 4489 6887 4816 3426 4816 3418 4816 3420 4489 6888 4489 3412 4489 6890 4817 3430 4817 3422 4817 3424 4818 6891 4818 3416 4818 6887 4819 3433 4819 3426 4819 3428 4489 6887 4489 3420 4489 6887 4820 6888 4820 3420 4820 6890 4821 3434 4821 3430 4821 3432 4822 6891 4822 3424 4822 6887 4823 3428 4823 3433 4823 6890 4824 3432 4824 3434 4824 6890 4825 6891 4825 3432 4825 416 4489 412 4489 3246 4489 436 4489 432 4489 3246 4489 432 4826 428 4826 3246 4826 428 4489 424 4489 3246 4489 424 4489 420 4489 3246 4489 420 4489 416 4489 3246 4489 412 4827 408 4827 3246 4827 408 4828 404 4828 3246 4828 404 4489 6880 4489 3246 4489 3436 4489 441 4489 3246 4489 441 4489 440 4489 3246 4489 440 4489 436 4489 3246 4489 499 4489 489 4489 6880 4489 489 4829 481 4829 6880 4829 481 4489 469 4489 6880 4489 469 4830 461 4830 6880 4830 461 4489 453 4489 6880 4489 453 4831 6881 4831 6880 4831 6903 4489 517 4489 6880 4489 517 4489 509 4489 6880 4489 509 4832 499 4832 6880 4832 407 4489 411 4489 6880 4489 411 4833 415 4833 6880 4833 415 4489 419 4489 6880 4489 404 4489 402 4489 6880 4489 402 4834 407 4834 6880 4834 419 4489 423 4489 6880 4489 423 4489 427 4489 6880 4489 427 4835 431 4835 6880 4835 431 4489 435 4489 6880 4489 435 4489 439 4489 6880 4489 439 4489 6903 4489 6880 4489 453 4489 443 4489 6881 4489 443 4836 446 4836 6881 4836 446 4489 455 4489 6881 4489 455 4489 463 4489 6881 4489 463 4837 471 4837 6881 4837 471 4838 483 4838 6881 4838 483 4489 491 4489 6881 4489 491 4839 501 4839 6881 4839 501 4489 6904 4489 6881 4489 6905 4489 6882 4489 6881 4489 6904 4489 6905 4489 6881 4489 6905 4489 6906 4489 6882 4489 6906 4489 6883 4489 6882 4489 6907 4489 6884 4489 6883 4489 6906 4489 6907 4489 6883 4489 6908 4489 6885 4489 6884 4489 6907 4489 6908 4489 6884 4489 473 4840 465 4840 6885 4840 465 4489 457 4489 6885 4489 457 4841 448 4841 6885 4841 448 4489 6886 4489 6885 4489 503 4489 493 4489 6885 4489 493 4489 485 4489 6885 4489 485 4489 473 4489 6885 4489 6908 4489 521 4489 6885 4489 521 4489 513 4489 6885 4489 513 4489 503 4489 6885 4489 448 4489 451 4489 6886 4489 451 4489 459 4489 6886 4489 459 4489 467 4489 6886 4489 467 4489 475 4489 6886 4489 475 4489 487 4489 6886 4489 487 4489 495 4489 6886 4489 495 4489 505 4489 6886 4489 505 4489 6909 4489 6886 4489 6910 4489 6887 4489 6886 4489 6909 4489 6910 4489 6886 4489 6911 4489 6888 4489 6887 4489 6910 4489 6911 4489 6887 4489 6912 4489 6889 4489 6888 4489 6911 4489 6912 4489 6888 4489 6913 4489 6890 4489 6889 4489 6912 4489 6913 4489 6889 4489 6914 4489 6891 4489 6890 4489 6913 4489 6914 4489 6890 4489 6915 4489 6892 4489 6891 4489 6914 4489 6915 4489 6891 4489 6916 4489 6893 4489 6892 4489 6915 4489 6916 4489 6892 4489 6916 4489 6917 4489 6893 4489 6917 4489 6894 4489 6893 4489 6918 4489 6895 4489 6894 4489 6917 4489 6918 4489 6894 4489 583 4489 569 4489 6895 4489 599 4489 583 4489 6895 4489 569 4489 555 4489 6895 4489 555 4489 549 4489 6895 4489 549 4842 537 4842 6895 4842 6918 4489 641 4489 6895 4489 641 4489 621 4489 6895 4489 621 4489 599 4489 6895 4489 527 4489 6896 4489 6895 4489 537 4489 527 4489 6895 4489 3488 4489 3490 4489 6896 4489 3490 4489 3494 4489 6896 4489 3494 4843 3498 4843 6896 4843 3498 4489 3502 4489 6896 4489 3502 4489 3508 4489 6896 4489 3508 4489 6919 4489 6896 4489 527 4844 531 4844 6896 4844 531 4845 3486 4845 6896 4845 3486 4846 3488 4846 6896 4846 6920 4489 6897 4489 6896 4489 6919 4489 6920 4489 6896 4489 6921 4489 6898 4489 6897 4489 6920 4489 6921 4489 6897 4489 6922 4489 6899 4489 6898 4489 6921 4489 6922 4489 6898 4489 585 4847 571 4847 6899 4847 571 4848 557 4848 6899 4848 557 4489 551 4489 6899 4489 551 4489 539 4489 6899 4489 6922 4489 623 4489 6899 4489 623 4489 601 4489 6899 4489 601 4489 585 4489 6899 4489 532 4849 6900 4849 6899 4849 539 4489 532 4489 6899 4489 3503 4850 3509 4850 6900 4850 3489 4489 3491 4489 6900 4489 3509 4489 3512 4489 6900 4489 3512 4851 3515 4851 6900 4851 3515 4489 6923 4489 6900 4489 532 4852 536 4852 6900 4852 536 4853 3487 4853 6900 4853 3487 4854 3489 4854 6900 4854 3491 4489 3495 4489 6900 4489 3495 4855 3499 4855 6900 4855 3499 4489 3503 4489 6900 4489 6924 4489 6901 4489 6900 4489 6923 4489 6924 4489 6900 4489 6925 4489 6902 4489 6901 4489 6924 4489 6925 4489 6901 4489 3563 4489 3478 4489 6902 4489 6925 4489 3563 4489 6902 4489 480 4489 6903 4489 439 4489 3436 4856 3481 4856 441 4856 478 4857 6903 4857 480 4857 3436 4858 3483 4858 3481 4858 498 4489 6903 4489 478 4489 3436 4859 3485 4859 3483 4859 508 4860 6903 4860 498 4860 511 4489 6904 4489 501 4489 515 4861 6909 4861 505 4861 6903 4862 541 4862 517 4862 519 4489 6904 4489 511 4489 6908 4863 545 4863 521 4863 523 4489 6909 4489 515 4489 3436 4864 3493 4864 3485 4864 526 4865 6903 4865 508 4865 6903 4489 559 4489 541 4489 543 4489 6904 4489 519 4489 6908 4489 563 4489 545 4489 547 4489 6909 4489 523 4489 3436 4866 3497 4866 3493 4866 554 4489 6903 4489 526 4489 6903 4867 573 4867 559 4867 561 4489 6904 4489 543 4489 6908 4868 577 4868 563 4868 565 4489 6909 4489 547 4489 3436 4869 3501 4869 3497 4869 568 4489 6903 4489 554 4489 6903 4870 589 4870 573 4870 575 4489 6904 4489 561 4489 6908 4871 593 4871 577 4871 579 4872 6909 4872 565 4872 3436 4873 3505 4873 3501 4873 582 4489 6903 4489 568 4489 3436 4874 3507 4874 3505 4874 588 4489 6903 4489 582 4489 6903 4875 605 4875 589 4875 591 4876 6904 4876 575 4876 6908 4877 609 4877 593 4877 595 4489 6909 4489 579 4489 3436 4878 3510 4878 3507 4878 598 4489 6903 4489 588 4489 3436 4879 604 4879 3510 4879 604 4489 6903 4489 598 4489 6903 4880 613 4880 605 4880 607 4489 6904 4489 591 4489 6908 4881 617 4881 609 4881 611 4489 6909 4489 595 4489 3436 4882 6903 4882 604 4882 6903 4883 625 4883 613 4883 615 4884 6904 4884 607 4884 6908 4885 629 4885 617 4885 619 4489 6909 4489 611 4489 3511 4489 6919 4489 3508 4489 6922 4886 643 4886 623 4886 6903 4887 633 4887 625 4887 627 4888 6904 4888 615 4888 6908 4889 637 4889 629 4889 631 4489 6909 4489 619 4489 6903 4890 645 4890 633 4890 635 4489 6904 4489 627 4489 6908 4891 649 4891 637 4891 639 4489 6909 4489 631 4489 6918 4892 659 4892 641 4892 3514 4489 6919 4489 3511 4489 6922 4893 661 4893 643 4893 6903 4894 653 4894 645 4894 647 4489 6904 4489 635 4489 6908 4895 656 4895 649 4895 651 4489 6909 4489 639 4489 6903 4896 655 4896 653 4896 655 4897 6904 4897 647 4897 6908 4898 658 4898 656 4898 658 4489 6909 4489 651 4489 6903 4489 6904 4489 655 4489 6908 4899 6909 4899 658 4899 6918 4489 663 4489 659 4489 3517 4489 6919 4489 3514 4489 6922 4489 665 4489 661 4489 3519 4489 6923 4489 3515 4489 6918 4900 667 4900 663 4900 3521 4489 6919 4489 3517 4489 6922 4901 669 4901 665 4901 3523 4902 6923 4902 3519 4902 6918 4903 671 4903 667 4903 3525 4904 6919 4904 3521 4904 6922 4905 673 4905 669 4905 3527 4489 6923 4489 3523 4489 6918 4906 675 4906 671 4906 3529 4489 6919 4489 3525 4489 6922 4907 679 4907 673 4907 3531 4489 6923 4489 3527 4489 6926 4489 6903 4489 3436 4489 3534 4489 6926 4489 3436 4489 6927 4489 6904 4489 6903 4489 6926 4489 6927 4489 6903 4489 6928 4489 6905 4489 6904 4489 6927 4489 6928 4489 6904 4489 6928 4489 6929 4489 6905 4489 6929 4489 6906 4489 6905 4489 6930 4489 6907 4489 6906 4489 6929 4489 6930 4489 6906 4489 6931 4489 6908 4489 6907 4489 6930 4489 6931 4489 6907 4489 6931 4489 6932 4489 6908 4489 6932 4489 6909 4489 6908 4489 6933 4489 6910 4489 6909 4489 6932 4489 6933 4489 6909 4489 6934 4489 6911 4489 6910 4489 6933 4489 6934 4489 6910 4489 6935 4489 6912 4489 6911 4489 6934 4489 6935 4489 6911 4489 6936 4489 6913 4489 6912 4489 6935 4489 6936 4489 6912 4489 6937 4489 6914 4489 6913 4489 6936 4489 6937 4489 6913 4489 6938 4489 6915 4489 6914 4489 6937 4489 6938 4489 6914 4489 6939 4489 6916 4489 6915 4489 6938 4489 6939 4489 6915 4489 6939 4489 6940 4489 6916 4489 6940 4489 6917 4489 6916 4489 6941 4489 6918 4489 6917 4489 6940 4489 6941 4489 6917 4489 6941 4489 683 4489 6918 4489 683 4489 677 4489 6918 4489 677 4908 675 4908 6918 4908 3551 4489 6919 4489 3529 4489 3551 4489 6942 4489 6919 4489 6943 4489 6920 4489 6919 4489 6942 4489 6943 4489 6919 4489 6944 4489 6921 4489 6920 4489 6943 4489 6944 4489 6920 4489 6945 4489 6922 4489 6921 4489 6944 4489 6945 4489 6921 4489 6945 4489 685 4489 6922 4489 685 4489 681 4489 6922 4489 681 4489 679 4489 6922 4489 6946 4489 6923 4489 3531 4489 3558 4489 6946 4489 3531 4489 6947 4489 6924 4489 6923 4489 6946 4489 6947 4489 6923 4489 6948 4489 6925 4489 6924 4489 6947 4489 6948 4489 6924 4489 3668 4489 3563 4489 6925 4489 6948 4489 3668 4489 6925 4489 3564 4489 6942 4489 3551 4489 3566 4489 6946 4489 3558 4489 6941 4909 687 4909 683 4909 3568 4910 6942 4910 3564 4910 6945 4911 689 4911 685 4911 3570 4912 6946 4912 3566 4912 6941 4489 691 4489 687 4489 3572 4489 6942 4489 3568 4489 6945 4913 693 4913 689 4913 3574 4489 6946 4489 3570 4489 6941 4914 695 4914 691 4914 3576 4489 6942 4489 3572 4489 6945 4915 697 4915 693 4915 3578 4489 6946 4489 3574 4489 6941 4916 699 4916 695 4916 3580 4917 6942 4917 3576 4917 6945 4918 701 4918 697 4918 3582 4919 6946 4919 3578 4919 6941 4920 703 4920 699 4920 704 4921 6942 4921 3580 4921 6945 4922 706 4922 701 4922 707 4923 6946 4923 3582 4923 6941 4924 704 4924 703 4924 6941 4925 6942 4925 704 4925 6945 4489 707 4489 706 4489 6945 4926 6946 4926 707 4926 6949 4489 6926 4489 3534 4489 3585 4489 6949 4489 3534 4489 6950 4489 6927 4489 6926 4489 6949 4489 6950 4489 6926 4489 6951 4489 6928 4489 6927 4489 6950 4489 6951 4489 6927 4489 6951 4489 6952 4489 6928 4489 6952 4489 6929 4489 6928 4489 6953 4489 6930 4489 6929 4489 6952 4489 6953 4489 6929 4489 6954 4489 6931 4489 6930 4489 6953 4489 6954 4489 6930 4489 6954 4489 6955 4489 6931 4489 6955 4489 6932 4489 6931 4489 6956 4489 6933 4489 6932 4489 6955 4489 6956 4489 6932 4489 3751 4489 3739 4489 6933 4489 3739 4489 3731 4489 6933 4489 3731 4489 3723 4489 6933 4489 3723 4489 3719 4489 6933 4489 3719 4489 3711 4489 6933 4489 3711 4489 3707 4489 6933 4489 3707 4489 3703 4489 6933 4489 6956 4489 3765 4489 6933 4489 3765 4489 3759 4489 6933 4489 3759 4489 3751 4489 6933 4489 3696 4489 6934 4489 6933 4489 3703 4489 3696 4489 6933 4489 3732 4489 3740 4489 6934 4489 3740 4489 3752 4489 6934 4489 3752 4489 6957 4489 6934 4489 3696 4489 3695 4489 6934 4489 3695 4489 3704 4489 6934 4489 3704 4489 3708 4489 6934 4489 3708 4489 3712 4489 6934 4489 3712 4489 3720 4489 6934 4489 3720 4927 3724 4927 6934 4927 3724 4489 3732 4489 6934 4489 6958 4489 6935 4489 6934 4489 6957 4489 6958 4489 6934 4489 6959 4489 6936 4489 6935 4489 6958 4489 6959 4489 6935 4489 3753 4489 3741 4489 6936 4489 3741 4489 3733 4489 6936 4489 3733 4489 3725 4489 6936 4489 3725 4489 3721 4489 6936 4489 3721 4489 3713 4489 6936 4489 3713 4489 3709 4489 6936 4489 3709 4489 3705 4489 6936 4489 6959 4489 3769 4489 6936 4489 3769 4489 3762 4489 6936 4489 3762 4489 3753 4489 6936 4489 3698 4489 6937 4489 6936 4489 3705 4928 3698 4928 6936 4928 3714 4929 3722 4929 6937 4929 3698 4930 3697 4930 6937 4930 3697 4489 3706 4489 6937 4489 3706 4489 3710 4489 6937 4489 3710 4931 3714 4931 6937 4931 3722 4489 3726 4489 6937 4489 3726 4489 3734 4489 6937 4489 3734 4489 3742 4489 6937 4489 3742 4489 3754 4489 6937 4489 3754 4489 3763 4489 6937 4489 3763 4489 6960 4489 6937 4489 6961 4489 6938 4489 6937 4489 6960 4489 6961 4489 6937 4489 6962 4489 6939 4489 6938 4489 6961 4489 6962 4489 6938 4489 6962 4489 6963 4489 6939 4489 6963 4489 6940 4489 6939 4489 6964 4489 6941 4489 6940 4489 6963 4489 6964 4489 6940 4489 743 4489 739 4489 6941 4489 739 4489 735 4489 6941 4489 735 4489 731 4489 6941 4489 731 4489 727 4489 6941 4489 727 4489 723 4489 6941 4489 723 4932 719 4932 6941 4932 719 4489 709 4489 6941 4489 709 4489 6942 4489 6941 4489 6964 4489 751 4489 6941 4489 751 4933 747 4933 6941 4933 747 4489 743 4489 6941 4489 3669 4934 3671 4934 6942 4934 3671 4489 3673 4489 6942 4489 3673 4489 3675 4489 6942 4489 3675 4935 3677 4935 6942 4935 3677 4489 3679 4489 6942 4489 3679 4489 3681 4489 6942 4489 709 4936 713 4936 6942 4936 713 4937 3669 4937 6942 4937 3681 4938 3683 4938 6942 4938 3683 4489 3685 4489 6942 4489 3685 4489 6965 4489 6942 4489 6966 4489 6943 4489 6942 4489 6965 4489 6966 4489 6942 4489 6967 4489 6944 4489 6943 4489 6966 4489 6967 4489 6943 4489 6968 4489 6945 4489 6944 4489 6967 4489 6968 4489 6944 4489 745 4489 741 4489 6945 4489 741 4489 737 4489 6945 4489 737 4939 733 4939 6945 4939 733 4940 729 4940 6945 4940 729 4489 725 4489 6945 4489 725 4489 721 4489 6945 4489 721 4489 714 4489 6945 4489 714 4941 6946 4941 6945 4941 6968 4489 753 4489 6945 4489 753 4489 749 4489 6945 4489 749 4489 745 4489 6945 4489 3680 4942 3682 4942 6946 4942 714 4943 718 4943 6946 4943 718 4944 3670 4944 6946 4944 3670 4945 3672 4945 6946 4945 3672 4489 3674 4489 6946 4489 3674 4489 3676 4489 6946 4489 3676 4946 3678 4946 6946 4946 3678 4489 3680 4489 6946 4489 3682 4489 3684 4489 6946 4489 3684 4947 3686 4947 6946 4947 3686 4489 6969 4489 6946 4489 6970 4489 6947 4489 6946 4489 6969 4489 6970 4489 6946 4489 6971 4489 6948 4489 6947 4489 6970 4489 6971 4489 6947 4489 3808 4489 3668 4489 6948 4489 6971 4489 3808 4489 6948 4489 6964 4489 755 4489 751 4489 3688 4489 6965 4489 3685 4489 6968 4489 757 4489 753 4489 3690 4489 6969 4489 3686 4489 6964 4948 759 4948 755 4948 3692 4489 6965 4489 3688 4489 6968 4949 761 4949 757 4949 3694 4950 6969 4950 3690 4950 6964 4951 763 4951 759 4951 3700 4952 6965 4952 3692 4952 6968 4953 765 4953 761 4953 3702 4489 6969 4489 3694 4489 6964 4954 767 4954 763 4954 3716 4489 6965 4489 3700 4489 6968 4955 769 4955 765 4955 3718 4956 6969 4956 3702 4956 6964 4957 771 4957 767 4957 3728 4489 6965 4489 3716 4489 6968 4958 773 4958 769 4958 3730 4489 6969 4489 3718 4489 6964 4959 775 4959 771 4959 3736 4960 6965 4960 3728 4960 6968 4961 777 4961 773 4961 3738 4962 6969 4962 3730 4962 6964 4489 779 4489 775 4489 3744 4489 6965 4489 3736 4489 6968 4963 781 4963 777 4963 3746 4489 6969 4489 3738 4489 6964 4964 783 4964 779 4964 3748 4489 6965 4489 3744 4489 6968 4965 785 4965 781 4965 3750 4489 6969 4489 3746 4489 6964 4966 787 4966 783 4966 3756 4967 6965 4967 3748 4967 6968 4968 789 4968 785 4968 3758 4969 6969 4969 3750 4969 6964 4970 791 4970 787 4970 792 4971 6965 4971 3756 4971 6968 4972 794 4972 789 4972 795 4973 6969 4973 3758 4973 6964 4974 792 4974 791 4974 6964 4975 6965 4975 792 4975 6968 4489 795 4489 794 4489 6968 4976 6969 4976 795 4976 3760 4489 6957 4489 3752 4489 6956 4489 3783 4489 3765 4489 3767 4489 6957 4489 3760 4489 6959 4489 3791 4489 3769 4489 3771 4489 6960 4489 3763 4489 6972 4489 6949 4489 3585 4489 3774 4489 6972 4489 3585 4489 6973 4489 6950 4489 6949 4489 6972 4489 6973 4489 6949 4489 6974 4489 6951 4489 6950 4489 6973 4489 6974 4489 6950 4489 6974 4489 6975 4489 6951 4489 6975 4489 6952 4489 6951 4489 6976 4489 6953 4489 6952 4489 6975 4489 6976 4489 6952 4489 6977 4489 6954 4489 6953 4489 6976 4489 6977 4489 6953 4489 6977 4489 6978 4489 6954 4489 6978 4489 6955 4489 6954 4489 6979 4489 6956 4489 6955 4489 6978 4489 6979 4489 6955 4489 6979 4489 3810 4489 6956 4489 3810 4489 3783 4489 6956 4489 3785 4489 6957 4489 3767 4489 3785 4489 6980 4489 6957 4489 6981 4489 6958 4489 6957 4489 6980 4489 6981 4489 6957 4489 6982 4489 6959 4489 6958 4489 6981 4489 6982 4489 6958 4489 6982 4489 3813 4489 6959 4489 3813 4489 3791 4489 6959 4489 3793 4489 6960 4489 3771 4489 3814 4489 6983 4489 6960 4489 3793 4489 3814 4489 6960 4489 6984 4489 6961 4489 6960 4489 6983 4489 6984 4489 6960 4489 6985 4489 6962 4489 6961 4489 6984 4489 6985 4489 6961 4489 6985 4489 6986 4489 6962 4489 6986 4489 6963 4489 6962 4489 6987 4489 6964 4489 6963 4489 6986 4489 6987 4489 6963 4489 6988 4489 6965 4489 6964 4489 6987 4489 6988 4489 6964 4489 6989 4489 6966 4489 6965 4489 6988 4489 6989 4489 6965 4489 6990 4489 6967 4489 6966 4489 6989 4489 6990 4489 6966 4489 6991 4489 6968 4489 6967 4489 6990 4489 6991 4489 6967 4489 6992 4489 6969 4489 6968 4489 6991 4489 6992 4489 6968 4489 6993 4489 6970 4489 6969 4489 6992 4489 6993 4489 6969 4489 6994 4489 6971 4489 6970 4489 6993 4489 6994 4489 6970 4489 3960 4489 3808 4489 6971 4489 6994 4489 3960 4489 6971 4489 6979 4977 3816 4977 3810 4977 3811 4489 6980 4489 3785 4489 6982 4978 3820 4978 3813 4978 6979 4979 3824 4979 3816 4979 3818 4980 6980 4980 3811 4980 6982 4981 3828 4981 3820 4981 3822 4982 6983 4982 3814 4982 6979 4983 3832 4983 3824 4983 3826 4489 6980 4489 3818 4489 6982 4984 3836 4984 3828 4984 3830 4985 6983 4985 3822 4985 6979 4986 3840 4986 3832 4986 3834 4489 6980 4489 3826 4489 6982 4987 3844 4987 3836 4987 3838 4988 6983 4988 3830 4988 6979 4989 3848 4989 3840 4989 3842 4489 6980 4489 3834 4489 6982 4990 3852 4990 3844 4990 3846 4489 6983 4489 3838 4489 6979 4991 3856 4991 3848 4991 3850 4489 6980 4489 3842 4489 6982 4992 3860 4992 3852 4992 3854 4489 6983 4489 3846 4489 6979 4993 3864 4993 3856 4993 3858 4489 6980 4489 3850 4489 6982 4994 3868 4994 3860 4994 3862 4489 6983 4489 3854 4489 6979 4995 3872 4995 3864 4995 3866 4489 6980 4489 3858 4489 6982 4996 3876 4996 3868 4996 3870 4997 6983 4997 3862 4997 6979 4998 3879 4998 3872 4998 3874 4999 6980 4999 3866 4999 6982 5000 3880 5000 3876 5000 3878 5001 6983 5001 3870 5001 6979 5002 3874 5002 3879 5002 6979 4489 6980 4489 3874 4489 6982 5003 3878 5003 3880 5003 6982 5004 6983 5004 3878 5004 6995 4489 6972 4489 3774 4489 3883 4489 6995 4489 3774 4489 6996 4489 6973 4489 6972 4489 6995 4489 6996 4489 6972 4489 6997 4489 6974 4489 6973 4489 6996 4489 6997 4489 6973 4489 3987 4489 3983 4489 6974 4489 6997 4489 3997 4489 6974 4489 3997 5005 3992 5005 6974 5005 3992 5006 3987 5006 6974 5006 3983 4489 3979 4489 6974 4489 3979 4489 3975 4489 6974 4489 3975 4489 3971 4489 6974 4489 3971 4489 3967 4489 6974 4489 3967 4489 6975 4489 6974 4489 3968 4489 3972 4489 6975 4489 3972 5007 3976 5007 6975 5007 3976 4489 3980 4489 6975 4489 3980 4489 3984 4489 6975 4489 3984 4489 3988 4489 6975 4489 3967 4489 3962 4489 6975 4489 3962 4489 3961 4489 6975 4489 3961 4489 3963 4489 6975 4489 3963 5008 3968 5008 6975 5008 3988 5009 3993 5009 6975 5009 3993 5010 3998 5010 6975 5010 3998 4489 6998 4489 6975 4489 6999 4489 6976 4489 6975 4489 6998 4489 6999 4489 6975 4489 7000 4489 6977 4489 6976 4489 6999 4489 7000 4489 6976 4489 7000 4489 7001 4489 6977 4489 7001 4489 6978 4489 6977 4489 7002 4489 6979 4489 6978 4489 7001 4489 7002 4489 6978 4489 7003 4489 6980 4489 6979 4489 7002 4489 7003 4489 6979 4489 7004 4489 6981 4489 6980 4489 7003 4489 7004 4489 6980 4489 7005 4489 6982 4489 6981 4489 7004 4489 7005 4489 6981 4489 7006 4489 6983 4489 6982 4489 7005 4489 7006 4489 6982 4489 7007 4489 6984 4489 6983 4489 7006 4489 7007 4489 6983 4489 3969 4489 3965 4489 6984 4489 3965 4489 6985 4489 6984 4489 3989 5011 3985 5011 6984 5011 3985 4489 3981 4489 6984 4489 7007 4489 4000 4489 6984 4489 4000 4489 3994 4489 6984 4489 3994 4489 3989 4489 6984 4489 3981 4489 3977 4489 6984 4489 3977 4489 3973 4489 6984 4489 3973 4489 3969 4489 6984 4489 3966 4489 3970 4489 6985 4489 3965 4489 3964 4489 6985 4489 3964 5012 3966 5012 6985 5012 3970 4489 3974 4489 6985 4489 3974 4489 3978 4489 6985 4489 3978 5013 3982 5013 6985 5013 3982 4489 3986 4489 6985 4489 3986 4489 3990 4489 6985 4489 3990 4489 7008 4489 6985 4489 7008 4489 7009 4489 6985 4489 7009 4489 6986 4489 6985 4489 7010 4489 6987 4489 6986 4489 7009 4489 7010 4489 6986 4489 823 4489 819 4489 6987 4489 827 4489 823 4489 6987 4489 819 4489 815 4489 6987 4489 815 4489 811 4489 6987 4489 811 5014 807 5014 6987 5014 7010 4489 835 4489 6987 4489 835 4489 831 4489 6987 4489 831 4489 827 4489 6987 4489 797 4489 6988 4489 6987 4489 807 4489 797 4489 6987 4489 4037 4489 4039 4489 6988 4489 4039 4489 4049 4489 6988 4489 4049 5015 4059 5015 6988 5015 4059 4489 4069 4489 6988 4489 4069 4489 4085 4489 6988 4489 4085 4489 7011 4489 6988 4489 797 5016 801 5016 6988 5016 801 5017 4035 5017 6988 5017 4035 5018 4037 5018 6988 5018 7012 4489 6989 4489 6988 4489 7011 4489 7012 4489 6988 4489 7013 4489 6990 4489 6989 4489 7012 4489 7013 4489 6989 4489 7014 4489 6991 4489 6990 4489 7013 4489 7014 4489 6990 4489 825 5019 821 5019 6991 5019 821 5020 817 5020 6991 5020 817 4489 813 4489 6991 4489 813 4489 809 4489 6991 4489 7014 4489 833 4489 6991 4489 833 4489 829 4489 6991 4489 829 4489 825 4489 6991 4489 802 5021 6992 5021 6991 5021 809 4489 802 4489 6991 4489 806 5022 4036 5022 6992 5022 802 5023 806 5023 6992 5023 4036 5024 4038 5024 6992 5024 4038 4489 4040 4489 6992 4489 4040 4489 4050 4489 6992 4489 4050 5025 4060 5025 6992 5025 4060 4489 4070 4489 6992 4489 4070 5026 4086 5026 6992 5026 4086 4489 4088 4489 6992 4489 4088 5027 4091 5027 6992 5027 4091 4489 7015 4489 6992 4489 7016 4489 6993 4489 6992 4489 7015 4489 7016 4489 6992 4489 7017 4489 6994 4489 6993 4489 7016 4489 7017 4489 6993 4489 4133 4489 3960 4489 6994 4489 7017 4489 4133 4489 6994 4489 3995 4489 7008 4489 3990 4489 6997 5028 4004 5028 3997 5028 7007 5029 4008 5029 4000 5029 4002 4489 7008 4489 3995 4489 6997 5030 4012 5030 4004 5030 4006 5031 6998 5031 3998 5031 7007 5032 4016 5032 4008 5032 4010 4489 7008 4489 4002 4489 6997 5033 4020 5033 4012 5033 4014 5034 6998 5034 4006 5034 7007 5035 4024 5035 4016 5035 4018 5036 7008 5036 4010 5036 6997 5037 4028 5037 4020 5037 4022 5038 6998 5038 4014 5038 7007 5039 4032 5039 4024 5039 4026 5040 7008 5040 4018 5040 6997 5041 4042 5041 4028 5041 4030 5042 6998 5042 4022 5042 7007 4489 4046 4489 4032 4489 4034 4489 7008 4489 4026 4489 6997 5043 4052 5043 4042 5043 4044 4489 6998 4489 4030 4489 7007 5044 4056 5044 4046 5044 4048 4489 7008 4489 4034 4489 6997 4489 4062 4489 4052 4489 4054 5045 6998 5045 4044 5045 7007 5046 4066 5046 4056 5046 4058 4489 7008 4489 4048 4489 6997 5047 4072 5047 4062 5047 4064 4489 6998 4489 4054 4489 7007 5048 4076 5048 4066 5048 4068 5049 7008 5049 4058 5049 6997 5050 4080 5050 4072 5050 4074 4489 6998 4489 4064 4489 7007 4489 4083 4489 4076 4489 4078 4489 7008 4489 4068 4489 6998 4489 4081 4489 4080 4489 6997 4489 6998 4489 4080 4489 4081 4489 6998 4489 4074 4489 7007 5051 4084 5051 4083 5051 4084 5052 7007 5052 4078 5052 7007 4489 7008 4489 4078 4489 4087 4489 7011 4489 4085 4489 7014 5053 837 5053 833 5053 7010 5054 839 5054 835 5054 4090 4489 7011 4489 4087 4489 7014 5055 841 5055 837 5055 7010 4489 843 4489 839 4489 4093 4489 7011 4489 4090 4489 7014 4489 845 4489 841 4489 4095 4489 7015 4489 4091 4489 7010 5056 847 5056 843 5056 4097 4489 7011 4489 4093 4489 7014 5057 851 5057 845 5057 4099 5058 7015 5058 4095 5058 7018 4489 6995 4489 3883 4489 4102 4489 7018 4489 3883 4489 7019 4489 6996 4489 6995 4489 7018 4489 7019 4489 6995 4489 7020 4489 6997 4489 6996 4489 7019 4489 7020 4489 6996 4489 7021 4489 6998 4489 6997 4489 7020 4489 7021 4489 6997 4489 7022 4489 6999 4489 6998 4489 7021 4489 7022 4489 6998 4489 7023 4489 7000 4489 6999 4489 7022 4489 7023 4489 6999 4489 7023 4489 7024 4489 7000 4489 7024 4489 7001 4489 7000 4489 7025 4489 7002 4489 7001 4489 7024 4489 7025 4489 7001 4489 7026 4489 7003 4489 7002 4489 7025 4489 7026 4489 7002 4489 7027 4489 7004 4489 7003 4489 7026 4489 7027 4489 7003 4489 7028 4489 7005 4489 7004 4489 7027 4489 7028 4489 7004 4489 7029 4489 7006 4489 7005 4489 7028 4489 7029 4489 7005 4489 7030 4489 7007 4489 7006 4489 7029 4489 7030 4489 7006 4489 7031 4489 7008 4489 7007 4489 7030 4489 7031 4489 7007 4489 7031 4489 7032 4489 7008 4489 7032 4489 7009 4489 7008 4489 7033 4489 7010 4489 7009 4489 7032 4489 7033 4489 7009 4489 7033 4489 859 4489 7010 4489 859 4489 855 4489 7010 4489 855 4489 849 4489 7010 4489 849 4489 847 4489 7010 4489 4119 4489 7011 4489 4097 4489 4134 4489 7034 4489 7011 4489 4119 4489 4134 4489 7011 4489 7035 4489 7012 4489 7011 4489 7034 4489 7035 4489 7011 4489 7036 4489 7013 4489 7012 4489 7035 4489 7036 4489 7012 4489 7037 4489 7014 4489 7013 4489 7036 4489 7037 4489 7013 4489 7037 4489 861 4489 7014 4489 861 4489 857 4489 7014 4489 857 4489 853 4489 7014 4489 853 4489 851 4489 7014 4489 4127 4489 7015 4489 4099 4489 4127 4489 7038 4489 7015 4489 7039 4489 7016 4489 7015 4489 7038 4489 7039 4489 7015 4489 7040 4489 7017 4489 7016 4489 7039 4489 7040 4489 7016 4489 4218 4489 4133 4489 7017 4489 7040 4489 4218 4489 7017 4489 4135 4489 7038 4489 4127 4489 4136 4489 7034 4489 4134 4489 4138 5059 7038 5059 4135 5059 7033 5060 863 5060 859 5060 4140 4489 7034 4489 4136 4489 7037 5061 865 5061 861 5061 4142 4489 7038 4489 4138 4489 7033 5062 867 5062 863 5062 4144 5063 7034 5063 4140 5063 7037 5064 869 5064 865 5064 4146 5065 7038 5065 4142 5065 7033 4489 871 4489 867 4489 4148 4489 7034 4489 4144 4489 7037 5066 873 5066 869 5066 4150 4489 7038 4489 4146 4489 7033 5067 875 5067 871 5067 4152 4489 7034 4489 4148 4489 7037 5068 877 5068 873 5068 4154 4489 7038 4489 4150 4489 7033 5069 879 5069 875 5069 4156 5070 7034 5070 4152 5070 7037 5071 881 5071 877 5071 4158 5072 7038 5072 4154 5072 7033 5073 883 5073 879 5073 884 5074 7034 5074 4156 5074 7037 5075 886 5075 881 5075 887 5076 7038 5076 4158 5076 7033 5077 884 5077 883 5077 7033 5078 7034 5078 884 5078 7037 4489 887 4489 886 4489 7037 5079 7038 5079 887 5079 7041 4489 7018 4489 4102 4489 4161 4489 7041 4489 4102 4489 7042 4489 7019 4489 7018 4489 7041 4489 7042 4489 7018 4489 7043 4489 7020 4489 7019 4489 7042 4489 7043 4489 7019 4489 7044 4489 7021 4489 7020 4489 7043 4489 7044 4489 7020 4489 7045 4489 7022 4489 7021 4489 7044 4489 7045 4489 7021 4489 7046 4489 7023 4489 7022 4489 7045 4489 7046 4489 7022 4489 7046 4489 7047 4489 7023 4489 7047 4489 7024 4489 7023 4489 7048 4489 7025 4489 7024 4489 7047 4489 7048 4489 7024 4489 4253 4489 4247 4489 7025 4489 7048 4489 4253 4489 7025 4489 4247 4489 4243 4489 7025 4489 4243 4489 4239 4489 7025 4489 4239 4489 4235 4489 7025 4489 4235 4489 4231 4489 7025 4489 4231 4489 4227 4489 7025 4489 4227 4489 4223 4489 7025 4489 4220 4489 7026 4489 7025 4489 4223 4489 4220 4489 7025 4489 4228 4489 4232 4489 7026 4489 4232 4489 4236 4489 7026 4489 4236 5080 4240 5080 7026 5080 4240 4489 4244 4489 7026 4489 4244 4489 7049 4489 7026 4489 4220 4489 4219 4489 7026 4489 4219 4489 4224 4489 7026 4489 4224 4489 4228 4489 7026 4489 7050 4489 7027 4489 7026 4489 7049 4489 7050 4489 7026 4489 7051 4489 7028 4489 7027 4489 7050 4489 7051 4489 7027 4489 4241 4489 4237 4489 7028 4489 4245 4489 4241 4489 7028 4489 4237 4489 4233 4489 7028 4489 4233 4489 4229 4489 7028 4489 4229 4489 4225 4489 7028 4489 7051 4489 4257 4489 7028 4489 4257 4489 4250 4489 7028 4489 4250 4489 4245 4489 7028 4489 4222 4489 7029 4489 7028 4489 4225 5081 4222 5081 7028 5081 4221 4489 4226 4489 7029 4489 4222 5082 4221 5082 7029 5082 4226 4489 4230 4489 7029 4489 4230 5083 4234 5083 7029 5083 4234 5084 4238 5084 7029 5084 4238 4489 4242 4489 7029 4489 4242 4489 4246 4489 7029 4489 4246 4489 7052 4489 7029 4489 7053 4489 7030 4489 7029 4489 7052 4489 7053 4489 7029 4489 7054 4489 7031 4489 7030 4489 7053 4489 7054 4489 7030 4489 7054 4489 7055 4489 7031 4489 7055 4489 7032 4489 7031 4489 7056 4489 7033 4489 7032 4489 7055 4489 7056 4489 7032 4489 7057 4489 7034 4489 7033 4489 7056 4489 7057 4489 7033 4489 7058 4489 7035 4489 7034 4489 7057 4489 7058 4489 7034 4489 7059 4489 7036 4489 7035 4489 7058 4489 7059 4489 7035 4489 7060 4489 7037 4489 7036 4489 7059 4489 7060 4489 7036 4489 7061 4489 7038 4489 7037 4489 7060 4489 7061 4489 7037 4489 7062 4489 7039 4489 7038 4489 7061 4489 7062 4489 7038 4489 7063 4489 7040 4489 7039 4489 7062 4489 7063 4489 7039 4489 4310 4489 4218 4489 7040 4489 7063 4489 4310 4489 7040 4489 4248 4489 7049 4489 4244 4489 4251 4489 7052 4489 4246 4489 7048 5085 4261 5085 4253 5085 4254 4489 7049 4489 4248 4489 7051 5086 4265 5086 4257 5086 4258 4489 7052 4489 4251 4489 7048 5087 4269 5087 4261 5087 4262 4489 7049 4489 4254 4489 7051 5088 4273 5088 4265 5088 4266 4489 7052 4489 4258 4489 7048 4489 4287 4489 4269 4489 4271 4489 7049 4489 4262 4489 7051 4489 4294 4489 4273 4489 4275 4489 7052 4489 4266 4489 7064 4489 7041 4489 4161 4489 4278 4489 7064 4489 4161 4489 7065 4489 7042 4489 7041 4489 7064 4489 7065 4489 7041 4489 7066 4489 7043 4489 7042 4489 7065 4489 7066 4489 7042 4489 7067 4489 7044 4489 7043 4489 7066 4489 7067 4489 7043 4489 7068 4489 7045 4489 7044 4489 7067 4489 7068 4489 7044 4489 7069 4489 7046 4489 7045 4489 7068 4489 7069 4489 7045 4489 7069 4489 7070 4489 7046 4489 7070 4489 7047 4489 7046 4489 7071 4489 7048 4489 7047 4489 7070 4489 7071 4489 7047 4489 7071 4489 4323 4489 7048 4489 4323 4489 4287 4489 7048 4489 7072 4489 7049 4489 4271 4489 4290 4489 7072 4489 4271 4489 7073 4489 7050 4489 7049 4489 7072 4489 7073 4489 7049 4489 7074 4489 7051 4489 7050 4489 7073 4489 7074 4489 7050 4489 7074 4489 4334 4489 7051 4489 4334 4489 4294 4489 7051 4489 7075 4489 7052 4489 4275 4489 4297 4489 7075 4489 4275 4489 7076 4489 7053 4489 7052 4489 7075 4489 7076 4489 7052 4489 7077 4489 7054 4489 7053 4489 7076 4489 7077 4489 7053 4489 915 4489 907 4489 7054 4489 907 4489 899 4489 7054 4489 899 5089 7055 5089 7054 5089 947 4489 939 4489 7054 4489 955 4489 947 4489 7054 4489 939 4489 931 4489 7054 4489 931 5090 923 5090 7054 5090 923 5091 915 5091 7054 5091 7077 4489 971 4489 7054 4489 971 4489 963 4489 7054 4489 963 4489 955 4489 7054 4489 7078 4489 7056 4489 7055 4489 7079 4489 7078 4489 7055 4489 899 4489 889 4489 7055 4489 889 5092 892 5092 7055 5092 892 4489 901 4489 7055 4489 901 4489 909 4489 7055 4489 909 4489 917 4489 7055 4489 917 5093 925 5093 7055 5093 925 5094 933 5094 7055 5094 933 4489 941 4489 7055 4489 941 4489 949 4489 7055 4489 949 4489 957 4489 7055 4489 957 4489 965 4489 7055 4489 965 4489 7079 4489 7055 4489 7080 4489 7057 4489 7056 4489 7078 4489 7080 4489 7056 4489 7081 4489 7058 4489 7057 4489 7080 4489 7081 4489 7057 4489 7082 4489 7059 4489 7058 4489 7081 4489 7082 4489 7058 4489 7083 4489 7060 4489 7059 4489 7082 4489 7083 4489 7059 4489 7084 4489 7061 4489 7060 4489 7083 4489 7084 4489 7060 4489 7085 4489 7062 4489 7061 4489 7084 4489 7085 4489 7061 4489 7085 4489 975 4489 7062 4489 975 4489 967 4489 7062 4489 967 4489 959 4489 7062 4489 959 4489 951 4489 7062 4489 951 4489 943 4489 7062 4489 943 4489 935 4489 7062 4489 935 4489 927 4489 7062 4489 927 5095 919 5095 7062 5095 919 5096 911 5096 7062 5096 911 4489 903 4489 7062 4489 903 4489 894 4489 7062 4489 894 4489 7063 4489 7062 4489 961 4489 7086 4489 7063 4489 905 4489 913 4489 7063 4489 937 4489 945 4489 7063 4489 945 4489 953 4489 7063 4489 953 4489 961 4489 7063 4489 913 5097 921 5097 7063 5097 921 5098 929 5098 7063 5098 929 4489 937 4489 7063 4489 894 5099 897 5099 7063 5099 897 4489 905 4489 7063 4489 4351 4489 4310 4489 7063 4489 7086 4489 4351 4489 7063 4489 969 4489 7086 4489 961 4489 7077 5100 979 5100 971 5100 973 4489 7079 4489 965 4489 7085 5101 983 5101 975 5101 977 4489 7086 4489 969 4489 7077 5102 987 5102 979 5102 981 4489 7079 4489 973 4489 7085 5103 991 5103 983 5103 985 4489 7086 4489 977 4489 7077 5104 995 5104 987 5104 989 4489 7079 4489 981 4489 7085 5105 999 5105 991 5105 993 4489 7086 4489 985 4489 7077 5106 1003 5106 995 5106 997 5107 7079 5107 989 5107 7085 5108 1007 5108 999 5108 1001 4489 7086 4489 993 4489 7077 5109 1011 5109 1003 5109 1005 5110 7079 5110 997 5110 7085 5111 1015 5111 1007 5111 1009 5112 7086 5112 1001 5112 7077 5113 1019 5113 1011 5113 1013 4489 7079 4489 1005 4489 7085 5114 1023 5114 1015 5114 1017 5115 7086 5115 1009 5115 7077 5116 1027 5116 1019 5116 1021 4489 7079 4489 1013 4489 7085 5117 1031 5117 1023 5117 1025 4489 7086 4489 1017 4489 7077 5118 1035 5118 1027 5118 1029 4489 7079 4489 1021 4489 7085 5119 1038 5119 1031 5119 1033 4489 7086 4489 1025 4489 7077 5120 1037 5120 1035 5120 1037 5121 7079 5121 1029 5121 7085 5122 1040 5122 1038 5122 7085 5123 7086 5123 1033 5123 1040 5124 7085 5124 1033 5124 7077 5125 7079 5125 1037 5125 7087 4489 7064 4489 4278 4489 4313 4489 7087 4489 4278 4489 7088 4489 7065 4489 7064 4489 7087 4489 7088 4489 7064 4489 7089 4489 7066 4489 7065 4489 7088 4489 7089 4489 7065 4489 7090 4489 7067 4489 7066 4489 7089 4489 7090 4489 7066 4489 7091 4489 7068 4489 7067 4489 7090 4489 7091 4489 7067 4489 7092 4489 7069 4489 7068 4489 7091 4489 7092 4489 7068 4489 7092 4489 7093 4489 7069 4489 7093 4489 7070 4489 7069 4489 7094 4489 7071 4489 7070 4489 7093 4489 7094 4489 7070 4489 7094 4489 4357 4489 7071 4489 4357 4489 4352 4489 7071 4489 4352 4489 4323 4489 7071 4489 4325 4489 7072 4489 4290 4489 4325 4489 4353 4489 7072 4489 4353 5126 4358 5126 7072 5126 4358 4489 7095 4489 7072 4489 7096 4489 7073 4489 7072 4489 7095 4489 7096 4489 7072 4489 7097 4489 7074 4489 7073 4489 7096 4489 7097 4489 7073 4489 4366 4489 4360 4489 7074 4489 7097 4489 4366 4489 7074 4489 4360 4489 4354 4489 7074 4489 4354 4489 4334 4489 7074 4489 4336 4489 7075 4489 4297 4489 4336 4489 4355 4489 7075 4489 4355 5127 4361 5127 7075 5127 4361 4489 7098 4489 7075 4489 7099 4489 7076 4489 7075 4489 7098 4489 7099 4489 7075 4489 7100 4489 7077 4489 7076 4489 7099 4489 7100 4489 7076 4489 7101 4489 7079 4489 7077 4489 7100 4489 7101 4489 7077 4489 7101 4489 1158 4489 7079 4489 1158 4489 1154 4489 7079 4489 1154 4489 1150 4489 7079 4489 1150 4489 1146 4489 7079 4489 1146 4489 1142 4489 7079 4489 1142 4489 1138 4489 7079 4489 1138 4489 1134 4489 7079 4489 1134 4489 1130 4489 7079 4489 1130 4489 1126 4489 7079 4489 1126 4489 1121 4489 7079 4489 1121 4489 7078 4489 7079 4489 1152 4489 7102 4489 7078 4489 1128 4489 1132 4489 7078 4489 1132 5128 1136 5128 7078 5128 1136 4489 1140 4489 7078 4489 1121 5129 1124 5129 7078 5129 1124 4489 1128 4489 7078 4489 1140 5130 1144 5130 7078 5130 1144 4489 1148 4489 7078 4489 1148 4489 1152 4489 7078 4489 7103 4489 7080 4489 7078 4489 7102 4489 7103 4489 7078 4489 7104 4489 7081 4489 7080 4489 7103 4489 7104 4489 7080 4489 7105 4489 7082 4489 7081 4489 7104 4489 7105 4489 7081 4489 7106 4489 7083 4489 7082 4489 7105 4489 7106 4489 7082 4489 7107 4489 7084 4489 7083 4489 7106 4489 7107 4489 7083 4489 1080 4489 1076 4489 7084 4489 1076 4489 1072 4489 7084 4489 1072 4489 1068 4489 7084 4489 7107 4489 1088 4489 7084 4489 1088 4489 1084 4489 7084 4489 1084 4489 1080 4489 7084 4489 1062 4489 7085 4489 7084 4489 1068 4489 1062 4489 7084 4489 1062 4489 1065 4489 7085 4489 1065 4489 1058 4489 7085 4489 1058 4489 1054 4489 7085 4489 1054 4489 1050 4489 7085 4489 1050 4489 1046 4489 7085 4489 1046 5131 1041 5131 7085 5131 1041 4489 1044 4489 7085 4489 1044 4489 7086 4489 7085 4489 1070 4489 1074 4489 7086 4489 1066 4489 1070 4489 7086 4489 1052 4489 1056 4489 7086 4489 1056 4489 1060 4489 7086 4489 1060 5132 1066 5132 7086 5132 1074 4489 1078 4489 7086 4489 1078 4489 1082 4489 7086 4489 1082 4489 7108 4489 7086 4489 1044 5133 1048 5133 7086 5133 1048 4489 1052 4489 7086 4489 4446 4489 4351 4489 7086 4489 7108 4489 4446 4489 7086 4489 7094 5134 4363 5134 4357 5134 7094 5135 4370 5135 4363 5135 4364 4489 7095 4489 4358 4489 7097 5136 4374 5136 4366 5136 4368 5137 7098 5137 4361 5137 7094 5138 4378 5138 4370 5138 4372 4489 7095 4489 4364 4489 7097 5139 4382 5139 4374 5139 4376 5140 7098 5140 4368 5140 7094 5141 4386 5141 4378 5141 4380 4489 7095 4489 4372 4489 7097 5142 4390 5142 4382 5142 4384 4489 7098 4489 4376 4489 7094 5143 4394 5143 4386 5143 4388 4489 7095 4489 4380 4489 7097 5144 4398 5144 4390 5144 4392 4489 7098 4489 4384 4489 7094 5145 4402 5145 4394 5145 4396 4489 7095 4489 4388 4489 7097 5146 4406 5146 4398 5146 4400 4489 7098 4489 4392 4489 7094 5147 4410 5147 4402 5147 4404 4489 7095 4489 4396 4489 7097 5148 4414 5148 4406 5148 4408 5149 7098 5149 4400 5149 7094 5150 4417 5150 4410 5150 4412 5151 7095 5151 4404 5151 7097 5152 4418 5152 4414 5152 4416 5153 7098 5153 4408 5153 7094 5154 4412 5154 4417 5154 7094 4489 7095 4489 4412 4489 7097 5155 4416 5155 4418 5155 7097 5156 7098 5156 4416 5156 1086 4489 7108 4489 1082 4489 7107 5157 1092 5157 1088 5157 1090 4489 7108 4489 1086 4489 7107 5158 1096 5158 1092 5158 1094 4489 7108 4489 1090 4489 7107 4489 1100 4489 1096 4489 1098 5159 7108 5159 1094 5159 7107 5160 1107 5160 1100 5160 1102 4489 7108 4489 1098 4489 7109 4489 1104 4489 1107 4489 7107 4489 7109 4489 1107 4489 7109 5161 1110 5161 1104 5161 1108 4489 7108 4489 1102 4489 7109 4489 1114 4489 1110 4489 1112 4489 7108 4489 1108 4489 7109 5162 1118 5162 1114 5162 1116 5163 7108 5163 1112 5163 7109 5164 1120 5164 1118 5164 1120 4489 7109 4489 1116 4489 7109 4489 7108 4489 1116 4489 1156 4489 7102 4489 1152 4489 7101 4489 1162 4489 1158 4489 1160 4489 7102 4489 1156 4489 7101 5165 1166 5165 1162 5165 1164 4489 7102 4489 1160 4489 7101 5166 1170 5166 1166 5166 1168 4489 7102 4489 1164 4489 7101 5167 1174 5167 1170 5167 1172 4489 7102 4489 1168 4489 7101 5168 1178 5168 1174 5168 1176 5169 7102 5169 1172 5169 7101 5170 1182 5170 1178 5170 1180 4489 7102 4489 1176 4489 7101 5171 1186 5171 1182 5171 1184 5172 7102 5172 1180 5172 7101 4489 1190 4489 1186 4489 1188 4489 7102 4489 1184 4489 7101 5173 1194 5173 1190 5173 7101 4489 7102 4489 1188 4489 1192 4489 7101 4489 1188 4489 7101 5174 1196 5174 1194 5174 1196 4489 7101 4489 1192 4489 7110 4489 7087 4489 4313 4489 4422 4489 7110 4489 4313 4489 7111 4489 7088 4489 7087 4489 7110 4489 7111 4489 7087 4489 7112 4489 7089 4489 7088 4489 7111 4489 7112 4489 7088 4489 7113 4489 7090 4489 7089 4489 7112 4489 7113 4489 7089 4489 7114 4489 7091 4489 7090 4489 7113 4489 7114 4489 7090 4489 7115 4489 7092 4489 7091 4489 7114 4489 7115 4489 7091 4489 7115 4489 7116 4489 7092 4489 7116 4489 7093 4489 7092 4489 7117 4489 7094 4489 7093 4489 7116 4489 7117 4489 7093 4489 7118 4489 7095 4489 7094 4489 7117 4489 7118 4489 7094 4489 7119 4489 7096 4489 7095 4489 7118 4489 7119 4489 7095 4489 7120 4489 7097 4489 7096 4489 7119 4489 7120 4489 7096 4489 7121 4489 7098 4489 7097 4489 7120 4489 7121 4489 7097 4489 7122 4489 7099 4489 7098 4489 7121 4489 7122 4489 7098 4489 7123 4489 7100 4489 7099 4489 7122 4489 7123 4489 7099 4489 7124 4489 7101 4489 7100 4489 7123 4489 7124 4489 7100 4489 7124 4489 1234 4489 7101 4489 1234 4489 1230 4489 7101 4489 1230 4489 1226 4489 7101 4489 1226 4489 1222 4489 7101 4489 1222 4489 1218 4489 7101 4489 1218 4489 1214 4489 7101 4489 1214 4489 1210 4489 7101 4489 1210 4489 1206 4489 7101 4489 1206 4489 1202 4489 7101 4489 1202 4489 1197 4489 7101 4489 1197 4489 1200 4489 7101 4489 1200 4489 7102 4489 7101 4489 1228 4489 7125 4489 7102 4489 1212 4489 1216 4489 7102 4489 1208 5175 1212 5175 7102 5175 1216 5176 1220 5176 7102 5176 1220 4489 1224 4489 7102 4489 1224 4489 1228 4489 7102 4489 1200 4489 1204 4489 7102 4489 1204 4489 1208 4489 7102 4489 7126 4489 7103 4489 7102 4489 7125 4489 7126 4489 7102 4489 7127 4489 7104 4489 7103 4489 7126 4489 7127 4489 7103 4489 7128 4489 7105 4489 7104 4489 7127 4489 7128 4489 7104 4489 7129 4489 7106 4489 7105 4489 7128 4489 7129 4489 7105 4489 7130 4489 7107 4489 7106 4489 7129 4489 7130 4489 7106 4489 7131 4489 7109 4489 7107 4489 7130 4489 7131 4489 7107 4489 7132 4489 7108 4489 7109 4489 7131 4489 7132 4489 7109 4489 4473 4489 4446 4489 7108 4489 7132 4489 4473 4489 7108 4489 1232 4489 7125 4489 1228 4489 7124 4489 1238 4489 1234 4489 1236 4489 7125 4489 1232 4489 7124 5177 1242 5177 1238 5177 1240 4489 7125 4489 1236 4489 7124 5178 1246 5178 1242 5178 1244 4489 7125 4489 1240 4489 7124 5179 1250 5179 1246 5179 1248 4489 7125 4489 1244 4489 7124 5180 1254 5180 1250 5180 1252 5181 7125 5181 1248 5181 7124 5182 1258 5182 1254 5182 1256 4489 7125 4489 1252 4489 7124 5183 1262 5183 1258 5183 1260 5184 7125 5184 1256 5184 7124 4489 1266 4489 1262 4489 1264 4489 7125 4489 1260 4489 7124 5185 1270 5185 1266 5185 1268 4489 7125 4489 1264 4489 7124 5186 1272 5186 1270 5186 1272 4489 7124 4489 1268 4489 7124 4489 7125 4489 1268 4489 7133 4489 7110 4489 4422 4489 4449 4489 7133 4489 4422 4489 7133 4489 1355 4489 7110 4489 1355 4489 1347 4489 7110 4489 1347 4489 1339 4489 7110 4489 1339 4489 1331 4489 7110 4489 1331 5187 1323 5187 7110 5187 1323 4489 1315 4489 7110 4489 1315 5188 1307 5188 7110 5188 1307 4489 1299 4489 7110 4489 1299 5189 1291 5189 7110 5189 1291 4489 1283 4489 7110 4489 1273 4489 7111 4489 7110 4489 1283 5190 1273 5190 7110 5190 1341 4489 7134 4489 7111 4489 1317 5191 1325 5191 7111 5191 1325 4489 1333 4489 7111 4489 1333 4489 1341 4489 7111 4489 1293 5192 1301 5192 7111 5192 1301 5193 1309 5193 7111 5193 1309 4489 1317 4489 7111 4489 1273 5194 1276 5194 7111 5194 1276 4489 1285 4489 7111 4489 1285 4489 1293 4489 7111 4489 7135 4489 7112 4489 7111 4489 7134 4489 7135 4489 7111 4489 7136 4489 7113 4489 7112 4489 7135 4489 7136 4489 7112 4489 7137 4489 7114 4489 7113 4489 7136 4489 7137 4489 7113 4489 7138 4489 7115 4489 7114 4489 7137 4489 7138 4489 7114 4489 1311 4489 1303 4489 7115 4489 1303 5195 1295 5195 7115 5195 1295 4489 1287 4489 7115 4489 1287 5196 1278 5196 7115 5196 1278 4489 7116 4489 7115 4489 1343 4489 1335 4489 7115 4489 1335 4489 1327 4489 7115 4489 1327 4489 1319 4489 7115 4489 1319 4489 1311 4489 7115 4489 7138 4489 1359 4489 7115 4489 1359 4489 1351 4489 7115 4489 1351 4489 1343 4489 7115 4489 1278 4489 1281 4489 7116 4489 1281 4489 1289 4489 7116 4489 1289 4489 1297 4489 7116 4489 1297 4489 1305 4489 7116 4489 1305 4489 1313 4489 7116 4489 1313 4489 1321 4489 7116 4489 1321 4489 1329 4489 7116 4489 1329 5197 1337 5197 7116 5197 1337 4489 1345 4489 7116 4489 1345 4489 7139 4489 7116 4489 7140 4489 7117 4489 7116 4489 7139 4489 7140 4489 7116 4489 7141 4489 7118 4489 7117 4489 7140 4489 7141 4489 7117 4489 7142 4489 7119 4489 7118 4489 7141 4489 7142 4489 7118 4489 7143 4489 7120 4489 7119 4489 7142 4489 7143 4489 7119 4489 7144 4489 7121 4489 7120 4489 7143 4489 7144 4489 7120 4489 7145 4489 7122 4489 7121 4489 7144 4489 7145 4489 7121 4489 7146 4489 7123 4489 7122 4489 7145 4489 7146 4489 7122 4489 7147 4489 7124 4489 7123 4489 7146 4489 7147 4489 7123 4489 7148 4489 7125 4489 7124 4489 7147 4489 7148 4489 7124 4489 7149 4489 7126 4489 7125 4489 7148 4489 7149 4489 7125 4489 7150 4489 7127 4489 7126 4489 7149 4489 7150 4489 7126 4489 7151 4489 7128 4489 7127 4489 7150 4489 7151 4489 7127 4489 7152 4489 7129 4489 7128 4489 7151 4489 7152 4489 7128 4489 7153 4489 7130 4489 7129 4489 7152 4489 7153 4489 7129 4489 7154 4489 7131 4489 7130 4489 7153 4489 7154 4489 7130 4489 7155 4489 7132 4489 7131 4489 7154 4489 7155 4489 7131 4489 4543 4489 4473 4489 7132 4489 7155 4489 4543 4489 7132 4489 1349 4489 7134 4489 1341 4489 1353 4489 7139 4489 1345 4489 7133 5198 1363 5198 1355 5198 1357 4489 7134 4489 1349 4489 7138 5199 1367 5199 1359 5199 1361 4489 7139 4489 1353 4489 7133 5200 1371 5200 1363 5200 1365 4489 7134 4489 1357 4489 7138 5201 1375 5201 1367 5201 1369 5202 7139 5202 1361 5202 7133 5203 1379 5203 1371 5203 1373 5204 7134 5204 1365 5204 7138 5205 1383 5205 1375 5205 1377 4489 7139 4489 1369 4489 7133 5206 1387 5206 1379 5206 1381 4489 7134 4489 1373 4489 7138 5207 1391 5207 1383 5207 1385 4489 7139 4489 1377 4489 7133 5208 1395 5208 1387 5208 1389 5209 7134 5209 1381 5209 7138 5210 1399 5210 1391 5210 1393 4489 7139 4489 1385 4489 7133 5211 1403 5211 1395 5211 1397 5212 7134 5212 1389 5212 7138 5213 1407 5213 1399 5213 1401 4489 7139 4489 1393 4489 7133 5214 1411 5214 1403 5214 1405 4489 7134 4489 1397 4489 7138 5215 1415 5215 1407 5215 1409 4489 7139 4489 1401 4489 7133 5216 1419 5216 1411 5216 1413 4489 7134 4489 1405 4489 7138 5217 1422 5217 1415 5217 1417 4489 7139 4489 1409 4489 7133 5218 1421 5218 1419 5218 1421 5219 7134 5219 1413 5219 7138 5220 1424 5220 1422 5220 1424 4489 7139 4489 1417 4489 7133 4489 7134 4489 1421 4489 7138 5221 7139 5221 1424 5221 7156 4489 7133 4489 4449 4489 4476 4489 7156 4489 4449 4489 7157 4489 7134 4489 7133 4489 7156 4489 7157 4489 7133 4489 7158 4489 7135 4489 7134 4489 7157 4489 7158 4489 7134 4489 7159 4489 7136 4489 7135 4489 7158 4489 7159 4489 7135 4489 7160 4489 7137 4489 7136 4489 7159 4489 7160 4489 7136 4489 7161 4489 7138 4489 7137 4489 7160 4489 7161 4489 7137 4489 7162 4489 7139 4489 7138 4489 7161 4489 7162 4489 7138 4489 7163 4489 7140 4489 7139 4489 7162 4489 7163 4489 7139 4489 4576 4489 4572 4489 7140 4489 4572 4489 4568 4489 7140 4489 4568 4489 4564 4489 7140 4489 4564 4489 4560 4489 7140 4489 7163 4489 4585 4489 7140 4489 4585 4489 4580 4489 7140 4489 4580 4489 4576 4489 7140 4489 4560 4489 4556 4489 7140 4489 4556 4489 4552 4489 7140 4489 4552 4489 4548 4489 7140 4489 4545 4489 7141 4489 7140 4489 4548 4489 4545 4489 7140 4489 4553 4489 4557 4489 7141 4489 4557 4489 4561 4489 7141 4489 4561 5222 4565 5222 7141 5222 4565 4489 4569 4489 7141 4489 4569 4489 4573 4489 7141 4489 4545 4489 4544 4489 7141 4489 4544 4489 4549 4489 7141 4489 4549 4489 4553 4489 7141 4489 4573 4489 4577 4489 7141 4489 4577 4489 4581 4489 7141 4489 4581 4489 7164 4489 7141 4489 7165 4489 7142 4489 7141 4489 7164 4489 7165 4489 7141 4489 7166 4489 7143 4489 7142 4489 7165 4489 7166 4489 7142 4489 4562 4489 4558 4489 7143 4489 4558 4489 4554 4489 7143 4489 4554 4489 4550 4489 7143 4489 4578 4489 4574 4489 7143 4489 4582 4489 4578 4489 7143 4489 4574 4489 4570 4489 7143 4489 4570 4489 4566 4489 7143 4489 4566 4489 4562 4489 7143 4489 7166 4489 4632 4489 7143 4489 4632 4489 4588 4489 7143 4489 4588 4489 4582 4489 7143 4489 4547 4489 7144 4489 7143 4489 4550 5223 4547 5223 7143 5223 4546 4489 4551 4489 7144 4489 4547 5224 4546 5224 7144 5224 4551 4489 4555 4489 7144 4489 4555 5225 4559 5225 7144 5225 4559 5226 4563 5226 7144 5226 4563 4489 4567 4489 7144 4489 4567 4489 4571 4489 7144 4489 4571 4489 4575 4489 7144 4489 4575 4489 4579 4489 7144 4489 4579 4489 4583 4489 7144 4489 4583 4489 7167 4489 7144 4489 7168 4489 7145 4489 7144 4489 7167 4489 7168 4489 7144 4489 7169 4489 7146 4489 7145 4489 7168 4489 7169 4489 7145 4489 7170 4489 7147 4489 7146 4489 7169 4489 7170 4489 7146 4489 7171 4489 7148 4489 7147 4489 7170 4489 7171 4489 7147 4489 7172 4489 7149 4489 7148 4489 7171 4489 7172 4489 7148 4489 7173 4489 7150 4489 7149 4489 7172 4489 7173 4489 7149 4489 7174 4489 7151 4489 7150 4489 7173 4489 7174 4489 7150 4489 7175 4489 7152 4489 7151 4489 7174 4489 7175 4489 7151 4489 7176 4489 7153 4489 7152 4489 7175 4489 7176 4489 7152 4489 1456 4489 1452 4489 7153 4489 7176 4489 1464 4489 7153 4489 1464 4489 1460 4489 7153 4489 1460 4489 1456 4489 7153 4489 1446 4489 7154 4489 7153 4489 1452 4489 1446 4489 7153 4489 1446 4489 1449 4489 7154 4489 1449 4489 1442 4489 7154 4489 1442 4489 1438 4489 7154 4489 1438 4489 1434 4489 7154 4489 1434 4489 1430 4489 7154 4489 1430 5227 1425 5227 7154 5227 1428 4489 7155 4489 7154 4489 1425 4489 1428 4489 7154 4489 1428 5228 1432 5228 7155 5228 1432 4489 1436 4489 7155 4489 1436 4489 1440 4489 7155 4489 1440 4489 1444 4489 7155 4489 1444 5229 1450 5229 7155 5229 1450 4489 1454 4489 7155 4489 1454 4489 7177 4489 7155 4489 4669 4489 4543 4489 7155 4489 7177 4489 4669 4489 7155 4489 7163 4489 4625 4489 4585 4489 4586 4489 7164 4489 4581 4489 4589 4489 7167 4489 4583 4489 1458 4489 7177 4489 1454 4489 1462 4489 7177 4489 1458 4489 7176 4489 1468 4489 1464 4489 1466 4489 7177 4489 1462 4489 7176 5230 1472 5230 1468 5230 1470 4489 7177 4489 1466 4489 7176 5231 1476 5231 1472 5231 1474 4489 7177 4489 1470 4489 7176 5232 1480 5232 1476 5232 1478 4489 7177 4489 1474 4489 7176 4489 1484 4489 1480 4489 1482 5233 7177 5233 1478 5233 7176 5234 1491 5234 1484 5234 1486 4489 7177 4489 1482 4489 7178 4489 1488 4489 1491 4489 7176 4489 7178 4489 1491 4489 7178 5235 1494 5235 1488 5235 1492 4489 7177 4489 1486 4489 7178 4489 1498 4489 1494 4489 1496 4489 7177 4489 1492 4489 7178 5236 1502 5236 1498 5236 1500 5237 7177 5237 1496 5237 7178 5238 1504 5238 1502 5238 1504 4489 7177 4489 1500 4489 7178 4489 7177 4489 1504 4489 4592 4489 7156 4489 4476 4489 4800 4489 7179 4489 7156 4489 4592 5239 4800 5239 7156 5239 7179 4489 4720 4489 7156 4489 4720 4489 4714 4489 7156 4489 4714 4489 4706 4489 7156 4489 4706 4489 4702 4489 7156 4489 4702 5240 4698 5240 7156 5240 4698 4489 4694 4489 7156 4489 4694 4489 4690 4489 7156 4489 4690 5241 4686 5241 7156 5241 4686 4489 4682 4489 7156 4489 4682 4489 4678 4489 7156 4489 4678 4489 4674 4489 7156 4489 4670 5242 7157 5242 7156 5242 4674 5243 4670 5243 7156 5243 4703 4489 4707 4489 7157 4489 4707 4489 7180 4489 7157 4489 4691 5244 4695 5244 7157 5244 4695 5245 4699 5245 7157 5245 4699 4489 4703 4489 7157 4489 4679 4489 4683 4489 7157 4489 4683 5246 4687 5246 7157 5246 4687 4489 4691 4489 7157 4489 4670 4489 4671 4489 7157 4489 4671 4489 4675 4489 7157 4489 4675 5247 4679 5247 7157 5247 7181 4489 7158 4489 7157 4489 7180 4489 7181 4489 7157 4489 7182 4489 7159 4489 7158 4489 7181 4489 7182 4489 7158 4489 7183 4489 7160 4489 7159 4489 7182 4489 7183 4489 7159 4489 7184 4489 7161 4489 7160 4489 7183 4489 7184 4489 7160 4489 7185 4489 7162 4489 7161 4489 7184 4489 7185 4489 7161 4489 7186 4489 7163 4489 7162 4489 7185 4489 7186 4489 7162 4489 7186 4489 4784 4489 7163 4489 4784 4489 4625 4489 7163 4489 7187 4489 7164 4489 4586 4489 4627 4489 7187 4489 4586 4489 7188 4489 7165 4489 7164 4489 7187 4489 7188 4489 7164 4489 7189 4489 7166 4489 7165 4489 7188 4489 7189 4489 7165 4489 7189 4489 4788 4489 7166 4489 4788 4489 4632 4489 7166 4489 7190 4489 7167 4489 4589 4489 4634 4489 7190 4489 4589 4489 7191 4489 7168 4489 7167 4489 7190 4489 7191 4489 7167 4489 7192 4489 7169 4489 7168 4489 7191 4489 7192 4489 7168 4489 7193 4489 7170 4489 7169 4489 7192 4489 7193 4489 7169 4489 7194 4489 7171 4489 7170 4489 7193 4489 7194 4489 7170 4489 7195 4489 7172 4489 7171 4489 7194 4489 7195 4489 7171 4489 7196 4489 7173 4489 7172 4489 7195 4489 7196 4489 7172 4489 7197 4489 7174 4489 7173 4489 7196 4489 7197 4489 7173 4489 7198 4489 7175 4489 7174 4489 7197 4489 7198 4489 7174 4489 7199 4489 7176 4489 7175 4489 7198 4489 7199 4489 7175 4489 7200 4489 7178 4489 7176 4489 7199 4489 7200 4489 7176 4489 7201 4489 7177 4489 7178 4489 7200 4489 7201 4489 7178 4489 7201 4489 4724 4489 7177 4489 4724 5248 4717 5248 7177 5248 4717 4489 4708 4489 7177 4489 4708 5249 4704 5249 7177 5249 4704 4489 4700 4489 7177 4489 4700 4489 4696 4489 7177 4489 4696 5250 4692 5250 7177 5250 4692 4489 4688 4489 7177 4489 4688 4489 4684 4489 7177 4489 4684 5251 4680 5251 7177 5251 4680 4489 4676 4489 7177 4489 4672 4489 4669 4489 7177 4489 4676 5252 4672 5252 7177 5252 4705 4489 4712 4489 4669 4489 4693 4489 4697 4489 4669 4489 4697 4489 4701 4489 4669 4489 4701 4489 4705 4489 4669 4489 4681 4489 4685 4489 4669 4489 4685 5253 4689 5253 4669 5253 4689 5254 4693 5254 4669 5254 4672 4489 4673 4489 4669 4489 4673 4489 4677 4489 4669 4489 4677 5255 4681 5255 4669 5255 4709 4489 4712 4489 4705 4489 4709 5256 4713 5256 4712 5256 4716 4489 7180 4489 4707 4489 4719 4489 4713 4489 4709 4489 7179 5257 4728 5257 4720 5257 4723 5258 7180 5258 4716 5258 7201 5259 4732 5259 4724 5259 4840 4489 4713 4489 4719 4489 4727 4489 4840 4489 4719 4489 7179 5260 4737 5260 4728 5260 4731 5261 7180 5261 4723 5261 7201 5262 4741 5262 4732 5262 4736 4489 4840 4489 4727 4489 7179 5263 4745 5263 4737 5263 4740 4489 7180 4489 4731 4489 7201 5264 4749 5264 4741 5264 4744 4489 4840 4489 4736 4489 7179 5265 4753 5265 4745 5265 4748 5266 7180 5266 4740 5266 7201 5267 4757 5267 4749 5267 4752 4489 4840 4489 4744 4489 7179 5268 4761 5268 4753 5268 4756 4489 7180 4489 4748 4489 7201 5269 4765 5269 4757 5269 4760 4489 4840 4489 4752 4489 7179 5270 4769 5270 4761 5270 4764 5271 7180 5271 4756 5271 7201 5272 4773 5272 4765 5272 4768 5273 4840 5273 4760 5273 7179 5274 4777 5274 4769 5274 4772 4489 7180 4489 4764 4489 7201 5275 4780 5275 4773 5275 4776 4489 4840 4489 4768 4489 7179 5276 4779 5276 4777 5276 4779 4489 7180 4489 4772 4489 7201 5277 4782 5277 4780 5277 7201 4489 4840 4489 4776 4489 4782 4489 7201 4489 4776 4489 7179 5278 7180 5278 4779 5278 7186 5279 4792 5279 4784 5279 4786 4489 7187 4489 4627 4489 7189 5280 4796 5280 4788 5280 4790 4489 7190 4489 4634 4489 7186 5281 4813 5281 4792 5281 4794 4489 7187 4489 4786 4489 7189 5282 4822 5282 4796 5282 4798 4489 7190 4489 4790 4489 4801 4489 7179 4489 4800 4489 1559 5283 1555 5283 4801 5283 4803 4489 1559 4489 4801 4489 1555 5284 1551 5284 4801 5284 1551 4489 1543 4489 4801 4489 1543 4489 1535 4489 4801 4489 1535 4489 1527 4489 4801 4489 1527 4489 7179 4489 4801 4489 1540 4489 1548 4489 7179 4489 1548 4489 7180 4489 7179 4489 1516 4489 1524 4489 7179 4489 1524 4489 1532 4489 7179 4489 1532 4489 1540 4489 7179 4489 1527 4489 1519 4489 7179 4489 1519 4489 1508 4489 7179 4489 1508 5285 1506 5285 7179 5285 1506 4489 1516 4489 7179 4489 1548 4489 4902 4489 7180 4489 4902 4489 7202 4489 7180 4489 7203 4489 7181 4489 7180 4489 7202 4489 7203 4489 7180 4489 7204 4489 7182 4489 7181 4489 7203 4489 7204 4489 7181 4489 7205 4489 7183 4489 7182 4489 7204 4489 7205 4489 7182 4489 7206 4489 7184 4489 7183 4489 7205 4489 7206 4489 7183 4489 7207 4489 7185 4489 7184 4489 7206 4489 7207 4489 7184 4489 7208 4489 7186 4489 7185 4489 7207 4489 7208 4489 7185 4489 4841 4489 4813 4489 7186 4489 7208 4489 4853 4489 7186 4489 4853 4489 4846 4489 7186 4489 4846 5286 4841 5286 7186 5286 4815 4489 7187 4489 4794 4489 4815 4489 7209 4489 7187 4489 7210 4489 7188 4489 7187 4489 7209 4489 7210 4489 7187 4489 7211 4489 7189 4489 7188 4489 7210 4489 7211 4489 7188 4489 4843 4489 4822 4489 7189 4489 7211 4489 4857 4489 7189 4489 4857 4489 4850 4489 7189 4489 4850 5287 4843 5287 7189 5287 4824 5288 7190 5288 4798 5288 4824 5289 4844 5289 7190 5289 4844 4489 7212 4489 7190 4489 7213 4489 7191 4489 7190 4489 7212 4489 7213 4489 7190 4489 7214 4489 7192 4489 7191 4489 7213 4489 7214 4489 7191 4489 7215 4489 7193 4489 7192 4489 7214 4489 7215 4489 7192 4489 7216 4489 7194 4489 7193 4489 7215 4489 7216 4489 7193 4489 7217 4489 7195 4489 7194 4489 7216 4489 7217 4489 7194 4489 7218 4489 7196 4489 7195 4489 7217 4489 7218 4489 7195 4489 7219 4489 7197 4489 7196 4489 7218 4489 7219 4489 7196 4489 7220 4489 7198 4489 7197 4489 7219 4489 7220 4489 7197 4489 7221 4489 7199 4489 7198 4489 7220 4489 7221 4489 7198 4489 7222 4489 7200 4489 7199 4489 7221 4489 7222 4489 7199 4489 7223 4489 7201 4489 7200 4489 7222 4489 7223 4489 7200 4489 7223 4489 4967 4489 7201 4489 4967 5290 1549 5290 7201 5290 1549 4489 1541 4489 7201 4489 1541 4489 1533 4489 7201 4489 1533 4489 1525 4489 7201 4489 1525 4489 1517 4489 7201 4489 1517 4489 1513 4489 7201 4489 1513 4489 1511 4489 7201 4489 1511 5291 4840 5291 7201 5291 1530 4489 1538 4489 4840 4489 1538 4489 1546 4489 4840 4489 1546 4489 1554 4489 4840 4489 1554 5292 4897 5292 4840 5292 1511 5293 1522 5293 4840 5293 1522 4489 1530 4489 4840 4489 4842 4489 7209 4489 4815 4489 4848 4489 7209 4489 4842 4489 4851 5294 7212 5294 4844 5294 7208 5295 4861 5295 4853 5295 4855 4489 7209 4489 4848 4489 7211 5296 4865 5296 4857 5296 4859 4489 7212 4489 4851 4489 7208 5297 4869 5297 4861 5297 4863 4489 7209 4489 4855 4489 7211 5298 4873 5298 4865 5298 4867 4489 7212 4489 4859 4489 7208 5299 4877 5299 4869 5299 4871 4489 7209 4489 4863 4489 7211 5300 4881 5300 4873 5300 4875 4489 7212 4489 4867 4489 7208 5301 4885 5301 4877 5301 4879 4489 7209 4489 4871 4489 7211 5302 4889 5302 4881 5302 4883 5303 7212 5303 4875 5303 7208 5304 4892 5304 4885 5304 4887 4489 7208 4489 4879 4489 7208 5305 7209 5305 4879 5305 7211 5306 4893 5306 4889 5306 4891 5307 7212 5307 4883 5307 7208 5308 4887 5308 4892 5308 7211 5309 4891 5309 4893 5309 7211 5310 7212 5310 4891 5310 1563 5311 1559 5311 4803 5311 4899 4489 1563 4489 4803 4489 1554 4489 1558 4489 4897 4489 1558 4489 4896 4489 4897 4489 1567 4489 1563 4489 4899 4489 4900 5312 1567 5312 4899 5312 1558 5313 1562 5313 4896 5313 1562 5314 4969 5314 4896 5314 1566 4489 4969 4489 1562 4489 4900 5315 1571 5315 1567 5315 1570 4489 4969 4489 1566 4489 4904 4489 1573 4489 4900 4489 1573 4489 1571 4489 4900 4489 1598 5316 7202 5316 4902 5316 1598 4489 1596 4489 7202 4489 7224 4489 5019 4489 7202 4489 1604 4489 7224 4489 7202 4489 1596 4489 1604 4489 7202 4489 5019 4489 5013 4489 7202 4489 5013 4489 5008 4489 7202 4489 5008 4489 5004 4489 7202 4489 5004 4489 5000 4489 7202 4489 5000 4489 4996 4489 7202 4489 4996 5317 4992 5317 7202 5317 4992 4489 4985 4489 7202 4489 4985 5318 4981 5318 7202 5318 4981 4489 4977 4489 7202 4489 4973 4489 7203 4489 7202 4489 4977 5319 4973 5319 7202 5319 4973 4489 4974 4489 7203 4489 4974 4489 4978 4489 7203 4489 4978 5320 4982 5320 7203 5320 4982 5321 4986 5321 7203 5321 4986 5322 4993 5322 7203 5322 4993 4489 4997 4489 7203 4489 4997 4489 5001 4489 7203 4489 5001 4489 5005 4489 7203 4489 5005 4489 5009 4489 7203 4489 5009 4489 7225 4489 7203 4489 7226 4489 7204 4489 7203 4489 7225 4489 7226 4489 7203 4489 7227 4489 7205 4489 7204 4489 7226 4489 7227 4489 7204 4489 7228 4489 7206 4489 7205 4489 7227 4489 7228 4489 7205 4489 7229 4489 7207 4489 7206 4489 7228 4489 7229 4489 7206 4489 7230 4489 7208 4489 7207 4489 7229 4489 7230 4489 7207 4489 7231 4489 7209 4489 7208 4489 7230 4489 7231 4489 7208 4489 7232 4489 7210 4489 7209 4489 7231 4489 7232 4489 7209 4489 7233 4489 7211 4489 7210 4489 7232 4489 7233 4489 7210 4489 7234 4489 7212 4489 7211 4489 7233 4489 7234 4489 7211 4489 7235 4489 7213 4489 7212 4489 7234 4489 7235 4489 7212 4489 7236 4489 7214 4489 7213 4489 7235 4489 7236 4489 7213 4489 7237 4489 7215 4489 7214 4489 7236 4489 7237 4489 7214 4489 7238 4489 7216 4489 7215 4489 7237 4489 7238 4489 7215 4489 7239 4489 7217 4489 7216 4489 7238 4489 7239 4489 7216 4489 7240 4489 7218 4489 7217 4489 7239 4489 7240 4489 7217 4489 7241 4489 7219 4489 7218 4489 7240 4489 7241 4489 7218 4489 7242 4489 7220 4489 7219 4489 7241 4489 7242 4489 7219 4489 5023 4489 5016 4489 7220 4489 7242 4489 5023 4489 7220 4489 5016 5323 5010 5323 7220 5323 5010 5324 5006 5324 7220 5324 5006 4489 5002 4489 7220 4489 5002 5325 4998 5325 7220 5325 4998 5326 4994 5326 7220 5326 4994 4489 4987 4489 7220 4489 4983 5327 7221 5327 7220 5327 4987 5328 4983 5328 7220 5328 5003 5329 5007 5329 7221 5329 4999 5330 5003 5330 7221 5330 4983 4489 4979 4489 7221 4489 4979 4489 4975 4489 7221 4489 4975 5331 4976 5331 7221 5331 4976 4489 4980 4489 7221 4489 4980 4489 4984 4489 7221 4489 4984 4489 4988 4489 7221 4489 4988 5332 4995 5332 7221 5332 4995 4489 4999 4489 7221 4489 5011 4489 7222 4489 7221 4489 5007 4489 5011 4489 7221 4489 1617 4489 1613 4489 7222 4489 1613 4489 1609 4489 7222 4489 1609 5333 1605 5333 7222 5333 5011 4489 5012 4489 7222 4489 7243 4489 1617 4489 7222 4489 5012 4489 7243 4489 7222 4489 1600 4489 7223 4489 7222 4489 1605 5334 1600 5334 7222 5334 1600 4489 4970 4489 7223 4489 4970 4489 4967 4489 7223 4489 4972 4489 4969 4489 1570 4489 1578 4489 4972 4489 1570 4489 4904 5335 1579 5335 1573 5335 1576 5336 4972 5336 1578 5336 4904 5337 1583 5337 1579 5337 0 5338 4972 5338 1576 5338 1582 4489 0 4489 1576 4489 4991 5339 1587 5339 1583 5339 4904 5340 4991 5340 1583 5340 1586 4489 0 4489 1582 4489 4991 5341 1591 5341 1587 5341 1590 4489 0 4489 1586 4489 4990 4489 5029 4489 1591 4489 4991 5342 4990 5342 1591 5342 1593 4489 0 4489 1590 4489 1593 4489 5125 4489 0 4489 5015 4489 7225 4489 5009 4489 5018 4489 7243 4489 5012 4489 7224 5343 5033 5343 5019 5343 5022 4489 7225 4489 5015 4489 7242 5344 5037 5344 5023 5344 5026 4489 7243 4489 5018 4489 7244 4489 5101 4489 5029 4489 4990 4489 7244 4489 5029 4489 5032 4489 7245 4489 5026 4489 7245 4489 7243 4489 5026 4489 7224 5345 5041 5345 5033 5345 5036 4489 7225 4489 5022 4489 7242 5346 5045 5346 5037 5346 5040 5347 7245 5347 5032 5347 7224 5348 5049 5348 5041 5348 5044 4489 7225 4489 5036 4489 7242 5349 5053 5349 5045 5349 5048 5350 7245 5350 5040 5350 7224 5351 5057 5351 5049 5351 5052 4489 7225 4489 5044 4489 7242 5352 5061 5352 5053 5352 5056 4489 7245 4489 5048 4489 7224 5353 5065 5353 5057 5353 5060 5354 7225 5354 5052 5354 7242 5355 5069 5355 5061 5355 5064 5356 7245 5356 5056 5356 7224 5357 5075 5357 5065 5357 5068 5358 7225 5358 5060 5358 7242 5359 5079 5359 5069 5359 5072 4489 7245 4489 5064 4489 7246 4489 5125 4489 1593 4489 5074 4489 7246 4489 1593 4489 1608 4489 7224 4489 1604 4489 7224 5360 5083 5360 5075 5360 5078 5361 7225 5361 5068 5361 7242 5362 5087 5362 5079 5362 5082 4489 7245 4489 5072 4489 7224 5363 5091 5363 5083 5363 5086 4489 7225 4489 5078 4489 7242 5364 5094 5364 5087 5364 5090 4489 7245 4489 5082 4489 1612 4489 7224 4489 1608 4489 7224 5365 5093 5365 5091 5365 5093 4489 7225 4489 5086 4489 7245 4489 5096 4489 5094 4489 7242 5366 7245 5366 5094 5366 5096 5367 7245 5367 5090 5367 7224 4489 7225 4489 5093 4489 1616 4489 7224 4489 1612 4489 7243 5368 1621 5368 1617 5368 1620 5369 7224 5369 1616 5369 7243 5370 1625 5370 1621 5370 1624 5371 7224 5371 1620 5371 7243 5372 1631 5372 1625 5372 5099 4489 7244 4489 4990 4489 5127 5373 5101 5373 7244 5373 7247 4489 5127 4489 7244 4489 5099 4489 7247 4489 7244 4489 7248 4489 7224 4489 1624 4489 1630 5374 7248 5374 1624 5374 7249 4489 7225 4489 7224 4489 7248 4489 7249 4489 7224 4489 7250 4489 7226 4489 7225 4489 7249 4489 7250 4489 7225 4489 7251 4489 7227 4489 7226 4489 7250 4489 7251 4489 7226 4489 7252 4489 7228 4489 7227 4489 7251 4489 7252 4489 7227 4489 7253 4489 7229 4489 7228 4489 7252 4489 7253 4489 7228 4489 7254 4489 7230 4489 7229 4489 7253 4489 7254 4489 7229 4489 7255 4489 7231 4489 7230 4489 7254 4489 7255 4489 7230 4489 7256 4489 7232 4489 7231 4489 7255 4489 7256 4489 7231 4489 7257 4489 7233 4489 7232 4489 7256 4489 7257 4489 7232 4489 7258 4489 7234 4489 7233 4489 7257 4489 7258 4489 7233 4489 7259 4489 7235 4489 7234 4489 7258 4489 7259 4489 7234 4489 7260 4489 7236 4489 7235 4489 7259 4489 7260 4489 7235 4489 7261 4489 7237 4489 7236 4489 7260 4489 7261 4489 7236 4489 7262 4489 7238 4489 7237 4489 7261 4489 7262 4489 7237 4489 7263 4489 7239 4489 7238 4489 7262 4489 7263 4489 7238 4489 7264 4489 7240 4489 7239 4489 7263 4489 7264 4489 7239 4489 7265 4489 7241 4489 7240 4489 7264 4489 7265 4489 7240 4489 7266 4489 7242 4489 7241 4489 7265 4489 7266 4489 7241 4489 7267 4489 7245 4489 7242 4489 7266 4489 7267 4489 7242 4489 7268 4489 7243 4489 7245 4489 7267 4489 7268 4489 7245 4489 7268 4489 1637 4489 7243 4489 1637 5375 1633 5375 7243 5375 1633 5376 1631 5376 7243 5376 7269 4489 7246 4489 5074 4489 1646 4489 7269 4489 5074 4489 7269 4489 5125 4489 7246 4489 7269 5377 5164 5377 5125 5377 1628 5378 7248 5378 1630 5378 1636 4489 7248 4489 1628 4489 7268 5379 1641 5379 1637 5379 1640 5380 7248 5380 1636 5380 7268 4489 1650 4489 1641 4489 7247 5381 5129 5381 5127 5381 1644 5382 7269 5382 1646 5382 1649 4489 7248 4489 1640 4489 7268 5383 1656 5383 1650 5383 7247 5384 5131 5384 5129 5384 1653 5385 7269 5385 1644 5385 1655 4489 7248 4489 1649 4489 7268 5386 1662 5386 1656 5386 7247 5387 5133 5387 5131 5387 1659 4489 7269 4489 1653 4489 1661 4489 7248 4489 1655 4489 7268 5388 1668 5388 1662 5388 7247 5389 5134 5389 5133 5389 1665 5390 7269 5390 1659 5390 1667 4489 7248 4489 1661 4489 7268 5391 1670 5391 1668 5391 7247 5392 1667 5392 5134 5392 1670 4489 7269 4489 1665 4489 7247 5393 7248 5393 1667 5393 7268 5394 7269 5394 1670 5394 5136 4489 7247 4489 5099 4489 5172 4489 7248 4489 7247 4489 5136 4489 5172 4489 7247 4489 5172 4489 7249 4489 7248 4489 5172 4489 7270 4489 7249 4489 7271 4489 7250 4489 7249 4489 7270 4489 7271 4489 7249 4489 7272 4489 7251 4489 7250 4489 7271 4489 7272 4489 7250 4489 1738 4489 1732 4489 7251 4489 7272 4489 1754 4489 7251 4489 1754 4489 1744 4489 7251 4489 1744 4489 1738 4489 7251 4489 1726 5395 7252 5395 7251 5395 1732 4489 1726 4489 7251 4489 1726 4489 1724 4489 7252 4489 1724 4489 1716 4489 7252 4489 1716 4489 1710 4489 7252 4489 1710 4489 1702 4489 7252 4489 1702 4489 1696 4489 7252 4489 1687 4489 7253 4489 7252 4489 1696 4489 1687 4489 7252 4489 1687 4489 1690 4489 7253 4489 5168 4489 7254 4489 7253 4489 1690 4489 5168 4489 7253 4489 5168 4489 7255 4489 7254 4489 1685 5396 1680 5396 7255 5396 5168 5397 1685 5397 7255 5397 1684 4489 7256 4489 7255 4489 1680 4489 1684 4489 7255 4489 1684 4489 1695 4489 7256 4489 1695 5398 1693 5398 7256 5398 1701 4489 7257 4489 7256 4489 1693 4489 1701 4489 7256 4489 1709 4489 1707 4489 7257 4489 1701 5399 1709 5399 7257 5399 1707 5400 1715 5400 7257 5400 1715 5401 1723 5401 7257 5401 1723 4489 1731 4489 7257 4489 1731 4489 1737 4489 7257 4489 1737 4489 1743 4489 7257 4489 1743 4489 7273 4489 7257 4489 7274 4489 7258 4489 7257 4489 7273 4489 7274 4489 7257 4489 5184 4489 5182 4489 7258 4489 7274 4489 5184 4489 7258 4489 5179 4489 7259 4489 7258 4489 5182 4489 5179 4489 7258 4489 5179 4489 5178 4489 7259 4489 5178 4489 5177 4489 7259 4489 5177 5402 5176 5402 7259 5402 5176 4489 5175 4489 7259 4489 5173 4489 7260 4489 7259 4489 5175 5403 5173 5403 7259 5403 5173 4489 5171 4489 7260 4489 5171 4489 5170 4489 7260 4489 5170 4489 5169 4489 7260 4489 5167 4489 7261 4489 7260 4489 5169 4489 5167 4489 7260 4489 5167 4489 5166 4489 7261 4489 5165 4489 7262 4489 7261 4489 5166 4489 5165 4489 7261 4489 5165 4489 1676 4489 7262 4489 1671 4489 7263 4489 7262 4489 1676 5404 1671 5404 7262 5404 1671 4489 1675 4489 7263 4489 1675 5405 1679 5405 7263 5405 1679 4489 1699 4489 7263 4489 1699 4489 1705 4489 7263 4489 1713 4489 7264 4489 7263 4489 1705 4489 1713 4489 7263 4489 1713 4489 1721 4489 7264 4489 1721 4489 1719 4489 7264 4489 1719 5406 1729 5406 7264 5406 1741 4489 7275 4489 7264 4489 1735 4489 1741 4489 7264 4489 1729 5407 1735 5407 7264 5407 7276 4489 7265 4489 7264 4489 7275 4489 7276 4489 7264 4489 7277 4489 7266 4489 7265 4489 7276 4489 7277 4489 7265 4489 5240 5408 7267 5408 7266 5408 7277 4489 5240 4489 7266 4489 5240 4489 5194 4489 7267 4489 5180 4489 7268 4489 7267 4489 5194 4489 5180 4489 7267 4489 5174 4489 7269 4489 7268 4489 5180 4489 5174 4489 7268 4489 5174 4489 5164 4489 7269 4489 5181 5409 7270 5409 5172 5409 1747 4489 7275 4489 1741 4489 1749 4489 7273 4489 1743 4489 7274 4489 5186 4489 5184 4489 1751 4489 7273 4489 1749 4489 1753 4489 7275 4489 1747 4489 7272 5410 1760 5410 1754 5410 7274 5411 5189 5411 5186 5411 1757 4489 7273 4489 1751 4489 1759 5412 7275 5412 1753 5412 7272 5413 1766 5413 1760 5413 7274 5414 5191 5414 5189 5414 7278 4489 5193 4489 5191 4489 7274 4489 7278 4489 5191 4489 1763 4489 7273 4489 1757 4489 1765 5415 7275 5415 1759 5415 7272 5416 1772 5416 1766 5416 7278 4489 5197 4489 5193 4489 1769 5417 7273 5417 1763 5417 1771 4489 7275 4489 1765 4489 7272 5418 1778 5418 1772 5418 7279 4489 1780 4489 1778 4489 7272 4489 7279 4489 1778 4489 7278 5419 5199 5419 5197 5419 1775 5420 7273 5420 1769 5420 1777 4489 7280 4489 1771 4489 7280 4489 7275 4489 1771 4489 7279 5421 1788 5421 1780 5421 7278 5422 5203 5422 5199 5422 1787 4489 7280 4489 1777 4489 1783 4489 7273 4489 1775 4489 1785 4489 7280 4489 1787 4489 7279 5423 1794 5423 1788 5423 7278 5424 5206 5424 5203 5424 1791 4489 7281 4489 1783 4489 7281 5425 7273 5425 1783 5425 1793 4489 7280 4489 1785 4489 7279 4489 1802 4489 1794 4489 1799 4489 7281 4489 1791 4489 7282 4489 5208 4489 5206 4489 7278 4489 7282 4489 5206 4489 1797 5426 7281 5426 1799 5426 7282 4489 5211 4489 5208 4489 1801 5427 7280 5427 1793 5427 7279 4489 1806 4489 1802 4489 7283 4489 7281 4489 1797 4489 1805 4489 7283 4489 1797 4489 7282 5428 5234 5428 5211 5428 7279 5429 7284 5429 1806 5429 7284 4489 5214 4489 1806 4489 7284 4489 7285 4489 5214 4489 7285 4489 5217 4489 5214 4489 7285 4489 5218 4489 5217 4489 1808 4489 7283 4489 1805 4489 7285 5430 7283 5430 5218 5430 7283 5431 1808 5431 5218 5431 1811 5432 7280 5432 1801 5432 5221 4489 7270 4489 5181 4489 5221 4489 7286 4489 7270 4489 7287 4489 7271 4489 7270 4489 7286 4489 7287 4489 7270 4489 7288 4489 7272 4489 7271 4489 7287 4489 7288 4489 7271 4489 7289 4489 7279 4489 7272 4489 7288 4489 7289 4489 7272 4489 7290 4489 7284 4489 7279 4489 7289 4489 7290 4489 7279 4489 7291 4489 7285 4489 7284 4489 7290 4489 7291 4489 7284 4489 7292 4489 7283 4489 7285 4489 7291 4489 7292 4489 7285 4489 7293 4489 7281 4489 7283 4489 7292 4489 7293 4489 7283 4489 7294 4489 7273 4489 7281 4489 7293 4489 7294 4489 7281 4489 7295 4489 7274 4489 7273 4489 7294 4489 7295 4489 7273 4489 7296 4489 7278 4489 7274 4489 7295 4489 7296 4489 7274 4489 7297 4489 7282 4489 7278 4489 7296 4489 7297 4489 7278 4489 7297 4489 5234 4489 7282 4489 7297 5433 7298 5433 5234 5433 7298 5434 1812 5434 5234 5434 7299 4489 7280 4489 1811 4489 1820 5435 7299 5435 1811 5435 7299 4489 7300 4489 7280 4489 7300 4489 7275 4489 7280 4489 7301 4489 7276 4489 7275 4489 7300 4489 7301 4489 7275 4489 7302 4489 7277 4489 7276 4489 7301 4489 7302 4489 7276 4489 7302 4489 5240 4489 7277 4489 7302 5436 5314 5436 5240 5436 7298 4489 5241 4489 1812 4489 7303 4489 1818 4489 5241 4489 7298 4489 7303 4489 5241 4489 7303 4489 1815 4489 1818 4489 7303 5437 1820 5437 1815 5437 7303 4489 7299 4489 1820 4489 5244 4489 7286 4489 5221 4489 5315 4489 7287 4489 7286 4489 5244 4489 5315 4489 7286 4489 1859 4489 1851 4489 7287 4489 1851 4489 1843 4489 7287 4489 1843 4489 1835 4489 7287 4489 1835 4489 1824 4489 7287 4489 5315 4489 1885 4489 7287 4489 1885 4489 1881 4489 7287 4489 1881 5438 1877 5438 7287 5438 1877 4489 1873 4489 7287 4489 1873 4489 1867 4489 7287 4489 1867 4489 1859 4489 7287 4489 1822 5439 7288 5439 7287 5439 1824 4489 1822 4489 7287 4489 1912 5440 1916 5440 7288 5440 1822 4489 1832 4489 7288 4489 1832 4489 1840 4489 7288 4489 1840 4489 1848 4489 7288 4489 1848 4489 1856 4489 7288 4489 1856 5441 1913 5441 7288 5441 1913 4489 1912 4489 7288 4489 1916 4489 7304 4489 7288 4489 7304 4489 7305 4489 7288 4489 7305 4489 7289 4489 7288 4489 7305 4489 7306 4489 7289 4489 7306 4489 7290 4489 7289 4489 5404 5442 5400 5442 7290 5442 5400 4489 5396 4489 7290 4489 5396 5443 5392 5443 7290 5443 5392 4489 7291 4489 7290 4489 7306 4489 5411 4489 7290 4489 5411 4489 5404 4489 7290 4489 5387 4489 5382 4489 7291 4489 5382 4489 5378 4489 7291 4489 5378 4489 5374 4489 7291 4489 5374 4489 5375 4489 7291 4489 5375 4489 7292 4489 7291 4489 5392 4489 5391 4489 7291 4489 5391 4489 5387 4489 7291 4489 5375 4489 5379 4489 7292 4489 5379 4489 5383 4489 7292 4489 5383 4489 5388 4489 7292 4489 5388 4489 5393 4489 7292 4489 5393 4489 5397 4489 7292 4489 5397 4489 5401 4489 7292 4489 5401 4489 7307 4489 7292 4489 7307 4489 7308 4489 7292 4489 7308 4489 7293 4489 7292 4489 7308 4489 7309 4489 7293 4489 7309 4489 7294 4489 7293 4489 5318 4489 7295 4489 7294 4489 5324 4489 5322 4489 7294 4489 5322 5444 5320 5444 7294 5444 5320 4489 5318 4489 7294 4489 5334 4489 5332 4489 7294 4489 5332 4489 5330 4489 7294 4489 5330 4489 5328 4489 7294 4489 5328 5445 5326 5445 7294 5445 5326 5446 5324 5446 7294 5446 7309 4489 5336 4489 7294 4489 5336 4489 5334 4489 7294 4489 7310 4489 7296 4489 7295 4489 7311 4489 7310 4489 7295 4489 5318 4489 5316 4489 7295 4489 5316 4489 5317 4489 7295 4489 5317 4489 5319 4489 7295 4489 5319 5447 5321 5447 7295 5447 5321 4489 5323 4489 7295 4489 5323 4489 5325 4489 7295 4489 5325 5448 5327 5448 7295 5448 5327 4489 5329 4489 7295 4489 5329 4489 5331 4489 7295 4489 5331 4489 5333 4489 7295 4489 5333 4489 5335 4489 7295 4489 5335 4489 7311 4489 7295 4489 7312 4489 7297 4489 7296 4489 7310 4489 7312 4489 7296 4489 7313 4489 7298 4489 7297 4489 7312 4489 7313 4489 7297 4489 5380 4489 7303 4489 7298 4489 5384 4489 5380 4489 7298 4489 5415 4489 5407 4489 7298 4489 5407 5449 5402 5449 7298 5449 5402 4489 5398 4489 7298 4489 5398 4489 5394 4489 7298 4489 5394 4489 5389 4489 7298 4489 5389 5450 5384 5450 7298 5450 7313 4489 5415 4489 7298 4489 7314 4489 7299 4489 7303 4489 7315 4489 7314 4489 7303 4489 5376 4489 5377 4489 7303 4489 5377 5451 5381 5451 7303 5451 5381 4489 5385 4489 7303 4489 5380 4489 5376 4489 7303 4489 5385 4489 5390 4489 7303 4489 5390 5452 5395 5452 7303 5452 5395 5453 5399 5453 7303 5453 5399 4489 5403 4489 7303 4489 5403 4489 5409 4489 7303 4489 5409 4489 7315 4489 7303 4489 7314 4489 7316 4489 7299 4489 7316 4489 7300 4489 7299 4489 7316 4489 1925 4489 7300 4489 1925 4489 1921 4489 7300 4489 1921 5454 1917 5454 7300 5454 1917 4489 1865 4489 7300 4489 1865 4489 1864 4489 7300 4489 1864 4489 1857 4489 7300 4489 1849 5455 7301 5455 7300 5455 1857 4489 1849 4489 7300 4489 1846 5456 1854 5456 7301 5456 1849 4489 1841 4489 7301 4489 1841 5457 1833 5457 7301 5457 1833 5458 1829 5458 7301 5458 1829 5459 1827 5459 7301 5459 1827 4489 1838 4489 7301 4489 1838 5460 1846 5460 7301 5460 1862 4489 7302 4489 7301 4489 1854 4489 1862 4489 7301 4489 1880 5461 1884 5461 7302 5461 1862 5462 1872 5462 7302 5462 1872 5463 1870 5463 7302 5463 1870 4489 1876 4489 7302 4489 1876 4489 1880 4489 7302 4489 1884 4489 5373 4489 7302 4489 5373 4489 5314 4489 7302 4489 7309 5464 5340 5464 5336 5464 5339 4489 7311 4489 5335 4489 5315 5465 1889 5465 1885 5465 1888 5466 5373 5466 1884 5466 7309 4489 5344 4489 5340 4489 5343 4489 7311 4489 5339 4489 5315 4489 1893 4489 1889 4489 1892 4489 5373 4489 1888 4489 7309 5467 5348 5467 5344 5467 5347 4489 7311 4489 5343 4489 5315 5468 1897 5468 1893 5468 1896 4489 5373 4489 1892 4489 7309 5469 5352 5469 5348 5469 5351 5470 7311 5470 5347 5470 5315 5471 1901 5471 1897 5471 1900 4489 5373 4489 1896 4489 7309 5472 5356 5472 5352 5472 5355 4489 7311 4489 5351 4489 5315 5473 1905 5473 1901 5473 1904 4489 5410 4489 1900 4489 5410 4489 5373 4489 1900 4489 7309 5474 5360 5474 5356 5474 5359 4489 7311 4489 5355 4489 7309 5475 5366 5475 5360 5475 5363 5476 7311 5476 5359 5476 1908 4489 3 4489 1904 4489 3 4489 5410 4489 1904 4489 5315 4489 1906 4489 1905 4489 1953 5477 3 5477 1908 5477 7309 4489 5370 4489 5366 4489 5369 4489 7311 4489 5363 4489 7309 5478 5372 5478 5370 5478 5372 4489 7311 4489 5369 4489 7309 5479 7311 5479 5372 5479 1920 4489 7304 4489 1916 4489 5386 4489 1906 4489 5315 4489 1924 4489 7304 4489 1920 4489 7316 5480 1929 5480 1925 5480 1928 4489 7304 4489 1924 4489 7316 5481 1933 5481 1929 5481 5406 4489 7307 4489 5401 4489 1932 4489 7304 4489 1928 4489 7316 5482 1937 5482 1933 5482 7306 5483 5419 5483 5411 5483 5414 4489 7307 4489 5406 4489 7313 5484 5423 5484 5415 5484 5418 4489 7315 4489 5409 4489 7306 4489 5427 4489 5419 4489 5422 4489 7307 4489 5414 4489 7313 4489 5431 4489 5423 4489 5426 4489 7315 4489 5418 4489 1936 5485 7304 5485 1932 5485 7316 5486 1941 5486 1937 5486 7306 5487 5435 5487 5427 5487 5430 4489 7307 4489 5422 4489 7313 5488 5439 5488 5431 5488 5434 4489 7315 4489 5426 4489 1940 4489 7304 4489 1936 4489 7316 5489 1945 5489 1941 5489 7306 5490 5443 5490 5435 5490 5438 4489 7307 4489 5430 4489 7313 5491 5447 5491 5439 5491 5442 4489 7315 4489 5434 4489 1944 5492 7304 5492 1940 5492 7316 5493 1949 5493 1945 5493 7306 5494 5451 5494 5443 5494 5446 4489 7307 4489 5438 4489 7313 5495 5455 5495 5447 5495 5450 4489 7315 4489 5442 4489 7306 5496 5460 5496 5451 5496 5454 4489 7307 4489 5446 4489 7313 5497 5464 5497 5455 5497 5458 5498 7315 5498 5450 5498 1948 4489 7304 4489 1944 4489 7316 5499 1956 5499 1949 5499 5386 5500 5478 5500 1906 5500 1952 5501 3 5501 1953 5501 7306 5502 5468 5502 5460 5502 5463 4489 7307 4489 5454 4489 7313 5503 5473 5503 5464 5503 5467 5504 7315 5504 5458 5504 1955 4489 7304 4489 1948 4489 7316 5505 1962 5505 1956 5505 7306 5506 5479 5506 5468 5506 5472 4489 7307 4489 5463 4489 7313 5507 5485 5507 5473 5507 5476 4489 7315 4489 5467 4489 5386 5508 5490 5508 5478 5508 1959 4489 3 4489 1952 4489 7317 4489 5481 4489 5479 4489 7306 4489 7317 4489 5479 4489 7317 5509 5491 5509 5481 5509 5484 4489 7307 4489 5472 4489 7313 5510 5495 5510 5485 5510 5488 4489 7315 4489 5476 4489 1961 4489 7304 4489 1955 4489 7316 5511 1968 5511 1962 5511 5386 5512 5506 5512 5490 5512 1965 4489 3 4489 1959 4489 7317 5513 5499 5513 5491 5513 5494 4489 7307 4489 5484 4489 7313 5514 5502 5514 5495 5514 5498 5515 7315 5515 5488 5515 1967 5516 7304 5516 1961 5516 7316 5517 1976 5517 1968 5517 7317 5518 5501 5518 5499 5518 5501 5519 7307 5519 5494 5519 7313 5520 5504 5520 5502 5520 5504 4489 7315 4489 5498 4489 5386 5521 5510 5521 5506 5521 1971 5522 3 5522 1965 5522 7317 5523 7307 5523 5501 5523 7313 5524 7315 5524 5504 5524 5508 4489 5510 4489 5386 4489 5508 5525 5531 5525 5510 5525 1975 4489 5539 4489 1967 4489 5539 4489 7318 4489 1967 4489 7318 4489 7304 4489 1967 4489 7318 4489 7319 4489 7304 4489 7319 4489 7305 4489 7304 4489 7319 4489 7320 4489 7305 4489 7320 4489 7306 4489 7305 4489 7320 4489 7321 4489 7306 4489 7321 4489 7317 4489 7306 4489 7321 4489 7322 4489 7317 4489 7322 4489 7307 4489 7317 4489 7322 4489 7323 4489 7307 4489 7323 4489 7308 4489 7307 4489 7323 4489 7324 4489 7308 4489 7324 4489 7309 4489 7308 4489 7324 4489 7325 4489 7309 4489 7325 4489 7311 4489 7309 4489 7325 4489 7326 4489 7311 4489 7326 4489 7310 4489 7311 4489 7326 4489 7327 4489 7310 4489 7327 4489 7312 4489 7310 4489 7327 4489 7328 4489 7312 4489 7328 4489 7313 4489 7312 4489 7328 4489 7329 4489 7313 4489 7329 4489 7315 4489 7313 4489 7329 4489 7330 4489 7315 4489 7330 4489 7314 4489 7315 4489 7330 4489 7331 4489 7314 4489 7331 4489 7316 4489 7314 4489 7331 4489 1976 4489 7316 4489 7331 4489 5544 4489 1976 4489 5544 5526 1978 5526 1976 5526 1982 4489 4 4489 1971 4489 4 4489 3 4489 1971 4489 1973 5527 5535 5527 1975 5527 5535 4489 5537 4489 1975 4489 5537 4489 5539 4489 1975 4489 5544 4489 5540 4489 1978 4489 5540 5528 1980 5528 1978 5528 5534 5529 1973 5529 5531 5529 5508 5530 5534 5530 5531 5530 1980 4489 5538 4489 1982 4489 5538 4489 5536 4489 1982 4489 5536 5531 4 5531 1982 5531 5534 5532 5535 5532 1973 5532 5540 5533 5538 5533 1980 5533 5542 5534 7318 5534 5539 5534 7331 5535 5617 5535 5544 5535 5546 5536 7318 5536 5542 5536 5546 4489 7332 4489 7318 4489 5662 4489 5658 4489 7318 4489 5678 4489 5674 4489 7318 4489 7332 4489 5686 4489 7318 4489 5686 4489 5682 4489 7318 4489 5682 4489 5678 4489 7318 4489 5674 4489 5670 4489 7318 4489 5670 5537 5666 5537 7318 5537 5666 4489 5662 4489 7318 4489 5658 4489 5654 4489 7318 4489 5654 4489 5650 4489 7318 4489 5650 5538 7319 5538 7318 5538 5647 4489 5651 4489 7319 4489 5667 5539 5671 5539 7319 5539 5663 4489 5667 4489 7319 4489 5671 5540 5675 5540 7319 5540 5675 4489 5679 4489 7319 4489 5679 4489 5683 4489 7319 4489 5651 4489 5655 4489 7319 4489 5655 4489 5659 4489 7319 4489 5659 4489 5663 4489 7319 4489 5630 5541 7320 5541 7319 5541 7333 4489 5630 4489 7319 4489 5683 4489 7333 4489 7319 4489 5650 4489 5646 4489 7319 4489 5646 4489 5647 4489 7319 4489 5632 4489 7321 4489 7320 4489 5631 4489 5632 4489 7320 4489 5630 4489 5631 4489 7320 4489 5633 5542 5625 5542 7321 5542 5625 5543 5621 5543 7321 5543 5621 5544 5622 5544 7321 5544 5622 4489 5626 4489 7321 4489 5626 5545 7322 5545 7321 5545 5632 4489 5633 4489 7321 4489 5626 4489 5634 4489 7322 4489 5634 4489 5635 4489 7322 4489 5635 4489 7323 4489 7322 4489 5635 4489 5636 4489 7323 4489 5636 4489 7324 4489 7323 4489 5636 4489 5637 4489 7324 4489 5637 4489 7325 4489 7324 4489 5637 4489 5638 4489 7325 4489 5638 4489 7326 4489 7325 4489 5638 4489 5639 4489 7326 4489 5639 4489 7327 4489 7326 4489 5639 4489 5640 4489 7327 4489 5640 4489 7328 4489 7327 4489 5627 4489 7329 4489 7328 4489 5640 4489 5641 4489 7328 4489 5641 4489 5627 4489 7328 4489 5624 4489 5628 4489 7329 4489 5628 4489 5642 4489 7329 4489 5642 4489 7330 4489 7329 4489 5627 4489 5623 4489 7329 4489 5623 4489 5624 4489 7329 4489 5642 5546 5643 5546 7330 5546 5643 4489 7334 4489 7330 4489 5664 4489 5660 4489 7330 4489 5660 4489 5656 4489 7330 4489 5656 4489 5652 4489 7330 4489 5680 4489 5676 4489 7330 4489 7334 4489 5690 4489 7330 4489 5690 4489 5684 4489 7330 4489 5684 4489 5680 4489 7330 4489 5676 4489 5672 4489 7330 4489 5672 4489 5668 4489 7330 4489 5668 5547 5664 5547 7330 5547 5652 4489 5648 4489 7330 4489 5648 4489 7331 4489 7330 4489 7335 4489 5800 4489 7331 4489 5800 4489 5620 4489 7331 4489 5620 4489 5617 4489 7331 4489 5649 4489 5653 4489 7331 4489 5665 5548 5669 5548 7331 5548 5669 4489 5673 4489 7331 4489 5673 4489 5677 4489 7331 4489 5648 4489 5649 4489 7331 4489 5653 4489 5657 4489 7331 4489 5657 4489 5661 4489 7331 4489 5661 4489 5665 4489 7331 4489 5677 4489 5681 4489 7331 4489 5681 4489 5685 4489 7331 4489 5685 4489 7335 4489 7331 4489 5618 4489 7332 4489 5546 4489 7333 4489 5777 4489 5630 4489 5645 4489 7334 4489 5643 4489 7332 5549 5694 5549 5686 5549 5689 4489 7333 4489 5683 4489 7334 5550 5698 5550 5690 5550 5693 4489 7335 4489 5685 4489 7332 4489 5702 4489 5694 4489 5697 5551 7333 5551 5689 5551 7334 4489 5706 4489 5698 4489 5701 4489 7335 4489 5693 4489 7332 5552 5710 5552 5702 5552 5705 5553 7333 5553 5697 5553 7334 5554 5714 5554 5706 5554 5709 4489 7335 4489 5701 4489 7332 5555 5718 5555 5710 5555 5713 4489 7333 4489 5705 4489 7334 5556 5722 5556 5714 5556 5717 5557 7335 5557 5709 5557 7332 5558 5726 5558 5718 5558 5721 4489 7333 4489 5713 4489 7334 5559 5730 5559 5722 5559 5725 4489 7335 4489 5717 4489 7332 5560 5734 5560 5726 5560 5729 4489 7333 4489 5721 4489 7334 5561 5738 5561 5730 5561 5733 4489 7335 4489 5725 4489 7332 5562 5742 5562 5734 5562 5737 4489 7333 4489 5729 4489 7334 4489 5746 4489 5738 4489 5741 4489 7335 4489 5733 4489 7332 4489 5750 4489 5742 4489 5745 4489 7333 4489 5737 4489 7334 4489 5753 4489 5746 4489 5749 4489 7335 4489 5741 4489 7332 4489 5752 4489 5750 4489 5752 4489 7333 4489 5745 4489 7334 5563 5755 5563 5753 5563 7334 4489 7335 4489 5749 4489 5755 4489 7334 4489 5749 4489 7332 5564 7333 5564 5752 5564 7336 4489 7332 4489 5618 4489 5758 4489 7336 4489 5618 4489 5809 4489 5805 4489 7332 4489 5805 5565 7333 5565 7332 5565 5825 5566 5821 5566 7332 5566 5821 4489 5817 4489 7332 4489 5817 4489 5813 4489 7332 4489 5813 4489 5809 4489 7332 4489 7336 4489 5834 4489 7332 4489 5834 4489 5829 4489 7332 4489 5829 4489 5825 4489 7332 4489 5952 4489 5777 4489 7333 4489 5805 4489 5801 4489 7333 4489 5801 4489 5802 4489 7333 4489 5802 4489 5806 4489 7333 4489 5806 4489 5810 4489 7333 4489 5810 4489 5814 4489 7333 4489 5814 4489 5818 4489 7333 4489 5818 4489 5822 4489 7333 4489 5822 5567 5826 5567 7333 5567 7337 4489 5952 4489 7333 4489 5831 4489 7337 4489 7333 4489 5826 5568 5831 5568 7333 5568 7338 4489 7334 4489 5645 4489 5780 4489 7338 4489 5645 4489 5811 4489 5807 4489 7334 4489 5807 4489 5803 4489 7334 4489 5803 4489 7335 4489 7334 4489 5827 4489 5823 4489 7334 4489 5823 5569 5819 5569 7334 5569 5819 4489 5815 4489 7334 4489 5815 4489 5811 4489 7334 4489 7338 4489 5838 4489 7334 4489 5838 4489 5832 4489 7334 4489 5832 4489 5827 4489 7334 4489 7339 4489 5987 4489 7335 4489 5987 4489 5800 4489 7335 4489 5803 4489 5804 4489 7335 4489 5804 4489 5808 4489 7335 4489 5808 4489 5812 4489 7335 4489 5812 4489 5816 4489 7335 4489 5816 4489 5820 4489 7335 4489 5820 5570 5824 5570 7335 5570 5824 4489 5828 4489 7335 4489 5828 4489 7339 4489 7335 4489 5833 4489 7339 4489 5828 4489 7336 5571 5842 5571 5834 5571 5837 4489 7337 4489 5831 4489 7338 5572 5846 5572 5838 5572 5841 4489 7339 4489 5833 4489 7336 4489 5850 4489 5842 4489 5845 4489 7337 4489 5837 4489 7338 4489 5854 4489 5846 4489 5849 4489 7339 4489 5841 4489 7336 5573 5858 5573 5850 5573 5853 4489 7337 4489 5845 4489 7338 5574 5862 5574 5854 5574 5857 4489 7339 4489 5849 4489 7336 4489 5866 4489 5858 4489 5861 5575 7337 5575 5853 5575 7338 4489 5870 4489 5862 4489 5865 4489 7339 4489 5857 4489 7336 5576 5874 5576 5866 5576 5869 5577 7337 5577 5861 5577 7338 5578 5878 5578 5870 5578 5873 4489 7339 4489 5865 4489 7336 5579 5882 5579 5874 5579 5877 4489 7337 4489 5869 4489 7338 5580 5886 5580 5878 5580 5881 5581 7339 5581 5873 5581 7336 5582 5890 5582 5882 5582 5885 4489 7337 4489 5877 4489 7338 5583 5894 5583 5886 5583 5889 4489 7339 4489 5881 4489 7336 5584 5898 5584 5890 5584 5893 4489 7337 4489 5885 4489 7338 5585 5902 5585 5894 5585 5897 4489 7339 4489 5889 4489 7336 5586 5906 5586 5898 5586 5901 4489 7337 4489 5893 4489 7338 4489 5910 4489 5902 4489 5905 4489 7339 4489 5897 4489 7336 4489 5914 4489 5906 4489 5909 4489 7337 4489 5901 4489 7338 4489 5917 4489 5910 4489 5913 4489 7339 4489 5905 4489 7336 4489 5916 4489 5914 4489 5916 4489 7337 4489 5909 4489 7338 5587 5919 5587 5917 5587 5919 4489 7339 4489 5913 4489 7336 5588 7337 5588 5916 5588 7338 4489 7339 4489 5919 4489 5921 4489 7336 4489 5758 4489 5989 5589 7337 5589 7336 5589 5994 4489 5989 4489 7336 4489 5998 5590 5994 5590 7336 5590 6026 4489 6022 4489 7336 4489 6178 4489 6038 4489 7336 4489 6038 5591 6031 5591 7336 5591 6031 4489 6026 4489 7336 4489 6010 5592 6006 5592 7336 5592 6006 4489 6002 4489 7336 4489 6002 5593 5998 5593 7336 5593 6022 4489 6018 4489 7336 4489 6018 4489 6014 4489 7336 4489 6014 5594 6010 5594 7336 5594 5921 5595 6106 5595 7336 5595 6106 4489 6116 4489 7336 4489 6116 4489 6130 4489 7336 4489 6130 5596 6175 5596 7336 5596 6175 4489 6177 4489 7336 4489 6177 4489 6178 4489 7336 4489 5989 4489 5988 4489 7337 4489 5988 4489 5990 4489 7337 4489 5990 4489 5995 4489 7337 4489 5995 4489 5999 4489 7337 4489 5999 5597 6003 5597 7337 5597 6003 5598 6007 5598 7337 5598 6007 4489 6011 4489 7337 4489 6011 4489 6015 4489 7337 4489 6015 5599 6019 5599 7337 5599 6019 4489 6023 4489 7337 4489 6023 4489 6027 4489 7337 4489 6027 4489 7340 4489 7337 4489 7340 4489 6100 4489 7337 4489 6100 4489 5952 4489 7337 4489 5954 4489 7338 4489 5780 4489 6000 4489 5996 4489 7338 4489 5996 4489 5992 4489 7338 4489 5992 5600 5991 5600 7338 5600 5991 5601 7339 5601 7338 5601 6035 4489 6028 4489 7338 4489 6028 4489 6024 4489 7338 4489 6012 4489 6008 4489 7338 4489 6008 5602 6004 5602 7338 5602 6004 4489 6000 4489 7338 4489 6024 5603 6020 5603 7338 5603 6020 4489 6016 4489 7338 4489 6016 4489 6012 4489 7338 4489 7341 4489 6035 4489 7338 4489 5954 4489 7341 4489 7338 4489 6092 4489 6091 4489 7339 4489 6091 4489 5987 4489 7339 4489 6176 5604 6131 5604 7339 5604 6180 4489 6176 4489 7339 4489 6131 5605 6117 5605 7339 5605 6117 4489 6107 4489 7339 4489 6107 4489 6092 4489 7339 4489 5991 4489 5993 4489 7339 4489 5993 4489 5997 4489 7339 4489 5997 4489 6001 4489 7339 4489 6001 4489 6005 4489 7339 4489 6005 5606 6009 5606 7339 5606 6009 5607 6013 5607 7339 5607 6013 4489 6017 4489 7339 4489 6017 4489 6021 4489 7339 4489 6021 4489 6025 4489 7339 4489 6025 4489 6029 4489 7339 4489 6029 4489 6180 4489 7339 4489 6033 5608 7340 5608 6027 5608 7341 5609 6042 5609 6035 5609 6036 5610 6180 5610 6029 5610 6178 5611 6046 5611 6038 5611 6040 5612 7340 5612 6033 5612 7341 4489 6050 4489 6042 4489 6044 5613 6180 5613 6036 5613 6178 5614 6054 5614 6046 5614 6048 5615 7340 5615 6040 5615 7341 5616 6058 5616 6050 5616 6052 4489 6180 4489 6044 4489 6178 5617 6063 5617 6054 5617 6056 5618 7340 5618 6048 5618 7341 5619 6067 5619 6058 5619 6060 4489 6180 4489 6052 4489 6178 5620 6072 5620 6063 5620 6065 5621 7340 5621 6056 5621 7341 5622 6076 5622 6067 5622 6181 5623 6180 5623 6060 5623 6069 4489 6181 4489 6060 4489 6184 5624 6083 5624 6072 5624 6179 5625 6184 5625 6072 5625 6178 5626 6179 5626 6072 5626 6074 5627 7340 5627 6065 5627 7341 5628 6087 5628 6076 5628 6182 5625 6181 5625 6069 5625 6080 4489 6182 4489 6069 4489 6183 4489 6094 4489 6083 4489 6184 4489 6183 4489 6083 4489 6085 4489 7340 4489 6074 4489 7341 5629 6097 5629 6087 5629 6251 4489 6182 4489 6080 4489 6090 4489 6251 4489 6080 4489 6183 5630 6095 5630 6094 5630 6095 4489 6183 4489 6085 4489 6183 4489 7340 4489 6085 4489 7341 5631 6098 5631 6097 5631 7341 4489 6251 4489 6090 4489 6098 5632 7341 5632 6090 5632 7340 5633 6103 5633 6100 5633 6101 4489 7341 4489 5954 4489 7340 5634 6109 5634 6103 5634 6105 4489 7341 4489 6101 4489 7340 4489 6113 4489 6109 4489 6111 5635 7341 5635 6105 5635 7340 4489 6119 4489 6113 4489 6115 5636 7341 5636 6111 5636 7340 5637 6123 5637 6119 5637 6121 4489 7341 4489 6115 4489 7340 5638 6127 5638 6123 5638 6125 4489 7341 4489 6121 4489 7340 4489 6133 4489 6127 4489 6129 4489 7341 4489 6125 4489 7340 5639 6137 5639 6133 5639 6135 4489 7341 4489 6129 4489 7340 5640 6141 5640 6137 5640 6139 5641 7341 5641 6135 5641 7340 5642 6146 5642 6141 5642 6143 5643 7341 5643 6139 5643 7340 5644 6149 5644 6146 5644 7342 4489 7343 4489 6149 4489 7340 4489 7342 4489 6149 4489 7343 4489 6152 4489 6149 4489 7344 4489 6155 4489 6152 4489 7343 4489 7344 4489 6152 4489 7344 4489 7345 4489 6155 4489 7345 4489 6158 4489 6155 4489 7345 4489 7346 4489 6158 4489 7346 4489 6161 4489 6158 4489 7346 4489 7347 4489 6161 4489 7347 4489 6164 4489 6161 4489 7347 4489 7348 4489 6164 4489 7348 4489 6167 4489 6164 4489 7349 4489 6170 4489 6167 4489 7348 4489 7349 4489 6167 4489 7350 4489 6173 4489 6170 4489 7349 4489 7350 4489 6170 4489 7350 4489 7351 4489 6173 4489 7351 4489 6174 4489 6173 4489 7351 4489 6143 4489 6174 4489 7351 4489 7341 4489 6143 4489 6186 4489 7340 4489 6183 4489 6186 4489 7342 4489 7340 4489 6368 4489 6370 4489 7342 4489 6366 4489 6368 4489 7342 4489 6186 4489 6273 4489 7342 4489 6273 4489 6366 4489 7342 4489 6370 4489 7343 4489 7342 4489 6370 5645 6372 5645 7343 5645 6372 5646 6373 5646 7343 5646 6373 4489 7352 4489 7343 4489 6269 4489 6264 4489 7343 4489 6252 4489 7344 4489 7343 4489 6264 4489 6260 4489 7343 4489 6260 4489 6256 4489 7343 4489 6256 4489 6252 4489 7343 4489 6286 4489 6282 4489 7343 4489 7352 4489 6294 4489 7343 4489 6294 4489 6290 4489 7343 4489 6290 4489 6286 4489 7343 4489 6282 4489 6278 4489 7343 4489 6278 5647 6274 5647 7343 5647 6274 5648 6269 5648 7343 5648 6252 4489 6253 4489 7344 4489 6253 4489 6257 4489 7344 4489 6257 4489 6261 4489 7344 4489 6275 4489 6279 4489 7344 4489 6261 4489 6265 4489 7344 4489 6265 4489 6270 4489 7344 4489 6270 5649 6275 5649 7344 5649 6279 4489 6283 4489 7344 4489 6283 5650 6287 5650 7344 5650 6287 4489 6291 4489 7344 4489 7353 4489 7345 4489 7344 4489 7354 4489 7353 4489 7344 4489 6291 4489 7354 4489 7344 4489 7355 4489 7346 4489 7345 4489 7353 4489 7355 4489 7345 4489 7356 4489 7347 4489 7346 4489 7355 4489 7356 4489 7346 4489 7357 4489 7348 4489 7347 4489 7356 4489 7357 4489 7347 4489 7358 4489 7349 4489 7348 4489 7357 4489 7358 4489 7348 4489 7359 4489 7350 4489 7349 4489 7358 4489 7359 4489 7349 4489 6262 5651 6258 5651 7350 5651 6288 4489 6284 4489 7350 4489 6284 4489 6280 4489 7350 4489 6280 4489 6276 4489 7350 4489 6276 4489 6271 4489 7350 4489 6271 5652 6266 5652 7350 5652 6266 5653 6262 5653 7350 5653 7359 4489 6298 4489 7350 4489 6298 4489 6292 4489 7350 4489 6292 4489 6288 4489 7350 4489 6258 5654 6254 5654 7350 5654 6254 4489 7351 4489 7350 4489 6374 4489 6371 4489 7351 4489 6375 4489 6374 4489 7351 4489 6371 4489 6369 4489 7351 4489 6369 4489 6367 4489 7351 4489 6367 4489 7341 4489 7351 4489 6254 5655 6255 5655 7351 5655 6255 4489 6259 4489 7351 4489 6259 4489 6263 4489 7351 4489 6263 4489 6267 4489 7351 4489 6267 4489 6272 4489 7351 4489 6272 4489 6277 4489 7351 4489 6277 4489 6281 4489 7351 4489 6281 4489 6285 4489 7351 4489 6285 5656 6289 5656 7351 5656 6289 4489 6293 4489 7351 4489 6293 4489 6375 4489 7351 4489 6367 4489 6268 4489 7341 4489 6268 4489 6251 4489 7341 4489 7352 5657 6301 5657 6294 5657 6297 5658 7354 5658 6291 5658 7359 5659 6305 5659 6298 5659 6300 5660 6375 5660 6293 5660 7352 4489 6309 4489 6301 4489 6304 4489 7354 4489 6297 4489 7359 4489 6313 4489 6305 4489 6308 4489 6375 4489 6300 4489 7352 5661 6317 5661 6309 5661 6312 4489 7354 4489 6304 4489 7359 5662 6321 5662 6313 5662 6316 4489 6375 4489 6308 4489 7352 5663 6325 5663 6317 5663 6320 5664 7354 5664 6312 5664 7359 5665 6329 5665 6321 5665 6324 4489 6375 4489 6316 4489 7352 5666 6333 5666 6325 5666 6328 4489 7354 4489 6320 4489 7359 5667 6337 5667 6329 5667 6332 4489 6375 4489 6324 4489 7352 5668 6341 5668 6333 5668 6336 4489 7354 4489 6328 4489 7359 5669 6345 5669 6337 5669 6340 4489 6375 4489 6332 4489 7352 5670 6349 5670 6341 5670 6344 4489 7354 4489 6336 4489 7359 5671 6353 5671 6345 5671 6348 4489 6377 4489 6340 4489 6377 5672 6375 5672 6340 5672 7352 5673 6360 5673 6349 5673 6352 4489 7354 4489 6344 4489 7359 5674 6363 5674 6353 5674 6359 4489 6442 4489 6348 4489 6442 4489 6380 4489 6348 4489 6380 5675 6377 5675 6348 5675 7352 4489 6362 4489 6360 4489 6362 5676 7352 5676 6352 5676 7352 4489 7354 4489 6352 4489 7359 5677 6365 5677 6363 5677 6365 4489 7359 4489 6359 4489 7359 5678 6442 5678 6359 5678 6376 4489 7352 4489 6373 4489 6379 4489 7352 4489 6376 4489 6382 5679 7352 5679 6379 5679 6477 4489 7354 4489 7352 4489 6497 4489 6493 4489 7352 4489 6493 4489 6488 4489 7352 4489 6488 4489 6481 4489 7352 4489 6481 5680 6477 5680 7352 5680 7360 4489 6509 4489 7352 4489 6509 4489 6504 4489 7352 4489 6504 5681 6497 5681 7352 5681 6382 4489 6443 4489 7352 4489 6443 4489 7360 4489 7352 4489 6477 5682 6473 5682 7354 5682 6473 5683 6468 5683 7354 5683 6468 4489 6469 4489 7354 4489 6469 4489 7353 4489 7354 4489 7361 4489 6501 4489 7353 4489 6501 4489 6485 4489 7353 4489 6485 4489 6466 4489 7353 4489 6466 5684 7355 5684 7353 5684 6474 4489 6478 4489 7353 4489 6469 5685 6472 5685 7353 5685 6472 4489 6474 4489 7353 4489 6478 4489 6482 4489 7353 4489 6482 4489 6489 4489 7353 4489 6489 4489 6494 4489 7353 4489 6494 4489 6498 4489 7353 4489 6498 4489 6506 4489 7353 4489 6506 4489 7361 4489 7353 4489 6460 4489 6458 4489 7355 4489 6463 4489 6460 4489 7355 4489 6458 4489 6456 4489 7355 4489 6456 4489 6454 4489 7355 4489 6454 4489 7356 4489 7355 4489 6466 4489 6465 4489 7355 4489 6465 4489 6463 4489 7355 4489 6455 4489 6457 4489 7356 4489 6453 4489 6455 4489 7356 4489 6454 4489 6452 4489 7356 4489 6452 5686 6453 5686 7356 5686 6457 5687 6459 5687 7356 5687 6459 4489 6461 4489 7356 4489 6461 4489 7357 4489 7356 4489 6461 4489 6462 4489 7357 4489 6462 4489 6464 4489 7357 4489 6464 5688 6467 5688 7357 5688 6467 5689 6487 5689 7357 5689 6487 5690 6503 5690 7357 5690 6503 4489 7362 4489 7357 4489 7363 4489 7358 4489 7357 4489 7362 4489 7363 4489 7357 4489 6507 4489 6499 4489 7358 4489 6499 4489 6495 4489 7358 4489 6495 4489 6490 4489 7358 4489 6490 4489 6483 4489 7358 4489 6483 4489 6479 4489 7358 4489 7363 4489 6524 4489 7358 4489 6524 4489 6512 4489 7358 4489 6512 4489 6507 4489 7358 4489 6475 4489 7359 4489 7358 4489 6479 4489 6475 4489 7358 4489 6476 4489 6480 4489 7359 4489 6480 5691 6484 5691 7359 5691 6484 4489 6491 4489 7359 4489 6475 5692 6470 5692 7359 5692 6470 4489 6471 4489 7359 4489 6471 4489 6476 4489 7359 4489 6444 4489 6442 4489 7359 4489 6491 4489 6492 4489 7359 4489 6492 4489 6451 4489 7359 4489 6451 4489 6444 4489 7359 4489 6445 4489 7360 4489 6443 4489 6492 4489 6496 4489 6451 4489 6496 4489 6500 4489 6451 4489 6500 4489 6665 4489 6451 4489 7361 5693 6516 5693 6501 5693 6508 5694 6665 5694 6500 5694 7360 5695 6520 5695 6509 5695 6511 5696 7361 5696 6506 5696 6515 4489 6665 4489 6508 4489 7361 4489 6536 4489 6516 4489 6519 4489 7362 4489 6503 4489 7360 4489 6528 4489 6520 4489 6523 4489 7361 4489 6511 4489 7363 4489 6532 4489 6524 4489 6527 4489 6665 4489 6515 4489 7360 5697 6540 5697 6528 5697 6531 5698 7361 5698 6523 5698 7363 5699 6544 5699 6532 5699 6535 4489 6665 4489 6527 4489 7361 5700 6556 5700 6536 5700 6539 5701 7362 5701 6519 5701 7360 5702 6548 5702 6540 5702 6543 4489 7361 4489 6531 4489 7363 4489 6552 4489 6544 4489 6547 5703 6665 5703 6535 5703 7360 5704 6560 5704 6548 5704 6551 4489 7361 4489 6543 4489 7363 5705 6564 5705 6552 5705 6555 4489 6665 4489 6547 4489 7361 5706 6587 5706 6556 5706 6559 5707 7362 5707 6539 5707 7360 5708 6568 5708 6560 5708 6563 4489 7361 4489 6551 4489 7363 5709 6572 5709 6564 5709 6567 4489 6665 4489 6555 4489 7360 4489 6579 4489 6568 4489 6571 4489 7361 4489 6563 4489 7363 4489 6583 4489 6572 4489 7364 4489 6665 4489 6567 4489 6575 4489 7364 4489 6567 4489 6578 4489 7364 4489 6575 4489 7360 5710 6591 5710 6579 5710 6582 4489 7361 4489 6571 4489 7363 5711 6596 5711 6583 5711 6586 5712 7364 5712 6578 5712 7361 5713 6616 5713 6587 5713 6590 5714 7362 5714 6559 5714 7360 5715 6600 5715 6591 5715 7365 4489 7361 4489 6582 4489 6595 4489 7365 4489 6582 4489 7363 4489 6604 4489 6596 4489 6599 4489 7364 4489 6586 4489 7360 5716 7365 5716 6600 5716 7365 5717 6608 5717 6600 5717 6603 4489 7365 4489 6595 4489 7363 4489 6612 4489 6604 4489 6607 4489 7364 4489 6599 4489 7365 4489 6615 4489 6608 4489 6611 4489 7365 4489 6603 4489 7363 5718 6614 5718 6612 5718 6614 4489 7364 4489 6607 4489 6615 4489 7365 4489 6611 4489 7363 5719 7364 5719 6614 5719 7361 5720 6621 5720 6616 5720 6620 4489 7362 4489 6590 4489 7366 4489 6623 4489 6621 4489 7361 4489 7366 4489 6621 4489 7366 4489 6646 4489 6623 4489 7367 4489 7362 4489 6620 4489 6626 4489 7367 4489 6620 4489 6629 4489 7367 4489 6626 4489 6631 4489 7360 4489 6445 4489 6631 5721 6683 5721 7360 5721 6683 4489 6686 4489 7360 4489 6686 4489 6685 4489 7360 4489 6685 4489 7365 4489 7360 4489 6690 4489 6692 4489 7365 4489 6692 4489 6694 4489 7365 4489 6694 5722 6696 5722 7365 5722 6696 4489 6698 4489 7365 4489 6698 5723 6700 5723 7365 5723 6700 5724 6704 5724 7365 5724 6685 4489 6688 4489 7365 4489 6688 5725 6690 5725 7365 5725 6704 4489 6703 4489 7365 4489 6703 4489 6705 4489 7365 4489 6705 4489 7361 4489 7365 4489 6705 4489 6706 4489 7361 4489 6706 4489 7366 4489 7361 4489 6706 4489 6666 4489 7366 4489 6666 5726 6646 5726 7366 5726 6707 4489 7367 4489 6629 4489 6649 4489 6707 4489 6629 4489 6708 4489 7362 4489 7367 4489 6707 4489 6708 4489 7367 4489 6709 4489 7363 4489 7362 4489 6708 4489 6709 4489 7362 4489 6709 4489 7364 4489 7363 4489 6681 4489 6665 4489 7364 4489 6695 4489 6693 4489 7364 4489 6697 5727 6695 5727 7364 5727 6693 4489 6691 4489 7364 4489 6691 4489 6689 4489 7364 4489 6689 4489 6687 4489 7364 4489 6687 4489 6684 4489 7364 4489 6684 4489 6682 4489 7364 4489 6682 5728 6681 5728 7364 5728 6709 5729 6701 5729 7364 5729 6701 5730 6702 5730 7364 5730 6702 4489 6699 4489 7364 4489 6699 4489 6697 4489 7364 4489 6706 5731 6670 5731 6666 5731 6669 5732 6707 5732 6649 5732 6706 5733 6674 5733 6670 5733 6673 4489 6707 4489 6669 4489 6706 5734 6678 5734 6674 5734 6677 4489 6707 4489 6673 4489 6706 5735 6680 5735 6678 5735 6680 5736 6707 5736 6677 5736 6706 5737 6707 5737 6680 5737</p>
        </triangles>
      </mesh>
    </geometry>
  </library_geometries>
  <library_controllers/>
  <library_visual_scenes>
    <visual_scene id="Scene" name="Scene">
      <node id="Camera" name="Camera" type="NODE">
        <matrix sid="transform">0.6859207 -0.3240135 0.6515582 7.481132 0.7276763 0.3054208 -0.6141704 -6.50764 0 0.8953956 0.4452714 5.343665 0 0 0 1</matrix>
        <instance_camera url="#Camera-camera"/>
      </node>
      <node id="Lamp" name="Lamp" type="NODE">
        <matrix sid="transform">-0.2908646 -0.7711008 0.5663932 4.076245 0.9551712 -0.1998834 0.2183912 1.005454 -0.05518906 0.6045247 0.7946723 5.903862 0 0 0 1</matrix>
        <instance_light url="#Lamp-light"/>
      </node>
      <node id="lower_plate" name="lower_plate" type="NODE">
        <matrix sid="transform">4.80025e-5 3.89519e-5 0.0099998 -0.02618672 0.009999875 -6.06576e-7 -4.80005e-5 -0.03381645 4.19594e-7 0.009999915 -3.89543e-5 -0.008589018 0 0 0 1</matrix>
        <instance_geometry url="#lower_plate-mesh" name="lower_plate"/>
      </node>
    </visual_scene>
  </library_visual_scenes>
  <scene>
    <instance_visual_scene url="#Scene"/>
  </scene>
</COLLADA>