<?xml version="1.0" encoding="utf-8"?>
<COLLADA xmlns="http://www.collada.org/2005/11/COLLADASchema" version="1.4.1">
  <asset>
    <contributor>
      <author>Blender User</author>
      <authoring_tool>Blender 2.79.0</authoring_tool>
    </contributor>
    <created>2021-01-10T22:39:29</created>
    <modified>2021-01-10T22:39:29</modified>
    <unit name="meter" meter="1"/>
    <up_axis>Z_UP</up_axis>
  </asset>
  <library_cameras>
    <camera id="Camera-camera" name="Camera">
      <optics>
        <technique_common>
          <perspective>
            <xfov sid="xfov">49.13434</xfov>
            <aspect_ratio>1.777778</aspect_ratio>
            <znear sid="znear">0.1</znear>
            <zfar sid="zfar">100</zfar>
          </perspective>
        </technique_common>
      </optics>
      <extra>
        <technique profile="blender">
          <shiftx sid="shiftx" type="float">0</shiftx>
          <shifty sid="shifty" type="float">0</shifty>
          <YF_dofdist sid="YF_dofdist" type="float">0</YF_dofdist>
        </technique>
      </extra>
    </camera>
  </library_cameras>
  <library_lights>
    <light id="Lamp-light" name="Lamp">
      <technique_common>
        <point>
          <color sid="color">1 1 1</color>
          <constant_attenuation>1</constant_attenuation>
          <linear_attenuation>0</linear_attenuation>
          <quadratic_attenuation>0.00111109</quadratic_attenuation>
        </point>
      </technique_common>
      <extra>
        <technique profile="blender">
          <type sid="type" type="int">0</type>
          <flag sid="flag" type="int">0</flag>
          <mode sid="mode" type="int">8192</mode>
          <gamma sid="blender_gamma" type="float">1</gamma>
          <red sid="red" type="float">1</red>
          <green sid="green" type="float">1</green>
          <blue sid="blue" type="float">1</blue>
          <shadow_r sid="blender_shadow_r" type="float">0</shadow_r>
          <shadow_g sid="blender_shadow_g" type="float">0</shadow_g>
          <shadow_b sid="blender_shadow_b" type="float">0</shadow_b>
          <energy sid="blender_energy" type="float">1</energy>
          <dist sid="blender_dist" type="float">29.99998</dist>
          <spotsize sid="spotsize" type="float">75</spotsize>
          <spotblend sid="spotblend" type="float">0.15</spotblend>
          <halo_intensity sid="blnder_halo_intensity" type="float">1</halo_intensity>
          <att1 sid="att1" type="float">0</att1>
          <att2 sid="att2" type="float">1</att2>
          <falloff_type sid="falloff_type" type="int">2</falloff_type>
          <clipsta sid="clipsta" type="float">1.000799</clipsta>
          <clipend sid="clipend" type="float">30.002</clipend>
          <bias sid="bias" type="float">1</bias>
          <soft sid="soft" type="float">3</soft>
          <compressthresh sid="compressthresh" type="float">0.04999995</compressthresh>
          <bufsize sid="bufsize" type="int">2880</bufsize>
          <samp sid="samp" type="int">3</samp>
          <buffers sid="buffers" type="int">1</buffers>
          <filtertype sid="filtertype" type="int">0</filtertype>
          <bufflag sid="bufflag" type="int">0</bufflag>
          <buftype sid="buftype" type="int">2</buftype>
          <ray_samp sid="ray_samp" type="int">1</ray_samp>
          <ray_sampy sid="ray_sampy" type="int">1</ray_sampy>
          <ray_sampz sid="ray_sampz" type="int">1</ray_sampz>
          <ray_samp_type sid="ray_samp_type" type="int">0</ray_samp_type>
          <area_shape sid="area_shape" type="int">1</area_shape>
          <area_size sid="area_size" type="float">0.1</area_size>
          <area_sizey sid="area_sizey" type="float">0.1</area_sizey>
          <area_sizez sid="area_sizez" type="float">1</area_sizez>
          <adapt_thresh sid="adapt_thresh" type="float">0.000999987</adapt_thresh>
          <ray_samp_method sid="ray_samp_method" type="int">1</ray_samp_method>
          <shadhalostep sid="shadhalostep" type="int">0</shadhalostep>
          <sun_effect_type sid="sun_effect_type" type="int">0</sun_effect_type>
          <skyblendtype sid="skyblendtype" type="int">1</skyblendtype>
          <horizon_brightness sid="horizon_brightness" type="float">1</horizon_brightness>
          <spread sid="spread" type="float">1</spread>
          <sun_brightness sid="sun_brightness" type="float">1</sun_brightness>
          <sun_size sid="sun_size" type="float">1</sun_size>
          <backscattered_light sid="backscattered_light" type="float">1</backscattered_light>
          <sun_intensity sid="sun_intensity" type="float">1</sun_intensity>
          <atm_turbidity sid="atm_turbidity" type="float">2</atm_turbidity>
          <atm_extinction_factor sid="atm_extinction_factor" type="float">1</atm_extinction_factor>
          <atm_distance_factor sid="atm_distance_factor" type="float">1</atm_distance_factor>
          <skyblendfac sid="skyblendfac" type="float">1</skyblendfac>
          <sky_exposure sid="sky_exposure" type="float">1</sky_exposure>
          <sky_colorspace sid="sky_colorspace" type="int">0</sky_colorspace>
        </technique>
      </extra>
    </light>
  </library_lights>
  <library_images/>
  <library_geometries>
    <geometry id="upper_plate-mesh" name="upper plate">
      <mesh>
        <source id="upper_plate-mesh-positions">
          <float_array id="upper_plate-mesh-positions-array" count="21522">48.39132 -3.175005 -131.6454 49.54354 3.175002 -133.6507 49.54354 -3.175005 -133.6507 50.21233 3.175002 -133.2662 50.21233 -3.175005 -133.2662 49.06013 3.175002 -131.2609 49.06013 -3.175005 -131.2609 48.39132 3.175002 -131.6454 21.67744 -3.175005 -134.899 21.67859 3.175002 -136.0512 21.67859 -3.175005 -136.0512 22.44635 3.175002 -136.0489 22.44635 -3.175005 -136.0489 22.44522 3.175002 -134.8967 22.44522 -3.175005 -134.8967 21.67744 3.175002 -134.899 36.22954 3.175002 -134.8165 36.22954 -3.175005 -134.8165 36.99731 -3.175005 -134.8142 36.99731 3.175002 -134.8142 36.99845 -3.175005 -135.582 36.99845 3.175002 -135.582 36.23069 -3.175005 -135.5842 36.23069 3.175002 -135.5842 15.17015 3.175002 -135.6645 15.17015 -3.175005 -135.6645 14.40239 -3.175005 -135.6668 14.40239 3.175002 -135.6668 14.40124 -3.175005 -134.899 15.169 -3.175005 -134.8967 15.169 3.175002 -134.8967 14.40124 3.175002 -134.899 65.69295 3.175002 83.70178 64.51366 -3.175005 84.88105 65.69295 -3.175005 83.70178 33.98324 -3.175005 115.4115 33.98324 3.175002 115.4115 28.68243 -3.175005 120.7123 28.68243 3.175002 120.7123 -42.525 -3.175005 -143.4299 -42.61793 -3.175005 -135.9905 -44.88732 -3.175005 -143.4299 -45.30891 -3.175005 -135.9905 -48.86075 -3.175005 -143.1172 -44.88732 3.175002 -143.4299 -42.525 -3.175005 -131.9674 -21.78974 -3.175005 -131.9674 -21.78974 -3.175005 -143.4299 -42.525 3.175002 -143.4299 2.01968 -3.175005 -131.9674 2.01968 -3.175005 -143.4299 -21.78974 3.175002 -143.4299 14.21472 -3.175005 -138.3545 12.58364 -3.175005 -138.3568 13.5129 -3.175005 -136.6973 15.17469 -3.175005 -138.3522 16.71023 -3.175005 -138.35 19.85174 -3.175005 -143.4299 12.86685 -3.175005 -136.0535 2.01968 3.175002 -143.4299 44.01269 -3.175005 -143.4299 37.00301 -3.175005 -138.2697 36.04302 -3.175005 -138.272 34.41195 -3.175005 -138.2743 30.49485 -3.175005 -138.3511 28.19156 -3.175005 -138.3556 21.68313 -3.175005 -138.3545 20.14761 -3.175005 -138.3568 19.85174 -3.175005 -131.9674 16.70227 -3.175005 -133.7434 19.85174 3.175002 -143.4299 38.53853 -3.175005 -138.2674 41.94649 -3.175005 -137.7649 44.9038 -3.175005 -136.9721 46.16233 -3.175005 -143.2608 44.01269 3.175002 -143.4299 48.39928 -3.175005 -134.7517 46.16233 -3.175005 -131.9674 47.98611 -3.175005 -143.1172 45.44521 -3.175005 -136.0349 46.16233 3.175002 -143.2608 -49.17133 -3.175005 -143.0427 -48.86075 3.175002 -143.1172 -49.17133 3.175002 -143.0427 49.45254 -3.175005 -135.0361 51.86172 -3.175005 -142.1868 51.86172 3.175002 -142.1868 47.98611 3.175002 -143.1172 -49.68018 -3.175005 -135.9905 -52.73633 -3.175005 -142.1868 -49.17133 -3.175005 -131.9674 -52.73633 3.175002 -142.1868 -56.41868 -3.175005 -140.6615 55.54404 -3.175005 -140.6615 55.54404 3.175002 -140.6615 -52.33784 -3.175005 -135.9905 -59.81705 -3.175005 -138.579 -56.41868 3.175002 -140.6615 52.12551 -3.175005 -133.4994 58.94242 -3.175005 -138.579 58.94242 3.175002 -138.579 -55.16468 -3.175005 -131.9674 -60.27454 -3.175005 -138.1882 -59.81705 3.175002 -138.579 -60.27454 3.175002 -138.1882 61.9732 -3.175005 -135.9905 61.9732 3.175002 -135.9905 13.5129 3.175002 -136.6973 12.58364 3.175002 -138.3568 20.14077 -3.175005 -134.518 20.14077 3.175002 -134.518 20.14761 3.175002 -138.3568 23.9796 -3.175005 -134.5111 23.98642 -3.175005 -138.35 23.21069 -3.175005 -133.7445 27.42267 -3.175005 -137.589 22.45089 -3.175005 -138.3522 27.42267 3.175002 -137.589 28.19156 3.175002 -138.3556 15.07687 -3.175005 -136.8167 14.21472 3.175002 -138.3545 21.68084 -3.175005 -137.2023 21.68313 3.175002 -138.3545 15.17242 -3.175005 -136.8167 15.17242 3.175002 -136.8167 15.17469 3.175002 -138.3522 22.44862 -3.175005 -137.2 22.44862 3.175002 -137.2 22.45089 3.175002 -138.3522 31.26149 -3.175005 -137.5822 30.49485 3.175002 -138.3511 16.71023 3.175002 -138.35 23.98642 3.175002 -138.35 35.34121 -3.175005 -136.6148 35.34121 3.175002 -136.6148 34.41195 3.175002 -138.2743 36.90519 -3.175005 -136.7342 36.04302 3.175002 -138.272 37.00072 -3.175005 -136.7342 37.00072 3.175002 -136.7342 37.00301 3.175002 -138.2697 38.53057 -3.175005 -133.6608 38.53853 3.175002 -138.2674 -60.27454 -3.175005 -131.9674 -62.84782 -3.175005 -135.9905 -62.84782 3.175002 -135.9905 41.64962 -3.175005 -136.6559 41.64962 3.175002 -136.6559 41.94649 3.175002 -137.7649 27.42152 -3.175005 -136.8213 27.42152 3.175002 -136.8213 34.69515 -3.175005 -135.971 31.25467 -3.175005 -133.7434 31.26149 3.175002 -137.5822 21.68084 3.175002 -137.2023 29.72482 -3.175005 -137.2 28.95706 -3.175005 -136.819 28.95706 -3.175005 -137.2023 29.72482 3.175002 -137.2 28.95706 3.175002 -137.2023 29.72027 -3.175005 -134.1289 28.95251 -3.175005 -134.5157 29.72027 3.175002 -134.1289 44.9038 3.175002 -136.9721 27.41697 -3.175005 -134.518 28.95706 3.175002 -136.819 15.07687 3.175002 -136.8167 36.90519 3.175002 -136.7342 12.86685 3.175002 -136.0535 43.86761 -3.175005 -136.061 43.7186 -3.175005 -135.506 41.50063 -3.175005 -136.1008 43.86761 3.175002 -136.061 34.69515 3.175002 -135.971 41.20376 -3.175005 -134.9918 41.20376 3.175002 -134.9918 41.50063 3.175002 -136.1008 43.7186 3.175002 -135.506 12.86459 -3.175005 -134.518 12.86459 3.175002 -134.518 44.65243 -3.175005 -133.0776 45.44521 3.175002 -136.0349 -65.43634 -3.175005 -132.9597 -52.33784 3.175002 -135.9905 -52.50703 -3.175005 -131.9674 -52.50703 3.175002 -131.9674 -49.68018 3.175002 -135.9905 -46.56003 -3.175005 -131.9674 -45.30891 3.175002 -135.9905 -43.86896 -3.175005 -131.9674 -42.61793 3.175002 -135.9905 -43.86896 3.175002 -131.9674 51.24453 -3.175005 -131.9674 64.51366 -3.175005 -133.016 34.69289 -3.175005 -134.4354 34.69289 3.175002 -134.4354 48.39928 3.175002 -134.7517 49.45254 3.175002 -135.0361 43.42174 -3.175005 -134.397 43.27273 -3.175005 -133.843 41.05474 -3.175005 -134.4379 43.42174 3.175002 -134.397 46.86262 -3.175005 -132.0787 46.86262 3.175002 -132.0787 13.63121 -3.175005 -133.7491 13.63121 3.175002 -133.7491 20.90741 -3.175005 -133.7491 20.90741 3.175002 -133.7491 27.41583 -3.175005 -133.7502 27.41583 3.175002 -133.7502 27.41697 3.175002 -134.518 28.95251 -3.175005 -134.1312 28.95251 3.175002 -134.5157 23.9796 3.175002 -134.5111 40.75788 -3.175005 -133.3289 41.05474 3.175002 -134.4379 40.75788 3.175002 -133.3289 30.48575 -3.175005 -132.9768 35.45951 -3.175005 -133.6665 35.45951 3.175002 -133.6665 43.27273 3.175002 -133.843 28.95251 3.175002 -134.1312 28.18246 -3.175005 -132.9813 28.18246 3.175002 -132.9813 16.70227 3.175002 -133.7434 23.21069 3.175002 -133.7445 31.25467 3.175002 -133.7434 38.53057 3.175002 -133.6608 52.12551 3.175002 -133.4994 51.24453 3.175002 -131.9674 43.7152 -3.175005 -132.5361 43.7152 3.175002 -132.5361 44.65243 3.175002 -133.0776 64.56172 -3.175005 -132.9597 64.51366 -3.175005 -131.9674 64.51366 3.175002 -133.016 30.48575 3.175002 -132.9768 -66.04444 -3.175005 -131.9674 -65.43634 3.175002 -132.9597 -66.04444 3.175002 -131.9674 65.16982 -3.175005 -131.9674 64.56172 3.175002 -132.9597 46.89272 -3.175005 -131.9674 -67.51886 -3.175005 -129.5613 -67.51886 3.175002 -129.5613 -60.27454 -3.175005 -126.4108 -57.70627 -3.175005 -128.3502 -55.16468 3.175002 -131.9674 -51.06217 -3.175005 -128.3502 -55.04865 -3.175005 -128.3502 -55.04865 3.175002 -128.3502 -47.68815 -3.175005 -128.3399 -47.70431 -3.175005 -128.2926 -49.17133 -3.175005 -126.4108 -46.56003 3.175002 -131.9674 -43.13279 -3.175005 -128.1388 -45.05952 -3.175005 -128.1388 -45.05952 3.175002 -128.1388 -42.525 -3.175005 -126.4108 -21.78974 -3.175005 -126.4108 -5.726276 -3.175005 -129.6471 -7.262745 -3.175005 -128.6433 -2.266361 -3.175005 -130.8349 -4.045536 -3.175005 -130.3843 -8.613041 -3.175005 -127.4002 3.17091 -3.175005 -130.3843 2.01968 -3.175005 -130.6759 1.39175 -3.175005 -130.8349 -0.4373054 -3.175005 -130.9865 4.85165 -3.175005 -129.6471 6.388134 -3.175005 -128.6433 19.85174 -3.175005 -126.4108 8.508572 -3.175005 -126.4108 7.738415 -3.175005 -127.4002 46.16233 -3.175005 -126.4108 47.14696 -3.175005 -131.0266 46.89272 3.175002 -131.9674 54.79021 -3.175005 -131.3986 49.81994 -3.175005 -129.4899 49.81994 3.175002 -129.4899 57.78051 -3.175005 -128.3879 56.69314 -3.175005 -129.4832 64.51366 -3.175005 -126.4108 66.64426 -3.175005 -129.5613 65.16982 3.175002 -131.9674 51.50532 -3.175005 -128.1365 55.94584 -3.175005 -130.235 51.50532 3.175002 -128.1365 54.79021 3.175002 -131.3986 47.14696 3.175002 -131.0266 -0.4373054 3.175002 -130.9865 1.39175 3.175002 -130.8349 -2.266361 3.175002 -130.8349 2.01968 3.175002 -130.6759 3.17091 3.175002 -130.3843 -4.045536 3.175002 -130.3843 4.85165 3.175002 -129.6471 55.35436 -3.175005 -128.1535 55.94584 3.175002 -130.235 -5.726276 3.175002 -129.6471 6.388134 3.175002 -128.6433 -67.92829 -3.175005 -128.5729 -67.92829 3.175002 -128.5729 67.94927 -3.175005 -126.4108 66.64426 3.175002 -129.5613 55.35436 3.175002 -128.1535 56.69314 3.175002 -129.4832 -7.262745 3.175002 -128.6433 7.738415 3.175002 -127.4002 -67.92829 -3.175005 -126.4108 -68.82389 -3.175005 -126.4108 -68.82389 3.175002 -126.4108 55.7896 -3.175005 -126.4108 57.78051 3.175002 -128.3879 55.7896 3.175002 -126.4108 53.37456 -3.175005 -126.4108 52.59383 -3.175005 -127.0411 53.93258 -3.175005 -128.3708 53.93258 3.175002 -128.3708 -58.22898 -3.175005 -126.4108 -57.70627 3.175002 -128.3502 -51.58485 -3.175005 -126.4108 -51.06217 3.175002 -128.3502 -51.58485 3.175002 -126.4108 -47.68815 3.175002 -128.3399 -47.70431 3.175002 -128.2926 -47.80024 -3.175005 -127.9318 -47.80024 3.175002 -127.9318 -44.02576 -3.175005 -126.4655 -43.13279 3.175002 -128.1388 52.59383 3.175002 -127.0411 -47.83094 -3.175005 -127.6099 -47.83094 3.175002 -127.6099 -47.82755 -3.175005 -127.5441 -47.82755 3.175002 -127.5441 -47.80106 -3.175005 -127.3146 -47.80106 3.175002 -127.3146 -9.383213 -3.175005 -126.4108 -8.613041 3.175002 -127.4002 8.508572 3.175002 -126.4108 -47.7548 -3.175005 -127.1529 -47.7548 3.175002 -127.1529 -47.69485 -3.175005 -127.0204 -47.69485 3.175002 -127.0204 -47.61919 -3.175005 -126.9042 -47.61919 3.175002 -126.9042 -47.49305 -3.175005 -126.7611 -47.49305 3.175002 -126.7611 -47.39831 -3.175005 -126.6852 -47.39831 3.175002 -126.6852 -47.26475 -3.175005 -126.5998 -47.26475 3.175002 -126.5998 -47.08436 -3.175005 -126.5262 -47.08436 3.175002 -126.5262 -46.90291 -3.175005 -126.4834 -46.90291 3.175002 -126.4834 -46.65439 -3.175005 -126.4655 -46.65439 3.175002 -126.4655 -44.02576 3.175002 -126.4655 -69.04416 -3.175005 -125.879 -69.04416 3.175002 -125.879 -67.92829 -3.175005 -122.6468 -69.82013 -3.175005 -122.6468 -60.27454 -3.175005 -122.6468 -58.24372 -3.175005 -126.356 -58.22898 3.175002 -126.4108 -51.59962 -3.175005 -126.356 -51.59962 3.175002 -126.356 -49.17133 -3.175005 -122.6468 -42.525 -3.175005 -122.6468 -21.78974 -3.175005 -122.6468 -9.74033 -3.175005 -125.9519 -10.61385 -3.175005 -124.3378 -9.383213 3.175002 -126.4108 8.865689 -3.175005 -125.9519 8.865689 3.175002 -125.9519 19.85174 -3.175005 -122.6468 10.33514 -3.175005 -122.6019 9.739224 -3.175005 -124.3378 46.16233 -3.175005 -122.6468 53.33999 -3.175005 -126.2893 53.37456 3.175002 -126.4108 59.13944 -3.175005 -125.235 54.49561 -3.175005 -125.1257 54.49561 3.175002 -125.1257 61.3142 -3.175005 -122.9385 60.18474 -3.175005 -124.9427 68.16953 -3.175005 -125.879 64.51366 -3.175005 -122.6468 67.94927 3.175002 -126.4108 -58.24372 3.175002 -126.356 53.33999 3.175002 -126.2893 -9.74033 3.175002 -125.9519 9.739224 3.175002 -124.3378 -69.82013 3.175002 -122.6468 68.9455 -3.175005 -122.6468 68.16953 3.175002 -125.879 55.79882 -3.175005 -123.3526 55.79882 3.175002 -123.3526 59.13944 3.175002 -125.235 56.19643 -3.175005 -122.6468 60.18474 3.175002 -124.9427 -11.20978 -3.175005 -122.6019 -10.61385 3.175002 -124.3378 10.33514 3.175002 -122.6019 59.23435 -3.175005 -122.6468 57.67106 -3.175005 -122.6468 59.55915 -3.175005 -123.7109 59.93564 -3.175005 -123.0421 59.93564 3.175002 -123.0421 59.55915 3.175002 -123.7109 57.67106 3.175002 -122.6468 61.23263 -3.175005 -122.6468 61.3142 3.175002 -122.9385 61.23263 3.175002 -122.6468 -69.97461 -3.175005 -122.0034 -69.97461 3.175002 -122.0034 -67.92829 -3.175005 -114.6805 -70.2873 -3.175005 -118.03 -60.27454 -3.175005 -114.6805 -51.44935 -3.175005 -120.159 -51.86725 -3.175005 -120.0873 -52.26707 -3.175005 -119.946 -52.63724 -3.175005 -119.7392 -52.96717 -3.175005 -119.4729 -53.24732 -3.175005 -119.1546 -53.46964 -3.175005 -118.7935 -53.62772 -3.175005 -118.4 -53.71708 -3.175005 -117.9855 -49.22733 -3.175005 -119.1546 -49.50745 -3.175005 -119.4729 -50.60737 -3.175005 -120.0873 -51.02531 -3.175005 -120.159 -49.83738 -3.175005 -119.7392 -50.20756 -3.175005 -119.946 -49.00501 -3.175005 -118.7935 -49.17133 -3.175005 -119.0636 -42.525 -3.175005 -114.6805 -48.73957 -3.175005 -117.5619 -48.75757 -3.175005 -117.9855 -48.8469 -3.175005 -118.4 -26.04932 -3.175005 -120.159 -26.46726 -3.175005 -120.0873 -26.86707 -3.175005 -119.946 -27.23725 -3.175005 -119.7392 -27.56716 -3.175005 -119.4729 -27.84731 -3.175005 -119.1546 -28.06963 -3.175005 -118.7935 -28.22773 -3.175005 -118.4 -28.31707 -3.175005 -117.9855 -11.51186 -3.175005 -120.7917 -21.78974 -3.175005 -114.6805 -25.62531 -3.175005 -120.159 -24.43738 -3.175005 -119.7392 -24.80756 -3.175005 -119.946 -25.20737 -3.175005 -120.0873 -23.4469 -3.175005 -118.4 -23.605 -3.175005 -118.7935 -23.82732 -3.175005 -119.1546 -24.10747 -3.175005 -119.4729 -23.33957 -3.175005 -117.5619 -23.35756 -3.175005 -117.9855 19.85174 -3.175005 -114.6805 10.63723 -3.175005 -118.9563 10.63723 -3.175005 -120.7917 46.16233 -3.175005 -114.6805 56.55179 -3.175005 -122.0161 59.02642 -3.175005 -115.6864 56.19643 3.175002 -122.6468 56.55179 3.175002 -122.0161 56.92827 -3.175005 -121.3473 59.23435 3.175002 -122.6468 61.02189 -3.175005 -121.8933 61.02189 3.175002 -121.8933 63.3134 -3.175005 -117.5905 62.9278 -3.175005 -119.0828 69.09998 -3.175005 -122.0034 64.51366 -3.175005 -114.6805 68.9455 3.175002 -122.6468 -11.20978 3.175002 -122.6019 10.63723 3.175002 -120.7917 69.41269 -3.175005 -118.03 69.41269 3.175002 -118.03 69.09998 3.175002 -122.0034 57.68127 -3.175005 -120.0108 57.68127 3.175002 -120.0108 56.92827 3.175002 -121.3473 -11.51186 -3.175005 -118.9563 -11.51186 3.175002 -120.7917 10.63723 3.175002 -118.9563 -51.02531 3.175002 -120.159 -51.44935 3.175002 -120.159 -50.60737 3.175002 -120.0873 -25.62531 3.175002 -120.159 -26.04932 3.175002 -120.159 -25.20737 3.175002 -120.0873 -51.86725 3.175002 -120.0873 -50.20756 3.175002 -119.946 -26.46726 3.175002 -120.0873 -24.80756 3.175002 -119.946 58.83419 -3.175005 -116.4326 58.4486 -3.175005 -117.9249 -52.26707 3.175002 -119.946 -49.83738 3.175002 -119.7392 -26.86707 3.175002 -119.946 -24.43738 3.175002 -119.7392 -52.63724 3.175002 -119.7392 -49.50745 3.175002 -119.4729 -27.23725 3.175002 -119.7392 -24.10747 3.175002 -119.4729 -52.96717 3.175002 -119.4729 -49.22733 3.175002 -119.1546 -27.56716 3.175002 -119.4729 -23.82732 3.175002 -119.1546 -53.24732 3.175002 -119.1546 -49.17133 3.175002 -119.0636 -27.84731 3.175002 -119.1546 -23.605 3.175002 -118.7935 58.4486 3.175002 -117.9249 62.9278 3.175002 -119.0828 -49.00501 3.175002 -118.7935 -11.20978 -3.175005 -117.146 -11.51186 3.175002 -118.9563 10.33514 -3.175005 -117.146 10.33514 3.175002 -117.146 -53.46964 3.175002 -118.7935 -48.8469 3.175002 -118.4 -28.06963 3.175002 -118.7935 -23.4469 3.175002 -118.4 -53.62772 3.175002 -118.4 -48.75757 3.175002 -117.9855 -28.22773 3.175002 -118.4 -23.35756 3.175002 -117.9855 -70.2873 -3.175005 -114.6805 -70.2873 3.175002 -114.6805 -70.2873 3.175002 -118.03 69.41269 -3.175005 -114.6805 -53.73505 -3.175005 -117.5619 -53.71708 3.175002 -117.9855 -48.73957 3.175002 -117.5619 -28.33506 -3.175005 -117.5619 -28.31707 3.175002 -117.9855 -23.33957 3.175002 -117.5619 58.83419 3.175002 -116.4326 63.50561 -3.175005 -116.8443 61.6334 -3.175005 -117.156 63.3134 3.175002 -117.5905 -53.68122 -3.175005 -117.1413 -53.73505 3.175002 -117.5619 -48.79343 -3.175005 -117.1413 -48.79343 3.175002 -117.1413 -28.28121 -3.175005 -117.1413 -28.33506 3.175002 -117.5619 -23.39342 -3.175005 -117.1413 -23.39342 3.175002 -117.1413 61.82563 -3.175005 -116.4098 61.6334 3.175002 -117.156 -10.61385 -3.175005 -115.4101 -11.20978 3.175002 -117.146 9.739224 -3.175005 -115.4101 9.739224 3.175002 -115.4101 -53.55704 -3.175005 -116.7358 -53.68122 3.175002 -117.1413 -48.91761 -3.175005 -116.7358 -48.91761 3.175002 -116.7358 -28.15703 -3.175005 -116.7358 -28.28121 3.175002 -117.1413 -23.5176 -3.175005 -116.7358 -23.5176 3.175002 -116.7358 60.7064 -3.175005 -116.1209 60.51418 -3.175005 -116.8671 60.7064 3.175002 -116.1209 60.51418 3.175002 -116.8671 63.89234 -3.175005 -115.3509 61.82563 3.175002 -116.4098 63.50561 3.175002 -116.8443 -53.36616 -3.175005 -116.3572 -53.55704 3.175002 -116.7358 -49.1085 -3.175005 -116.3572 -49.1085 3.175002 -116.3572 -27.96613 -3.175005 -116.3572 -28.15703 3.175002 -116.7358 -23.7085 -3.175005 -116.3572 -23.7085 3.175002 -116.3572 -53.11399 -3.175005 -116.0163 -53.36616 3.175002 -116.3572 -49.17133 -3.175005 -116.2722 -49.17133 3.175002 -116.2722 -27.71399 -3.175005 -116.0163 -27.96613 3.175002 -116.3572 -23.96064 -3.175005 -116.0163 -23.96064 3.175002 -116.0163 -49.17133 -3.175005 -114.6805 -49.36063 -3.175005 -116.0163 -49.36063 3.175002 -116.0163 59.02642 3.175002 -115.6864 -52.80787 -3.175005 -115.7229 -53.11399 3.175002 -116.0163 -49.66675 -3.175005 -115.7229 -49.66675 3.175002 -115.7229 -27.40787 -3.175005 -115.7229 -27.71399 3.175002 -116.0163 -24.26676 -3.175005 -115.7229 -24.26676 3.175002 -115.7229 -52.45655 -3.175005 -115.4854 -52.80787 3.175002 -115.7229 -50.01807 -3.175005 -115.4854 -50.01807 3.175002 -115.4854 -27.05655 -3.175005 -115.4854 -27.40787 3.175002 -115.7229 -24.61808 -3.175005 -115.4854 -24.61808 3.175002 -115.4854 59.2869 -3.175005 -114.6805 -52.07017 -3.175005 -115.3108 -52.45655 3.175002 -115.4854 -50.40449 -3.175005 -115.3108 -50.40449 3.175002 -115.3108 -26.67017 -3.175005 -115.3108 -27.05655 3.175002 -115.4854 -25.00446 -3.175005 -115.3108 -25.00446 3.175002 -115.3108 -10.21897 -3.175005 -114.6805 -10.61385 3.175002 -115.4101 9.344357 -3.175005 -114.6805 9.344357 3.175002 -114.6805 61.29897 -3.175005 -114.6805 63.89234 3.175002 -115.3509 61.29897 3.175002 -114.6805 -51.65983 -3.175005 -115.2039 -52.07017 3.175002 -115.3108 -50.81483 -3.175005 -115.2039 -50.81483 3.175002 -115.2039 -26.25982 -3.175005 -115.2039 -26.67017 3.175002 -115.3108 -25.41481 -3.175005 -115.2039 -25.41481 3.175002 -115.2039 -51.23731 -3.175005 -115.168 -51.65983 3.175002 -115.2039 -51.23731 3.175002 -115.168 -25.83732 -3.175005 -115.168 -26.25982 3.175002 -115.2039 -25.83732 3.175002 -115.168 -67.92829 -3.175005 -113.0646 -70.2873 -3.175005 -113.0646 -70.2873 3.175002 -113.0646 -60.27454 -3.175005 -113.0646 -49.17133 -3.175005 -113.0646 -42.525 -3.175005 -113.0646 -21.78974 -3.175005 -113.0646 -9.74033 -3.175005 -113.796 -10.21897 3.175002 -114.6805 8.865689 -3.175005 -113.796 8.865689 3.175002 -113.796 19.85174 -3.175005 -113.0646 46.16233 -3.175005 -113.0646 59.41314 -3.175005 -114.193 59.2869 3.175002 -114.6805 64.51366 -3.175005 -113.0646 59.41314 3.175002 -114.193 69.41269 -3.175005 -113.0646 69.41269 3.175002 -114.6805 -9.17101 -3.175005 -113.0646 -9.74033 3.175002 -113.796 8.296383 -3.175005 -113.0646 8.296383 3.175002 -113.0646 -67.92829 -3.175005 -106.1986 -70.2873 -3.175005 -106.1986 -70.2873 3.175002 -106.1986 -60.27454 -3.175005 -106.1986 -49.17133 -3.175005 -106.1986 -42.525 -3.175005 -106.1986 -21.78974 -3.175005 -106.1986 -8.613041 -3.175005 -112.3477 -9.17101 3.175002 -113.0646 7.738415 -3.175005 -112.3477 7.738415 3.175002 -112.3477 19.85174 -3.175005 -106.1986 46.16233 -3.175005 -106.1986 58.95833 -3.175005 -111.9361 64.51366 -3.175005 -106.1986 64.33269 -3.175005 -109.2495 64.33269 -3.175005 -110.7851 60.10941 -3.175005 -110.7851 60.10941 -3.175005 -111.9361 69.41269 -3.175005 -106.1986 69.41269 3.175002 -113.0646 -7.262745 -3.175005 -111.1046 -8.613041 3.175002 -112.3477 6.388134 -3.175005 -111.1046 6.388134 3.175002 -111.1046 58.95833 -3.175005 -108.0973 58.95833 3.175002 -108.0973 58.95833 3.175002 -111.9361 60.10941 3.175002 -111.9361 -5.726276 -3.175005 -110.1008 -7.262745 3.175002 -111.1046 4.85165 -3.175005 -110.1008 4.85165 3.175002 -110.1008 60.10941 3.175002 -110.7851 64.33269 3.175002 -110.7851 -4.045536 -3.175005 -109.3636 -5.726276 3.175002 -110.1008 3.17091 -3.175005 -109.3636 3.17091 3.175002 -109.3636 2.01968 -3.175005 -106.1986 -2.266361 -3.175005 -108.913 -4.045536 3.175002 -109.3636 2.01968 -3.175005 -109.072 2.01968 3.175002 -109.072 60.10941 -3.175005 -108.0973 60.10941 -3.175005 -109.2495 64.33269 3.175002 -109.2495 60.10941 3.175002 -109.2495 1.39175 -3.175005 -108.913 1.39175 3.175002 -108.913 -0.4373054 -3.175005 -108.7615 -2.266361 3.175002 -108.913 -0.4373054 3.175002 -108.7615 60.10941 3.175002 -108.0973 -67.92829 -3.175005 -98.67698 -70.2873 -3.175005 -98.67698 -70.2873 3.175002 -98.67698 -64.20594 -3.175005 -104.2777 -64.4672 -3.175005 -104.2115 -64.71405 -3.175005 -104.1032 -64.93967 -3.175005 -103.9558 -65.13797 -3.175005 -103.7733 -65.30353 -3.175005 -103.5606 -65.43183 -3.175005 -103.3235 -65.51932 -3.175005 -103.0686 -65.56369 -3.175005 -102.8027 -63.93732 -3.175005 -104.2999 -63.66871 -3.175005 -104.2777 -52.01404 -3.175005 -104.1032 -52.23969 -3.175005 -103.9558 -51.76722 -3.175005 -104.2115 -52.43799 -3.175005 -103.7733 -52.60352 -3.175005 -103.5606 -52.73182 -3.175005 -103.3235 -52.81934 -3.175005 -103.0686 -52.86368 -3.175005 -102.8027 -60.27454 -3.175005 -98.67698 -62.93494 -3.175005 -103.9558 -63.16059 -3.175005 -104.1032 -63.40742 -3.175005 -104.2115 -62.35529 -3.175005 -103.0686 -62.44282 -3.175005 -103.3235 -62.31095 -3.175005 -102.5332 -62.31095 -3.175005 -102.8027 -62.57111 -3.175005 -103.5606 -62.73664 -3.175005 -103.7733 -51.50593 -3.175005 -104.2777 -50.46058 -3.175005 -104.1032 -50.7074 -3.175005 -104.2115 -50.23496 -3.175005 -103.9558 -50.9687 -3.175005 -104.2777 -51.23731 -3.175005 -104.2999 -49.65531 -3.175005 -103.0686 -49.7428 -3.175005 -103.3235 -49.17133 -3.175005 -98.67698 -49.61094 -3.175005 -102.5332 -49.61094 -3.175005 -102.8027 -49.8711 -3.175005 -103.5606 -50.03666 -3.175005 -103.7733 -42.525 -3.175005 -98.67698 -38.53731 -3.175005 -104.2999 -38.80593 -3.175005 -104.2777 -39.06721 -3.175005 -104.2115 -39.31403 -3.175005 -104.1032 -39.53968 -3.175005 -103.9558 -39.73798 -3.175005 -103.7733 -39.90353 -3.175005 -103.5606 -40.03181 -3.175005 -103.3235 -40.11933 -3.175005 -103.0686 -40.1637 -3.175005 -102.8027 -38.26871 -3.175005 -104.2777 -13.91404 -3.175005 -104.1032 -14.13968 -3.175005 -103.9558 -13.66721 -3.175005 -104.2115 -14.33799 -3.175005 -103.7733 -14.50353 -3.175005 -103.5606 -14.63181 -3.175005 -103.3235 -13.13732 -3.175005 -104.2999 -13.40592 -3.175005 -104.2777 -14.71933 -3.175005 -103.0686 -14.76369 -3.175005 -102.8027 -21.78974 -3.175005 -98.67698 -24.83495 -3.175005 -103.9558 -25.0606 -3.175005 -104.1032 -25.30742 -3.175005 -104.2115 -25.5687 -3.175005 -104.2777 -24.2553 -3.175005 -103.0686 -24.34282 -3.175005 -103.3235 -37.53495 -3.175005 -103.9558 -37.7606 -3.175005 -104.1032 -38.00742 -3.175005 -104.2115 -25.83732 -3.175005 -104.2999 -26.10593 -3.175005 -104.2777 -24.21094 -3.175005 -102.5332 -24.21094 -3.175005 -102.8027 -24.4711 -3.175005 -103.5606 -24.63665 -3.175005 -103.7733 11.48596 -3.175005 -104.1032 11.26031 -3.175005 -103.9558 11.73278 -3.175005 -104.2115 12.26269 -3.175005 -104.2999 11.99408 -3.175005 -104.2777 11.06202 -3.175005 -103.7733 10.89648 -3.175005 -103.5606 10.76818 -3.175005 -103.3235 10.68068 -3.175005 -103.0686 10.63632 -3.175005 -102.8027 2.01968 -3.175005 -98.67698 0.3394128 -3.175005 -104.1032 0.09258657 -3.175005 -104.2115 0.5650598 -3.175005 -103.9558 -12.3606 -3.175005 -104.1032 -12.60743 -3.175005 -104.2115 1.144695 -3.175005 -103.0686 1.057186 -3.175005 -103.3235 -12.8687 -3.175005 -104.2777 -0.1687049 -3.175005 -104.2777 -0.4373054 -3.175005 -104.2999 -0.7059211 -3.175005 -104.2777 -0.9671974 -3.175005 -104.2115 -12.13495 -3.175005 -103.9558 0.9289056 -3.175005 -103.5606 0.7633478 -3.175005 -103.7733 1.189068 -3.175005 -102.5332 1.189068 -3.175005 -102.8027 24.96269 -3.175005 -104.2999 24.69407 -3.175005 -104.2777 24.4328 -3.175005 -104.2115 24.18597 -3.175005 -104.1032 23.96032 -3.175005 -103.9558 23.76202 -3.175005 -103.7733 23.59646 -3.175005 -103.5606 23.4682 -3.175005 -103.3235 23.38067 -3.175005 -103.0686 23.3363 -3.175005 -102.8027 19.85174 -3.175005 -98.67698 13.84469 -3.175005 -103.0686 13.75718 -3.175005 -103.3235 13.03941 -3.175005 -104.1032 12.79258 -3.175005 -104.2115 13.26504 -3.175005 -103.9558 12.53131 -3.175005 -104.2777 13.6289 -3.175005 -103.5606 13.46334 -3.175005 -103.7733 13.88906 -3.175005 -102.5332 13.88906 -3.175005 -102.8027 25.23129 -3.175005 -104.2777 50.09408 -3.175005 -104.2777 49.83279 -3.175005 -104.2115 49.58596 -3.175005 -104.1032 49.36031 -3.175005 -103.9558 49.16201 -3.175005 -103.7733 48.99647 -3.175005 -103.5606 48.86819 -3.175005 -103.3235 50.63129 -3.175005 -104.2777 50.36268 -3.175005 -104.2999 48.78066 -3.175005 -103.0686 48.7363 -3.175005 -102.8027 46.16233 -3.175005 -98.67698 25.49258 -3.175005 -104.2115 37.39406 -3.175005 -104.2777 25.96505 -3.175005 -103.9558 25.73941 -3.175005 -104.1032 38.43941 -3.175005 -104.1032 38.19257 -3.175005 -104.2115 38.66505 -3.175005 -103.9558 37.9313 -3.175005 -104.2777 37.66268 -3.175005 -104.2999 39.2447 -3.175005 -103.0686 39.15719 -3.175005 -103.3235 39.28905 -3.175005 -102.5332 39.28905 -3.175005 -102.8027 39.02889 -3.175005 -103.5606 38.86335 -3.175005 -103.7733 63.83941 -3.175005 -104.1032 63.59259 -3.175005 -104.2115 64.51366 -3.175005 -103.4039 64.42891 -3.175005 -103.5606 64.26335 -3.175005 -103.7733 64.06507 -3.175005 -103.9558 63.33129 -3.175005 -104.2777 63.06269 -3.175005 -104.2999 62.79407 -3.175005 -104.2777 62.5328 -3.175005 -104.2115 51.36504 -3.175005 -103.9558 51.1394 -3.175005 -104.1032 50.89257 -3.175005 -104.2115 64.55719 -3.175005 -103.3235 64.6447 -3.175005 -103.0686 69.41269 -3.175005 -98.67698 64.68907 -3.175005 -102.5332 64.68907 -3.175005 -102.8027 69.41269 3.175002 -106.1986 -63.93732 3.175002 -104.2999 -63.66871 3.175002 -104.2777 -51.23731 3.175002 -104.2999 -50.9687 3.175002 -104.2777 -38.53731 3.175002 -104.2999 -38.26871 3.175002 -104.2777 -25.83732 3.175002 -104.2999 -25.5687 3.175002 -104.2777 -13.13732 3.175002 -104.2999 -12.8687 3.175002 -104.2777 -0.4373054 3.175002 -104.2999 -0.1687049 3.175002 -104.2777 12.26269 3.175002 -104.2999 12.53131 3.175002 -104.2777 24.96269 3.175002 -104.2999 25.23129 3.175002 -104.2777 37.66268 3.175002 -104.2999 37.9313 3.175002 -104.2777 50.36268 3.175002 -104.2999 50.63129 3.175002 -104.2777 63.06269 3.175002 -104.2999 63.33129 3.175002 -104.2777 -64.20594 3.175002 -104.2777 -63.40742 3.175002 -104.2115 -51.50593 3.175002 -104.2777 -50.7074 3.175002 -104.2115 -38.80593 3.175002 -104.2777 -38.00742 3.175002 -104.2115 -26.36721 -3.175005 -104.2115 -26.10593 3.175002 -104.2777 -25.30742 3.175002 -104.2115 -13.40592 3.175002 -104.2777 -12.60743 3.175002 -104.2115 -0.7059211 3.175002 -104.2777 0.09258657 3.175002 -104.2115 11.99408 3.175002 -104.2777 12.79258 3.175002 -104.2115 24.69407 3.175002 -104.2777 25.49258 3.175002 -104.2115 37.13279 -3.175005 -104.2115 37.39406 3.175002 -104.2777 38.19257 3.175002 -104.2115 50.09408 3.175002 -104.2777 50.89257 3.175002 -104.2115 62.79407 3.175002 -104.2777 63.59259 3.175002 -104.2115 -64.4672 3.175002 -104.2115 -63.16059 3.175002 -104.1032 -51.76722 3.175002 -104.2115 -50.46058 3.175002 -104.1032 -39.06721 3.175002 -104.2115 -37.7606 3.175002 -104.1032 -37.33665 -3.175005 -103.7733 -37.1711 -3.175005 -103.5606 -26.61403 -3.175005 -104.1032 -36.9553 -3.175005 -103.0686 -37.04282 -3.175005 -103.3235 -26.36721 3.175002 -104.2115 -25.0606 3.175002 -104.1032 -13.66721 3.175002 -104.2115 -12.3606 3.175002 -104.1032 -1.214039 -3.175005 -104.1032 -0.9671974 3.175002 -104.2115 0.3394128 3.175002 -104.1032 11.73278 3.175002 -104.2115 13.03941 3.175002 -104.1032 24.4328 3.175002 -104.2115 25.73941 3.175002 -104.1032 36.88596 -3.175005 -104.1032 37.13279 3.175002 -104.2115 38.43941 3.175002 -104.1032 49.83279 3.175002 -104.2115 51.1394 3.175002 -104.1032 62.28596 -3.175005 -104.1032 62.5328 3.175002 -104.2115 63.83941 3.175002 -104.1032 -64.71405 3.175002 -104.1032 -62.93494 3.175002 -103.9558 -52.01404 3.175002 -104.1032 -50.23496 3.175002 -103.9558 -39.31403 3.175002 -104.1032 -37.53495 3.175002 -103.9558 -26.83968 -3.175005 -103.9558 -36.91094 -3.175005 -102.8027 -26.61403 3.175002 -104.1032 -24.83495 3.175002 -103.9558 -13.91404 3.175002 -104.1032 -12.13495 3.175002 -103.9558 -1.439671 -3.175005 -103.9558 -1.214039 3.175002 -104.1032 0.5650598 3.175002 -103.9558 11.48596 3.175002 -104.1032 13.26504 3.175002 -103.9558 24.18597 3.175002 -104.1032 25.96505 3.175002 -103.9558 36.66032 -3.175005 -103.9558 36.88596 3.175002 -104.1032 38.66505 3.175002 -103.9558 49.58596 3.175002 -104.1032 51.36504 3.175002 -103.9558 62.06031 -3.175005 -103.9558 62.28596 3.175002 -104.1032 64.06507 3.175002 -103.9558 -64.93967 3.175002 -103.9558 -62.73664 3.175002 -103.7733 -52.23969 3.175002 -103.9558 -50.03666 3.175002 -103.7733 -39.53968 3.175002 -103.9558 -37.33665 3.175002 -103.7733 -37.7606 -3.175005 -101.2327 -37.53495 -3.175005 -101.3802 -37.33665 -3.175005 -101.5627 -37.1711 -3.175005 -101.7754 -37.04282 -3.175005 -102.0124 -36.9553 -3.175005 -102.2674 -38.00742 -3.175005 -101.1244 -27.03798 -3.175005 -103.7733 -36.91094 -3.175005 -102.5332 -26.83968 3.175002 -103.9558 -24.63665 3.175002 -103.7733 -14.13968 3.175002 -103.9558 -11.93665 -3.175005 -103.7733 -11.93665 3.175002 -103.7733 -11.77109 -3.175005 -103.5606 -11.64283 -3.175005 -103.3235 -1.637974 -3.175005 -103.7733 -1.439671 3.175002 -103.9558 0.7633478 3.175002 -103.7733 11.26031 3.175002 -103.9558 13.46334 3.175002 -103.7733 23.96032 3.175002 -103.9558 26.16336 -3.175005 -103.7733 26.16336 3.175002 -103.7733 26.45718 -3.175005 -103.3235 26.3289 -3.175005 -103.5606 26.54471 -3.175005 -103.0686 36.46203 -3.175005 -103.7733 36.66032 3.175002 -103.9558 38.86335 3.175002 -103.7733 49.36031 3.175002 -103.9558 51.56335 -3.175005 -103.7733 51.56335 3.175002 -103.7733 61.86202 -3.175005 -103.7733 62.06031 3.175002 -103.9558 64.26335 3.175002 -103.7733 -65.13797 3.175002 -103.7733 -62.57111 3.175002 -103.5606 -52.43799 3.175002 -103.7733 -49.8711 3.175002 -103.5606 -39.73798 3.175002 -103.7733 -37.1711 3.175002 -103.5606 -27.20353 -3.175005 -103.5606 -27.03798 3.175002 -103.7733 -24.4711 3.175002 -103.5606 -14.33799 3.175002 -103.7733 -11.77109 3.175002 -103.5606 -1.803516 -3.175005 -103.5606 -1.637974 3.175002 -103.7733 0.9289056 3.175002 -103.5606 11.06202 3.175002 -103.7733 13.6289 3.175002 -103.5606 23.76202 3.175002 -103.7733 26.3289 3.175002 -103.5606 36.29647 -3.175005 -103.5606 36.46203 3.175002 -103.7733 39.02889 3.175002 -103.5606 49.16201 3.175002 -103.7733 51.7289 -3.175005 -103.5606 51.7289 3.175002 -103.5606 51.85717 -3.175005 -103.3235 61.69646 -3.175005 -103.5606 51.98907 -3.175005 -102.8027 51.94469 -3.175005 -103.0686 61.86202 3.175002 -103.7733 64.42891 3.175002 -103.5606 -65.30353 3.175002 -103.5606 -62.44282 3.175002 -103.3235 -52.60352 3.175002 -103.5606 -49.7428 3.175002 -103.3235 -39.90353 3.175002 -103.5606 -37.04282 3.175002 -103.3235 -27.33181 -3.175005 -103.3235 -27.20353 3.175002 -103.5606 -24.34282 3.175002 -103.3235 -14.50353 3.175002 -103.5606 -11.64283 3.175002 -103.3235 -1.931812 -3.175005 -103.3235 -1.803516 3.175002 -103.5606 1.057186 3.175002 -103.3235 10.89648 3.175002 -103.5606 13.75718 3.175002 -103.3235 23.59646 3.175002 -103.5606 26.45718 3.175002 -103.3235 36.16817 -3.175005 -103.3235 36.29647 3.175002 -103.5606 39.15719 3.175002 -103.3235 48.99647 3.175002 -103.5606 51.85717 3.175002 -103.3235 61.56818 -3.175005 -103.3235 61.69646 3.175002 -103.5606 64.51366 3.175002 -103.4039 64.55719 3.175002 -103.3235 -65.43183 3.175002 -103.3235 -62.35529 3.175002 -103.0686 -52.73182 3.175002 -103.3235 -49.65531 3.175002 -103.0686 -40.03181 3.175002 -103.3235 -36.9553 3.175002 -103.0686 -27.41933 -3.175005 -103.0686 -27.33181 3.175002 -103.3235 -24.2553 3.175002 -103.0686 -14.63181 3.175002 -103.3235 -2.019321 -3.175005 -103.0686 -11.5553 -3.175005 -103.0686 -11.5553 3.175002 -103.0686 -1.931812 3.175002 -103.3235 1.144695 3.175002 -103.0686 10.76818 3.175002 -103.3235 13.84469 3.175002 -103.0686 23.4682 3.175002 -103.3235 26.54471 3.175002 -103.0686 36.08068 -3.175005 -103.0686 36.16817 3.175002 -103.3235 39.2447 3.175002 -103.0686 48.86819 3.175002 -103.3235 51.94469 3.175002 -103.0686 61.48067 -3.175005 -103.0686 61.56818 3.175002 -103.3235 64.6447 3.175002 -103.0686 -65.51932 3.175002 -103.0686 -62.31095 3.175002 -102.8027 -52.81934 3.175002 -103.0686 -49.61094 3.175002 -102.8027 -40.11933 3.175002 -103.0686 -36.91094 3.175002 -102.8027 -27.46369 -3.175005 -102.8027 -27.41933 3.175002 -103.0686 -24.21094 3.175002 -102.8027 -14.71933 3.175002 -103.0686 -11.51093 -3.175005 -102.8027 -11.51093 3.175002 -102.8027 -2.063679 -3.175005 -102.8027 -2.019321 3.175002 -103.0686 1.189068 3.175002 -102.8027 10.68068 3.175002 -103.0686 13.88906 3.175002 -102.8027 23.38067 3.175002 -103.0686 36.03631 -3.175005 -102.8027 26.58906 -3.175005 -102.8027 26.58906 3.175002 -102.8027 36.08068 3.175002 -103.0686 39.28905 3.175002 -102.8027 48.78066 3.175002 -103.0686 51.98907 3.175002 -102.8027 61.4363 -3.175005 -102.8027 61.48067 3.175002 -103.0686 64.68907 3.175002 -102.8027 -65.56369 -3.175005 -102.5332 -65.56369 3.175002 -102.8027 -62.31095 3.175002 -102.5332 -52.86368 -3.175005 -102.5332 -52.86368 3.175002 -102.8027 -49.61094 3.175002 -102.5332 -40.1637 -3.175005 -102.5332 -40.1637 3.175002 -102.8027 -36.91094 3.175002 -102.5332 -27.46369 -3.175005 -102.5332 -27.46369 3.175002 -102.8027 -24.21094 3.175002 -102.5332 -14.76369 -3.175005 -102.5332 -14.76369 3.175002 -102.8027 -11.51093 -3.175005 -102.5332 -11.51093 3.175002 -102.5332 -2.063679 -3.175005 -102.5332 -2.063679 3.175002 -102.8027 1.189068 3.175002 -102.5332 10.63632 -3.175005 -102.5332 10.63632 3.175002 -102.8027 13.88906 3.175002 -102.5332 23.3363 -3.175005 -102.5332 23.3363 3.175002 -102.8027 26.58906 -3.175005 -102.5332 26.58906 3.175002 -102.5332 36.03631 -3.175005 -102.5332 36.03631 3.175002 -102.8027 39.28905 3.175002 -102.5332 48.7363 -3.175005 -102.5332 48.7363 3.175002 -102.8027 51.98907 -3.175005 -102.5332 51.98907 3.175002 -102.5332 61.4363 -3.175005 -102.5332 61.4363 3.175002 -102.8027 64.68907 3.175002 -102.5332 -65.51932 -3.175005 -102.2674 -65.56369 3.175002 -102.5332 -62.35529 -3.175005 -102.2674 -62.35529 3.175002 -102.2674 -52.81934 -3.175005 -102.2674 -52.86368 3.175002 -102.5332 -49.65531 -3.175005 -102.2674 -49.65531 3.175002 -102.2674 -40.11933 -3.175005 -102.2674 -40.1637 3.175002 -102.5332 -36.9553 3.175002 -102.2674 -27.41933 -3.175005 -102.2674 -27.46369 3.175002 -102.5332 -24.2553 -3.175005 -102.2674 -24.2553 3.175002 -102.2674 -14.71933 -3.175005 -102.2674 -14.76369 3.175002 -102.5332 -11.5553 -3.175005 -102.2674 -11.5553 3.175002 -102.2674 -2.019321 -3.175005 -102.2674 -2.063679 3.175002 -102.5332 1.144695 -3.175005 -102.2674 1.144695 3.175002 -102.2674 10.68068 -3.175005 -102.2674 10.63632 3.175002 -102.5332 13.84469 -3.175005 -102.2674 13.84469 3.175002 -102.2674 23.38067 -3.175005 -102.2674 23.3363 3.175002 -102.5332 26.54471 -3.175005 -102.2674 26.54471 3.175002 -102.2674 36.08068 -3.175005 -102.2674 36.03631 3.175002 -102.5332 39.2447 -3.175005 -102.2674 39.2447 3.175002 -102.2674 48.78066 -3.175005 -102.2674 48.7363 3.175002 -102.5332 61.69646 -3.175005 -101.7754 51.94469 -3.175005 -102.2674 61.56818 -3.175005 -102.0124 61.48067 -3.175005 -102.2674 51.94469 3.175002 -102.2674 61.4363 3.175002 -102.5332 64.6447 -3.175005 -102.2674 64.6447 3.175002 -102.2674 -65.43183 -3.175005 -102.0124 -65.51932 3.175002 -102.2674 -62.44282 -3.175005 -102.0124 -62.44282 3.175002 -102.0124 -52.73182 -3.175005 -102.0124 -52.81934 3.175002 -102.2674 -49.7428 -3.175005 -102.0124 -49.7428 3.175002 -102.0124 -40.03181 -3.175005 -102.0124 -40.11933 3.175002 -102.2674 -37.04282 3.175002 -102.0124 -27.33181 -3.175005 -102.0124 -27.41933 3.175002 -102.2674 -24.34282 -3.175005 -102.0124 -24.34282 3.175002 -102.0124 -14.63181 -3.175005 -102.0124 -14.71933 3.175002 -102.2674 -1.439671 -3.175005 -101.3802 -11.64283 -3.175005 -102.0124 -1.931812 -3.175005 -102.0124 -1.803516 -3.175005 -101.7754 -1.637974 -3.175005 -101.5627 -11.64283 3.175002 -102.0124 -2.019321 3.175002 -102.2674 1.057186 -3.175005 -102.0124 1.057186 3.175002 -102.0124 10.76818 -3.175005 -102.0124 10.68068 3.175002 -102.2674 13.75718 -3.175005 -102.0124 13.75718 3.175002 -102.0124 23.4682 -3.175005 -102.0124 23.38067 3.175002 -102.2674 36.66032 -3.175005 -101.3802 26.45718 -3.175005 -102.0124 36.16817 -3.175005 -102.0124 36.29647 -3.175005 -101.7754 36.46203 -3.175005 -101.5627 26.45718 3.175002 -102.0124 36.08068 3.175002 -102.2674 39.15719 -3.175005 -102.0124 39.15719 3.175002 -102.0124 48.86819 -3.175005 -102.0124 48.78066 3.175002 -102.2674 61.86202 -3.175005 -101.5627 51.85717 -3.175005 -102.0124 51.85717 3.175002 -102.0124 61.48067 3.175002 -102.2674 64.55719 -3.175005 -102.0124 64.55719 3.175002 -102.0124 -65.30353 -3.175005 -101.7754 -65.43183 3.175002 -102.0124 -62.57111 -3.175005 -101.7754 -62.57111 3.175002 -101.7754 -52.60352 -3.175005 -101.7754 -52.73182 3.175002 -102.0124 -49.8711 -3.175005 -101.7754 -49.8711 3.175002 -101.7754 -39.90353 -3.175005 -101.7754 -40.03181 3.175002 -102.0124 -37.1711 3.175002 -101.7754 -27.20353 -3.175005 -101.7754 -27.33181 3.175002 -102.0124 -24.4711 -3.175005 -101.7754 -24.4711 3.175002 -101.7754 -14.50353 -3.175005 -101.7754 -14.63181 3.175002 -102.0124 -11.77109 -3.175005 -101.7754 -11.77109 3.175002 -101.7754 -1.931812 3.175002 -102.0124 0.9289056 -3.175005 -101.7754 0.9289056 3.175002 -101.7754 10.89648 -3.175005 -101.7754 10.76818 3.175002 -102.0124 13.6289 -3.175005 -101.7754 13.6289 3.175002 -101.7754 23.59646 -3.175005 -101.7754 23.4682 3.175002 -102.0124 26.3289 -3.175005 -101.7754 26.3289 3.175002 -101.7754 36.16817 3.175002 -102.0124 39.02889 -3.175005 -101.7754 39.02889 3.175002 -101.7754 48.99647 -3.175005 -101.7754 48.86819 3.175002 -102.0124 51.7289 -3.175005 -101.7754 51.7289 3.175002 -101.7754 61.56818 3.175002 -102.0124 64.51366 -3.175005 -101.932 64.51366 3.175002 -101.932 64.51366 -3.175005 -98.67698 64.42891 -3.175005 -101.7754 64.42891 3.175002 -101.7754 -65.13797 -3.175005 -101.5627 -65.30353 3.175002 -101.7754 -62.73664 -3.175005 -101.5627 -62.73664 3.175002 -101.5627 -52.43799 -3.175005 -101.5627 -52.60352 3.175002 -101.7754 -50.03666 -3.175005 -101.5627 -50.03666 3.175002 -101.5627 -39.73798 -3.175005 -101.5627 -39.90353 3.175002 -101.7754 -37.33665 3.175002 -101.5627 -27.03798 -3.175005 -101.5627 -27.20353 3.175002 -101.7754 -24.63665 -3.175005 -101.5627 -24.63665 3.175002 -101.5627 -14.33799 -3.175005 -101.5627 -14.50353 3.175002 -101.7754 -11.93665 -3.175005 -101.5627 -11.93665 3.175002 -101.5627 -1.803516 3.175002 -101.7754 0.7633478 -3.175005 -101.5627 0.7633478 3.175002 -101.5627 11.06202 -3.175005 -101.5627 10.89648 3.175002 -101.7754 13.46334 -3.175005 -101.5627 13.46334 3.175002 -101.5627 23.76202 -3.175005 -101.5627 23.59646 3.175002 -101.7754 26.16336 -3.175005 -101.5627 26.16336 3.175002 -101.5627 36.29647 3.175002 -101.7754 38.86335 -3.175005 -101.5627 38.86335 3.175002 -101.5627 49.16201 -3.175005 -101.5627 48.99647 3.175002 -101.7754 51.56335 -3.175005 -101.5627 51.56335 3.175002 -101.5627 61.69646 3.175002 -101.7754 64.26335 -3.175005 -101.5627 64.26335 3.175002 -101.5627 -64.93967 -3.175005 -101.3802 -65.13797 3.175002 -101.5627 -62.93494 -3.175005 -101.3802 -62.93494 3.175002 -101.3802 -52.23969 -3.175005 -101.3802 -52.43799 3.175002 -101.5627 -50.23496 -3.175005 -101.3802 -50.23496 3.175002 -101.3802 -39.53968 -3.175005 -101.3802 -39.73798 3.175002 -101.5627 -37.53495 3.175002 -101.3802 -26.83968 -3.175005 -101.3802 -27.03798 3.175002 -101.5627 -24.83495 -3.175005 -101.3802 -24.83495 3.175002 -101.3802 -14.13968 -3.175005 -101.3802 -14.33799 3.175002 -101.5627 -12.13495 -3.175005 -101.3802 -12.13495 3.175002 -101.3802 -1.637974 3.175002 -101.5627 0.5650598 -3.175005 -101.3802 0.5650598 3.175002 -101.3802 11.26031 -3.175005 -101.3802 11.06202 3.175002 -101.5627 13.26504 -3.175005 -101.3802 13.26504 3.175002 -101.3802 23.96032 -3.175005 -101.3802 23.76202 3.175002 -101.5627 25.96505 -3.175005 -101.3802 25.96505 3.175002 -101.3802 36.46203 3.175002 -101.5627 38.66505 -3.175005 -101.3802 38.66505 3.175002 -101.3802 49.36031 -3.175005 -101.3802 49.16201 3.175002 -101.5627 62.06031 -3.175005 -101.3802 51.36504 -3.175005 -101.3802 51.36504 3.175002 -101.3802 61.86202 3.175002 -101.5627 64.06507 -3.175005 -101.3802 64.06507 3.175002 -101.3802 -64.71405 -3.175005 -101.2327 -64.93967 3.175002 -101.3802 -63.16059 -3.175005 -101.2327 -63.16059 3.175002 -101.2327 -52.01404 -3.175005 -101.2327 -52.23969 3.175002 -101.3802 -50.46058 -3.175005 -101.2327 -50.46058 3.175002 -101.2327 -39.31403 -3.175005 -101.2327 -39.53968 3.175002 -101.3802 -37.7606 3.175002 -101.2327 -26.61403 -3.175005 -101.2327 -26.83968 3.175002 -101.3802 -25.0606 -3.175005 -101.2327 -25.0606 3.175002 -101.2327 -13.91404 -3.175005 -101.2327 -14.13968 3.175002 -101.3802 -12.3606 -3.175005 -101.2327 -1.214039 -3.175005 -101.2327 -0.9671974 -3.175005 -101.1244 -12.3606 3.175002 -101.2327 -1.439671 3.175002 -101.3802 0.3394128 -3.175005 -101.2327 0.3394128 3.175002 -101.2327 11.48596 -3.175005 -101.2327 11.26031 3.175002 -101.3802 13.03941 -3.175005 -101.2327 13.03941 3.175002 -101.2327 24.18597 -3.175005 -101.2327 23.96032 3.175002 -101.3802 25.73941 -3.175005 -101.2327 36.88596 -3.175005 -101.2327 37.13279 -3.175005 -101.1244 37.39406 -3.175005 -101.0583 25.73941 3.175002 -101.2327 36.66032 3.175002 -101.3802 38.43941 -3.175005 -101.2327 38.43941 3.175002 -101.2327 49.58596 -3.175005 -101.2327 49.36031 3.175002 -101.3802 51.1394 -3.175005 -101.2327 62.28596 -3.175005 -101.2327 51.1394 3.175002 -101.2327 62.06031 3.175002 -101.3802 63.83941 -3.175005 -101.2327 63.83941 3.175002 -101.2327 -64.4672 -3.175005 -101.1244 -64.71405 3.175002 -101.2327 -63.40742 -3.175005 -101.1244 -63.40742 3.175002 -101.1244 -51.76722 -3.175005 -101.1244 -52.01404 3.175002 -101.2327 -50.7074 -3.175005 -101.1244 -50.7074 3.175002 -101.1244 -39.06721 -3.175005 -101.1244 -39.31403 3.175002 -101.2327 -38.00742 3.175002 -101.1244 -26.36721 -3.175005 -101.1244 -26.61403 3.175002 -101.2327 -25.30742 -3.175005 -101.1244 -25.30742 3.175002 -101.1244 -13.66721 -3.175005 -101.1244 -13.91404 3.175002 -101.2327 -12.60743 -3.175005 -101.1244 -12.60743 3.175002 -101.1244 -1.214039 3.175002 -101.2327 0.09258657 -3.175005 -101.1244 0.09258657 3.175002 -101.1244 11.73278 -3.175005 -101.1244 11.48596 3.175002 -101.2327 12.79258 -3.175005 -101.1244 12.79258 3.175002 -101.1244 24.4328 -3.175005 -101.1244 24.18597 3.175002 -101.2327 25.49258 -3.175005 -101.1244 25.49258 3.175002 -101.1244 36.88596 3.175002 -101.2327 38.19257 -3.175005 -101.1244 38.19257 3.175002 -101.1244 49.83279 -3.175005 -101.1244 49.58596 3.175002 -101.2327 50.89257 -3.175005 -101.1244 50.89257 3.175002 -101.1244 62.5328 -3.175005 -101.1244 62.28596 3.175002 -101.2327 63.59259 -3.175005 -101.1244 63.59259 3.175002 -101.1244 -64.20594 -3.175005 -101.0583 -64.4672 3.175002 -101.1244 -63.66871 -3.175005 -101.0583 -63.66871 3.175002 -101.0583 -51.50593 -3.175005 -101.0583 -51.76722 3.175002 -101.1244 -50.9687 -3.175005 -101.0583 -50.9687 3.175002 -101.0583 -38.80593 -3.175005 -101.0583 -39.06721 3.175002 -101.1244 -38.26871 -3.175005 -101.0583 -38.26871 3.175002 -101.0583 -26.10593 -3.175005 -101.0583 -26.36721 3.175002 -101.1244 -25.5687 -3.175005 -101.0583 -25.5687 3.175002 -101.0583 -13.40592 -3.175005 -101.0583 -13.66721 3.175002 -101.1244 -12.8687 -3.175005 -101.0583 -12.8687 3.175002 -101.0583 -0.7059211 -3.175005 -101.0583 -0.9671974 3.175002 -101.1244 -0.1687049 -3.175005 -101.0583 -0.1687049 3.175002 -101.0583 11.99408 -3.175005 -101.0583 11.73278 3.175002 -101.1244 12.53131 -3.175005 -101.0583 12.53131 3.175002 -101.0583 24.69407 -3.175005 -101.0583 24.4328 3.175002 -101.1244 25.23129 -3.175005 -101.0583 25.23129 3.175002 -101.0583 37.13279 3.175002 -101.1244 37.9313 -3.175005 -101.0583 37.9313 3.175002 -101.0583 50.09408 -3.175005 -101.0583 49.83279 3.175002 -101.1244 50.63129 -3.175005 -101.0583 50.63129 3.175002 -101.0583 62.79407 -3.175005 -101.0583 62.5328 3.175002 -101.1244 63.33129 -3.175005 -101.0583 63.33129 3.175002 -101.0583 -63.93732 -3.175005 -101.036 -64.20594 3.175002 -101.0583 -63.93732 3.175002 -101.036 -51.23731 -3.175005 -101.036 -51.50593 3.175002 -101.0583 -51.23731 3.175002 -101.036 -38.53731 -3.175005 -101.036 -38.80593 3.175002 -101.0583 -38.53731 3.175002 -101.036 -25.83732 -3.175005 -101.036 -26.10593 3.175002 -101.0583 -25.83732 3.175002 -101.036 -13.13732 -3.175005 -101.036 -13.40592 3.175002 -101.0583 -13.13732 3.175002 -101.036 -0.4373054 -3.175005 -101.036 -0.7059211 3.175002 -101.0583 -0.4373054 3.175002 -101.036 12.26269 -3.175005 -101.036 11.99408 3.175002 -101.0583 12.26269 3.175002 -101.036 24.96269 -3.175005 -101.036 24.69407 3.175002 -101.0583 24.96269 3.175002 -101.036 37.66268 -3.175005 -101.036 37.39406 3.175002 -101.0583 37.66268 3.175002 -101.036 50.36268 -3.175005 -101.036 50.09408 3.175002 -101.0583 50.36268 3.175002 -101.036 63.06269 -3.175005 -101.036 62.79407 3.175002 -101.0583 63.06269 3.175002 -101.036 -67.92829 -3.175005 -83.61798 -70.2873 -3.175005 -83.61798 -70.2873 3.175002 -83.61798 -63.93732 -3.175005 -91.59992 -64.20594 -3.175005 -91.57766 -64.4672 -3.175005 -91.5115 -64.71405 -3.175005 -91.40322 -64.93967 -3.175005 -91.25582 -65.13797 -3.175005 -91.07325 -65.30353 -3.175005 -90.86055 -65.43183 -3.175005 -90.62353 -65.51932 -3.175005 -90.3686 -65.56369 -3.175005 -90.10274 -55.39344 -3.175005 -91.2689 -55.85374 -3.175005 -91.07826 -56.27854 -3.175005 -90.81793 -54.41233 -3.175005 -91.42433 -54.909 -3.175005 -91.38522 -56.65739 -3.175005 -90.49437 -56.98096 -3.175005 -90.11553 -57.24128 -3.175005 -89.69072 -57.43192 -3.175005 -89.23046 -57.54822 -3.175005 -88.74599 -60.27454 -3.175005 -83.61798 -63.66871 -3.175005 -91.57766 -62.93494 -3.175005 -91.25582 -63.16059 -3.175005 -91.40322 -63.40742 -3.175005 -91.5115 -62.31095 -3.175005 -90.10274 -62.35529 -3.175005 -90.3686 -62.44282 -3.175005 -90.62353 -62.57111 -3.175005 -90.86055 -62.73664 -3.175005 -91.07325 -52.59156 -3.175005 -90.85036 -53.00837 -3.175005 -91.09703 -53.45777 -3.175005 -91.27743 -53.92945 -3.175005 -91.38737 -49.17133 -3.175005 -88.45622 -39.79024 -3.175005 -96.2729 -40.30826 -3.175005 -96.1389 -40.79642 -3.175005 -95.91986 -41.24088 -3.175005 -95.62192 -41.62899 -3.175005 -95.2536 -41.94973 -3.175005 -94.8253 -42.19401 -3.175005 -94.34927 -42.35486 -3.175005 -93.83897 -42.42774 -3.175005 -93.30888 -21.78974 -3.175005 -96.31799 -39.25709 -3.175005 -96.31799 -42.525 -3.175005 -83.80378 2.01968 -3.175005 -96.31799 19.85174 -3.175005 -96.31799 38.38244 -3.175005 -96.31799 62.5328 -3.175005 -91.5115 62.28596 -3.175005 -91.40322 62.06031 -3.175005 -91.25582 61.86202 -3.175005 -91.07325 61.69646 -3.175005 -90.86055 61.56818 -3.175005 -90.62353 61.48067 -3.175005 -90.3686 61.4363 -3.175005 -90.10274 54.9791 -3.175005 -91.07826 54.51882 -3.175005 -91.2689 54.03435 -3.175005 -91.38522 53.53768 -3.175005 -91.42433 53.0548 -3.175005 -91.38737 52.58315 -3.175005 -91.27743 52.13372 -3.175005 -91.09703 51.71694 -3.175005 -90.85036 46.16233 -3.175005 -86.96214 40.75436 -3.175005 -95.2536 40.36623 -3.175005 -95.62192 39.92181 -3.175005 -95.91986 39.43363 -3.175005 -96.1389 41.48023 -3.175005 -93.83897 41.31936 -3.175005 -94.34927 41.07509 -3.175005 -94.8253 41.53594 -3.175005 -92.7741 41.55311 -3.175005 -93.30888 38.91561 -3.175005 -96.2729 64.51366 -3.175005 -90.70394 64.42891 -3.175005 -90.86055 64.26335 -3.175005 -91.07325 64.06507 -3.175005 -91.25582 63.83941 -3.175005 -91.40322 63.59259 -3.175005 -91.5115 63.33129 -3.175005 -91.57766 63.06269 -3.175005 -91.59992 62.79407 -3.175005 -91.57766 64.55719 -3.175005 -90.62353 64.6447 -3.175005 -90.3686 69.41269 -3.175005 -83.61798 64.68907 -3.175005 -89.83321 64.68907 -3.175005 -90.10274 69.41269 3.175002 -98.67698 -21.78974 3.175002 -96.31799 -39.25709 3.175002 -96.31799 2.01968 3.175002 -96.31799 19.85174 3.175002 -96.31799 38.38244 3.175002 -96.31799 38.91561 3.175002 -96.2729 -39.79024 3.175002 -96.2729 39.43363 3.175002 -96.1389 -40.30826 3.175002 -96.1389 39.92181 3.175002 -95.91986 -40.79642 3.175002 -95.91986 40.36623 3.175002 -95.62192 -41.24088 3.175002 -95.62192 40.75436 3.175002 -95.2536 -41.62899 3.175002 -95.2536 41.07509 3.175002 -94.8253 -41.94973 3.175002 -94.8253 41.31936 3.175002 -94.34927 -42.19401 3.175002 -94.34927 41.48023 3.175002 -93.83897 -42.35486 3.175002 -93.83897 41.55311 3.175002 -93.30888 -42.41059 -3.175005 -92.7741 -42.42774 3.175002 -93.30888 41.53594 3.175002 -92.7741 -42.30385 -3.175005 -92.24979 -42.41059 3.175002 -92.7741 41.42922 -3.175005 -92.24979 41.42922 3.175002 -92.24979 -42.1106 -3.175005 -91.75083 -42.30385 3.175002 -92.24979 41.23597 -3.175005 -91.75083 41.23597 3.175002 -91.75083 -41.83631 -3.175005 -91.29144 -42.1106 3.175002 -91.75083 40.96166 -3.175005 -91.29144 40.96166 3.175002 -91.29144 -63.93732 3.175002 -91.59992 -63.66871 3.175002 -91.57766 63.06269 3.175002 -91.59992 63.33129 3.175002 -91.57766 -64.20594 3.175002 -91.57766 -63.40742 3.175002 -91.5115 62.79407 3.175002 -91.57766 63.59259 3.175002 -91.5115 -64.4672 3.175002 -91.5115 -63.16059 3.175002 -91.40322 62.5328 3.175002 -91.5115 63.83941 3.175002 -91.40322 -53.92945 3.175002 -91.38737 -54.41233 3.175002 -91.42433 54.03435 3.175002 -91.38522 53.53768 3.175002 -91.42433 -64.71405 3.175002 -91.40322 -62.93494 3.175002 -91.25582 62.28596 3.175002 -91.40322 64.06507 3.175002 -91.25582 -53.45777 3.175002 -91.27743 53.0548 3.175002 -91.38737 -54.909 3.175002 -91.38522 54.51882 3.175002 -91.2689 -41.48876 -3.175005 -90.88461 -41.83631 3.175002 -91.29144 40.61413 -3.175005 -90.88461 40.61413 3.175002 -90.88461 -53.00837 3.175002 -91.09703 52.58315 3.175002 -91.27743 -55.39344 3.175002 -91.2689 54.9791 3.175002 -91.07826 -64.93967 3.175002 -91.25582 -62.73664 3.175002 -91.07325 62.06031 3.175002 -91.25582 64.26335 3.175002 -91.07325 -52.59156 3.175002 -90.85036 52.13372 3.175002 -91.09703 -55.85374 3.175002 -91.07826 55.40389 -3.175005 -90.81793 55.40389 3.175002 -90.81793 -65.13797 3.175002 -91.07325 -62.57111 3.175002 -90.86055 61.86202 3.175002 -91.07325 64.42891 3.175002 -90.86055 -41.07783 -3.175005 -90.54191 -41.48876 3.175002 -90.88461 40.20319 -3.175005 -90.54191 40.20319 3.175002 -90.54191 -65.30353 3.175002 -90.86055 -62.44282 3.175002 -90.62353 61.69646 3.175002 -90.86055 64.51366 3.175002 -90.70394 -49.17133 3.175002 -88.45622 51.71694 3.175002 -90.85036 -56.27854 3.175002 -90.81793 55.78274 -3.175005 -90.49437 55.78274 3.175002 -90.49437 64.55719 3.175002 -90.62353 -65.43183 3.175002 -90.62353 -62.35529 3.175002 -90.3686 61.56818 3.175002 -90.62353 64.6447 3.175002 -90.3686 -42.25957 -3.175005 -83.61798 -31.18648 -3.175005 -83.61798 -41.07783 3.175002 -90.54191 30.31186 -3.175005 -83.61798 30.31186 3.175002 -83.61798 -56.65739 3.175002 -90.49437 56.10631 -3.175005 -90.11553 56.10631 3.175002 -90.11553 -65.51932 3.175002 -90.3686 -62.31095 3.175002 -90.10274 61.48067 3.175002 -90.3686 64.68907 3.175002 -90.10274 -56.98096 3.175002 -90.11553 56.36663 -3.175005 -89.69072 56.36663 3.175002 -89.69072 -65.56369 -3.175005 -89.83321 -65.56369 3.175002 -90.10274 -62.31095 -3.175005 -89.83321 -62.31095 3.175002 -89.83321 61.4363 -3.175005 -89.83321 56.55729 -3.175005 -89.23046 61.4363 3.175002 -90.10274 64.68907 3.175002 -89.83321 -65.51932 -3.175005 -89.56737 -65.56369 3.175002 -89.83321 -62.35529 -3.175005 -89.56737 -62.35529 3.175002 -89.56737 61.48067 -3.175005 -89.56737 56.67359 -3.175005 -88.74599 61.4363 3.175002 -89.83321 64.6447 -3.175005 -89.56737 64.6447 3.175002 -89.56737 -57.24128 3.175002 -89.69072 56.55729 3.175002 -89.23046 -65.43183 -3.175005 -89.31244 -65.51932 3.175002 -89.56737 -62.44282 -3.175005 -89.31244 -62.44282 3.175002 -89.31244 61.56818 -3.175005 -89.31244 56.71268 -3.175005 -88.24931 61.48067 3.175002 -89.56737 64.55719 -3.175005 -89.31244 64.55719 3.175002 -89.31244 -65.30353 -3.175005 -89.07539 -65.43183 3.175002 -89.31244 -62.57111 -3.175005 -89.07539 -62.57111 3.175002 -89.07539 61.69646 -3.175005 -89.07539 56.71268 -3.175005 -83.61798 61.56818 3.175002 -89.31244 64.51366 -3.175005 -89.232 64.51366 3.175002 -89.232 64.51366 -3.175005 -83.61798 64.42891 -3.175005 -89.07539 64.42891 3.175002 -89.07539 -57.43192 3.175002 -89.23046 56.67359 3.175002 -88.74599 -65.13797 -3.175005 -88.8627 -65.30353 3.175002 -89.07539 -62.73664 -3.175005 -88.8627 -62.73664 3.175002 -88.8627 61.86202 -3.175005 -88.8627 61.69646 3.175002 -89.07539 64.26335 -3.175005 -88.8627 64.26335 3.175002 -88.8627 -64.93967 -3.175005 -88.68013 -65.13797 3.175002 -88.8627 -62.93494 -3.175005 -88.68013 -62.93494 3.175002 -88.68013 62.06031 -3.175005 -88.68013 61.86202 3.175002 -88.8627 64.06507 -3.175005 -88.68013 64.06507 3.175002 -88.68013 -57.58732 -3.175005 -88.24931 -57.54822 3.175002 -88.74599 56.71268 3.175002 -88.24931 -64.71405 -3.175005 -88.53273 -64.93967 3.175002 -88.68013 -63.16059 -3.175005 -88.53273 -63.16059 3.175002 -88.53273 62.28596 -3.175005 -88.53273 62.06031 3.175002 -88.68013 63.83941 -3.175005 -88.53273 63.83941 3.175002 -88.53273 -64.4672 -3.175005 -88.42445 -64.71405 3.175002 -88.53273 -63.40742 -3.175005 -88.42445 -63.40742 3.175002 -88.42445 62.5328 -3.175005 -88.42445 62.28596 3.175002 -88.53273 63.59259 -3.175005 -88.42445 63.59259 3.175002 -88.42445 -42.525 3.175002 -83.80378 -64.20594 -3.175005 -88.35829 -64.4672 3.175002 -88.42445 -63.66871 -3.175005 -88.35829 -63.66871 3.175002 -88.35829 62.79407 -3.175005 -88.35829 62.5328 3.175002 -88.42445 63.33129 -3.175005 -88.35829 63.33129 3.175002 -88.35829 -63.93732 -3.175005 -88.33602 -64.20594 3.175002 -88.35829 -63.93732 3.175002 -88.33602 63.06269 -3.175005 -88.33602 62.79407 3.175002 -88.35829 63.06269 3.175002 -88.33602 -57.58732 -3.175005 -83.61798 -57.58732 3.175002 -88.24931 56.71268 3.175002 -83.61798 41.38494 -3.175005 -83.61798 46.16233 3.175002 -86.96214 -42.25957 3.175002 -83.61798 -67.92829 -3.175005 -70.91797 -70.2873 -3.175005 -70.91797 -70.2873 3.175002 -70.91797 -63.93732 -3.175005 -78.89993 -64.20594 -3.175005 -78.87767 -64.4672 -3.175005 -78.8115 -64.71405 -3.175005 -78.70323 -64.93967 -3.175005 -78.55581 -65.13797 -3.175005 -78.37326 -65.30353 -3.175005 -78.16056 -65.43183 -3.175005 -77.92353 -65.51932 -3.175005 -77.6686 -65.56369 -3.175005 -77.40275 -57.58732 -3.175005 -70.91797 -60.27454 -3.175005 -70.91797 -62.93494 -3.175005 -78.55581 -63.16059 -3.175005 -78.70323 -63.40742 -3.175005 -78.8115 -63.66871 -3.175005 -78.87767 -62.35529 -3.175005 -77.6686 -62.44282 -3.175005 -77.92353 -62.31095 -3.175005 -77.13322 -62.31095 -3.175005 -77.40275 -62.57111 -3.175005 -78.16056 -62.73664 -3.175005 -78.37326 -57.58732 3.175002 -83.61798 -24.11672 -3.175005 -70.91797 -24.11672 3.175002 -70.91797 -21.78974 -3.175005 -77.04025 -21.78974 -3.175005 -70.91797 -31.18648 3.175002 -83.61798 23.24209 -3.175005 -70.91797 19.85174 -3.175005 -76.29589 19.85174 3.175002 -76.29589 41.38494 3.175002 -83.61798 62.79407 -3.175005 -78.87767 62.5328 -3.175005 -78.8115 62.28596 -3.175005 -78.70323 62.06031 -3.175005 -78.55581 61.86202 -3.175005 -78.37326 61.69646 -3.175005 -78.16056 61.56818 -3.175005 -77.92353 61.48067 -3.175005 -77.6686 61.4363 -3.175005 -77.40275 56.71268 -3.175005 -70.91797 56.71268 3.175002 -70.91797 63.59259 -3.175005 -78.8115 63.33129 -3.175005 -78.87767 63.06269 -3.175005 -78.89993 64.51366 -3.175005 -78.00395 64.42891 -3.175005 -78.16056 64.26335 -3.175005 -78.37326 64.06507 -3.175005 -78.55581 63.83941 -3.175005 -78.70323 64.55719 -3.175005 -77.92353 64.6447 -3.175005 -77.6686 69.41269 -3.175005 -70.91797 64.68907 -3.175005 -77.13322 64.68907 -3.175005 -77.40275 69.41269 3.175002 -83.61798 -63.93732 3.175002 -78.89993 -63.66871 3.175002 -78.87767 63.06269 3.175002 -78.89993 63.33129 3.175002 -78.87767 -64.20594 3.175002 -78.87767 -63.40742 3.175002 -78.8115 62.79407 3.175002 -78.87767 63.59259 3.175002 -78.8115 -64.4672 3.175002 -78.8115 -63.16059 3.175002 -78.70323 62.5328 3.175002 -78.8115 63.83941 3.175002 -78.70323 -64.71405 3.175002 -78.70323 -62.93494 3.175002 -78.55581 62.28596 3.175002 -78.70323 64.06507 3.175002 -78.55581 -64.93967 3.175002 -78.55581 -62.73664 3.175002 -78.37326 62.06031 3.175002 -78.55581 64.26335 3.175002 -78.37326 -65.13797 3.175002 -78.37326 -62.57111 3.175002 -78.16056 61.86202 3.175002 -78.37326 64.42891 3.175002 -78.16056 -65.30353 3.175002 -78.16056 -62.44282 3.175002 -77.92353 61.69646 3.175002 -78.16056 64.51366 3.175002 -78.00395 64.55719 3.175002 -77.92353 -65.43183 3.175002 -77.92353 -62.35529 3.175002 -77.6686 61.56818 3.175002 -77.92353 64.6447 3.175002 -77.6686 -65.51932 3.175002 -77.6686 -62.31095 3.175002 -77.40275 61.48067 3.175002 -77.6686 64.68907 3.175002 -77.40275 -65.56369 -3.175005 -77.13322 -65.56369 3.175002 -77.40275 -62.31095 3.175002 -77.13322 61.4363 -3.175005 -77.13322 61.4363 3.175002 -77.40275 64.68907 3.175002 -77.13322 -65.51932 -3.175005 -76.86735 -65.56369 3.175002 -77.13322 -62.35529 -3.175005 -76.86735 -62.35529 3.175002 -76.86735 61.48067 -3.175005 -76.86735 61.4363 3.175002 -77.13322 64.6447 -3.175005 -76.86735 64.6447 3.175002 -76.86735 -13.04363 -3.175005 -70.91797 -21.78974 3.175002 -77.04025 -65.43183 -3.175005 -76.61244 -65.51932 3.175002 -76.86735 -62.44282 -3.175005 -76.61244 -62.44282 3.175002 -76.61244 61.56818 -3.175005 -76.61244 61.48067 3.175002 -76.86735 64.55719 -3.175005 -76.61244 64.55719 3.175002 -76.61244 -65.30353 -3.175005 -76.37538 -65.43183 3.175002 -76.61244 -62.57111 -3.175005 -76.37538 -62.57111 3.175002 -76.37538 61.69646 -3.175005 -76.37538 61.56818 3.175002 -76.61244 64.51366 -3.175005 -76.53202 64.51366 3.175002 -76.53202 64.51366 -3.175005 -70.91797 64.42891 -3.175005 -76.37538 64.42891 3.175002 -76.37538 -65.13797 -3.175005 -76.16269 -65.30353 3.175002 -76.37538 -62.73664 -3.175005 -76.16269 -62.73664 3.175002 -76.16269 61.86202 -3.175005 -76.16269 61.69646 3.175002 -76.37538 64.26335 -3.175005 -76.16269 64.26335 3.175002 -76.16269 19.85174 -3.175005 -70.91797 12.169 -3.175005 -70.91797 12.169 3.175002 -70.91797 -64.93967 -3.175005 -75.98014 -65.13797 3.175002 -76.16269 -62.93494 -3.175005 -75.98014 -62.93494 3.175002 -75.98014 62.06031 -3.175005 -75.98014 61.86202 3.175002 -76.16269 64.06507 -3.175005 -75.98014 64.06507 3.175002 -75.98014 -64.71405 -3.175005 -75.83272 -64.93967 3.175002 -75.98014 -63.16059 -3.175005 -75.83272 -63.16059 3.175002 -75.83272 62.28596 -3.175005 -75.83272 62.06031 3.175002 -75.98014 63.83941 -3.175005 -75.83272 63.83941 3.175002 -75.83272 -64.4672 -3.175005 -75.72444 -64.71405 3.175002 -75.83272 -63.40742 -3.175005 -75.72444 -63.40742 3.175002 -75.72444 62.5328 -3.175005 -75.72444 62.28596 3.175002 -75.83272 63.59259 -3.175005 -75.72444 63.59259 3.175002 -75.72444 -64.20594 -3.175005 -75.65828 -64.4672 3.175002 -75.72444 -63.66871 -3.175005 -75.65828 -63.66871 3.175002 -75.65828 62.79407 -3.175005 -75.65828 62.5328 3.175002 -75.72444 63.33129 -3.175005 -75.65828 63.33129 3.175002 -75.65828 -63.93732 -3.175005 -75.63602 -64.20594 3.175002 -75.65828 -63.93732 3.175002 -75.63602 63.06269 -3.175005 -75.63602 62.79407 3.175002 -75.65828 63.06269 3.175002 -75.63602 -67.92829 -3.175005 -62.86508 -70.2873 -3.175005 -62.86508 -70.2873 3.175002 -62.86508 -63.93732 -3.175005 -66.19992 -64.20594 -3.175005 -66.17768 -64.4672 -3.175005 -66.1115 -64.71405 -3.175005 -66.00322 -64.93967 -3.175005 -65.85581 -65.13797 -3.175005 -65.67327 -65.30353 -3.175005 -65.46057 -65.43183 -3.175005 -65.22352 -65.51932 -3.175005 -64.96859 -57.58732 -3.175005 -62.86508 -60.27454 -3.175005 -62.86508 -62.93494 -3.175005 -65.85581 -63.16059 -3.175005 -66.00322 -63.40742 -3.175005 -66.1115 -63.66871 -3.175005 -66.17768 -62.44282 -3.175005 -65.22352 -62.57111 -3.175005 -65.46057 -62.73664 -3.175005 -65.67327 -62.31095 -3.175005 -64.70274 -62.35529 -3.175005 -64.96859 -57.58732 3.175002 -70.91797 -21.78974 -3.175005 -69.28908 -21.78974 3.175002 -69.28908 -12.61258 -3.175005 -62.86508 -2.25806 -3.175005 -63.36807 -13.04363 3.175002 -70.91797 11.73796 -3.175005 -62.86508 2.01968 -3.175005 -63.81345 19.85174 -3.175005 -68.54473 2.01968 3.175002 -63.81345 23.24209 3.175002 -70.91797 62.79407 -3.175005 -66.17768 62.5328 -3.175005 -66.1115 62.28596 -3.175005 -66.00322 62.06031 -3.175005 -65.85581 61.86202 -3.175005 -65.67327 61.69646 -3.175005 -65.46057 61.48067 -3.175005 -64.96859 56.71268 -3.175005 -62.86508 61.56818 -3.175005 -65.22352 56.71268 3.175002 -62.86508 63.59259 -3.175005 -66.1115 63.33129 -3.175005 -66.17768 64.51366 -3.175005 -65.30394 64.42891 -3.175005 -65.46057 64.26335 -3.175005 -65.67327 64.06507 -3.175005 -65.85581 63.83941 -3.175005 -66.00322 63.06269 -3.175005 -66.19992 64.55719 -3.175005 -65.22352 69.41269 -3.175005 -62.86508 64.68907 -3.175005 -64.70274 64.6447 -3.175005 -64.96859 69.41269 3.175002 -70.91797 -12.61258 3.175002 -62.86508 19.85174 3.175002 -68.54473 -63.93732 3.175002 -66.19992 -63.66871 3.175002 -66.17768 63.06269 3.175002 -66.19992 63.33129 3.175002 -66.17768 -64.20594 3.175002 -66.17768 -63.40742 3.175002 -66.1115 62.79407 3.175002 -66.17768 63.59259 3.175002 -66.1115 -64.4672 3.175002 -66.1115 -63.16059 3.175002 -66.00322 62.5328 3.175002 -66.1115 63.83941 3.175002 -66.00322 -64.71405 3.175002 -66.00322 -62.93494 3.175002 -65.85581 62.28596 3.175002 -66.00322 64.06507 3.175002 -65.85581 -64.93967 3.175002 -65.85581 -62.73664 3.175002 -65.67327 62.06031 3.175002 -65.85581 64.26335 3.175002 -65.67327 -65.13797 3.175002 -65.67327 -62.57111 3.175002 -65.46057 61.86202 3.175002 -65.67327 64.42891 3.175002 -65.46057 -65.30353 3.175002 -65.46057 -62.44282 3.175002 -65.22352 61.69646 3.175002 -65.46057 64.51366 3.175002 -65.30394 64.55719 3.175002 -65.22352 -65.43183 3.175002 -65.22352 -62.35529 3.175002 -64.96859 61.56818 3.175002 -65.22352 64.6447 3.175002 -64.96859 -65.56369 -3.175005 -64.70274 -65.51932 3.175002 -64.96859 -62.31095 3.175002 -64.70274 61.4363 -3.175005 -64.70274 61.48067 3.175002 -64.96859 64.68907 3.175002 -64.70274 -65.56369 -3.175005 -64.43321 -65.56369 3.175002 -64.70274 -62.31095 -3.175005 -64.43321 -62.31095 3.175002 -64.43321 61.4363 -3.175005 -64.43321 61.4363 3.175002 -64.70274 64.68907 -3.175005 -64.43321 64.68907 3.175002 -64.43321 -65.51932 -3.175005 -64.16736 -65.56369 3.175002 -64.43321 -62.35529 -3.175005 -64.16736 -62.35529 3.175002 -64.16736 61.48067 -3.175005 -64.16736 61.4363 3.175002 -64.43321 64.6447 -3.175005 -64.16736 64.6447 3.175002 -64.16736 -65.43183 -3.175005 -63.91243 -65.51932 3.175002 -64.16736 -62.44282 -3.175005 -63.91243 -62.44282 3.175002 -63.91243 61.56818 -3.175005 -63.91243 61.48067 3.175002 -64.16736 64.55719 -3.175005 -63.91243 64.55719 3.175002 -63.91243 -65.30353 -3.175005 -63.67538 -65.43183 3.175002 -63.91243 -62.57111 -3.175005 -63.67538 -62.57111 3.175002 -63.67538 61.69646 -3.175005 -63.67538 61.56818 3.175002 -63.91243 64.51366 -3.175005 -63.83201 64.51366 3.175002 -63.83201 64.51366 -3.175005 -62.86508 64.42891 -3.175005 -63.67538 64.42891 3.175002 -63.67538 2.01968 -3.175005 -62.86508 1.383434 -3.175005 -63.36807 1.383434 3.175002 -63.36807 -65.13797 -3.175005 -63.46268 -65.30353 3.175002 -63.67538 -62.73664 -3.175005 -63.46268 -62.73664 3.175002 -63.46268 61.86202 -3.175005 -63.46268 61.69646 3.175002 -63.67538 64.26335 -3.175005 -63.46268 64.26335 3.175002 -63.46268 -64.93967 -3.175005 -63.28014 -65.13797 3.175002 -63.46268 -62.93494 -3.175005 -63.28014 -62.93494 3.175002 -63.28014 62.06031 -3.175005 -63.28014 61.86202 3.175002 -63.46268 64.06507 -3.175005 -63.28014 64.06507 3.175002 -63.28014 -1.778843 -3.175005 -63.09148 -2.25806 3.175002 -63.36807 0.9042169 -3.175005 -63.09148 0.9042169 3.175002 -63.09148 -64.71405 -3.175005 -63.13272 -64.93967 3.175002 -63.28014 -63.16059 -3.175005 -63.13272 -63.16059 3.175002 -63.13272 62.28596 -3.175005 -63.13272 62.06031 3.175002 -63.28014 63.83941 -3.175005 -63.13272 63.83941 3.175002 -63.13272 -64.4672 -3.175005 -63.02445 -64.71405 3.175002 -63.13272 -63.40742 -3.175005 -63.02445 -63.40742 3.175002 -63.02445 62.5328 -3.175005 -63.02445 62.28596 3.175002 -63.13272 63.59259 -3.175005 -63.02445 63.59259 3.175002 -63.02445 -1.258884 -3.175005 -62.90227 -1.778843 3.175002 -63.09148 0.3842583 -3.175005 -62.90227 0.3842583 3.175002 -62.90227 -64.20594 -3.175005 -62.95827 -64.4672 3.175002 -63.02445 -63.66871 -3.175005 -62.95827 -63.66871 3.175002 -62.95827 62.79407 -3.175005 -62.95827 62.5328 3.175002 -63.02445 63.33129 -3.175005 -62.95827 63.33129 3.175002 -62.95827 -63.93732 -3.175005 -62.93603 -64.20594 3.175002 -62.95827 -63.93732 3.175002 -62.93603 63.06269 -3.175005 -62.93603 62.79407 3.175002 -62.95827 63.06269 3.175002 -62.93603 -1.047901 -3.175005 -62.86508 -1.258884 3.175002 -62.90227 0.173275 -3.175005 -62.86508 0.173275 3.175002 -62.86508 -67.92829 -3.175005 -58.21797 -70.2873 -3.175005 -58.21797 -70.2873 3.175002 -58.21797 -60.27454 -3.175005 -58.21797 -57.58732 -3.175005 -58.21797 -57.58732 3.175002 -62.86508 -9.689656 -3.175005 -60.81904 -9.689656 3.175002 -60.81904 -8.963841 -3.175005 -60.1142 -9.298497 -3.175005 -60.49571 -0.7139625 -3.175005 -62.8062 -8.496602 -3.175005 -59.21678 -8.694249 -3.175005 -59.68421 -1.047901 3.175002 -62.86508 2.01968 -3.175005 -58.21797 -0.1606482 -3.175005 -62.8062 -0.1606482 3.175002 -62.8062 8.81503 -3.175005 -60.81904 8.423855 -3.175005 -60.49571 8.089215 -3.175005 -60.1142 7.819622 -3.175005 -59.68421 7.621975 -3.175005 -59.21678 11.73796 3.175002 -62.86508 64.51366 -3.175005 -58.21797 56.71268 -3.175005 -58.21797 56.71268 3.175002 -58.21797 69.41269 -3.175005 -58.21797 69.41269 3.175002 -62.86508 -8.375966 -3.175005 -58.72383 -0.7139625 3.175002 -62.8062 -9.298497 3.175002 -60.49571 8.81503 3.175002 -60.81904 -8.963841 3.175002 -60.1142 8.423855 3.175002 -60.49571 -8.694249 3.175002 -59.68421 8.089215 3.175002 -60.1142 -8.496602 3.175002 -59.21678 7.819622 3.175002 -59.68421 -8.375966 3.175002 -58.72383 7.501339 -3.175005 -58.72383 7.621975 3.175002 -59.21678 -8.335408 -3.175005 -58.21797 -8.335408 3.175002 -58.21797 7.460781 -3.175005 -58.21797 7.501339 3.175002 -58.72383 -67.92829 -3.175005 -45.51797 -70.2873 -3.175005 -45.51797 -70.2873 3.175002 -45.51797 -63.93732 -3.175005 -53.49991 -64.20594 -3.175005 -53.47765 -64.4672 -3.175005 -53.4115 -64.71405 -3.175005 -53.30322 -64.93967 -3.175005 -53.15581 -65.13797 -3.175005 -52.97325 -65.30353 -3.175005 -52.76055 -65.43183 -3.175005 -52.5235 -65.51932 -3.175005 -52.26859 -65.56369 -3.175005 -52.00272 -57.58732 -3.175005 -45.51797 -60.27454 -3.175005 -45.51797 -62.93494 -3.175005 -53.15581 -63.16059 -3.175005 -53.30322 -63.40742 -3.175005 -53.4115 -63.66871 -3.175005 -53.47765 -62.35529 -3.175005 -52.26859 -62.44282 -3.175005 -52.5235 -62.31095 -3.175005 -51.73319 -62.31095 -3.175005 -52.00272 -62.57111 -3.175005 -52.76055 -62.73664 -3.175005 -52.97325 -57.58732 3.175002 -58.21797 -8.375966 -3.175005 -57.71209 -8.375966 3.175002 -57.71209 7.501339 -3.175005 -57.71209 2.01968 -3.175005 -52.6225 0.9666559 -3.175005 -53.31452 1.383434 -3.175005 -53.06786 7.460781 3.175002 -58.21797 62.5328 -3.175005 -53.4115 62.28596 -3.175005 -53.30322 62.06031 -3.175005 -53.15581 61.86202 -3.175005 -52.97325 61.69646 -3.175005 -52.76055 61.56818 -3.175005 -52.5235 61.48067 -3.175005 -52.26859 61.4363 -3.175005 -52.00272 56.71268 -3.175005 -45.51797 62.79407 -3.175005 -53.47765 56.71268 3.175002 -45.51797 63.59259 -3.175005 -53.4115 63.33129 -3.175005 -53.47765 63.06269 -3.175005 -53.49991 64.51366 -3.175005 -52.60393 64.42891 -3.175005 -52.76055 64.26335 -3.175005 -52.97325 64.06507 -3.175005 -53.15581 63.83941 -3.175005 -53.30322 64.55719 -3.175005 -52.5235 64.6447 -3.175005 -52.26859 69.41269 -3.175005 -45.51797 64.68907 -3.175005 -51.73319 64.68907 -3.175005 -52.00272 69.41269 3.175002 -58.21797 -8.496602 -3.175005 -57.21915 -8.496602 3.175002 -57.21915 7.621975 -3.175005 -57.21915 7.501339 3.175002 -57.71209 0.5172235 -3.175005 -53.49493 0.04557424 -3.175005 -53.60486 -0.4373054 -3.175005 -53.64181 -1.391834 -3.175005 -53.49493 -8.694249 -3.175005 -56.75171 -0.920185 -3.175005 -53.60486 -8.694249 3.175002 -56.75171 7.819622 -3.175005 -56.75171 7.621975 3.175002 -57.21915 -1.841282 -3.175005 -53.31452 -8.963841 -3.175005 -56.32175 -8.963841 3.175002 -56.32175 8.089215 -3.175005 -56.32175 7.819622 3.175002 -56.75171 -2.25806 -3.175005 -53.06786 -9.298497 -3.175005 -55.94024 -9.298497 3.175002 -55.94024 8.423855 -3.175005 -55.94024 8.089215 3.175002 -56.32175 -9.689656 -3.175005 -55.6169 -9.689656 3.175002 -55.6169 8.81503 -3.175005 -55.6169 8.423855 3.175002 -55.94024 -13.04363 -3.175005 -45.51797 -21.78974 -3.175005 -47.14685 -21.78974 3.175002 -47.14685 19.85174 -3.175005 -47.89121 19.85174 -3.175005 -45.51797 12.169 -3.175005 -45.51797 8.81503 3.175002 -55.6169 -0.4373054 3.175002 -53.64181 0.04557424 3.175002 -53.60486 -0.920185 3.175002 -53.60486 0.5172235 3.175002 -53.49493 -63.93732 3.175002 -53.49991 -63.66871 3.175002 -53.47765 63.06269 3.175002 -53.49991 63.33129 3.175002 -53.47765 -1.391834 3.175002 -53.49493 0.9666559 3.175002 -53.31452 -64.20594 3.175002 -53.47765 -63.40742 3.175002 -53.4115 62.79407 3.175002 -53.47765 63.59259 3.175002 -53.4115 -64.4672 3.175002 -53.4115 -63.16059 3.175002 -53.30322 62.5328 3.175002 -53.4115 63.83941 3.175002 -53.30322 -1.841282 3.175002 -53.31452 1.383434 3.175002 -53.06786 -64.71405 3.175002 -53.30322 -62.93494 3.175002 -53.15581 62.28596 3.175002 -53.30322 64.06507 3.175002 -53.15581 -64.93967 3.175002 -53.15581 -62.73664 3.175002 -52.97325 62.06031 3.175002 -53.15581 64.26335 3.175002 -52.97325 -2.25806 3.175002 -53.06786 2.01968 3.175002 -52.6225 -65.13797 3.175002 -52.97325 -62.57111 3.175002 -52.76055 61.86202 3.175002 -52.97325 64.42891 3.175002 -52.76055 -65.30353 3.175002 -52.76055 -62.44282 3.175002 -52.5235 61.69646 3.175002 -52.76055 64.51366 3.175002 -52.60393 12.169 3.175002 -45.51797 64.55719 3.175002 -52.5235 -65.43183 3.175002 -52.5235 -62.35529 3.175002 -52.26859 61.56818 3.175002 -52.5235 64.6447 3.175002 -52.26859 -65.51932 3.175002 -52.26859 -62.31095 3.175002 -52.00272 61.48067 3.175002 -52.26859 64.68907 3.175002 -52.00272 -65.56369 -3.175005 -51.73319 -65.56369 3.175002 -52.00272 -62.31095 3.175002 -51.73319 61.4363 -3.175005 -51.73319 61.4363 3.175002 -52.00272 64.68907 3.175002 -51.73319 -65.51932 -3.175005 -51.46734 -65.56369 3.175002 -51.73319 -62.35529 -3.175005 -51.46734 -62.35529 3.175002 -51.46734 61.48067 -3.175005 -51.46734 61.4363 3.175002 -51.73319 64.6447 -3.175005 -51.46734 64.6447 3.175002 -51.46734 -65.43183 -3.175005 -51.21241 -65.51932 3.175002 -51.46734 -62.44282 -3.175005 -51.21241 -62.44282 3.175002 -51.21241 61.56818 -3.175005 -51.21241 61.48067 3.175002 -51.46734 64.55719 -3.175005 -51.21241 64.55719 3.175002 -51.21241 -65.30353 -3.175005 -50.97538 -65.43183 3.175002 -51.21241 -62.57111 -3.175005 -50.97538 -62.57111 3.175002 -50.97538 61.69646 -3.175005 -50.97538 61.56818 3.175002 -51.21241 64.51366 -3.175005 -51.132 64.51366 3.175002 -51.132 64.51366 -3.175005 -45.51797 64.42891 -3.175005 -50.97538 64.42891 3.175002 -50.97538 -65.13797 -3.175005 -50.76268 -65.30353 3.175002 -50.97538 -62.73664 -3.175005 -50.76268 -62.73664 3.175002 -50.76268 61.86202 -3.175005 -50.76268 61.69646 3.175002 -50.97538 64.26335 -3.175005 -50.76268 64.26335 3.175002 -50.76268 -64.93967 -3.175005 -50.58012 -65.13797 3.175002 -50.76268 -62.93494 -3.175005 -50.58012 -62.93494 3.175002 -50.58012 62.06031 -3.175005 -50.58012 61.86202 3.175002 -50.76268 64.06507 -3.175005 -50.58012 64.06507 3.175002 -50.58012 -64.71405 -3.175005 -50.43271 -64.93967 3.175002 -50.58012 -63.16059 -3.175005 -50.43271 -63.16059 3.175002 -50.43271 62.28596 -3.175005 -50.43271 62.06031 3.175002 -50.58012 63.83941 -3.175005 -50.43271 63.83941 3.175002 -50.43271 -64.4672 -3.175005 -50.32444 -64.71405 3.175002 -50.43271 -63.40742 -3.175005 -50.32444 -63.40742 3.175002 -50.32444 62.5328 -3.175005 -50.32444 62.28596 3.175002 -50.43271 63.59259 -3.175005 -50.32444 63.59259 3.175002 -50.32444 -64.20594 -3.175005 -50.25828 -64.4672 3.175002 -50.32444 -63.66871 -3.175005 -50.25828 -63.66871 3.175002 -50.25828 62.79407 -3.175005 -50.25828 62.5328 3.175002 -50.32444 63.33129 -3.175005 -50.25828 63.33129 3.175002 -50.25828 -63.93732 -3.175005 -50.23601 -64.20594 3.175002 -50.25828 -63.93732 3.175002 -50.23601 63.06269 -3.175005 -50.23601 62.79407 3.175002 -50.25828 63.06269 3.175002 -50.23601 23.24209 -3.175005 -45.51797 19.85174 3.175002 -47.89121 -21.78974 -3.175005 -45.51797 -24.11672 -3.175005 -45.51797 -24.11672 3.175002 -45.51797 -67.92829 -3.175005 -32.81797 -70.2873 -3.175005 -32.81797 -70.2873 3.175002 -32.81797 -63.93732 -3.175005 -40.79991 -64.20594 -3.175005 -40.77765 -64.4672 -3.175005 -40.71149 -64.71405 -3.175005 -40.60322 -64.93967 -3.175005 -40.4558 -65.13797 -3.175005 -40.27326 -65.30353 -3.175005 -40.06056 -65.43183 -3.175005 -39.82352 -65.51932 -3.175005 -39.56859 -65.56369 -3.175005 -39.30273 -57.58732 -3.175005 -32.81797 -60.27454 -3.175005 -32.81797 -62.93494 -3.175005 -40.4558 -63.16059 -3.175005 -40.60322 -63.40742 -3.175005 -40.71149 -63.66871 -3.175005 -40.77765 -62.35529 -3.175005 -39.56859 -62.44282 -3.175005 -39.82352 -62.31095 -3.175005 -39.0332 -62.31095 -3.175005 -39.30273 -62.57111 -3.175005 -40.06056 -62.73664 -3.175005 -40.27326 -57.58732 3.175002 -45.51797 -31.18648 -3.175005 -32.81797 -42.25957 -3.175005 -32.81797 -21.78974 -3.175005 -39.39569 -42.25957 3.175002 -32.81797 -13.04363 3.175002 -45.51797 19.85174 -3.175005 -40.14006 19.85174 3.175002 -40.14006 30.31186 -3.175005 -32.81797 41.38494 -3.175005 -32.81797 23.24209 3.175002 -45.51797 62.79407 -3.175005 -40.77765 62.5328 -3.175005 -40.71149 62.28596 -3.175005 -40.60322 62.06031 -3.175005 -40.4558 61.86202 -3.175005 -40.27326 61.69646 -3.175005 -40.06056 61.56818 -3.175005 -39.82352 61.48067 -3.175005 -39.56859 61.4363 -3.175005 -39.30273 56.71268 -3.175005 -32.81797 56.71268 3.175002 -32.81797 63.59259 -3.175005 -40.71149 63.33129 -3.175005 -40.77765 63.06269 -3.175005 -40.79991 64.51366 -3.175005 -39.90394 64.42891 -3.175005 -40.06056 64.26335 -3.175005 -40.27326 64.06507 -3.175005 -40.4558 63.83941 -3.175005 -40.60322 64.55719 -3.175005 -39.82352 64.6447 -3.175005 -39.56859 69.41269 -3.175005 -32.81797 64.68907 -3.175005 -39.0332 64.68907 -3.175005 -39.30273 69.41269 3.175002 -45.51797 -63.93732 3.175002 -40.79991 -63.66871 3.175002 -40.77765 63.06269 3.175002 -40.79991 63.33129 3.175002 -40.77765 -64.20594 3.175002 -40.77765 -63.40742 3.175002 -40.71149 62.79407 3.175002 -40.77765 63.59259 3.175002 -40.71149 -64.4672 3.175002 -40.71149 -63.16059 3.175002 -40.60322 62.5328 3.175002 -40.71149 63.83941 3.175002 -40.60322 -64.71405 3.175002 -40.60322 -62.93494 3.175002 -40.4558 62.28596 3.175002 -40.60322 64.06507 3.175002 -40.4558 -64.93967 3.175002 -40.4558 -62.73664 3.175002 -40.27326 62.06031 3.175002 -40.4558 64.26335 3.175002 -40.27326 -65.13797 3.175002 -40.27326 -62.57111 3.175002 -40.06056 61.86202 3.175002 -40.27326 64.42891 3.175002 -40.06056 30.31186 3.175002 -32.81797 -65.30353 3.175002 -40.06056 -62.44282 3.175002 -39.82352 61.69646 3.175002 -40.06056 64.51366 3.175002 -39.90394 64.55719 3.175002 -39.82352 -65.43183 3.175002 -39.82352 -62.35529 3.175002 -39.56859 61.56818 3.175002 -39.82352 64.6447 3.175002 -39.56859 -65.51932 3.175002 -39.56859 -62.31095 3.175002 -39.30273 61.48067 3.175002 -39.56859 64.68907 3.175002 -39.30273 -21.78974 3.175002 -39.39569 -65.56369 -3.175005 -39.0332 -65.56369 3.175002 -39.30273 -62.31095 3.175002 -39.0332 61.4363 -3.175005 -39.0332 61.4363 3.175002 -39.30273 64.68907 3.175002 -39.0332 -65.51932 -3.175005 -38.76735 -65.56369 3.175002 -39.0332 -62.35529 -3.175005 -38.76735 -62.35529 3.175002 -38.76735 61.48067 -3.175005 -38.76735 61.4363 3.175002 -39.0332 64.6447 -3.175005 -38.76735 64.6447 3.175002 -38.76735 -65.43183 -3.175005 -38.51242 -65.51932 3.175002 -38.76735 -62.44282 -3.175005 -38.51242 -62.44282 3.175002 -38.51242 61.56818 -3.175005 -38.51242 61.48067 3.175002 -38.76735 64.55719 -3.175005 -38.51242 64.55719 3.175002 -38.51242 -65.30353 -3.175005 -38.27537 -65.43183 3.175002 -38.51242 -62.57111 -3.175005 -38.27537 -62.57111 3.175002 -38.27537 61.69646 -3.175005 -38.27537 61.56818 3.175002 -38.51242 64.51366 -3.175005 -38.432 64.51366 3.175002 -38.432 64.51366 -3.175005 -32.81797 64.42891 -3.175005 -38.27537 64.42891 3.175002 -38.27537 -65.13797 -3.175005 -38.06267 -65.30353 3.175002 -38.27537 -62.73664 -3.175005 -38.06267 -62.73664 3.175002 -38.06267 61.86202 -3.175005 -38.06267 61.69646 3.175002 -38.27537 64.26335 -3.175005 -38.06267 64.26335 3.175002 -38.06267 -64.93967 -3.175005 -37.88013 -65.13797 3.175002 -38.06267 -62.93494 -3.175005 -37.88013 -62.93494 3.175002 -37.88013 62.06031 -3.175005 -37.88013 61.86202 3.175002 -38.06267 64.06507 -3.175005 -37.88013 64.06507 3.175002 -37.88013 -64.71405 -3.175005 -37.7327 -64.93967 3.175002 -37.88013 -63.16059 -3.175005 -37.7327 -63.16059 3.175002 -37.7327 62.28596 -3.175005 -37.7327 62.06031 3.175002 -37.88013 63.83941 -3.175005 -37.7327 63.83941 3.175002 -37.7327 -64.4672 -3.175005 -37.62444 -64.71405 3.175002 -37.7327 -63.40742 -3.175005 -37.62444 -63.40742 3.175002 -37.62444 62.5328 -3.175005 -37.62444 62.28596 3.175002 -37.7327 63.59259 -3.175005 -37.62444 63.59259 3.175002 -37.62444 -64.20594 -3.175005 -37.55827 -64.4672 3.175002 -37.62444 -63.66871 -3.175005 -37.55827 -63.66871 3.175002 -37.55827 62.79407 -3.175005 -37.55827 62.5328 3.175002 -37.62444 63.33129 -3.175005 -37.55827 63.33129 3.175002 -37.55827 -63.93732 -3.175005 -37.53602 -64.20594 3.175002 -37.55827 -63.93732 3.175002 -37.53602 63.06269 -3.175005 -37.53602 62.79407 3.175002 -37.55827 63.06269 3.175002 -37.53602 -67.92829 -3.175005 -24.92383 -70.2873 -3.175005 -24.92383 -70.2873 3.175002 -24.92383 -63.93732 -3.175005 -28.09992 -64.20594 -3.175005 -28.07766 -64.4672 -3.175005 -28.0115 -64.71405 -3.175005 -27.90323 -64.93967 -3.175005 -27.75581 -65.13797 -3.175005 -27.57326 -65.30353 -3.175005 -27.36056 -65.43183 -3.175005 -27.12351 -63.40742 -3.175005 -28.0115 -63.66871 -3.175005 -28.07766 -62.57111 -3.175005 -27.36056 -62.73664 -3.175005 -27.57326 -62.93494 -3.175005 -27.75581 -63.16059 -3.175005 -27.90323 -62.31095 -3.175005 -26.60273 -62.35529 -3.175005 -26.86858 -62.44282 -3.175005 -27.12351 -60.27454 -3.175005 -24.92383 -57.58732 -3.175005 -28.18663 -57.58732 3.175002 -32.81797 -42.525 -3.175005 -32.63217 -42.525 3.175002 -32.63217 -41.07783 -3.175005 -25.89403 -31.18648 3.175002 -32.81797 40.20319 -3.175005 -25.89403 40.20319 3.175002 -25.89403 46.16233 -3.175005 -29.4738 41.38494 3.175002 -32.81797 62.79407 -3.175005 -28.07766 62.5328 -3.175005 -28.0115 62.28596 -3.175005 -27.90323 62.06031 -3.175005 -27.75581 61.86202 -3.175005 -27.57326 61.69646 -3.175005 -27.36056 56.71268 -3.175005 -28.18663 56.71268 3.175002 -28.18663 63.59259 -3.175005 -28.0115 63.33129 -3.175005 -28.07766 63.06269 -3.175005 -28.09992 64.42891 -3.175005 -27.36056 64.26335 -3.175005 -27.57326 64.06507 -3.175005 -27.75581 63.83941 -3.175005 -27.90323 64.55719 -3.175005 -27.12351 64.51366 -3.175005 -27.20393 69.41269 -3.175005 -24.92383 64.6447 -3.175005 -26.86858 69.41269 3.175002 -32.81797 -42.525 -3.175005 -24.92383 -49.17133 -3.175005 -24.92383 -41.83631 -3.175005 -25.14452 -41.48876 -3.175005 -25.55135 -49.17133 -3.175005 -27.97973 -49.17133 3.175002 -27.97973 51.71694 -3.175005 -25.58557 46.16233 -3.175005 -24.92383 40.61413 -3.175005 -25.55135 41.09344 -3.175005 -24.92383 40.96166 -3.175005 -25.14452 46.16233 3.175002 -29.4738 -57.54273 -3.175005 -27.65633 -57.58732 3.175002 -28.18663 61.56818 -3.175005 -27.12351 56.66808 -3.175005 -27.65633 56.66808 3.175002 -27.65633 -63.93732 3.175002 -28.09992 -63.66871 3.175002 -28.07766 63.06269 3.175002 -28.09992 63.33129 3.175002 -28.07766 -64.20594 3.175002 -28.07766 -63.40742 3.175002 -28.0115 62.79407 3.175002 -28.07766 63.59259 3.175002 -28.0115 -64.4672 3.175002 -28.0115 -63.16059 3.175002 -27.90323 62.5328 3.175002 -28.0115 63.83941 3.175002 -27.90323 -52.59156 -3.175005 -25.58557 -52.59156 3.175002 -25.58557 -64.71405 3.175002 -27.90323 -62.93494 3.175002 -27.75581 62.28596 3.175002 -27.90323 64.06507 3.175002 -27.75581 -64.93967 3.175002 -27.75581 -62.73664 3.175002 -27.57326 62.06031 3.175002 -27.75581 64.26335 3.175002 -27.57326 -57.41016 -3.175005 -27.14093 -57.54273 3.175002 -27.65633 61.48067 -3.175005 -26.86858 56.53554 -3.175005 -27.14093 56.53554 3.175002 -27.14093 -65.13797 3.175002 -27.57326 -62.57111 3.175002 -27.36056 61.86202 3.175002 -27.57326 64.42891 3.175002 -27.36056 -65.30353 3.175002 -27.36056 -62.44282 3.175002 -27.12351 61.69646 3.175002 -27.36056 64.51366 3.175002 -27.20393 64.55719 3.175002 -27.12351 -57.1934 -3.175005 -26.65492 -57.41016 3.175002 -27.14093 62.06031 -3.175005 -25.18013 56.31878 -3.175005 -26.65492 61.48067 -3.175005 -26.06735 61.56818 -3.175005 -25.81242 61.4363 -3.175005 -26.3332 61.69646 -3.175005 -25.57537 61.86202 -3.175005 -25.36269 61.4363 -3.175005 -26.60273 56.31878 3.175002 -26.65492 -65.51932 -3.175005 -26.86858 -65.43183 3.175002 -27.12351 -62.35529 3.175002 -26.86858 61.56818 3.175002 -27.12351 64.6447 3.175002 -26.86858 -65.56369 -3.175005 -26.60273 -65.51932 3.175002 -26.86858 -62.31095 3.175002 -26.60273 61.48067 3.175002 -26.86858 64.68907 -3.175005 -26.60273 64.68907 3.175002 -26.60273 -56.8985 -3.175005 -26.21192 -57.1934 3.175002 -26.65492 62.5328 -3.175005 -24.92444 56.02387 -3.175005 -26.21192 62.28596 -3.175005 -25.03272 56.02387 3.175002 -26.21192 -65.56369 -3.175005 -26.3332 -65.56369 3.175002 -26.60273 -62.31095 -3.175005 -26.3332 -62.31095 3.175002 -26.3332 61.4363 3.175002 -26.60273 64.68907 -3.175005 -26.3332 64.68907 3.175002 -26.3332 -65.51932 -3.175005 -26.06735 -65.56369 3.175002 -26.3332 -62.35529 -3.175005 -26.06735 -62.35529 3.175002 -26.06735 61.4363 3.175002 -26.3332 64.6447 -3.175005 -26.06735 64.6447 3.175002 -26.06735 -56.53376 -3.175005 -25.82441 -56.8985 3.175002 -26.21192 62.53522 -3.175005 -24.92383 55.65913 -3.175005 -25.82441 55.65913 3.175002 -25.82441 -65.43183 -3.175005 -25.81242 -65.51932 3.175002 -26.06735 -62.44282 -3.175005 -25.81242 -62.44282 3.175002 -25.81242 61.48067 3.175002 -26.06735 64.55719 -3.175005 -25.81242 64.55719 3.175002 -25.81242 -41.07783 3.175002 -25.89403 40.61413 3.175002 -25.55135 -56.10941 -3.175005 -25.50326 -56.53376 3.175002 -25.82441 55.23479 -3.175005 -25.50326 55.23479 3.175002 -25.50326 -65.30353 -3.175005 -25.57537 -65.43183 3.175002 -25.81242 -62.57111 -3.175005 -25.57537 -62.57111 3.175002 -25.57537 61.56818 3.175002 -25.81242 64.51366 -3.175005 -25.732 64.51366 3.175002 -25.732 64.51366 -3.175005 -24.92383 64.42891 -3.175005 -25.57537 64.42891 3.175002 -25.57537 -53.05158 -3.175005 -25.318 -53.05158 3.175002 -25.318 52.17696 -3.175005 -25.318 51.71694 3.175002 -25.58557 -65.13797 -3.175005 -25.36269 -65.30353 3.175002 -25.57537 -62.73664 -3.175005 -25.36269 -62.73664 3.175002 -25.36269 61.69646 3.175002 -25.57537 64.26335 -3.175005 -25.36269 64.26335 3.175002 -25.36269 -41.48876 3.175002 -25.55135 40.96166 3.175002 -25.14452 -55.6374 -3.175005 -25.25749 -56.10941 3.175002 -25.50326 54.76275 -3.175005 -25.25749 54.76275 3.175002 -25.25749 -64.93967 -3.175005 -25.18013 -65.13797 3.175002 -25.36269 -62.93494 -3.175005 -25.18013 -62.93494 3.175002 -25.18013 61.86202 3.175002 -25.36269 64.06507 -3.175005 -25.18013 64.06507 3.175002 -25.18013 -53.54981 -3.175005 -25.13101 -53.54981 3.175002 -25.13101 52.67519 -3.175005 -25.13101 52.17696 3.175002 -25.318 -55.13096 -3.175005 -25.09403 -55.6374 3.175002 -25.25749 54.25631 -3.175005 -25.09403 54.25631 3.175002 -25.09403 -64.71405 -3.175005 -25.03272 -64.93967 3.175002 -25.18013 -63.16059 -3.175005 -25.03272 -63.16059 3.175002 -25.03272 62.06031 3.175002 -25.18013 63.83941 -3.175005 -25.03272 63.83941 3.175002 -25.03272 -41.96807 -3.175005 -24.92383 -41.83631 3.175002 -25.14452 41.09344 3.175002 -24.92383 -54.0723 -3.175005 -25.02989 -54.0723 3.175002 -25.02989 53.19765 -3.175005 -25.02989 52.67519 3.175002 -25.13101 -54.60432 -3.175005 -25.01744 -55.13096 3.175002 -25.09403 53.7297 -3.175005 -25.01744 53.7297 3.175002 -25.01744 -64.4672 -3.175005 -24.92444 -64.71405 3.175002 -25.03272 -63.40742 -3.175005 -24.92444 -63.40742 3.175002 -24.92444 62.28596 3.175002 -25.03272 63.59259 -3.175005 -24.92444 63.59259 3.175002 -24.92444 -54.60432 3.175002 -25.01744 53.19765 3.175002 -25.02989 -64.46479 -3.175005 -24.92383 -64.4672 3.175002 -24.92444 -63.40986 -3.175005 -24.92383 -63.40986 3.175002 -24.92383 62.5328 3.175002 -24.92444 63.59014 -3.175005 -24.92383 63.59014 3.175002 -24.92383 -67.92829 -3.175005 -17.75895 -70.2873 -3.175005 -17.75895 -70.2873 3.175002 -17.75895 -64.20594 -3.175005 -24.85828 -64.46479 3.175002 -24.92383 -60.27454 -3.175005 -17.75895 -63.66871 -3.175005 -24.85828 -63.66871 3.175002 -24.85828 -49.17133 -3.175005 -17.75895 -42.525 -3.175005 -17.75895 -42.1106 -3.175005 -24.68511 -42.30385 -3.175005 -24.18617 -42.41059 -3.175005 -23.66185 -42.42774 -3.175005 -23.12706 -41.96807 3.175002 -24.92383 41.23597 -3.175005 -24.68511 41.23597 3.175002 -24.68511 46.16233 -3.175005 -17.75895 41.53594 -3.175005 -23.66185 41.42922 -3.175005 -24.18617 41.48023 -3.175005 -22.59699 41.55311 -3.175005 -23.12706 64.51366 -3.175005 -17.75895 62.79407 -3.175005 -24.85828 62.53522 3.175002 -24.92383 63.33129 -3.175005 -24.85828 63.33129 3.175002 -24.85828 69.41269 -3.175005 -17.75895 69.41269 3.175002 -24.92383 -63.93732 -3.175005 -24.83602 -64.20594 3.175002 -24.85828 -63.93732 3.175002 -24.83602 63.06269 -3.175005 -24.83602 62.79407 3.175002 -24.85828 63.06269 3.175002 -24.83602 -42.1106 3.175002 -24.68511 41.42922 3.175002 -24.18617 -42.30385 3.175002 -24.18617 41.53594 3.175002 -23.66185 -42.41059 3.175002 -23.66185 41.55311 3.175002 -23.12706 -42.35486 -3.175005 -22.59699 -42.42774 3.175002 -23.12706 41.48023 3.175002 -22.59699 -42.19401 -3.175005 -22.08668 -42.35486 3.175002 -22.59699 41.31936 -3.175005 -22.08668 41.31936 3.175002 -22.08668 -41.94973 -3.175005 -21.61062 -42.19401 3.175002 -22.08668 41.07509 -3.175005 -21.61062 41.07509 3.175002 -21.61062 -41.62899 -3.175005 -21.18236 -41.94973 3.175002 -21.61062 40.75436 -3.175005 -21.18236 40.75436 3.175002 -21.18236 -41.24088 -3.175005 -20.81401 -41.62899 3.175002 -21.18236 40.36623 -3.175005 -20.81401 40.36623 3.175002 -20.81401 -40.79642 -3.175005 -20.5161 -41.24088 3.175002 -20.81401 39.92181 -3.175005 -20.5161 39.92181 3.175002 -20.5161 -40.30826 -3.175005 -20.29704 -40.79642 3.175002 -20.5161 39.43363 -3.175005 -20.29704 39.43363 3.175002 -20.29704 -39.79024 -3.175005 -20.16306 -40.30826 3.175002 -20.29704 38.91561 -3.175005 -20.16306 38.91561 3.175002 -20.16306 -39.25709 -3.175005 -20.11797 -39.79024 3.175002 -20.16306 38.38244 -3.175005 -20.11797 38.38244 3.175002 -20.11797 -21.78974 -3.175005 -17.75895 -21.78974 -3.175005 -20.11797 -39.25709 3.175002 -20.11797 2.01968 -3.175005 -17.75895 2.01968 -3.175005 -20.11797 -21.78974 3.175002 -20.11797 19.85174 -3.175005 -17.75895 19.85174 -3.175005 -20.11797 2.01968 3.175002 -20.11797 19.85174 3.175002 -20.11797 -67.92829 -3.175005 -9.776997 -70.2873 -3.175005 -9.776997 -70.2873 3.175002 -9.776997 -63.93732 -3.175005 -15.39992 -64.20594 -3.175005 -15.37766 -64.4672 -3.175005 -15.3115 -64.71405 -3.175005 -15.20322 -64.93967 -3.175005 -15.0558 -65.13797 -3.175005 -14.87325 -65.30353 -3.175005 -14.66057 -65.43183 -3.175005 -14.42353 -65.51932 -3.175005 -14.1686 -65.56369 -3.175005 -13.90274 -51.50593 -3.175005 -15.37766 -51.76722 -3.175005 -15.3115 -52.01404 -3.175005 -15.20322 -52.23969 -3.175005 -15.0558 -52.43799 -3.175005 -14.87325 -52.60352 -3.175005 -14.66057 -52.73182 -3.175005 -14.42353 -52.81934 -3.175005 -14.1686 -52.86368 -3.175005 -13.90274 -60.27454 -3.175005 -9.776997 -62.93494 -3.175005 -15.0558 -63.16059 -3.175005 -15.20322 -63.40742 -3.175005 -15.3115 -63.66871 -3.175005 -15.37766 -62.35529 -3.175005 -14.1686 -62.44282 -3.175005 -14.42353 -62.31095 -3.175005 -13.63321 -62.31095 -3.175005 -13.90274 -62.57111 -3.175005 -14.66057 -62.73664 -3.175005 -14.87325 -42.525 -3.175005 -9.776997 -49.17133 -3.175005 -9.776997 -51.23731 -3.175005 -15.39992 -50.23496 -3.175005 -15.0558 -50.46058 -3.175005 -15.20322 -50.7074 -3.175005 -15.3115 -50.9687 -3.175005 -15.37766 -49.65531 -3.175005 -14.1686 -49.7428 -3.175005 -14.42353 -49.61094 -3.175005 -13.63321 -49.61094 -3.175005 -13.90274 -49.8711 -3.175005 -14.66057 -50.03666 -3.175005 -14.87325 -38.80593 -3.175005 -15.37766 -39.06721 -3.175005 -15.3115 -39.31403 -3.175005 -15.20322 -39.53968 -3.175005 -15.0558 -38.26871 -3.175005 -15.37766 -38.53731 -3.175005 -15.39992 -39.73798 -3.175005 -14.87325 -39.90353 -3.175005 -14.66057 -40.03181 -3.175005 -14.42353 -40.11933 -3.175005 -14.1686 -40.1637 -3.175005 -13.90274 -25.5687 -3.175005 -15.37766 -25.83732 -3.175005 -15.39992 -13.66721 -3.175005 -15.3115 -13.91404 -3.175005 -15.20322 -13.13732 -3.175005 -15.39992 -13.40592 -3.175005 -15.37766 -14.50353 -3.175005 -14.66057 -14.63181 -3.175005 -14.42353 -14.13968 -3.175005 -15.0558 -14.33799 -3.175005 -14.87325 -14.71933 -3.175005 -14.1686 -14.76369 -3.175005 -13.90274 -21.78974 -3.175005 -9.776997 -25.30742 -3.175005 -15.3115 -24.63665 -3.175005 -14.87325 -24.83495 -3.175005 -15.0558 -25.0606 -3.175005 -15.20322 -37.7606 -3.175005 -15.20322 -38.00742 -3.175005 -15.3115 -24.2553 -3.175005 -14.1686 -24.34282 -3.175005 -14.42353 -24.4711 -3.175005 -14.66057 -24.21094 -3.175005 -13.63321 -24.21094 -3.175005 -13.90274 -26.10593 -3.175005 -15.37766 -26.36721 -3.175005 -15.3115 -0.1687049 -3.175005 -15.37766 -0.4373054 -3.175005 -15.39992 11.73278 -3.175005 -15.3115 11.48596 -3.175005 -15.20322 12.26269 -3.175005 -15.39992 11.99408 -3.175005 -15.37766 10.89648 -3.175005 -14.66057 10.76818 -3.175005 -14.42353 11.26031 -3.175005 -15.0558 11.06202 -3.175005 -14.87325 10.68068 -3.175005 -14.1686 10.63632 -3.175005 -13.90274 2.01968 -3.175005 -9.776997 0.09258657 -3.175005 -15.3115 -12.8687 -3.175005 -15.37766 0.7633478 -3.175005 -14.87325 0.5650598 -3.175005 -15.0558 0.3394128 -3.175005 -15.20322 1.144695 -3.175005 -14.1686 1.057186 -3.175005 -14.42353 0.9289056 -3.175005 -14.66057 -0.7059211 -3.175005 -15.37766 -0.9671974 -3.175005 -15.3115 1.189068 -3.175005 -13.63321 1.189068 -3.175005 -13.90274 25.23129 -3.175005 -15.37766 24.96269 -3.175005 -15.39992 24.69407 -3.175005 -15.37766 24.4328 -3.175005 -15.3115 24.18597 -3.175005 -15.20322 23.96032 -3.175005 -15.0558 23.76202 -3.175005 -14.87325 23.59646 -3.175005 -14.66057 23.4682 -3.175005 -14.42353 23.38067 -3.175005 -14.1686 23.3363 -3.175005 -13.90274 19.85174 -3.175005 -9.776997 12.79258 -3.175005 -15.3115 12.53131 -3.175005 -15.37766 13.84469 -3.175005 -14.1686 13.75718 -3.175005 -14.42353 13.6289 -3.175005 -14.66057 13.46334 -3.175005 -14.87325 13.26504 -3.175005 -15.0558 13.03941 -3.175005 -15.20322 13.88906 -3.175005 -13.63321 13.88906 -3.175005 -13.90274 50.09408 -3.175005 -15.37766 49.83279 -3.175005 -15.3115 49.58596 -3.175005 -15.20322 49.36031 -3.175005 -15.0558 50.63129 -3.175005 -15.37766 50.36268 -3.175005 -15.39992 49.16201 -3.175005 -14.87325 48.99647 -3.175005 -14.66057 48.86819 -3.175005 -14.42353 48.78066 -3.175005 -14.1686 48.7363 -3.175005 -13.90274 46.16233 -3.175005 -9.776997 37.66268 -3.175005 -15.39992 37.39406 -3.175005 -15.37766 38.66505 -3.175005 -15.0558 38.43941 -3.175005 -15.20322 38.19257 -3.175005 -15.3115 37.9313 -3.175005 -15.37766 39.2447 -3.175005 -14.1686 39.15719 -3.175005 -14.42353 39.28905 -3.175005 -13.63321 39.28905 -3.175005 -13.90274 39.02889 -3.175005 -14.66057 38.86335 -3.175005 -14.87325 63.59259 -3.175005 -15.3115 63.33129 -3.175005 -15.37766 63.06269 -3.175005 -15.39992 64.51366 -3.175005 -14.50394 64.42891 -3.175005 -14.66057 64.26335 -3.175005 -14.87325 64.06507 -3.175005 -15.0558 63.83941 -3.175005 -15.20322 51.1394 -3.175005 -15.20322 50.89257 -3.175005 -15.3115 62.79407 -3.175005 -15.37766 62.5328 -3.175005 -15.3115 64.55719 -3.175005 -14.42353 64.6447 -3.175005 -14.1686 69.41269 -3.175005 -9.776997 64.68907 -3.175005 -13.63321 64.68907 -3.175005 -13.90274 69.41269 3.175002 -17.75895 -63.93732 3.175002 -15.39992 -63.66871 3.175002 -15.37766 -51.23731 3.175002 -15.39992 -50.9687 3.175002 -15.37766 -38.53731 3.175002 -15.39992 -38.26871 3.175002 -15.37766 -25.83732 3.175002 -15.39992 -25.5687 3.175002 -15.37766 -13.13732 3.175002 -15.39992 -12.8687 3.175002 -15.37766 -0.4373054 3.175002 -15.39992 -0.1687049 3.175002 -15.37766 12.26269 3.175002 -15.39992 12.53131 3.175002 -15.37766 24.96269 3.175002 -15.39992 25.23129 3.175002 -15.37766 37.66268 3.175002 -15.39992 37.9313 3.175002 -15.37766 50.36268 3.175002 -15.39992 50.63129 3.175002 -15.37766 63.06269 3.175002 -15.39992 63.33129 3.175002 -15.37766 -64.20594 3.175002 -15.37766 -63.40742 3.175002 -15.3115 -51.50593 3.175002 -15.37766 -50.7074 3.175002 -15.3115 -38.80593 3.175002 -15.37766 -38.00742 3.175002 -15.3115 -26.10593 3.175002 -15.37766 -25.30742 3.175002 -15.3115 -13.40592 3.175002 -15.37766 -1.214039 -3.175005 -15.20322 -12.60743 -3.175005 -15.3115 -12.60743 3.175002 -15.3115 -0.7059211 3.175002 -15.37766 0.09258657 3.175002 -15.3115 11.99408 3.175002 -15.37766 12.79258 3.175002 -15.3115 24.69407 3.175002 -15.37766 37.13279 -3.175005 -15.3115 36.88596 -3.175005 -15.20322 25.49258 -3.175005 -15.3115 25.49258 3.175002 -15.3115 37.39406 3.175002 -15.37766 38.19257 3.175002 -15.3115 50.09408 3.175002 -15.37766 50.89257 3.175002 -15.3115 62.79407 3.175002 -15.37766 63.59259 3.175002 -15.3115 -64.4672 3.175002 -15.3115 -63.16059 3.175002 -15.20322 -51.76722 3.175002 -15.3115 -50.46058 3.175002 -15.20322 -39.06721 3.175002 -15.3115 -37.7606 3.175002 -15.20322 -26.61403 -3.175005 -15.20322 -26.36721 3.175002 -15.3115 -25.0606 3.175002 -15.20322 -13.66721 3.175002 -15.3115 -12.3606 -3.175005 -15.20322 -12.3606 3.175002 -15.20322 -0.9671974 3.175002 -15.3115 0.3394128 3.175002 -15.20322 11.73278 3.175002 -15.3115 13.03941 3.175002 -15.20322 24.4328 3.175002 -15.3115 25.73941 -3.175005 -15.20322 25.73941 3.175002 -15.20322 37.13279 3.175002 -15.3115 38.43941 3.175002 -15.20322 49.83279 3.175002 -15.3115 51.1394 3.175002 -15.20322 62.28596 -3.175005 -15.20322 62.5328 3.175002 -15.3115 63.83941 3.175002 -15.20322 -64.71405 3.175002 -15.20322 -62.93494 3.175002 -15.0558 -52.01404 3.175002 -15.20322 -50.23496 3.175002 -15.0558 -39.31403 3.175002 -15.20322 -37.53495 -3.175005 -15.0558 -37.53495 3.175002 -15.0558 -37.33665 -3.175005 -14.87325 -26.83968 -3.175005 -15.0558 -26.61403 3.175002 -15.20322 -24.83495 3.175002 -15.0558 -13.91404 3.175002 -15.20322 -1.439671 -3.175005 -15.0558 -1.637974 -3.175005 -14.87325 -12.13495 -3.175005 -15.0558 -12.13495 3.175002 -15.0558 -1.214039 3.175002 -15.20322 0.5650598 3.175002 -15.0558 11.48596 3.175002 -15.20322 13.26504 3.175002 -15.0558 24.18597 3.175002 -15.20322 36.66032 -3.175005 -15.0558 36.46203 -3.175005 -14.87325 25.96505 -3.175005 -15.0558 25.96505 3.175002 -15.0558 36.88596 3.175002 -15.20322 38.66505 3.175002 -15.0558 49.58596 3.175002 -15.20322 51.36504 -3.175005 -15.0558 51.36504 3.175002 -15.0558 51.56335 -3.175005 -14.87325 62.06031 -3.175005 -15.0558 62.28596 3.175002 -15.20322 64.06507 3.175002 -15.0558 -64.93967 3.175002 -15.0558 -62.73664 3.175002 -14.87325 -52.23969 3.175002 -15.0558 -50.03666 3.175002 -14.87325 -39.53968 3.175002 -15.0558 -37.33665 3.175002 -14.87325 -27.03798 -3.175005 -14.87325 -26.83968 3.175002 -15.0558 -24.63665 3.175002 -14.87325 -14.13968 3.175002 -15.0558 -11.93665 -3.175005 -14.87325 -11.93665 3.175002 -14.87325 -1.439671 3.175002 -15.0558 0.7633478 3.175002 -14.87325 11.26031 3.175002 -15.0558 13.46334 3.175002 -14.87325 23.96032 3.175002 -15.0558 26.16336 -3.175005 -14.87325 26.16336 3.175002 -14.87325 36.66032 3.175002 -15.0558 38.86335 3.175002 -14.87325 49.36031 3.175002 -15.0558 51.56335 3.175002 -14.87325 61.86202 -3.175005 -14.87325 62.06031 3.175002 -15.0558 64.26335 3.175002 -14.87325 -65.13797 3.175002 -14.87325 -62.57111 3.175002 -14.66057 -52.43799 3.175002 -14.87325 -49.8711 3.175002 -14.66057 -39.73798 3.175002 -14.87325 -27.20353 -3.175005 -14.66057 -27.33181 -3.175005 -14.42353 -27.41933 -3.175005 -14.1686 -37.1711 -3.175005 -14.66057 -37.1711 3.175002 -14.66057 -27.03798 3.175002 -14.87325 -24.4711 3.175002 -14.66057 -14.33799 3.175002 -14.87325 -11.77109 -3.175005 -14.66057 -11.77109 3.175002 -14.66057 -1.803516 -3.175005 -14.66057 -1.637974 3.175002 -14.87325 0.9289056 3.175002 -14.66057 11.06202 3.175002 -14.87325 13.6289 3.175002 -14.66057 23.76202 3.175002 -14.87325 26.3289 -3.175005 -14.66057 26.3289 3.175002 -14.66057 36.29647 -3.175005 -14.66057 26.54471 -3.175005 -14.1686 26.45718 -3.175005 -14.42353 36.46203 3.175002 -14.87325 39.02889 3.175002 -14.66057 49.16201 3.175002 -14.87325 51.7289 -3.175005 -14.66057 51.7289 3.175002 -14.66057 51.85717 -3.175005 -14.42353 61.69646 -3.175005 -14.66057 51.98907 -3.175005 -13.90274 51.94469 -3.175005 -14.1686 61.86202 3.175002 -14.87325 64.42891 3.175002 -14.66057 -65.30353 3.175002 -14.66057 -62.44282 3.175002 -14.42353 -52.60352 3.175002 -14.66057 -49.7428 3.175002 -14.42353 -39.90353 3.175002 -14.66057 -37.04282 -3.175005 -14.42353 -37.04282 3.175002 -14.42353 -27.20353 3.175002 -14.66057 -24.34282 3.175002 -14.42353 -14.50353 3.175002 -14.66057 -1.931812 -3.175005 -14.42353 -2.019321 -3.175005 -14.1686 -11.64283 -3.175005 -14.42353 -11.64283 3.175002 -14.42353 -1.803516 3.175002 -14.66057 1.057186 3.175002 -14.42353 10.89648 3.175002 -14.66057 13.75718 3.175002 -14.42353 23.59646 3.175002 -14.66057 26.45718 3.175002 -14.42353 36.16817 -3.175005 -14.42353 36.29647 3.175002 -14.66057 39.15719 3.175002 -14.42353 48.99647 3.175002 -14.66057 51.85717 3.175002 -14.42353 61.56818 -3.175005 -14.42353 61.69646 3.175002 -14.66057 64.51366 3.175002 -14.50394 64.55719 3.175002 -14.42353 -65.43183 3.175002 -14.42353 -62.35529 3.175002 -14.1686 -52.73182 3.175002 -14.42353 -49.65531 3.175002 -14.1686 -40.03181 3.175002 -14.42353 -36.9553 -3.175005 -14.1686 -36.9553 3.175002 -14.1686 -27.33181 3.175002 -14.42353 -24.2553 3.175002 -14.1686 -14.63181 3.175002 -14.42353 -11.5553 -3.175005 -14.1686 -11.5553 3.175002 -14.1686 -1.931812 3.175002 -14.42353 1.144695 3.175002 -14.1686 10.76818 3.175002 -14.42353 13.84469 3.175002 -14.1686 23.4682 3.175002 -14.42353 26.54471 3.175002 -14.1686 36.08068 -3.175005 -14.1686 36.16817 3.175002 -14.42353 39.2447 3.175002 -14.1686 48.86819 3.175002 -14.42353 51.94469 3.175002 -14.1686 61.48067 -3.175005 -14.1686 61.56818 3.175002 -14.42353 64.6447 3.175002 -14.1686 -65.51932 3.175002 -14.1686 -62.31095 3.175002 -13.90274 -52.81934 3.175002 -14.1686 -49.61094 3.175002 -13.90274 -40.11933 3.175002 -14.1686 -36.91094 -3.175005 -13.90274 -36.91094 3.175002 -13.90274 -27.46369 -3.175005 -13.90274 -27.41933 3.175002 -14.1686 -24.21094 3.175002 -13.90274 -14.71933 3.175002 -14.1686 -11.51093 -3.175005 -13.90274 -11.51093 3.175002 -13.90274 -2.063679 -3.175005 -13.90274 -2.019321 3.175002 -14.1686 1.189068 3.175002 -13.90274 10.68068 3.175002 -14.1686 13.88906 3.175002 -13.90274 23.38067 3.175002 -14.1686 36.03631 -3.175005 -13.90274 26.58906 -3.175005 -13.90274 26.58906 3.175002 -13.90274 36.08068 3.175002 -14.1686 39.28905 3.175002 -13.90274 48.78066 3.175002 -14.1686 51.98907 3.175002 -13.90274 61.4363 -3.175005 -13.90274 61.48067 3.175002 -14.1686 64.68907 3.175002 -13.90274 -65.56369 -3.175005 -13.63321 -65.56369 3.175002 -13.90274 -62.31095 3.175002 -13.63321 -52.86368 -3.175005 -13.63321 -52.86368 3.175002 -13.90274 -49.61094 3.175002 -13.63321 -40.1637 -3.175005 -13.63321 -40.1637 3.175002 -13.90274 -36.91094 -3.175005 -13.63321 -36.91094 3.175002 -13.63321 -27.46369 -3.175005 -13.63321 -27.46369 3.175002 -13.90274 -24.21094 3.175002 -13.63321 -14.76369 -3.175005 -13.63321 -14.76369 3.175002 -13.90274 -11.51093 -3.175005 -13.63321 -11.51093 3.175002 -13.63321 -2.063679 -3.175005 -13.63321 -2.063679 3.175002 -13.90274 1.189068 3.175002 -13.63321 10.63632 -3.175005 -13.63321 10.63632 3.175002 -13.90274 13.88906 3.175002 -13.63321 23.3363 -3.175005 -13.63321 23.3363 3.175002 -13.90274 26.58906 -3.175005 -13.63321 26.58906 3.175002 -13.63321 36.03631 -3.175005 -13.63321 36.03631 3.175002 -13.90274 39.28905 3.175002 -13.63321 48.7363 -3.175005 -13.63321 48.7363 3.175002 -13.90274 51.98907 -3.175005 -13.63321 51.98907 3.175002 -13.63321 61.4363 -3.175005 -13.63321 61.4363 3.175002 -13.90274 64.68907 3.175002 -13.63321 -65.51932 -3.175005 -13.36736 -65.56369 3.175002 -13.63321 -62.35529 -3.175005 -13.36736 -62.35529 3.175002 -13.36736 -52.81934 -3.175005 -13.36736 -52.86368 3.175002 -13.63321 -49.65531 -3.175005 -13.36736 -49.65531 3.175002 -13.36736 -40.11933 -3.175005 -13.36736 -40.1637 3.175002 -13.63321 -27.41933 -3.175005 -13.36736 -36.9553 -3.175005 -13.36736 -36.9553 3.175002 -13.36736 -27.46369 3.175002 -13.63321 -24.2553 -3.175005 -13.36736 -24.2553 3.175002 -13.36736 -14.71933 -3.175005 -13.36736 -14.76369 3.175002 -13.63321 -11.5553 -3.175005 -13.36736 -11.5553 3.175002 -13.36736 -2.019321 -3.175005 -13.36736 -2.063679 3.175002 -13.63321 1.144695 -3.175005 -13.36736 1.144695 3.175002 -13.36736 10.68068 -3.175005 -13.36736 10.63632 3.175002 -13.63321 13.84469 -3.175005 -13.36736 13.84469 3.175002 -13.36736 23.38067 -3.175005 -13.36736 23.3363 3.175002 -13.63321 26.54471 -3.175005 -13.36736 26.54471 3.175002 -13.36736 36.08068 -3.175005 -13.36736 36.03631 3.175002 -13.63321 39.2447 -3.175005 -13.36736 39.2447 3.175002 -13.36736 48.78066 -3.175005 -13.36736 48.7363 3.175002 -13.63321 61.69646 -3.175005 -12.87539 51.94469 -3.175005 -13.36736 61.56818 -3.175005 -13.11243 61.48067 -3.175005 -13.36736 51.94469 3.175002 -13.36736 61.4363 3.175002 -13.63321 64.6447 -3.175005 -13.36736 64.6447 3.175002 -13.36736 -65.43183 -3.175005 -13.11243 -65.51932 3.175002 -13.36736 -62.44282 -3.175005 -13.11243 -62.44282 3.175002 -13.11243 -52.73182 -3.175005 -13.11243 -52.81934 3.175002 -13.36736 -49.7428 -3.175005 -13.11243 -49.7428 3.175002 -13.11243 -40.03181 -3.175005 -13.11243 -40.11933 3.175002 -13.36736 -37.04282 -3.175005 -13.11243 -37.04282 3.175002 -13.11243 -37.33665 -3.175005 -12.66268 -37.1711 -3.175005 -12.87539 -27.33181 -3.175005 -13.11243 -27.41933 3.175002 -13.36736 -24.34282 -3.175005 -13.11243 -24.34282 3.175002 -13.11243 -14.63181 -3.175005 -13.11243 -14.71933 3.175002 -13.36736 -1.637974 -3.175005 -12.66268 -11.64283 -3.175005 -13.11243 -1.803516 -3.175005 -12.87539 -1.931812 -3.175005 -13.11243 -11.64283 3.175002 -13.11243 -2.019321 3.175002 -13.36736 1.057186 -3.175005 -13.11243 1.057186 3.175002 -13.11243 10.76818 -3.175005 -13.11243 10.68068 3.175002 -13.36736 13.75718 -3.175005 -13.11243 13.75718 3.175002 -13.11243 23.4682 -3.175005 -13.11243 23.38067 3.175002 -13.36736 36.16817 -3.175005 -13.11243 36.46203 -3.175005 -12.66268 26.45718 -3.175005 -13.11243 36.29647 -3.175005 -12.87539 26.45718 3.175002 -13.11243 36.08068 3.175002 -13.36736 39.15719 -3.175005 -13.11243 39.15719 3.175002 -13.11243 48.86819 -3.175005 -13.11243 48.78066 3.175002 -13.36736 61.86202 -3.175005 -12.66268 51.85717 -3.175005 -13.11243 51.85717 3.175002 -13.11243 61.48067 3.175002 -13.36736 64.55719 -3.175005 -13.11243 64.55719 3.175002 -13.11243 -65.30353 -3.175005 -12.87539 -65.43183 3.175002 -13.11243 -62.57111 -3.175005 -12.87539 -62.57111 3.175002 -12.87539 -52.60352 -3.175005 -12.87539 -52.73182 3.175002 -13.11243 -49.8711 -3.175005 -12.87539 -49.8711 3.175002 -12.87539 -39.90353 -3.175005 -12.87539 -40.03181 3.175002 -13.11243 -37.1711 3.175002 -12.87539 -27.20353 -3.175005 -12.87539 -27.33181 3.175002 -13.11243 -24.4711 -3.175005 -12.87539 -24.4711 3.175002 -12.87539 -14.50353 -3.175005 -12.87539 -14.63181 3.175002 -13.11243 -11.77109 -3.175005 -12.87539 -11.77109 3.175002 -12.87539 -1.931812 3.175002 -13.11243 0.9289056 -3.175005 -12.87539 0.9289056 3.175002 -12.87539 10.89648 -3.175005 -12.87539 10.76818 3.175002 -13.11243 13.6289 -3.175005 -12.87539 13.6289 3.175002 -12.87539 23.59646 -3.175005 -12.87539 23.4682 3.175002 -13.11243 26.3289 -3.175005 -12.87539 26.3289 3.175002 -12.87539 36.16817 3.175002 -13.11243 39.02889 -3.175005 -12.87539 39.02889 3.175002 -12.87539 48.99647 -3.175005 -12.87539 48.86819 3.175002 -13.11243 51.7289 -3.175005 -12.87539 51.7289 3.175002 -12.87539 61.56818 3.175002 -13.11243 64.51366 -3.175005 -13.032 64.51366 3.175002 -13.032 64.51366 -3.175005 -9.776997 64.42891 -3.175005 -12.87539 64.42891 3.175002 -12.87539 -65.13797 -3.175005 -12.66268 -65.30353 3.175002 -12.87539 -62.73664 -3.175005 -12.66268 -62.73664 3.175002 -12.66268 -52.43799 -3.175005 -12.66268 -52.60352 3.175002 -12.87539 -50.03666 -3.175005 -12.66268 -50.03666 3.175002 -12.66268 -39.73798 -3.175005 -12.66268 -39.90353 3.175002 -12.87539 -37.33665 3.175002 -12.66268 -27.03798 -3.175005 -12.66268 -27.20353 3.175002 -12.87539 -24.63665 -3.175005 -12.66268 -24.63665 3.175002 -12.66268 -14.33799 -3.175005 -12.66268 -14.50353 3.175002 -12.87539 -11.93665 -3.175005 -12.66268 -11.93665 3.175002 -12.66268 -1.803516 3.175002 -12.87539 0.7633478 -3.175005 -12.66268 0.7633478 3.175002 -12.66268 11.06202 -3.175005 -12.66268 10.89648 3.175002 -12.87539 13.46334 -3.175005 -12.66268 13.46334 3.175002 -12.66268 23.76202 -3.175005 -12.66268 23.59646 3.175002 -12.87539 26.16336 -3.175005 -12.66268 26.16336 3.175002 -12.66268 36.29647 3.175002 -12.87539 38.86335 -3.175005 -12.66268 38.86335 3.175002 -12.66268 49.16201 -3.175005 -12.66268 48.99647 3.175002 -12.87539 51.56335 -3.175005 -12.66268 51.56335 3.175002 -12.66268 61.69646 3.175002 -12.87539 64.26335 -3.175005 -12.66268 64.26335 3.175002 -12.66268 -64.93967 -3.175005 -12.48012 -65.13797 3.175002 -12.66268 -62.93494 -3.175005 -12.48012 -62.93494 3.175002 -12.48012 -52.23969 -3.175005 -12.48012 -52.43799 3.175002 -12.66268 -50.23496 -3.175005 -12.48012 -50.23496 3.175002 -12.48012 -39.53968 -3.175005 -12.48012 -39.73798 3.175002 -12.66268 -26.61403 -3.175005 -12.33271 -37.53495 -3.175005 -12.48012 -26.83968 -3.175005 -12.48012 -37.53495 3.175002 -12.48012 -27.03798 3.175002 -12.66268 -24.83495 -3.175005 -12.48012 -24.83495 3.175002 -12.48012 -14.13968 -3.175005 -12.48012 -14.33799 3.175002 -12.66268 -12.13495 -3.175005 -12.48012 -12.13495 3.175002 -12.48012 -1.439671 -3.175005 -12.48012 -12.3606 -3.175005 -12.33271 -1.637974 3.175002 -12.66268 0.5650598 -3.175005 -12.48012 0.5650598 3.175002 -12.48012 11.26031 -3.175005 -12.48012 11.06202 3.175002 -12.66268 13.26504 -3.175005 -12.48012 13.26504 3.175002 -12.48012 23.96032 -3.175005 -12.48012 23.76202 3.175002 -12.66268 25.96505 -3.175005 -12.48012 25.96505 3.175002 -12.48012 36.66032 -3.175005 -12.48012 25.73941 -3.175005 -12.33271 36.46203 3.175002 -12.66268 38.66505 -3.175005 -12.48012 38.66505 3.175002 -12.48012 49.36031 -3.175005 -12.48012 49.16201 3.175002 -12.66268 62.28596 -3.175005 -12.33271 51.36504 -3.175005 -12.48012 62.06031 -3.175005 -12.48012 51.36504 3.175002 -12.48012 61.86202 3.175002 -12.66268 64.06507 -3.175005 -12.48012 64.06507 3.175002 -12.48012 -64.71405 -3.175005 -12.33271 -64.93967 3.175002 -12.48012 -63.16059 -3.175005 -12.33271 -63.16059 3.175002 -12.33271 -52.01404 -3.175005 -12.33271 -52.23969 3.175002 -12.48012 -50.46058 -3.175005 -12.33271 -50.46058 3.175002 -12.33271 -39.31403 -3.175005 -12.33271 -39.53968 3.175002 -12.48012 -37.7606 -3.175005 -12.33271 -37.7606 3.175002 -12.33271 -26.83968 3.175002 -12.48012 -25.0606 -3.175005 -12.33271 -25.0606 3.175002 -12.33271 -13.91404 -3.175005 -12.33271 -14.13968 3.175002 -12.48012 -12.3606 3.175002 -12.33271 -1.214039 -3.175005 -12.33271 -1.439671 3.175002 -12.48012 0.3394128 -3.175005 -12.33271 0.3394128 3.175002 -12.33271 11.48596 -3.175005 -12.33271 11.26031 3.175002 -12.48012 13.03941 -3.175005 -12.33271 13.03941 3.175002 -12.33271 24.18597 -3.175005 -12.33271 23.96032 3.175002 -12.48012 25.73941 3.175002 -12.33271 36.88596 -3.175005 -12.33271 36.66032 3.175002 -12.48012 38.43941 -3.175005 -12.33271 38.43941 3.175002 -12.33271 49.58596 -3.175005 -12.33271 49.36031 3.175002 -12.48012 51.1394 -3.175005 -12.33271 51.1394 3.175002 -12.33271 62.06031 3.175002 -12.48012 63.83941 -3.175005 -12.33271 63.83941 3.175002 -12.33271 -64.4672 -3.175005 -12.22443 -64.71405 3.175002 -12.33271 -63.40742 -3.175005 -12.22443 -63.40742 3.175002 -12.22443 -51.76722 -3.175005 -12.22443 -52.01404 3.175002 -12.33271 -50.7074 -3.175005 -12.22443 -50.7074 3.175002 -12.22443 -39.06721 -3.175005 -12.22443 -39.31403 3.175002 -12.33271 -38.00742 -3.175005 -12.22443 -26.36721 -3.175005 -12.22443 -38.00742 3.175002 -12.22443 -26.61403 3.175002 -12.33271 -25.30742 -3.175005 -12.22443 -25.30742 3.175002 -12.22443 -13.66721 -3.175005 -12.22443 -13.91404 3.175002 -12.33271 -12.60743 -3.175005 -12.22443 -12.60743 3.175002 -12.22443 -12.8687 -3.175005 -12.15828 -0.9671974 -3.175005 -12.22443 -1.214039 3.175002 -12.33271 0.09258657 -3.175005 -12.22443 0.09258657 3.175002 -12.22443 11.73278 -3.175005 -12.22443 11.48596 3.175002 -12.33271 12.79258 -3.175005 -12.22443 12.79258 3.175002 -12.22443 24.4328 -3.175005 -12.22443 24.18597 3.175002 -12.33271 37.39406 -3.175005 -12.15828 25.49258 -3.175005 -12.22443 37.13279 -3.175005 -12.22443 25.49258 3.175002 -12.22443 36.88596 3.175002 -12.33271 38.19257 -3.175005 -12.22443 38.19257 3.175002 -12.22443 49.83279 -3.175005 -12.22443 49.58596 3.175002 -12.33271 50.89257 -3.175005 -12.22443 50.89257 3.175002 -12.22443 62.5328 -3.175005 -12.22443 62.28596 3.175002 -12.33271 63.59259 -3.175005 -12.22443 63.59259 3.175002 -12.22443 -64.20594 -3.175005 -12.15828 -64.4672 3.175002 -12.22443 -63.66871 -3.175005 -12.15828 -63.66871 3.175002 -12.15828 -51.50593 -3.175005 -12.15828 -51.76722 3.175002 -12.22443 -50.9687 -3.175005 -12.15828 -50.9687 3.175002 -12.15828 -38.80593 -3.175005 -12.15828 -39.06721 3.175002 -12.22443 -38.26871 -3.175005 -12.15828 -38.26871 3.175002 -12.15828 -26.10593 -3.175005 -12.15828 -26.36721 3.175002 -12.22443 -25.5687 -3.175005 -12.15828 -25.5687 3.175002 -12.15828 -13.40592 -3.175005 -12.15828 -13.66721 3.175002 -12.22443 -12.8687 3.175002 -12.15828 -0.7059211 -3.175005 -12.15828 -0.9671974 3.175002 -12.22443 -0.1687049 -3.175005 -12.15828 -0.1687049 3.175002 -12.15828 11.99408 -3.175005 -12.15828 11.73278 3.175002 -12.22443 12.53131 -3.175005 -12.15828 12.53131 3.175002 -12.15828 24.69407 -3.175005 -12.15828 24.4328 3.175002 -12.22443 25.23129 -3.175005 -12.15828 25.23129 3.175002 -12.15828 37.13279 3.175002 -12.22443 37.9313 -3.175005 -12.15828 37.9313 3.175002 -12.15828 50.09408 -3.175005 -12.15828 49.83279 3.175002 -12.22443 50.63129 -3.175005 -12.15828 50.63129 3.175002 -12.15828 62.79407 -3.175005 -12.15828 62.5328 3.175002 -12.22443 63.33129 -3.175005 -12.15828 63.33129 3.175002 -12.15828 -63.93732 -3.175005 -12.13602 -64.20594 3.175002 -12.15828 -63.93732 3.175002 -12.13602 -51.23731 -3.175005 -12.13602 -51.50593 3.175002 -12.15828 -51.23731 3.175002 -12.13602 -38.53731 -3.175005 -12.13602 -38.80593 3.175002 -12.15828 -38.53731 3.175002 -12.13602 -25.83732 -3.175005 -12.13602 -26.10593 3.175002 -12.15828 -25.83732 3.175002 -12.13602 -13.13732 -3.175005 -12.13602 -13.40592 3.175002 -12.15828 -13.13732 3.175002 -12.13602 -0.4373054 -3.175005 -12.13602 -0.7059211 3.175002 -12.15828 -0.4373054 3.175002 -12.13602 12.26269 -3.175005 -12.13602 11.99408 3.175002 -12.15828 12.26269 3.175002 -12.13602 24.96269 -3.175005 -12.13602 24.69407 3.175002 -12.15828 24.96269 3.175002 -12.13602 37.66268 -3.175005 -12.13602 37.39406 3.175002 -12.15828 37.66268 3.175002 -12.13602 50.36268 -3.175005 -12.13602 50.09408 3.175002 -12.15828 50.36268 3.175002 -12.13602 63.06269 -3.175005 -12.13602 62.79407 3.175002 -12.15828 63.06269 3.175002 -12.13602 -67.92829 -3.175005 17.98204 -70.2873 -3.175005 17.98204 -70.2873 3.175002 17.98204 -63.93732 -3.175005 -2.699909 -64.20594 -3.175005 -2.677661 -64.4672 -3.175005 -2.611484 -64.71405 -3.175005 -2.503238 -64.93967 -3.175005 -2.355792 -65.13797 -3.175005 -2.173267 -65.30353 -3.175005 -1.960559 -65.43183 -3.175005 -1.723514 -65.51932 -3.175005 -1.468585 -65.56369 -3.175005 -1.202732 -65.56369 -3.175005 -0.9332004 -64.4672 -3.175005 10.0885 -64.71405 -3.175005 10.19677 -64.93967 -3.175005 10.34419 -65.13797 -3.175005 10.52674 -65.30353 -3.175005 10.73944 -65.43183 -3.175005 10.97648 -64.20594 -3.175005 10.02233 -65.51932 -3.175005 11.23141 -65.56369 -3.175005 11.49726 -62.93494 -3.175005 -2.355792 -63.16059 -3.175005 -2.503238 -63.40742 -3.175005 -2.611484 -63.66871 -3.175005 -2.677661 -62.35529 -3.175005 -1.468585 -62.44282 -3.175005 -1.723514 -60.27454 -3.175005 17.98204 -62.31095 -3.175005 -0.9332004 -62.31095 -3.175005 -1.202732 -62.57111 -3.175005 -1.960559 -62.73664 -3.175005 -2.173267 -49.17133 -3.175005 17.98204 -42.525 -3.175005 17.98204 -39.79024 -3.175005 -7.372883 -40.30826 -3.175005 -7.238911 -40.79642 -3.175005 -7.019855 -41.24088 -3.175005 -6.721912 -41.62899 -3.175005 -6.35358 -41.94973 -3.175005 -5.925312 -42.19401 -3.175005 -5.449268 -42.35486 -3.175005 -4.938953 -42.42774 -3.175005 -4.408863 -21.78974 -3.175005 -7.417957 -39.25709 -3.175005 -7.417957 2.01968 -3.175005 -7.417957 19.85174 -3.175005 -7.417957 38.38244 -3.175005 -7.417957 62.5328 -3.175005 -2.611484 62.28596 -3.175005 -2.503238 62.06031 -3.175005 -2.355792 61.86202 -3.175005 -2.173267 61.69646 -3.175005 -1.960559 61.56818 -3.175005 -1.723514 61.48067 -3.175005 -1.468585 61.4363 -3.175005 -1.202732 61.4363 -3.175005 -0.9332004 62.28596 -3.175005 10.19677 62.06031 -3.175005 10.34419 61.86202 -3.175005 10.52674 61.69646 -3.175005 10.73944 61.56818 -3.175005 10.97648 46.16233 -3.175005 17.98204 39.92181 -3.175005 -7.019855 39.43363 -3.175005 -7.238911 41.07509 -3.175005 -5.925312 40.75436 -3.175005 -6.35358 40.36623 -3.175005 -6.721912 41.55311 -3.175005 -4.408863 41.48023 -3.175005 -4.938953 41.31936 -3.175005 -5.449268 41.42922 -3.175005 -3.349765 41.53594 -3.175005 -3.874073 38.91561 -3.175005 -7.372883 63.59259 -3.175005 -2.611484 63.33129 -3.175005 -2.677661 63.06269 -3.175005 -2.699909 64.42891 -3.175005 -1.960559 64.26335 -3.175005 -2.173267 64.06507 -3.175005 -2.355792 63.83941 -3.175005 -2.503238 62.79407 -3.175005 -2.677661 64.55719 -3.175005 -1.723514 64.51366 -3.175005 -1.803928 64.68907 -3.175005 11.49726 64.6447 -3.175005 11.23141 69.41269 -3.175005 17.98204 64.6447 -3.175005 -0.6673465 64.68907 -3.175005 -0.9332004 64.68907 -3.175005 -1.202732 64.6447 -3.175005 -1.468585 69.41269 3.175002 -9.776997 -21.78974 3.175002 -7.417957 -39.25709 3.175002 -7.417957 2.01968 3.175002 -7.417957 19.85174 3.175002 -7.417957 38.38244 3.175002 -7.417957 38.91561 3.175002 -7.372883 -39.79024 3.175002 -7.372883 39.43363 3.175002 -7.238911 -40.30826 3.175002 -7.238911 39.92181 3.175002 -7.019855 -40.79642 3.175002 -7.019855 40.36623 3.175002 -6.721912 -41.24088 3.175002 -6.721912 40.75436 3.175002 -6.35358 -41.62899 3.175002 -6.35358 41.07509 3.175002 -5.925312 -41.94973 3.175002 -5.925312 41.31936 3.175002 -5.449268 -42.19401 3.175002 -5.449268 41.48023 3.175002 -4.938953 -42.35486 3.175002 -4.938953 41.55311 3.175002 -4.408863 -42.41059 -3.175005 -3.874073 -42.42774 3.175002 -4.408863 41.53594 3.175002 -3.874073 -42.30385 -3.175005 -3.349765 -42.41059 3.175002 -3.874073 41.42922 3.175002 -3.349765 -42.1106 -3.175005 -2.850818 -42.30385 3.175002 -3.349765 41.23597 -3.175005 -2.850818 41.23597 3.175002 -2.850818 -41.83631 -3.175005 -2.391407 -42.1106 3.175002 -2.850818 40.96166 -3.175005 -2.391407 40.96166 3.175002 -2.391407 -63.93732 3.175002 -2.699909 -63.66871 3.175002 -2.677661 63.06269 3.175002 -2.699909 63.33129 3.175002 -2.677661 -64.20594 3.175002 -2.677661 -63.40742 3.175002 -2.611484 62.79407 3.175002 -2.677661 63.59259 3.175002 -2.611484 -64.4672 3.175002 -2.611484 -63.16059 3.175002 -2.503238 62.5328 3.175002 -2.611484 63.83941 3.175002 -2.503238 -64.71405 3.175002 -2.503238 -62.93494 3.175002 -2.355792 62.28596 3.175002 -2.503238 64.06507 3.175002 -2.355792 -41.48876 -3.175005 -1.984592 -41.83631 3.175002 -2.391407 40.61413 -3.175005 -1.984592 40.61413 3.175002 -1.984592 -64.93967 3.175002 -2.355792 -62.73664 3.175002 -2.173267 62.06031 3.175002 -2.355792 64.26335 3.175002 -2.173267 -65.13797 3.175002 -2.173267 -62.57111 3.175002 -1.960559 61.86202 3.175002 -2.173267 64.42891 3.175002 -1.960559 -41.07783 -3.175005 -1.64191 -41.48876 3.175002 -1.984592 40.20319 -3.175005 -1.64191 40.20319 3.175002 -1.64191 -65.30353 3.175002 -1.960559 -62.44282 3.175002 -1.723514 61.69646 3.175002 -1.960559 64.51366 3.175002 -1.803928 64.55719 3.175002 -1.723514 -65.43183 3.175002 -1.723514 -62.35529 3.175002 -1.468585 61.56818 3.175002 -1.723514 64.6447 3.175002 -1.468585 -21.78974 -3.175005 11.85975 -21.78974 -3.175005 17.98204 -41.07783 3.175002 -1.64191 19.85174 -3.175005 12.60412 19.85174 3.175002 12.60412 -65.51932 3.175002 -1.468585 -62.31095 3.175002 -1.202732 61.48067 3.175002 -1.468585 64.68907 3.175002 -1.202732 -65.56369 3.175002 -1.202732 -62.31095 3.175002 -0.9332004 61.4363 3.175002 -1.202732 64.68907 3.175002 -0.9332004 -63.93732 -3.175005 10.00007 -65.51932 -3.175005 -0.6673465 -65.56369 3.175002 -0.9332004 -62.35529 -3.175005 -0.6673465 -62.35529 3.175002 -0.6673465 61.48067 -3.175005 -0.6673465 62.79407 -3.175005 10.02233 62.5328 -3.175005 10.0885 61.4363 3.175002 -0.9332004 64.6447 3.175002 -0.6673465 -65.43183 -3.175005 -0.4124179 -65.51932 3.175002 -0.6673465 -62.44282 -3.175005 -0.4124179 -62.44282 3.175002 -0.4124179 63.06269 -3.175005 10.00007 63.33129 -3.175005 10.02233 61.56818 -3.175005 -0.4124179 61.48067 3.175002 -0.6673465 64.55719 -3.175005 10.97648 64.55719 -3.175005 -0.4124179 64.55719 3.175002 -0.4124179 -65.30353 -3.175005 -0.1753726 -65.43183 3.175002 -0.4124179 -62.57111 -3.175005 -0.1753726 -62.57111 3.175002 -0.1753726 61.69646 -3.175005 -0.1753726 61.56818 3.175002 -0.4124179 64.51366 -3.175005 -0.3320041 64.51366 3.175002 -0.3320041 64.51366 -3.175005 10.89607 64.42891 -3.175005 -0.1753726 64.42891 3.175002 -0.1753726 -65.13797 -3.175005 0.03731966 -65.30353 3.175002 -0.1753726 -62.73664 -3.175005 0.03731966 -62.73664 3.175002 0.03731966 61.86202 -3.175005 0.03731966 61.69646 3.175002 -0.1753726 64.26335 -3.175005 0.03731966 64.26335 3.175002 0.03731966 -64.93967 -3.175005 0.2198605 -65.13797 3.175002 0.03731966 -62.93494 -3.175005 0.2198605 -62.93494 3.175002 0.2198605 62.06031 -3.175005 0.2198605 61.86202 3.175002 0.03731966 64.06507 -3.175005 0.2198605 64.06507 3.175002 0.2198605 -64.71405 -3.175005 0.3672757 -64.93967 3.175002 0.2198605 -63.16059 -3.175005 0.3672757 -63.16059 3.175002 0.3672757 62.28596 -3.175005 0.3672757 62.06031 3.175002 0.2198605 63.83941 -3.175005 0.3672757 63.83941 3.175002 0.3672757 -64.4672 -3.175005 0.4755521 -64.71405 3.175002 0.3672757 -63.40742 -3.175005 0.4755521 -63.40742 3.175002 0.4755521 62.5328 -3.175005 0.4755521 62.28596 3.175002 0.3672757 63.59259 -3.175005 0.4755521 63.59259 3.175002 0.4755521 -64.20594 -3.175005 0.5417142 -64.4672 3.175002 0.4755521 -63.66871 -3.175005 0.5417142 -63.66871 3.175002 0.5417142 62.79407 -3.175005 0.5417142 62.5328 3.175002 0.4755521 63.33129 -3.175005 0.5417142 63.33129 3.175002 0.5417142 -63.93732 -3.175005 0.5639768 -64.20594 3.175002 0.5417142 -63.66871 -3.175005 10.02233 -63.40742 -3.175005 10.0885 -62.57111 -3.175005 10.73944 -62.73664 -3.175005 10.52674 -62.93494 -3.175005 10.34419 -63.16059 -3.175005 10.19677 -62.35529 -3.175005 11.23141 -62.44282 -3.175005 10.97648 -63.93732 3.175002 0.5639768 63.06269 -3.175005 0.5639768 62.79407 3.175002 0.5417142 64.42891 -3.175005 10.73944 64.26335 -3.175005 10.52674 64.06507 -3.175005 10.34419 63.59259 -3.175005 10.0885 63.83941 -3.175005 10.19677 63.06269 3.175002 0.5639768 -63.93732 3.175002 10.00007 -63.66871 3.175002 10.02233 63.06269 3.175002 10.00007 63.33129 3.175002 10.02233 -64.20594 3.175002 10.02233 -63.40742 3.175002 10.0885 62.79407 3.175002 10.02233 63.59259 3.175002 10.0885 -64.4672 3.175002 10.0885 -63.16059 3.175002 10.19677 62.5328 3.175002 10.0885 63.83941 3.175002 10.19677 -64.71405 3.175002 10.19677 -62.93494 3.175002 10.34419 62.28596 3.175002 10.19677 64.06507 3.175002 10.34419 -64.93967 3.175002 10.34419 -62.73664 3.175002 10.52674 62.06031 3.175002 10.34419 64.26335 3.175002 10.52674 -65.13797 3.175002 10.52674 -62.57111 3.175002 10.73944 61.86202 3.175002 10.52674 64.42891 3.175002 10.73944 -65.30353 3.175002 10.73944 -62.44282 3.175002 10.97648 61.69646 3.175002 10.73944 64.51366 3.175002 10.89607 64.55719 3.175002 10.97648 -65.43183 3.175002 10.97648 -62.35529 3.175002 11.23141 61.48067 -3.175005 11.23141 61.56818 3.175002 10.97648 64.6447 3.175002 11.23141 -65.51932 3.175002 11.23141 -62.31095 -3.175005 11.49726 -62.31095 3.175002 11.49726 61.4363 -3.175005 11.49726 61.48067 3.175002 11.23141 64.68907 3.175002 11.49726 -65.56369 -3.175005 11.7668 -65.56369 3.175002 11.49726 -62.31095 -3.175005 11.7668 -62.31095 3.175002 11.7668 61.4363 -3.175005 11.7668 61.4363 3.175002 11.49726 64.68907 -3.175005 11.7668 64.68907 3.175002 11.7668 -65.51932 -3.175005 12.03265 -65.56369 3.175002 11.7668 -62.35529 -3.175005 12.03265 -62.35529 3.175002 12.03265 61.48067 -3.175005 12.03265 61.4363 3.175002 11.7668 64.6447 -3.175005 12.03265 64.6447 3.175002 12.03265 -13.04363 -3.175005 17.98204 -21.78974 3.175002 11.85975 -65.43183 -3.175005 12.28756 -65.51932 3.175002 12.03265 -62.44282 -3.175005 12.28756 -62.44282 3.175002 12.28756 61.56818 -3.175005 12.28756 61.48067 3.175002 12.03265 64.55719 -3.175005 12.28756 64.55719 3.175002 12.28756 -65.30353 -3.175005 12.52462 -65.43183 3.175002 12.28756 -62.57111 -3.175005 12.52462 -62.57111 3.175002 12.52462 61.69646 -3.175005 12.52462 61.56818 3.175002 12.28756 64.51366 -3.175005 12.36799 64.51366 3.175002 12.36799 64.51366 -3.175005 17.98204 64.42891 -3.175005 12.52462 64.42891 3.175002 12.52462 -65.13797 -3.175005 12.73732 -65.30353 3.175002 12.52462 -62.73664 -3.175005 12.73732 -62.73664 3.175002 12.73732 61.86202 -3.175005 12.73732 61.69646 3.175002 12.52462 64.26335 -3.175005 12.73732 64.26335 3.175002 12.73732 19.85174 -3.175005 17.98204 12.169 -3.175005 17.98204 12.169 3.175002 17.98204 -64.93967 -3.175005 12.91987 -65.13797 3.175002 12.73732 -62.93494 -3.175005 12.91987 -62.93494 3.175002 12.91987 62.06031 -3.175005 12.91987 61.86202 3.175002 12.73732 64.06507 -3.175005 12.91987 64.06507 3.175002 12.91987 -64.71405 -3.175005 13.06729 -64.93967 3.175002 12.91987 -63.16059 -3.175005 13.06729 -63.16059 3.175002 13.06729 62.28596 -3.175005 13.06729 62.06031 3.175002 12.91987 63.83941 -3.175005 13.06729 63.83941 3.175002 13.06729 -64.4672 -3.175005 13.17556 -64.71405 3.175002 13.06729 -63.40742 -3.175005 13.17556 -63.40742 3.175002 13.17556 62.5328 -3.175005 13.17556 62.28596 3.175002 13.06729 63.59259 -3.175005 13.17556 63.59259 3.175002 13.17556 -64.20594 -3.175005 13.24173 -64.4672 3.175002 13.17556 -63.66871 -3.175005 13.24173 -63.66871 3.175002 13.24173 62.79407 -3.175005 13.24173 62.5328 3.175002 13.17556 63.33129 -3.175005 13.24173 63.33129 3.175002 13.24173 -63.93732 -3.175005 13.26399 -64.20594 3.175002 13.24173 -63.93732 3.175002 13.26399 63.06269 -3.175005 13.26399 62.79407 3.175002 13.24173 63.06269 3.175002 13.26399 -67.92829 -3.175005 26.03493 -70.2873 -3.175005 26.03493 -70.2873 3.175002 26.03493 -63.93732 -3.175005 22.70009 -64.20594 -3.175005 22.72233 -64.4672 -3.175005 22.78851 -64.71405 -3.175005 22.89679 -64.93967 -3.175005 23.0442 -65.13797 -3.175005 23.22674 -65.30353 -3.175005 23.43944 -65.43183 -3.175005 23.67648 -65.51932 -3.175005 23.93141 -62.93494 -3.175005 23.0442 -63.16059 -3.175005 22.89679 -63.40742 -3.175005 22.78851 -63.66871 -3.175005 22.72233 -62.44282 -3.175005 23.67648 -62.57111 -3.175005 23.43944 -62.73664 -3.175005 23.22674 -60.27454 -3.175005 26.03493 -62.31095 -3.175005 24.19726 -62.35529 -3.175005 23.93141 -49.17133 -3.175005 26.03493 -42.525 -3.175005 26.03493 -21.78974 -3.175005 26.03493 -2.25806 -3.175005 25.53194 -13.04363 3.175002 17.98204 19.85174 -3.175005 26.03493 2.01968 -3.175005 25.08655 2.01968 3.175002 25.08655 46.16233 -3.175005 26.03493 62.5328 -3.175005 22.78851 62.28596 -3.175005 22.89679 62.06031 -3.175005 23.0442 61.86202 -3.175005 23.22674 61.69646 -3.175005 23.43944 61.48067 -3.175005 23.93141 61.56818 -3.175005 23.67648 63.59259 -3.175005 22.78851 63.33129 -3.175005 22.72233 63.06269 -3.175005 22.70009 64.51366 -3.175005 23.59607 64.42891 -3.175005 23.43944 64.26335 -3.175005 23.22674 64.06507 -3.175005 23.0442 63.83941 -3.175005 22.89679 62.79407 -3.175005 22.72233 64.55719 -3.175005 23.67648 69.41269 -3.175005 26.03493 64.68907 -3.175005 24.19726 64.6447 -3.175005 23.93141 69.41269 3.175002 17.98204 -63.93732 3.175002 22.70009 -63.66871 3.175002 22.72233 63.06269 3.175002 22.70009 63.33129 3.175002 22.72233 -64.20594 3.175002 22.72233 -63.40742 3.175002 22.78851 62.79407 3.175002 22.72233 63.59259 3.175002 22.78851 -64.4672 3.175002 22.78851 -63.16059 3.175002 22.89679 62.5328 3.175002 22.78851 63.83941 3.175002 22.89679 -64.71405 3.175002 22.89679 -62.93494 3.175002 23.0442 62.28596 3.175002 22.89679 64.06507 3.175002 23.0442 -64.93967 3.175002 23.0442 -62.73664 3.175002 23.22674 62.06031 3.175002 23.0442 64.26335 3.175002 23.22674 -65.13797 3.175002 23.22674 -62.57111 3.175002 23.43944 61.86202 3.175002 23.22674 64.42891 3.175002 23.43944 -65.30353 3.175002 23.43944 -62.44282 3.175002 23.67648 61.69646 3.175002 23.43944 64.51366 3.175002 23.59607 64.55719 3.175002 23.67648 -65.43183 3.175002 23.67648 -62.35529 3.175002 23.93141 61.56818 3.175002 23.67648 64.6447 3.175002 23.93141 -65.56369 -3.175005 24.19726 -65.51932 3.175002 23.93141 -62.31095 3.175002 24.19726 61.4363 -3.175005 24.19726 61.48067 3.175002 23.93141 64.68907 3.175002 24.19726 -65.56369 -3.175005 24.4668 -65.56369 3.175002 24.19726 -62.31095 -3.175005 24.4668 -62.31095 3.175002 24.4668 61.4363 -3.175005 24.4668 61.4363 3.175002 24.19726 64.68907 -3.175005 24.4668 64.68907 3.175002 24.4668 -65.51932 -3.175005 24.73265 -65.56369 3.175002 24.4668 -62.35529 -3.175005 24.73265 -62.35529 3.175002 24.73265 61.48067 -3.175005 24.73265 61.4363 3.175002 24.4668 64.6447 -3.175005 24.73265 64.6447 3.175002 24.73265 -65.43183 -3.175005 24.98758 -65.51932 3.175002 24.73265 -62.44282 -3.175005 24.98758 -62.44282 3.175002 24.98758 61.56818 -3.175005 24.98758 61.48067 3.175002 24.73265 64.55719 -3.175005 24.98758 64.55719 3.175002 24.98758 -65.30353 -3.175005 25.22462 -65.43183 3.175002 24.98758 -62.57111 -3.175005 25.22462 -62.57111 3.175002 25.22462 61.69646 -3.175005 25.22462 61.56818 3.175002 24.98758 64.51366 -3.175005 25.06801 64.51366 3.175002 25.06801 64.51366 -3.175005 26.03493 64.42891 -3.175005 25.22462 64.42891 3.175002 25.22462 2.01968 -3.175005 26.03493 1.383434 -3.175005 25.53194 1.383434 3.175002 25.53194 -65.13797 -3.175005 25.43733 -65.30353 3.175002 25.22462 -62.73664 -3.175005 25.43733 -62.73664 3.175002 25.43733 61.86202 -3.175005 25.43733 61.69646 3.175002 25.22462 64.26335 -3.175005 25.43733 64.26335 3.175002 25.43733 -64.93967 -3.175005 25.61987 -65.13797 3.175002 25.43733 -62.93494 -3.175005 25.61987 -62.93494 3.175002 25.61987 62.06031 -3.175005 25.61987 61.86202 3.175002 25.43733 64.06507 -3.175005 25.61987 64.06507 3.175002 25.61987 -1.778843 -3.175005 25.80853 -2.25806 3.175002 25.53194 0.9042169 -3.175005 25.80853 0.9042169 3.175002 25.80853 -64.71405 -3.175005 25.76729 -64.93967 3.175002 25.61987 -63.16059 -3.175005 25.76729 -63.16059 3.175002 25.76729 62.28596 -3.175005 25.76729 62.06031 3.175002 25.61987 63.83941 -3.175005 25.76729 63.83941 3.175002 25.76729 -64.4672 -3.175005 25.87555 -64.71405 3.175002 25.76729 -63.40742 -3.175005 25.87555 -63.40742 3.175002 25.87555 62.5328 -3.175005 25.87555 62.28596 3.175002 25.76729 63.59259 -3.175005 25.87555 63.59259 3.175002 25.87555 -1.258884 -3.175005 25.99773 -1.778843 3.175002 25.80853 0.3842583 -3.175005 25.99773 0.3842583 3.175002 25.99773 -64.20594 -3.175005 25.94173 -64.4672 3.175002 25.87555 -63.66871 -3.175005 25.94173 -63.66871 3.175002 25.94173 62.79407 -3.175005 25.94173 62.5328 3.175002 25.87555 63.33129 -3.175005 25.94173 63.33129 3.175002 25.94173 -63.93732 -3.175005 25.96397 -64.20594 3.175002 25.94173 -63.93732 3.175002 25.96397 63.06269 -3.175005 25.96397 62.79407 3.175002 25.94173 63.06269 3.175002 25.96397 -1.047901 -3.175005 26.03493 -1.258884 3.175002 25.99773 0.173275 -3.175005 26.03493 0.173275 3.175002 26.03493 -67.92829 -3.175005 28.60586 -70.2873 -3.175005 28.60586 -70.2873 3.175002 28.60586 -60.27454 -3.175005 28.60586 -49.17133 -3.175005 28.60586 -42.525 -3.175005 28.60586 -21.78974 -3.175005 28.60586 2.01968 -3.175005 28.60586 -0.7139625 -3.175005 26.09379 -1.047901 3.175002 26.03493 -0.1606482 -3.175005 26.09379 -0.1606482 3.175002 26.09379 19.85174 -3.175005 28.60586 46.16233 -3.175005 28.60586 64.51366 -3.175005 28.60586 69.41269 -3.175005 28.60586 69.41269 3.175002 26.03493 -0.7139625 3.175002 26.09379 -67.92829 -3.175005 41.88492 -70.2873 -3.175005 41.88492 -70.2873 3.175002 41.88492 -63.93732 -3.175005 35.40009 -64.20594 -3.175005 35.42234 -64.4672 -3.175005 35.4885 -64.71405 -3.175005 35.59678 -64.93967 -3.175005 35.74418 -65.13797 -3.175005 35.92673 -65.30353 -3.175005 36.13946 -65.43183 -3.175005 36.3765 -65.56369 -3.175005 36.89728 -65.51932 -3.175005 36.63142 -62.93494 -3.175005 35.74418 -63.16059 -3.175005 35.59678 -63.40742 -3.175005 35.4885 -63.66871 -3.175005 35.42234 -60.27454 -3.175005 41.88492 -62.31095 -3.175005 36.89728 -62.35529 -3.175005 36.63142 -62.44282 -3.175005 36.3765 -62.57111 -3.175005 36.13946 -62.73664 -3.175005 35.92673 -49.17133 -3.175005 41.88492 -42.525 -3.175005 41.88492 -21.78974 -3.175005 41.88492 -20.43732 -3.175005 35.10587 -18.25327 -3.175005 31.54184 -18.78846 -3.175005 31.8698 -19.26574 -3.175005 32.27743 -19.67337 -3.175005 32.75473 -20.00135 -3.175005 33.28992 -20.24154 -3.175005 33.86982 -20.38807 -3.175005 34.48014 -16.43732 -3.175005 31.10588 -17.06305 -3.175005 31.1551 -17.67337 -3.175005 31.30165 2.01968 -3.175005 31.10588 15.56268 -3.175005 31.10588 19.12671 -3.175005 33.28992 18.79876 -3.175005 32.75473 19.36691 -3.175005 33.86982 18.39111 -3.175005 32.27743 17.91383 -3.175005 31.8698 17.37866 -3.175005 31.54184 16.79876 -3.175005 31.30165 16.18843 -3.175005 31.1551 19.85174 -3.175005 41.88492 19.56268 -3.175005 35.10587 19.51344 -3.175005 34.48014 46.16233 -3.175005 41.88492 62.28596 -3.175005 35.59678 62.06031 -3.175005 35.74418 61.86202 -3.175005 35.92673 61.69646 -3.175005 36.13946 61.48067 -3.175005 36.63142 61.56818 -3.175005 36.3765 62.5328 -3.175005 35.4885 63.59259 -3.175005 35.4885 63.33129 -3.175005 35.42234 64.51366 -3.175005 36.29607 64.42891 -3.175005 36.13946 64.26335 -3.175005 35.92673 63.06269 -3.175005 35.40009 62.79407 -3.175005 35.42234 64.06507 -3.175005 35.74418 63.83941 -3.175005 35.59678 64.55719 -3.175005 36.3765 69.41269 -3.175005 41.88492 64.68907 -3.175005 36.89728 64.6447 -3.175005 36.63142 69.41269 3.175002 28.60586 -16.43732 3.175002 31.10588 2.01968 3.175002 31.10588 15.56268 3.175002 31.10588 16.18843 3.175002 31.1551 -17.06305 3.175002 31.1551 16.79876 3.175002 31.30165 -17.67337 3.175002 31.30165 17.37866 3.175002 31.54184 -18.25327 3.175002 31.54184 17.91383 3.175002 31.8698 -18.78846 3.175002 31.8698 18.39111 3.175002 32.27743 -19.26574 3.175002 32.27743 18.79876 3.175002 32.75473 -19.67337 3.175002 32.75473 19.12671 3.175002 33.28992 -20.00135 3.175002 33.28992 19.36691 3.175002 33.86982 -20.24154 3.175002 33.86982 19.51344 3.175002 34.48014 -20.38807 3.175002 34.48014 19.56268 3.175002 35.10587 -20.43732 -3.175005 41.88492 -20.43732 3.175002 35.10587 19.56268 -3.175005 41.88492 19.56268 3.175002 41.88492 -63.93732 3.175002 35.40009 -63.66871 3.175002 35.42234 63.06269 3.175002 35.40009 63.33129 3.175002 35.42234 -64.20594 3.175002 35.42234 -63.40742 3.175002 35.4885 62.79407 3.175002 35.42234 63.59259 3.175002 35.4885 -64.4672 3.175002 35.4885 -63.16059 3.175002 35.59678 62.5328 3.175002 35.4885 63.83941 3.175002 35.59678 -64.71405 3.175002 35.59678 -62.93494 3.175002 35.74418 62.28596 3.175002 35.59678 64.06507 3.175002 35.74418 -64.93967 3.175002 35.74418 -62.73664 3.175002 35.92673 62.06031 3.175002 35.74418 64.26335 3.175002 35.92673 -65.13797 3.175002 35.92673 -62.57111 3.175002 36.13946 61.86202 3.175002 35.92673 64.42891 3.175002 36.13946 -65.30353 3.175002 36.13946 -62.44282 3.175002 36.3765 61.69646 3.175002 36.13946 64.51366 3.175002 36.29607 64.55719 3.175002 36.3765 -65.43183 3.175002 36.3765 -62.35529 3.175002 36.63142 61.56818 3.175002 36.3765 64.6447 3.175002 36.63142 -65.51932 3.175002 36.63142 -62.31095 3.175002 36.89728 61.4363 -3.175005 36.89728 61.48067 3.175002 36.63142 64.68907 3.175002 36.89728 -65.56369 -3.175005 37.16682 -65.56369 3.175002 36.89728 -62.31095 -3.175005 37.16682 -62.31095 3.175002 37.16682 61.4363 -3.175005 37.16682 61.4363 3.175002 36.89728 64.68907 -3.175005 37.16682 64.68907 3.175002 37.16682 -65.51932 -3.175005 37.43267 -65.56369 3.175002 37.16682 -62.35529 -3.175005 37.43267 -62.35529 3.175002 37.43267 61.48067 -3.175005 37.43267 61.4363 3.175002 37.16682 64.6447 -3.175005 37.43267 64.6447 3.175002 37.43267 -65.43183 -3.175005 37.68758 -65.51932 3.175002 37.43267 -62.44282 -3.175005 37.68758 -62.44282 3.175002 37.68758 61.56818 -3.175005 37.68758 61.48067 3.175002 37.43267 64.55719 -3.175005 37.68758 64.55719 3.175002 37.68758 -65.30353 -3.175005 37.92463 -65.43183 3.175002 37.68758 -62.57111 -3.175005 37.92463 -62.57111 3.175002 37.92463 61.69646 -3.175005 37.92463 61.56818 3.175002 37.68758 64.51366 -3.175005 37.76801 64.51366 3.175002 37.76801 64.51366 -3.175005 41.88492 64.42891 -3.175005 37.92463 64.42891 3.175002 37.92463 -65.13797 -3.175005 38.13734 -65.30353 3.175002 37.92463 -62.73664 -3.175005 38.13734 -62.73664 3.175002 38.13734 61.86202 -3.175005 38.13734 61.69646 3.175002 37.92463 64.26335 -3.175005 38.13734 64.26335 3.175002 38.13734 -64.93967 -3.175005 38.31988 -65.13797 3.175002 38.13734 -62.93494 -3.175005 38.31988 -62.93494 3.175002 38.31988 62.06031 -3.175005 38.31988 61.86202 3.175002 38.13734 64.06507 -3.175005 38.31988 64.06507 3.175002 38.31988 -64.71405 -3.175005 38.46729 -64.93967 3.175002 38.31988 -63.16059 -3.175005 38.46729 -63.16059 3.175002 38.46729 62.28596 -3.175005 38.46729 62.06031 3.175002 38.31988 63.83941 -3.175005 38.46729 63.83941 3.175002 38.46729 -64.4672 -3.175005 38.57557 -64.71405 3.175002 38.46729 -63.40742 -3.175005 38.57557 -63.40742 3.175002 38.57557 62.5328 -3.175005 38.57557 62.28596 3.175002 38.46729 63.59259 -3.175005 38.57557 63.59259 3.175002 38.57557 -64.20594 -3.175005 38.64173 -64.4672 3.175002 38.57557 -63.66871 -3.175005 38.64173 -63.66871 3.175002 38.64173 62.79407 -3.175005 38.64173 62.5328 3.175002 38.57557 63.33129 -3.175005 38.64173 63.33129 3.175002 38.64173 -63.93732 -3.175005 38.66399 -64.20594 3.175002 38.64173 -63.93732 3.175002 38.66399 63.06269 -3.175005 38.66399 62.79407 3.175002 38.64173 63.06269 3.175002 38.66399 -67.92829 -3.175005 54.23493 -70.2873 -3.175005 54.23493 -70.2873 3.175002 54.23493 -63.93732 -3.175005 48.10009 -64.20594 -3.175005 48.12235 -64.4672 -3.175005 48.18851 -65.13797 -3.175005 48.62675 -65.30353 -3.175005 48.83945 -65.56369 -3.175005 49.59727 -64.71405 -3.175005 48.29677 -64.93967 -3.175005 48.44421 -65.43183 -3.175005 49.0765 -65.51932 -3.175005 49.33143 -63.66871 -3.175005 48.12235 -62.93494 -3.175005 48.44421 -63.16059 -3.175005 48.29677 -63.40742 -3.175005 48.18851 -60.27454 -3.175005 54.23493 -62.31095 -3.175005 49.59727 -62.35529 -3.175005 49.33143 -62.44282 -3.175005 49.0765 -62.57111 -3.175005 48.83945 -62.73664 -3.175005 48.62675 -49.17133 -3.175005 54.23493 -42.525 -3.175005 54.23493 -32.72005 -3.175005 45.18772 -33.68069 -3.175005 45.43098 -34.58817 -3.175005 45.82903 -35.41776 -3.175005 46.37104 -36.14683 -3.175005 47.04218 -36.75548 -3.175005 47.82419 -37.22712 -3.175005 48.6957 -37.54888 -3.175005 49.63297 -31.73249 -3.175005 45.10587 -20.43732 -3.175005 54.23493 -21.78974 -3.175005 54.23493 -23.64751 -3.175005 48.6957 -24.11915 -3.175005 47.82419 -24.7278 -3.175005 47.04218 -25.45687 -3.175005 46.37104 -26.28646 -3.175005 45.82903 -27.19394 -3.175005 45.43098 -28.15458 -3.175005 45.18772 -29.14216 -3.175005 45.10587 -23.16263 -3.175005 50.6104 -23.32575 -3.175005 49.63297 -20.43732 3.175002 41.88492 19.85174 -3.175005 54.23493 19.56268 -3.175005 54.23493 19.56268 3.175002 54.23493 27.27995 -3.175005 45.18772 26.31933 -3.175005 45.43098 28.26751 -3.175005 45.10587 23.85318 -3.175005 47.04218 23.24452 -3.175005 47.82419 25.41183 -3.175005 45.82903 24.58224 -3.175005 46.37104 22.77289 -3.175005 48.6957 22.45111 -3.175005 49.63297 30.85785 -3.175005 45.10587 34.54313 -3.175005 46.37104 33.71354 -3.175005 45.82903 46.16233 -3.175005 54.23493 36.83736 -3.175005 50.6104 36.67425 -3.175005 49.63297 36.3525 -3.175005 48.6957 35.88085 -3.175005 47.82419 35.27219 -3.175005 47.04218 32.80605 -3.175005 45.43098 31.84543 -3.175005 45.18772 62.5328 -3.175005 48.18851 62.28596 -3.175005 48.29677 62.06031 -3.175005 48.44421 61.86202 -3.175005 48.62675 61.69646 -3.175005 48.83945 61.48067 -3.175005 49.33143 61.56818 -3.175005 49.0765 63.33129 -3.175005 48.12235 63.06269 -3.175005 48.10009 64.51366 -3.175005 48.99607 64.42891 -3.175005 48.83945 64.26335 -3.175005 48.62675 64.06507 -3.175005 48.44421 63.83941 -3.175005 48.29677 63.59259 -3.175005 48.18851 62.79407 -3.175005 48.12235 64.55719 -3.175005 49.0765 69.41269 -3.175005 54.23493 64.68907 -3.175005 49.59727 64.6447 -3.175005 49.33143 69.41269 3.175002 41.88492 -31.73249 3.175002 45.10587 -29.14216 3.175002 45.10587 -28.15458 3.175002 45.18772 28.26751 3.175002 45.10587 30.85785 3.175002 45.10587 31.84543 3.175002 45.18772 -32.72005 3.175002 45.18772 -27.19394 3.175002 45.43098 27.27995 3.175002 45.18772 32.80605 3.175002 45.43098 -33.68069 3.175002 45.43098 -26.28646 3.175002 45.82903 26.31933 3.175002 45.43098 33.71354 3.175002 45.82903 -34.58817 3.175002 45.82903 -25.45687 3.175002 46.37104 25.41183 3.175002 45.82903 34.54313 3.175002 46.37104 -35.41776 3.175002 46.37104 -24.7278 3.175002 47.04218 24.58224 3.175002 46.37104 35.27219 3.175002 47.04218 -36.14683 3.175002 47.04218 -24.11915 3.175002 47.82419 23.85318 3.175002 47.04218 35.88085 3.175002 47.82419 -36.75548 3.175002 47.82419 -23.64751 3.175002 48.6957 23.24452 3.175002 47.82419 36.3525 3.175002 48.6957 -63.93732 3.175002 48.10009 -63.66871 3.175002 48.12235 63.06269 3.175002 48.10009 63.33129 3.175002 48.12235 -64.20594 3.175002 48.12235 -63.40742 3.175002 48.18851 62.79407 3.175002 48.12235 63.59259 3.175002 48.18851 -64.4672 3.175002 48.18851 -63.16059 3.175002 48.29677 62.5328 3.175002 48.18851 63.83941 3.175002 48.29677 -64.71405 3.175002 48.29677 -62.93494 3.175002 48.44421 62.28596 3.175002 48.29677 64.06507 3.175002 48.44421 -64.93967 3.175002 48.44421 -62.73664 3.175002 48.62675 62.06031 3.175002 48.44421 64.26335 3.175002 48.62675 -65.13797 3.175002 48.62675 -62.57111 3.175002 48.83945 61.86202 3.175002 48.62675 64.42891 3.175002 48.83945 -37.22712 3.175002 48.6957 -23.32575 3.175002 49.63297 22.77289 3.175002 48.6957 36.67425 3.175002 49.63297 -65.30353 3.175002 48.83945 -62.44282 3.175002 49.0765 61.69646 3.175002 48.83945 64.51366 3.175002 48.99607 64.55719 3.175002 49.0765 -65.43183 3.175002 49.0765 -62.35529 3.175002 49.33143 61.56818 3.175002 49.0765 64.6447 3.175002 49.33143 -65.51932 3.175002 49.33143 -62.31095 3.175002 49.59727 61.4363 -3.175005 49.59727 61.48067 3.175002 49.33143 64.68907 3.175002 49.59727 -65.56369 -3.175005 49.8668 -65.56369 3.175002 49.59727 -62.31095 -3.175005 49.8668 -62.31095 3.175002 49.8668 61.4363 -3.175005 49.8668 61.4363 3.175002 49.59727 64.68907 -3.175005 49.8668 64.68907 3.175002 49.8668 -37.71198 -3.175005 50.6104 -37.54888 3.175002 49.63297 -23.16263 3.175002 50.6104 22.28802 -3.175005 50.6104 22.45111 3.175002 49.63297 36.83736 3.175002 50.6104 -65.51932 -3.175005 50.13267 -65.56369 3.175002 49.8668 -62.35529 -3.175005 50.13267 -62.35529 3.175002 50.13267 61.48067 -3.175005 50.13267 61.4363 3.175002 49.8668 64.6447 -3.175005 50.13267 64.6447 3.175002 50.13267 -65.43183 -3.175005 50.38758 -65.51932 3.175002 50.13267 -62.44282 -3.175005 50.38758 -62.44282 3.175002 50.38758 61.56818 -3.175005 50.38758 61.48067 3.175002 50.13267 64.55719 -3.175005 50.38758 64.55719 3.175002 50.38758 -65.30353 -3.175005 50.62464 -65.43183 3.175002 50.38758 -62.57111 -3.175005 50.62464 -62.57111 3.175002 50.62464 61.69646 -3.175005 50.62464 61.56818 3.175002 50.38758 64.51366 -3.175005 50.46801 64.51366 3.175002 50.46801 64.51366 -3.175005 54.23493 64.42891 -3.175005 50.62464 64.42891 3.175002 50.62464 -37.71198 -3.175005 51.60136 -37.71198 3.175002 50.6104 -23.16263 -3.175005 51.60136 -23.16263 3.175002 51.60136 22.28802 -3.175005 51.60136 22.28802 3.175002 50.6104 36.83736 -3.175005 51.60136 36.83736 3.175002 51.60136 -65.13797 -3.175005 50.83733 -65.30353 3.175002 50.62464 -62.73664 -3.175005 50.83733 -62.73664 3.175002 50.83733 61.86202 -3.175005 50.83733 61.69646 3.175002 50.62464 64.26335 -3.175005 50.83733 64.26335 3.175002 50.83733 -64.93967 -3.175005 51.01987 -65.13797 3.175002 50.83733 -62.93494 -3.175005 51.01987 -62.93494 3.175002 51.01987 62.06031 -3.175005 51.01987 61.86202 3.175002 50.83733 64.06507 -3.175005 51.01987 64.06507 3.175002 51.01987 -64.71405 -3.175005 51.16729 -64.93967 3.175002 51.01987 -63.16059 -3.175005 51.16729 -63.16059 3.175002 51.16729 62.28596 -3.175005 51.16729 62.06031 3.175002 51.01987 63.83941 -3.175005 51.16729 63.83941 3.175002 51.16729 -64.4672 -3.175005 51.27556 -64.71405 3.175002 51.16729 -63.40742 -3.175005 51.27556 -63.40742 3.175002 51.27556 62.5328 -3.175005 51.27556 62.28596 3.175002 51.16729 63.59259 -3.175005 51.27556 63.59259 3.175002 51.27556 -64.20594 -3.175005 51.34174 -64.4672 3.175002 51.27556 -63.66871 -3.175005 51.34174 -63.66871 3.175002 51.34174 62.79407 -3.175005 51.34174 62.5328 3.175002 51.27556 63.33129 -3.175005 51.34174 63.33129 3.175002 51.34174 -63.93732 -3.175005 51.36399 -64.20594 3.175002 51.34174 -63.93732 3.175002 51.36399 63.06269 -3.175005 51.36399 62.79407 3.175002 51.34174 63.06269 3.175002 51.36399 -37.54888 -3.175005 52.57879 -37.71198 3.175002 51.60136 -23.32575 -3.175005 52.57879 -23.32575 3.175002 52.57879 22.45111 -3.175005 52.57879 22.28802 3.175002 51.60136 36.67425 -3.175005 52.57879 36.67425 3.175002 52.57879 -37.22712 -3.175005 53.51604 -37.54888 3.175002 52.57879 -23.64751 -3.175005 53.51604 -23.64751 3.175002 53.51604 22.77289 -3.175005 53.51604 22.45111 3.175002 52.57879 36.3525 -3.175005 53.51604 36.3525 3.175002 53.51604 -36.83808 -3.175005 54.23493 -37.22712 3.175002 53.51604 -24.03655 -3.175005 54.23493 -24.03655 3.175002 54.23493 23.16192 -3.175005 54.23493 22.77289 3.175002 53.51604 35.96345 -3.175005 54.23493 35.96345 3.175002 54.23493 -67.92829 -3.175005 58.95298 -70.2873 -3.175005 58.95298 -70.2873 3.175002 58.95298 -60.27454 -3.175005 58.95298 -49.17133 -3.175005 58.95298 -42.525 -3.175005 58.95298 -36.75548 -3.175005 54.38756 -36.83808 3.175002 54.23493 -24.11915 -3.175005 54.38756 -24.11915 3.175002 54.38756 -20.43732 -3.175005 58.95298 -21.78974 -3.175005 58.95298 -20.43732 3.175002 54.23493 19.85174 -3.175005 58.95298 19.56268 -3.175005 58.95298 19.56268 3.175002 58.95298 23.24452 -3.175005 54.38756 23.16192 3.175002 54.23493 35.88085 -3.175005 54.38756 35.88085 3.175002 54.38756 46.16233 -3.175005 58.95298 64.51366 -3.175005 58.95298 69.41269 -3.175005 58.95298 69.41269 3.175002 54.23493 -36.14683 -3.175005 55.16956 -36.75548 3.175002 54.38756 -24.7278 -3.175005 55.16956 -24.7278 3.175002 55.16956 23.85318 -3.175005 55.16956 23.24452 3.175002 54.38756 35.27219 -3.175005 55.16956 35.27219 3.175002 55.16956 -35.41776 -3.175005 55.84072 -36.14683 3.175002 55.16956 -25.45687 -3.175005 55.84072 -25.45687 3.175002 55.84072 24.58224 -3.175005 55.84072 23.85318 3.175002 55.16956 34.54313 -3.175005 55.84072 34.54313 3.175002 55.84072 -34.58817 -3.175005 56.38271 -35.41776 3.175002 55.84072 -26.28646 -3.175005 56.38271 -26.28646 3.175002 56.38271 25.41183 -3.175005 56.38271 24.58224 3.175002 55.84072 33.71354 -3.175005 56.38271 33.71354 3.175002 56.38271 -33.68069 -3.175005 56.78078 -34.58817 3.175002 56.38271 -27.19394 -3.175005 56.78078 -27.19394 3.175002 56.78078 26.31933 -3.175005 56.78078 25.41183 3.175002 56.38271 32.80605 -3.175005 56.78078 32.80605 3.175002 56.78078 -32.72005 -3.175005 57.02405 -33.68069 3.175002 56.78078 -28.15458 -3.175005 57.02405 -28.15458 3.175002 57.02405 27.27995 -3.175005 57.02405 26.31933 3.175002 56.78078 31.84543 -3.175005 57.02405 31.84543 3.175002 57.02405 -31.73249 -3.175005 57.10587 -32.72005 3.175002 57.02405 -29.14216 -3.175005 57.10587 -29.14216 3.175002 57.10587 28.26751 -3.175005 57.10587 27.27995 3.175002 57.02405 30.85785 -3.175005 57.10587 30.85785 3.175002 57.10587 -31.73249 3.175002 57.10587 28.26751 3.175002 57.10587 -67.92829 -3.175005 72.30298 -70.2873 -3.175005 72.30298 -70.2873 3.175002 72.30298 -64.20594 -3.175005 60.82235 -64.4672 -3.175005 60.88851 -63.93732 -3.175005 60.80009 -64.71405 -3.175005 60.99679 -64.93967 -3.175005 61.1442 -65.13797 -3.175005 61.32676 -65.30353 -3.175005 61.53945 -65.43183 -3.175005 61.7765 -65.51932 -3.175005 62.03142 -65.56369 -3.175005 62.29728 -65.56369 -3.175005 62.56681 -63.66871 -3.175005 60.82235 -62.93494 -3.175005 61.1442 -63.16059 -3.175005 60.99679 -63.40742 -3.175005 60.88851 -62.35529 -3.175005 62.83266 -62.31095 -3.175005 62.56681 -60.27454 -3.175005 72.30298 -62.31095 -3.175005 62.29728 -62.35529 -3.175005 62.03142 -62.44282 -3.175005 61.7765 -62.57111 -3.175005 61.53945 -62.73664 -3.175005 61.32676 -49.17133 -3.175005 72.30298 -42.525 -3.175005 72.30298 -21.78974 -3.175005 72.30298 -20.43732 -3.175005 67.10588 -20.43732 3.175002 58.95298 19.56268 -3.175005 67.10588 19.56268 3.175002 67.10588 19.85174 -3.175005 72.30298 46.16233 -3.175005 72.30298 62.79407 -3.175005 60.82235 62.5328 -3.175005 60.88851 62.28596 -3.175005 60.99679 62.06031 -3.175005 61.1442 61.86202 -3.175005 61.32676 61.69646 -3.175005 61.53945 61.56818 -3.175005 61.7765 61.48067 -3.175005 62.03142 61.4363 -3.175005 62.29728 61.4363 -3.175005 62.56681 64.42891 -3.175005 61.53945 64.26335 -3.175005 61.32676 64.06507 -3.175005 61.1442 63.83941 -3.175005 60.99679 63.59259 -3.175005 60.88851 63.33129 -3.175005 60.82235 63.06269 -3.175005 60.80009 64.55719 -3.175005 61.7765 64.51366 -3.175005 61.69608 69.41269 -3.175005 72.30298 64.6447 -3.175005 62.83266 64.68907 -3.175005 62.56681 64.68907 -3.175005 62.29728 64.6447 -3.175005 62.03142 69.41269 3.175002 58.95298 -63.93732 3.175002 60.80009 -63.66871 3.175002 60.82235 63.06269 3.175002 60.80009 63.33129 3.175002 60.82235 -64.20594 3.175002 60.82235 -63.40742 3.175002 60.88851 62.79407 3.175002 60.82235 63.59259 3.175002 60.88851 -64.4672 3.175002 60.88851 -63.16059 3.175002 60.99679 62.5328 3.175002 60.88851 63.83941 3.175002 60.99679 -64.71405 3.175002 60.99679 -62.93494 3.175002 61.1442 62.28596 3.175002 60.99679 64.06507 3.175002 61.1442 -64.93967 3.175002 61.1442 -62.73664 3.175002 61.32676 62.06031 3.175002 61.1442 64.26335 3.175002 61.32676 -65.13797 3.175002 61.32676 -62.57111 3.175002 61.53945 61.86202 3.175002 61.32676 64.42891 3.175002 61.53945 -65.30353 3.175002 61.53945 -62.44282 3.175002 61.7765 61.69646 3.175002 61.53945 64.51366 3.175002 61.69608 64.55719 3.175002 61.7765 -65.43183 3.175002 61.7765 -62.35529 3.175002 62.03142 61.56818 3.175002 61.7765 64.6447 3.175002 62.03142 -65.51932 3.175002 62.03142 -62.31095 3.175002 62.29728 61.48067 3.175002 62.03142 64.68907 3.175002 62.29728 -65.56369 3.175002 62.29728 -62.31095 3.175002 62.56681 61.4363 3.175002 62.29728 64.68907 3.175002 62.56681 -65.51932 -3.175005 62.83266 -65.56369 3.175002 62.56681 -62.35529 3.175002 62.83266 61.48067 -3.175005 62.83266 61.4363 3.175002 62.56681 64.6447 3.175002 62.83266 -65.43183 -3.175005 63.08758 -65.51932 3.175002 62.83266 -62.44282 -3.175005 63.08758 -62.44282 3.175002 63.08758 61.56818 -3.175005 63.08758 61.48067 3.175002 62.83266 64.55719 -3.175005 63.08758 64.55719 3.175002 63.08758 -65.30353 -3.175005 63.32464 -65.43183 3.175002 63.08758 -62.57111 -3.175005 63.32464 -62.57111 3.175002 63.32464 61.69646 -3.175005 63.32464 61.56818 3.175002 63.08758 64.51366 -3.175005 63.16801 64.51366 3.175002 63.16801 64.51366 -3.175005 72.30298 64.42891 -3.175005 63.32464 64.42891 3.175002 63.32464 -65.13797 -3.175005 63.53733 -65.30353 3.175002 63.32464 -62.73664 -3.175005 63.53733 -62.73664 3.175002 63.53733 61.86202 -3.175005 63.53733 61.69646 3.175002 63.32464 64.26335 -3.175005 63.53733 64.26335 3.175002 63.53733 -64.93967 -3.175005 63.71987 -65.13797 3.175002 63.53733 -62.93494 -3.175005 63.71987 -62.93494 3.175002 63.71987 62.06031 -3.175005 63.71987 61.86202 3.175002 63.53733 64.06507 -3.175005 63.71987 64.06507 3.175002 63.71987 -64.71405 -3.175005 63.8673 -64.93967 3.175002 63.71987 -63.16059 -3.175005 63.8673 -63.16059 3.175002 63.8673 62.28596 -3.175005 63.8673 62.06031 3.175002 63.71987 63.83941 -3.175005 63.8673 63.83941 3.175002 63.8673 -64.4672 -3.175005 63.97556 -64.71405 3.175002 63.8673 -63.40742 -3.175005 63.97556 -63.40742 3.175002 63.97556 62.5328 -3.175005 63.97556 62.28596 3.175002 63.8673 63.59259 -3.175005 63.97556 63.59259 3.175002 63.97556 -64.20594 -3.175005 64.04174 -64.4672 3.175002 63.97556 -63.66871 -3.175005 64.04174 -63.66871 3.175002 64.04174 62.79407 -3.175005 64.04174 62.5328 3.175002 63.97556 63.33129 -3.175005 64.04174 63.33129 3.175002 64.04174 -63.93732 -3.175005 64.06399 -64.20594 3.175002 64.04174 -63.93732 3.175002 64.06399 63.06269 -3.175005 64.06399 62.79407 3.175002 64.04174 63.06269 3.175002 64.06399 -20.38807 -3.175005 67.73162 -20.43732 3.175002 67.10588 19.51344 -3.175005 67.73162 19.51344 3.175002 67.73162 -20.24154 -3.175005 68.34192 -20.38807 3.175002 67.73162 19.36691 -3.175005 68.34192 19.36691 3.175002 68.34192 -20.00135 -3.175005 68.92185 -20.24154 3.175002 68.34192 19.12671 -3.175005 68.92185 19.12671 3.175002 68.92185 -19.67337 -3.175005 69.457 -20.00135 3.175002 68.92185 18.79876 -3.175005 69.457 18.79876 3.175002 69.457 -19.26574 -3.175005 69.9343 -19.67337 3.175002 69.457 18.39111 -3.175005 69.9343 18.39111 3.175002 69.9343 -18.78846 -3.175005 70.34192 -19.26574 3.175002 69.9343 17.91383 -3.175005 70.34192 17.91383 3.175002 70.34192 -18.25327 -3.175005 70.66989 -18.78846 3.175002 70.34192 17.37866 -3.175005 70.66989 17.37866 3.175002 70.66989 -17.67337 -3.175005 70.9101 -18.25327 3.175002 70.66989 16.79876 -3.175005 70.9101 16.79876 3.175002 70.9101 -17.06305 -3.175005 71.05661 -17.67337 3.175002 70.9101 16.18843 -3.175005 71.05661 16.18843 3.175002 71.05661 -16.43732 -3.175005 71.10587 -17.06305 3.175002 71.05661 15.56268 -3.175005 71.10587 15.56268 3.175002 71.10587 2.01968 -3.175005 72.30298 2.01968 -3.175005 71.10587 -16.43732 3.175002 71.10587 2.01968 3.175002 71.10587 -70.2873 -3.175005 74.72153 -70.2873 3.175002 74.72153 -67.92829 -3.175005 79.12299 -69.66571 -3.175005 78.64603 -70.13095 -3.175005 76.70822 -63.93732 -3.175005 73.50009 -64.20594 -3.175005 73.52234 -64.4672 -3.175005 73.5885 -64.71405 -3.175005 73.69678 -64.93967 -3.175005 73.84418 -65.13797 -3.175005 74.02674 -65.30353 -3.175005 74.23944 -65.43183 -3.175005 74.47647 -65.51932 -3.175005 74.73142 -65.56369 -3.175005 74.99726 -51.50593 -3.175005 73.52234 -51.76722 -3.175005 73.5885 -52.01404 -3.175005 73.69678 -52.23969 -3.175005 73.84418 -52.43799 -3.175005 74.02674 -52.60352 -3.175005 74.23944 -52.73182 -3.175005 74.47647 -52.81934 -3.175005 74.73142 -52.86368 -3.175005 74.99726 -60.27454 -3.175005 79.12299 -63.66871 -3.175005 73.52234 -62.93494 -3.175005 73.84418 -63.16059 -3.175005 73.69678 -63.40742 -3.175005 73.5885 -62.35529 -3.175005 74.73142 -62.44282 -3.175005 74.47647 -62.31095 -3.175005 75.26679 -62.31095 -3.175005 74.99726 -62.57111 -3.175005 74.23944 -62.73664 -3.175005 74.02674 -50.9687 -3.175005 73.52234 -51.23731 -3.175005 73.50009 -49.65531 -3.175005 74.73142 -49.7428 -3.175005 74.47647 -50.23496 -3.175005 73.84418 -50.46058 -3.175005 73.69678 -50.7074 -3.175005 73.5885 -49.17133 -3.175005 79.12299 -49.61094 -3.175005 75.26679 -49.61094 -3.175005 74.99726 -49.8711 -3.175005 74.23944 -50.03666 -3.175005 74.02674 -42.525 -3.175005 79.12299 -38.53731 -3.175005 73.50009 -38.80593 -3.175005 73.52234 -39.06721 -3.175005 73.5885 -39.31403 -3.175005 73.69678 -39.53968 -3.175005 73.84418 -39.73798 -3.175005 74.02674 -39.90353 -3.175005 74.23944 -40.03181 -3.175005 74.47647 -40.11933 -3.175005 74.73142 -40.1637 -3.175005 74.99726 -38.26871 -3.175005 73.52234 -13.13732 -3.175005 73.50009 -13.40592 -3.175005 73.52234 -13.66721 -3.175005 73.5885 -13.91404 -3.175005 73.69678 -14.13968 -3.175005 73.84418 -0.7059211 -3.175005 73.52234 -0.9671974 -3.175005 73.5885 -14.33799 -3.175005 74.02674 -14.50353 -3.175005 74.23944 -14.63181 -3.175005 74.47647 -14.71933 -3.175005 74.73142 -14.76369 -3.175005 74.99726 -21.78974 -3.175005 79.12299 -37.33665 -3.175005 74.02674 -37.53495 -3.175005 73.84418 -37.7606 -3.175005 73.69678 -38.00742 -3.175005 73.5885 -25.5687 -3.175005 73.52234 -25.83732 -3.175005 73.50009 -26.10593 -3.175005 73.52234 -24.63665 -3.175005 74.02674 -24.83495 -3.175005 73.84418 -24.21094 -3.175005 75.26679 -24.21094 -3.175005 74.99726 -24.2553 -3.175005 74.73142 -24.34282 -3.175005 74.47647 -24.4711 -3.175005 74.23944 -25.0606 -3.175005 73.69678 -25.30742 -3.175005 73.5885 12.26269 -3.175005 73.50009 11.99408 -3.175005 73.52234 11.73278 -3.175005 73.5885 11.48596 -3.175005 73.69678 11.26031 -3.175005 73.84418 11.06202 -3.175005 74.02674 10.89648 -3.175005 74.23944 10.76818 -3.175005 74.47647 10.68068 -3.175005 74.73142 10.63632 -3.175005 74.99726 2.01968 -3.175005 79.12299 -0.1687049 -3.175005 73.52234 -0.4373054 -3.175005 73.50009 1.144695 -3.175005 74.73142 1.057186 -3.175005 74.47647 0.5650598 -3.175005 73.84418 0.3394128 -3.175005 73.69678 0.09258657 -3.175005 73.5885 0.9289056 -3.175005 74.23944 0.7633478 -3.175005 74.02674 1.189068 -3.175005 75.26679 1.189068 -3.175005 74.99726 12.53131 -3.175005 73.52234 25.23129 -3.175005 73.52234 24.96269 -3.175005 73.50009 24.69407 -3.175005 73.52234 24.4328 -3.175005 73.5885 24.18597 -3.175005 73.69678 23.96032 -3.175005 73.84418 23.76202 -3.175005 74.02674 23.59646 -3.175005 74.23944 23.4682 -3.175005 74.47647 23.38067 -3.175005 74.73142 23.3363 -3.175005 74.99726 19.85174 -3.175005 79.12299 13.84469 -3.175005 74.73142 13.75718 -3.175005 74.47647 13.26504 -3.175005 73.84418 13.03941 -3.175005 73.69678 12.79258 -3.175005 73.5885 13.6289 -3.175005 74.23944 13.46334 -3.175005 74.02674 13.88906 -3.175005 75.26679 13.88906 -3.175005 74.99726 50.63129 -3.175005 73.52234 50.36268 -3.175005 73.50009 50.09408 -3.175005 73.52234 49.83279 -3.175005 73.5885 49.58596 -3.175005 73.69678 49.36031 -3.175005 73.84418 49.16201 -3.175005 74.02674 48.99647 -3.175005 74.23944 48.86819 -3.175005 74.47647 48.78066 -3.175005 74.73142 48.7363 -3.175005 74.99726 46.16233 -3.175005 79.12299 39.2447 -3.175005 74.73142 39.15719 -3.175005 74.47647 38.66505 -3.175005 73.84418 38.43941 -3.175005 73.69678 38.19257 -3.175005 73.5885 37.9313 -3.175005 73.52234 26.16336 -3.175005 74.02674 25.96505 -3.175005 73.84418 39.28905 -3.175005 75.26679 39.28905 -3.175005 74.99726 39.02889 -3.175005 74.23944 38.86335 -3.175005 74.02674 26.54471 -3.175005 74.73142 26.45718 -3.175005 74.47647 26.3289 -3.175005 74.23944 25.73941 -3.175005 73.69678 25.49258 -3.175005 73.5885 37.66268 -3.175005 73.50009 37.39406 -3.175005 73.52234 64.42891 -3.175005 74.23944 64.26335 -3.175005 74.02674 64.55719 -3.175005 74.47647 64.51366 -3.175005 74.39606 64.06507 -3.175005 73.84418 63.83941 -3.175005 73.69678 63.59259 -3.175005 73.5885 51.7289 -3.175005 74.23944 51.56335 -3.175005 74.02674 51.36504 -3.175005 73.84418 51.1394 -3.175005 73.69678 50.89257 -3.175005 73.5885 63.33129 -3.175005 73.52234 63.06269 -3.175005 73.50009 62.79407 -3.175005 73.52234 51.94469 -3.175005 74.73142 51.85717 -3.175005 74.47647 69.41269 -3.175005 74.72153 64.68907 -3.175005 74.99726 64.6447 -3.175005 74.73142 69.41269 3.175002 72.30298 -63.93732 3.175002 73.50009 -63.66871 3.175002 73.52234 -51.23731 3.175002 73.50009 -50.9687 3.175002 73.52234 -38.53731 3.175002 73.50009 -38.26871 3.175002 73.52234 -25.83732 3.175002 73.50009 -25.5687 3.175002 73.52234 -12.8687 -3.175005 73.52234 -13.13732 3.175002 73.50009 -12.8687 3.175002 73.52234 -0.4373054 3.175002 73.50009 -0.1687049 3.175002 73.52234 12.26269 3.175002 73.50009 12.53131 3.175002 73.52234 24.96269 3.175002 73.50009 25.23129 3.175002 73.52234 37.66268 3.175002 73.50009 37.9313 3.175002 73.52234 50.36268 3.175002 73.50009 50.63129 3.175002 73.52234 63.06269 3.175002 73.50009 63.33129 3.175002 73.52234 -64.20594 3.175002 73.52234 -63.40742 3.175002 73.5885 -51.50593 3.175002 73.52234 -50.7074 3.175002 73.5885 -38.80593 3.175002 73.52234 -38.00742 3.175002 73.5885 -26.36721 -3.175005 73.5885 -26.10593 3.175002 73.52234 -25.30742 3.175002 73.5885 -13.40592 3.175002 73.52234 -12.60743 -3.175005 73.5885 -12.60743 3.175002 73.5885 -0.7059211 3.175002 73.52234 0.09258657 3.175002 73.5885 11.99408 3.175002 73.52234 12.79258 3.175002 73.5885 24.69407 3.175002 73.52234 25.49258 3.175002 73.5885 37.13279 -3.175005 73.5885 26.16336 -3.175005 76.23731 26.3289 -3.175005 76.02463 26.45718 -3.175005 75.78757 26.54471 -3.175005 75.53266 26.58906 -3.175005 75.26679 26.58906 -3.175005 74.99726 37.39406 3.175002 73.52234 38.19257 3.175002 73.5885 50.09408 3.175002 73.52234 50.89257 3.175002 73.5885 62.5328 -3.175005 73.5885 51.56335 -3.175005 76.23731 51.7289 -3.175005 76.02463 51.85717 -3.175005 75.78757 51.94469 -3.175005 75.53266 51.98907 -3.175005 75.26679 51.98907 -3.175005 74.99726 62.79407 3.175002 73.52234 63.59259 3.175002 73.5885 -64.4672 3.175002 73.5885 -63.16059 3.175002 73.69678 -51.76722 3.175002 73.5885 -50.46058 3.175002 73.69678 -39.06721 3.175002 73.5885 -37.7606 3.175002 73.69678 -26.61403 -3.175005 73.69678 -26.36721 3.175002 73.5885 -25.0606 3.175002 73.69678 -13.66721 3.175002 73.5885 -1.214039 -3.175005 73.69678 -1.439671 -3.175005 73.84418 -1.637974 -3.175005 74.02674 -12.3606 -3.175005 73.69678 -12.3606 3.175002 73.69678 -0.9671974 3.175002 73.5885 0.3394128 3.175002 73.69678 11.73278 3.175002 73.5885 13.03941 3.175002 73.69678 24.4328 3.175002 73.5885 25.73941 3.175002 73.69678 36.88596 -3.175005 73.69678 25.49258 -3.175005 76.67554 25.73941 -3.175005 76.56729 25.96505 -3.175005 76.41986 37.13279 3.175002 73.5885 38.43941 3.175002 73.69678 49.83279 3.175002 73.5885 51.1394 3.175002 73.69678 50.89257 -3.175005 76.67554 51.1394 -3.175005 76.56729 62.28596 -3.175005 73.69678 51.36504 -3.175005 76.41986 62.5328 3.175002 73.5885 63.83941 3.175002 73.69678 -64.71405 3.175002 73.69678 -62.93494 3.175002 73.84418 -52.01404 3.175002 73.69678 -50.23496 3.175002 73.84418 -39.31403 3.175002 73.69678 -37.53495 3.175002 73.84418 -26.83968 -3.175005 73.84418 -26.61403 3.175002 73.69678 -24.83495 3.175002 73.84418 -13.91404 3.175002 73.69678 -12.13495 -3.175005 73.84418 -12.13495 3.175002 73.84418 -1.214039 3.175002 73.69678 0.5650598 3.175002 73.84418 11.48596 3.175002 73.69678 13.26504 3.175002 73.84418 24.18597 3.175002 73.69678 25.96505 3.175002 73.84418 36.66032 -3.175005 73.84418 36.88596 3.175002 73.69678 38.66505 3.175002 73.84418 49.58596 3.175002 73.69678 51.36504 3.175002 73.84418 62.06031 -3.175005 73.84418 62.28596 3.175002 73.69678 64.06507 3.175002 73.84418 -64.93967 3.175002 73.84418 -62.73664 3.175002 74.02674 -52.23969 3.175002 73.84418 -50.03666 3.175002 74.02674 -39.53968 3.175002 73.84418 -37.33665 3.175002 74.02674 -27.03798 -3.175005 74.02674 -26.83968 3.175002 73.84418 -24.63665 3.175002 74.02674 -14.13968 3.175002 73.84418 -11.93665 -3.175005 74.02674 -11.93665 3.175002 74.02674 -1.439671 3.175002 73.84418 0.7633478 3.175002 74.02674 11.26031 3.175002 73.84418 13.46334 3.175002 74.02674 23.96032 3.175002 73.84418 26.16336 3.175002 74.02674 36.46203 -3.175005 74.02674 36.66032 3.175002 73.84418 38.86335 3.175002 74.02674 49.36031 3.175002 73.84418 51.56335 3.175002 74.02674 61.86202 -3.175005 74.02674 62.06031 3.175002 73.84418 64.26335 3.175002 74.02674 -65.13797 3.175002 74.02674 -62.57111 3.175002 74.23944 -52.43799 3.175002 74.02674 -49.8711 3.175002 74.23944 -39.73798 3.175002 74.02674 -27.20353 -3.175005 74.23944 -27.33181 -3.175005 74.47647 -27.41933 -3.175005 74.73142 -37.1711 -3.175005 74.23944 -37.1711 3.175002 74.23944 -27.03798 3.175002 74.02674 -24.4711 3.175002 74.23944 -14.33799 3.175002 74.02674 -11.77109 -3.175005 74.23944 -11.77109 3.175002 74.23944 -1.803516 -3.175005 74.23944 -11.64283 -3.175005 74.47647 -1.637974 3.175002 74.02674 0.9289056 3.175002 74.23944 11.06202 3.175002 74.02674 13.6289 3.175002 74.23944 23.76202 3.175002 74.02674 26.3289 3.175002 74.23944 25.23129 -3.175005 76.74173 36.29647 -3.175005 74.23944 36.46203 3.175002 74.02674 39.02889 3.175002 74.23944 49.16201 3.175002 74.02674 51.7289 3.175002 74.23944 50.63129 -3.175005 76.74173 61.69646 -3.175005 74.23944 61.86202 3.175002 74.02674 64.42891 3.175002 74.23944 -65.30353 3.175002 74.23944 -62.44282 3.175002 74.47647 -52.60352 3.175002 74.23944 -49.7428 3.175002 74.47647 -39.90353 3.175002 74.23944 -37.04282 -3.175005 74.47647 -37.04282 3.175002 74.47647 -27.20353 3.175002 74.23944 -24.34282 3.175002 74.47647 -14.50353 3.175002 74.23944 -11.64283 3.175002 74.47647 -1.931812 -3.175005 74.47647 -1.803516 3.175002 74.23944 1.057186 3.175002 74.47647 10.89648 3.175002 74.23944 13.75718 3.175002 74.47647 23.59646 3.175002 74.23944 26.45718 3.175002 74.47647 36.16817 -3.175005 74.47647 36.29647 3.175002 74.23944 39.15719 3.175002 74.47647 48.99647 3.175002 74.23944 51.85717 3.175002 74.47647 61.56818 -3.175005 74.47647 61.69646 3.175002 74.23944 64.51366 3.175002 74.39606 64.55719 3.175002 74.47647 -65.43183 3.175002 74.47647 -62.35529 3.175002 74.73142 -52.73182 3.175002 74.47647 -49.65531 3.175002 74.73142 -40.03181 3.175002 74.47647 -36.9553 -3.175005 74.73142 -36.9553 3.175002 74.73142 -27.33181 3.175002 74.47647 -24.2553 3.175002 74.73142 -14.63181 3.175002 74.47647 -2.019321 -3.175005 74.73142 -11.5553 -3.175005 74.73142 -11.5553 3.175002 74.73142 -1.931812 3.175002 74.47647 1.144695 3.175002 74.73142 10.76818 3.175002 74.47647 13.84469 3.175002 74.73142 23.4682 3.175002 74.47647 26.54471 3.175002 74.73142 36.08068 -3.175005 74.73142 36.16817 3.175002 74.47647 39.2447 3.175002 74.73142 48.86819 3.175002 74.47647 51.94469 3.175002 74.73142 61.48067 -3.175005 74.73142 61.56818 3.175002 74.47647 64.6447 3.175002 74.73142 69.25634 -3.175005 76.70822 64.6447 -3.175005 75.53266 64.68907 -3.175005 75.26679 69.41269 3.175002 74.72153 69.25634 3.175002 76.70822 -65.51932 3.175002 74.73142 -62.31095 3.175002 74.99726 -52.81934 3.175002 74.73142 -49.61094 3.175002 74.99726 -40.11933 3.175002 74.73142 -36.91094 -3.175005 74.99726 -36.91094 3.175002 74.99726 -27.46369 -3.175005 74.99726 -27.41933 3.175002 74.73142 -24.21094 3.175002 74.99726 -14.71933 3.175002 74.73142 -11.51093 -3.175005 74.99726 -11.51093 3.175002 74.99726 -2.063679 -3.175005 74.99726 -2.019321 3.175002 74.73142 1.189068 3.175002 74.99726 10.68068 3.175002 74.73142 13.88906 3.175002 74.99726 23.38067 3.175002 74.73142 26.58906 3.175002 74.99726 36.03631 -3.175005 74.99726 36.08068 3.175002 74.73142 39.28905 3.175002 74.99726 48.78066 3.175002 74.73142 51.98907 3.175002 74.99726 61.4363 -3.175005 74.99726 61.48067 3.175002 74.73142 64.68907 3.175002 74.99726 -65.56369 -3.175005 75.26679 -65.56369 3.175002 74.99726 -62.31095 3.175002 75.26679 -52.86368 -3.175005 75.26679 -52.86368 3.175002 74.99726 -49.61094 3.175002 75.26679 -40.1637 -3.175005 75.26679 -40.1637 3.175002 74.99726 -36.91094 -3.175005 75.26679 -36.91094 3.175002 75.26679 -27.46369 -3.175005 75.26679 -27.46369 3.175002 74.99726 -24.21094 3.175002 75.26679 -14.76369 -3.175005 75.26679 -14.76369 3.175002 74.99726 -11.51093 -3.175005 75.26679 -11.51093 3.175002 75.26679 -2.063679 -3.175005 75.26679 -2.063679 3.175002 74.99726 1.189068 3.175002 75.26679 10.63632 -3.175005 75.26679 10.63632 3.175002 74.99726 13.88906 3.175002 75.26679 23.3363 -3.175005 75.26679 23.3363 3.175002 74.99726 26.58906 3.175002 75.26679 36.03631 -3.175005 75.26679 36.03631 3.175002 74.99726 39.28905 3.175002 75.26679 48.7363 -3.175005 75.26679 48.7363 3.175002 74.99726 51.98907 3.175002 75.26679 61.4363 -3.175005 75.26679 61.4363 3.175002 74.99726 64.68907 3.175002 75.26679 -65.51932 -3.175005 75.53266 -65.56369 3.175002 75.26679 -62.35529 -3.175005 75.53266 -62.35529 3.175002 75.53266 -52.81934 -3.175005 75.53266 -52.86368 3.175002 75.26679 -49.65531 -3.175005 75.53266 -49.65531 3.175002 75.53266 -40.11933 -3.175005 75.53266 -40.1637 3.175002 75.26679 -27.41933 -3.175005 75.53266 -36.9553 -3.175005 75.53266 -36.9553 3.175002 75.53266 -27.46369 3.175002 75.26679 -24.2553 -3.175005 75.53266 -24.2553 3.175002 75.53266 -14.71933 -3.175005 75.53266 -14.76369 3.175002 75.26679 -11.5553 -3.175005 75.53266 -11.5553 3.175002 75.53266 -2.019321 -3.175005 75.53266 -2.063679 3.175002 75.26679 1.144695 -3.175005 75.53266 1.144695 3.175002 75.53266 10.68068 -3.175005 75.53266 10.63632 3.175002 75.26679 13.84469 -3.175005 75.53266 13.84469 3.175002 75.53266 23.38067 -3.175005 75.53266 23.3363 3.175002 75.26679 26.54471 3.175002 75.53266 36.08068 -3.175005 75.53266 36.03631 3.175002 75.26679 39.2447 -3.175005 75.53266 39.2447 3.175002 75.53266 48.78066 -3.175005 75.53266 48.7363 3.175002 75.26679 51.94469 3.175002 75.53266 61.48067 -3.175005 75.53266 61.4363 3.175002 75.26679 64.6447 3.175002 75.53266 -65.43183 -3.175005 75.78757 -65.51932 3.175002 75.53266 -62.44282 -3.175005 75.78757 -62.44282 3.175002 75.78757 -52.73182 -3.175005 75.78757 -52.81934 3.175002 75.53266 -49.7428 -3.175005 75.78757 -49.7428 3.175002 75.78757 -40.03181 -3.175005 75.78757 -40.11933 3.175002 75.53266 -37.04282 -3.175005 75.78757 -37.04282 3.175002 75.78757 -37.33665 -3.175005 76.23731 -37.1711 -3.175005 76.02463 -27.33181 -3.175005 75.78757 -27.41933 3.175002 75.53266 -24.34282 -3.175005 75.78757 -24.34282 3.175002 75.78757 -14.63181 -3.175005 75.78757 -14.71933 3.175002 75.53266 -1.214039 -3.175005 76.56729 -0.9671974 -3.175005 76.67554 -11.64283 -3.175005 75.78757 -1.931812 -3.175005 75.78757 -1.803516 -3.175005 76.02463 -1.637974 -3.175005 76.23731 -1.439671 -3.175005 76.41986 -11.64283 3.175002 75.78757 -2.019321 3.175002 75.53266 1.057186 -3.175005 75.78757 1.057186 3.175002 75.78757 10.76818 -3.175005 75.78757 10.68068 3.175002 75.53266 13.75718 -3.175005 75.78757 13.75718 3.175002 75.78757 23.4682 -3.175005 75.78757 23.38067 3.175002 75.53266 26.45718 3.175002 75.78757 36.16817 -3.175005 75.78757 36.08068 3.175002 75.53266 39.15719 -3.175005 75.78757 39.15719 3.175002 75.78757 48.86819 -3.175005 75.78757 48.78066 3.175002 75.53266 51.85717 3.175002 75.78757 61.56818 -3.175005 75.78757 61.48067 3.175002 75.53266 64.55719 -3.175005 75.78757 64.55719 3.175002 75.78757 -65.30353 -3.175005 76.02463 -65.43183 3.175002 75.78757 -62.57111 -3.175005 76.02463 -62.57111 3.175002 76.02463 -52.60352 -3.175005 76.02463 -52.73182 3.175002 75.78757 -49.8711 -3.175005 76.02463 -49.8711 3.175002 76.02463 -39.90353 -3.175005 76.02463 -40.03181 3.175002 75.78757 -37.1711 3.175002 76.02463 -27.20353 -3.175005 76.02463 -27.33181 3.175002 75.78757 -24.4711 -3.175005 76.02463 -24.4711 3.175002 76.02463 -14.50353 -3.175005 76.02463 -14.63181 3.175002 75.78757 -11.77109 -3.175005 76.02463 -11.77109 3.175002 76.02463 -1.931812 3.175002 75.78757 0.9289056 -3.175005 76.02463 0.9289056 3.175002 76.02463 10.89648 -3.175005 76.02463 10.76818 3.175002 75.78757 13.6289 -3.175005 76.02463 13.6289 3.175002 76.02463 23.59646 -3.175005 76.02463 23.4682 3.175002 75.78757 26.3289 3.175002 76.02463 36.29647 -3.175005 76.02463 36.16817 3.175002 75.78757 39.02889 -3.175005 76.02463 39.02889 3.175002 76.02463 48.99647 -3.175005 76.02463 48.86819 3.175002 75.78757 51.7289 3.175002 76.02463 61.69646 -3.175005 76.02463 61.56818 3.175002 75.78757 68.79111 -3.175005 78.64603 64.51366 -3.175005 75.86798 64.51366 3.175002 75.86798 68.59354 -3.175005 79.12299 64.51366 -3.175005 79.12299 64.42891 -3.175005 76.02463 64.42891 3.175002 76.02463 -65.13797 -3.175005 76.23731 -65.30353 3.175002 76.02463 -62.73664 -3.175005 76.23731 -62.73664 3.175002 76.23731 -52.43799 -3.175005 76.23731 -52.60352 3.175002 76.02463 -50.03666 -3.175005 76.23731 -50.03666 3.175002 76.23731 -39.73798 -3.175005 76.23731 -39.90353 3.175002 76.02463 -37.33665 3.175002 76.23731 -27.03798 -3.175005 76.23731 -27.20353 3.175002 76.02463 -24.63665 -3.175005 76.23731 -24.63665 3.175002 76.23731 -14.33799 -3.175005 76.23731 -14.50353 3.175002 76.02463 -11.93665 -3.175005 76.23731 -11.93665 3.175002 76.23731 -1.803516 3.175002 76.02463 0.7633478 -3.175005 76.23731 0.7633478 3.175002 76.23731 11.06202 -3.175005 76.23731 10.89648 3.175002 76.02463 13.46334 -3.175005 76.23731 13.46334 3.175002 76.23731 23.76202 -3.175005 76.23731 23.59646 3.175002 76.02463 26.16336 3.175002 76.23731 36.46203 -3.175005 76.23731 36.29647 3.175002 76.02463 38.86335 -3.175005 76.23731 38.86335 3.175002 76.23731 49.16201 -3.175005 76.23731 48.99647 3.175002 76.02463 51.56335 3.175002 76.23731 61.86202 -3.175005 76.23731 61.69646 3.175002 76.02463 64.26335 -3.175005 76.23731 64.26335 3.175002 76.23731 -64.93967 -3.175005 76.41986 -65.13797 3.175002 76.23731 -62.93494 -3.175005 76.41986 -62.93494 3.175002 76.41986 -52.23969 -3.175005 76.41986 -52.43799 3.175002 76.23731 -50.23496 -3.175005 76.41986 -50.23496 3.175002 76.41986 -39.53968 -3.175005 76.41986 -39.73798 3.175002 76.23731 -37.53495 -3.175005 76.41986 -26.61403 -3.175005 76.56729 -26.36721 -3.175005 76.67554 -26.83968 -3.175005 76.41986 -37.53495 3.175002 76.41986 -27.03798 3.175002 76.23731 -24.83495 -3.175005 76.41986 -24.83495 3.175002 76.41986 -14.13968 -3.175005 76.41986 -14.33799 3.175002 76.23731 -12.13495 -3.175005 76.41986 -12.13495 3.175002 76.41986 -1.637974 3.175002 76.23731 0.5650598 -3.175005 76.41986 0.5650598 3.175002 76.41986 11.26031 -3.175005 76.41986 11.06202 3.175002 76.23731 13.26504 -3.175005 76.41986 13.26504 3.175002 76.41986 23.96032 -3.175005 76.41986 23.76202 3.175002 76.23731 25.96505 3.175002 76.41986 36.66032 -3.175005 76.41986 36.46203 3.175002 76.23731 38.66505 -3.175005 76.41986 38.66505 3.175002 76.41986 49.36031 -3.175005 76.41986 49.16201 3.175002 76.23731 51.36504 3.175002 76.41986 62.06031 -3.175005 76.41986 61.86202 3.175002 76.23731 64.06507 -3.175005 76.41986 64.06507 3.175002 76.41986 -64.71405 -3.175005 76.56729 -64.93967 3.175002 76.41986 -63.16059 -3.175005 76.56729 -63.16059 3.175002 76.56729 -52.01404 -3.175005 76.56729 -52.23969 3.175002 76.41986 -50.46058 -3.175005 76.56729 -50.46058 3.175002 76.56729 -39.31403 -3.175005 76.56729 -39.53968 3.175002 76.41986 -37.7606 -3.175005 76.56729 -37.7606 3.175002 76.56729 -26.83968 3.175002 76.41986 -25.0606 -3.175005 76.56729 -25.0606 3.175002 76.56729 -13.91404 -3.175005 76.56729 -14.13968 3.175002 76.41986 -12.3606 -3.175005 76.56729 -12.3606 3.175002 76.56729 -1.439671 3.175002 76.41986 0.3394128 -3.175005 76.56729 0.3394128 3.175002 76.56729 11.48596 -3.175005 76.56729 11.26031 3.175002 76.41986 13.03941 -3.175005 76.56729 13.03941 3.175002 76.56729 24.18597 -3.175005 76.56729 23.96032 3.175002 76.41986 25.73941 3.175002 76.56729 36.88596 -3.175005 76.56729 36.66032 3.175002 76.41986 38.43941 -3.175005 76.56729 38.43941 3.175002 76.56729 49.58596 -3.175005 76.56729 49.36031 3.175002 76.41986 51.1394 3.175002 76.56729 62.28596 -3.175005 76.56729 62.06031 3.175002 76.41986 63.83941 -3.175005 76.56729 63.83941 3.175002 76.56729 -64.4672 -3.175005 76.67554 -64.71405 3.175002 76.56729 -63.40742 -3.175005 76.67554 -63.40742 3.175002 76.67554 -51.76722 -3.175005 76.67554 -52.01404 3.175002 76.56729 -50.7074 -3.175005 76.67554 -50.7074 3.175002 76.67554 -39.06721 -3.175005 76.67554 -39.31403 3.175002 76.56729 -38.00742 -3.175005 76.67554 -38.00742 3.175002 76.67554 -26.61403 3.175002 76.56729 -25.30742 -3.175005 76.67554 -25.30742 3.175002 76.67554 -13.66721 -3.175005 76.67554 -13.91404 3.175002 76.56729 -12.60743 -3.175005 76.67554 -12.60743 3.175002 76.67554 -1.214039 3.175002 76.56729 0.09258657 -3.175005 76.67554 0.09258657 3.175002 76.67554 11.73278 -3.175005 76.67554 11.48596 3.175002 76.56729 12.79258 -3.175005 76.67554 12.79258 3.175002 76.67554 24.4328 -3.175005 76.67554 24.18597 3.175002 76.56729 25.49258 3.175002 76.67554 37.13279 -3.175005 76.67554 36.88596 3.175002 76.56729 38.19257 -3.175005 76.67554 38.19257 3.175002 76.67554 49.83279 -3.175005 76.67554 49.58596 3.175002 76.56729 50.89257 3.175002 76.67554 62.5328 -3.175005 76.67554 62.28596 3.175002 76.56729 63.59259 -3.175005 76.67554 63.59259 3.175002 76.67554 -64.20594 -3.175005 76.74173 -64.4672 3.175002 76.67554 -63.66871 -3.175005 76.74173 -63.66871 3.175002 76.74173 -51.50593 -3.175005 76.74173 -51.76722 3.175002 76.67554 -50.9687 -3.175005 76.74173 -50.9687 3.175002 76.74173 -38.80593 -3.175005 76.74173 -39.06721 3.175002 76.67554 -38.26871 -3.175005 76.74173 -38.26871 3.175002 76.74173 -26.10593 -3.175005 76.74173 -26.36721 3.175002 76.67554 -25.5687 -3.175005 76.74173 -25.5687 3.175002 76.74173 -13.40592 -3.175005 76.74173 -13.66721 3.175002 76.67554 -12.8687 -3.175005 76.74173 -12.8687 3.175002 76.74173 -0.7059211 -3.175005 76.74173 -0.9671974 3.175002 76.67554 -0.1687049 -3.175005 76.74173 -0.1687049 3.175002 76.74173 11.99408 -3.175005 76.74173 11.73278 3.175002 76.67554 12.53131 -3.175005 76.74173 12.53131 3.175002 76.74173 24.69407 -3.175005 76.74173 24.4328 3.175002 76.67554 25.23129 3.175002 76.74173 37.39406 -3.175005 76.74173 37.13279 3.175002 76.67554 37.9313 -3.175005 76.74173 37.9313 3.175002 76.74173 50.09408 -3.175005 76.74173 49.83279 3.175002 76.67554 50.63129 3.175002 76.74173 62.79407 -3.175005 76.74173 62.5328 3.175002 76.67554 63.33129 -3.175005 76.74173 63.33129 3.175002 76.74173 -70.13095 3.175002 76.70822 68.79111 3.175002 78.64603 -63.93732 -3.175005 76.76398 -64.20594 3.175002 76.74173 -63.93732 3.175002 76.76398 -51.23731 -3.175005 76.76398 -51.50593 3.175002 76.74173 -51.23731 3.175002 76.76398 -38.53731 -3.175005 76.76398 -38.80593 3.175002 76.74173 -38.53731 3.175002 76.76398 -25.83732 -3.175005 76.76398 -26.10593 3.175002 76.74173 -25.83732 3.175002 76.76398 -13.13732 -3.175005 76.76398 -13.40592 3.175002 76.74173 -13.13732 3.175002 76.76398 -0.4373054 -3.175005 76.76398 -0.7059211 3.175002 76.74173 -0.4373054 3.175002 76.76398 12.26269 -3.175005 76.76398 11.99408 3.175002 76.74173 12.26269 3.175002 76.76398 24.96269 -3.175005 76.76398 24.69407 3.175002 76.74173 24.96269 3.175002 76.76398 37.66268 -3.175005 76.76398 37.39406 3.175002 76.74173 37.66268 3.175002 76.76398 50.36268 -3.175005 76.76398 50.09408 3.175002 76.74173 50.36268 3.175002 76.76398 63.06269 -3.175005 76.76398 62.79407 3.175002 76.74173 63.06269 3.175002 76.76398 -69.46817 -3.175005 79.12299 -69.66571 3.175002 78.64603 -69.46817 3.175002 79.12299 -68.90308 -3.175005 80.48719 -68.90308 3.175002 80.48719 -67.92829 -3.175005 82.07794 -67.86182 -3.175005 82.1864 -66.56757 -3.175005 83.70178 -60.27454 -3.175005 89.99481 -43.69352 -3.175005 81.52689 -44.2103 -3.175005 81.66019 -44.69749 -3.175005 81.87821 -45.14126 -3.175005 82.17472 -45.52909 -3.175005 82.54138 -45.85003 -3.175005 82.96784 -46.09499 -3.175005 83.44202 -46.25707 -3.175005 83.95053 -46.33169 -3.175005 84.47901 -46.31672 -3.175005 85.01251 -49.17133 -3.175005 101.098 -43.16167 -3.175005 81.48203 -21.78974 -3.175005 81.48203 -42.525 -3.175005 81.48203 2.01968 -3.175005 81.48203 19.85174 -3.175005 81.48203 42.28704 -3.175005 81.48203 43.82284 -3.175005 81.87821 43.33568 -3.175005 81.66019 42.81887 -3.175005 81.52689 45.22036 -3.175005 83.44202 44.97539 -3.175005 82.96784 44.65446 -3.175005 82.54138 44.26662 -3.175005 82.17472 45.44207 -3.175005 85.01251 45.45705 -3.175005 84.47901 45.38244 -3.175005 83.95053 46.16233 -3.175005 103.2324 68.02848 -3.175005 80.48719 66.9872 -3.175005 82.1864 68.59354 3.175002 79.12299 -67.92829 3.175002 82.07794 66.9872 3.175002 82.1864 68.02848 3.175002 80.48719 -42.525 3.175002 81.48203 -43.16167 3.175002 81.48203 -21.78974 3.175002 81.48203 2.01968 3.175002 81.48203 19.85174 3.175002 81.48203 42.28704 3.175002 81.48203 42.81887 3.175002 81.52689 -43.69352 3.175002 81.52689 43.33568 3.175002 81.66019 -44.2103 3.175002 81.66019 43.82284 3.175002 81.87821 -44.69749 3.175002 81.87821 44.26662 3.175002 82.17472 -67.86182 3.175002 82.1864 -45.14126 3.175002 82.17472 44.65446 3.175002 82.54138 -45.52909 3.175002 82.54138 44.97539 3.175002 82.96784 -45.85003 3.175002 82.96784 45.22036 3.175002 83.44202 -46.09499 3.175002 83.44202 45.38244 3.175002 83.95053 -60.27454 3.175002 89.99481 -66.56757 3.175002 83.70178 -46.25707 3.175002 83.95053 45.45705 3.175002 84.47901 -46.33169 3.175002 84.47901 45.44207 3.175002 85.01251 64.51366 3.175002 84.88105 -46.21259 -3.175005 85.53598 -46.31672 3.175002 85.01251 45.33794 -3.175005 85.53598 45.33794 3.175002 85.53598 -46.02225 -3.175005 86.03461 -46.21259 3.175002 85.53598 45.14762 -3.175005 86.03461 45.14762 3.175002 86.03461 -45.75107 -3.175005 86.4943 -46.02225 3.175002 86.03461 44.87646 -3.175005 86.4943 44.87646 3.175002 86.4943 -45.40674 -3.175005 86.9021 -45.75107 3.175002 86.4943 44.5321 -3.175005 86.9021 44.5321 3.175002 86.9021 -42.525 -3.175005 89.78382 -45.40674 3.175002 86.9021 24.60551 -3.175005 106.8287 24.60551 3.175002 106.8287 -25.48014 -3.175005 106.8287 -42.525 -3.175005 106.8287 -43.44065 -3.175005 106.8287 -42.525 3.175002 89.78382 -49.17133 3.175002 101.098 -0.9671974 -3.175005 101.8639 -1.214039 -3.175005 101.9721 -2.456364 -3.175005 98.43296 1.581738 -3.175005 98.43296 -0.4373054 -3.175005 101.7755 -0.7059211 -3.175005 101.7977 -5.821461 -3.175005 103.3682 -5.982624 -3.175005 103.1614 -6.175632 -3.175005 102.984 -6.395222 -3.175005 102.8407 -6.443439 -3.175005 99.07291 -1.439671 -3.175005 102.1196 -1.637974 -3.175005 102.3021 -2.456364 3.175002 98.43296 1.581738 3.175002 98.43296 -0.1687049 -3.175005 101.7977 2.01968 -3.175005 98.50327 0.3394128 -3.175005 101.9721 0.09258657 -3.175005 101.8639 0.9289056 -3.175005 102.5148 0.7633478 -3.175005 102.3021 1.057186 -3.175005 102.7519 0.5650598 -3.175005 102.1196 2.01968 -3.175005 106.8287 1.189068 -3.175005 103.2726 1.144695 -3.175005 103.0068 5.108013 -3.175005 103.1614 4.94685 -3.175005 103.3682 5.301022 -3.175005 102.984 5.568813 -3.175005 99.07291 5.760769 -3.175005 102.7355 5.520596 -3.175005 102.8407 4.821926 -3.175005 103.5987 4.736645 -3.175005 103.8467 2.01968 3.175002 98.50327 -6.889591 -3.175005 102.6713 -7.150898 -3.175005 102.6498 -7.412174 -3.175005 102.6716 -10.27871 -3.175005 100.3366 -6.635395 -3.175005 102.7355 -6.443439 3.175002 99.07291 6.276272 -3.175005 102.6498 6.014965 -3.175005 102.6713 9.40408 -3.175005 100.3366 6.791683 -3.175005 102.7361 6.537563 -3.175005 102.6716 9.40408 3.175002 100.3366 5.568813 3.175002 99.07291 -7.666309 -3.175005 102.7361 -10.29403 -3.175005 103.8329 -13.86524 -3.175005 102.1922 -10.27871 3.175002 100.3366 12.99061 -3.175005 102.1922 11.88533 -3.175005 105.2566 9.4194 -3.175005 103.8329 12.99061 3.175002 102.1922 -43.44065 3.175002 106.8287 -0.4373054 3.175002 101.7755 -0.1687049 3.175002 101.7977 -0.7059211 3.175002 101.7977 0.09258657 3.175002 101.8639 -0.9671974 3.175002 101.8639 0.3394128 3.175002 101.9721 -1.214039 3.175002 101.9721 0.5650598 3.175002 102.1196 -1.439671 3.175002 102.1196 0.7633478 3.175002 102.3021 -12.75995 -3.175005 105.2566 -17.11239 -3.175005 104.5927 -13.86524 3.175002 102.1922 16.23776 -3.175005 104.5927 16.23776 3.175002 104.5927 -1.803516 -3.175005 102.5148 -1.637974 3.175002 102.3021 0.9289056 3.175002 102.5148 -1.931812 -3.175005 102.7519 -1.803516 3.175002 102.5148 1.057186 3.175002 102.7519 -6.889591 3.175002 102.6713 -7.150898 3.175002 102.6498 6.537563 3.175002 102.6716 6.276272 3.175002 102.6498 -6.635395 3.175002 102.7355 6.014965 3.175002 102.6713 -7.412174 3.175002 102.6716 6.791683 3.175002 102.7361 -6.395222 3.175002 102.8407 5.760769 3.175002 102.7355 -7.666309 3.175002 102.7361 9.4194 3.175002 103.8329 -2.019321 -3.175005 103.0068 -1.931812 3.175002 102.7519 1.144695 3.175002 103.0068 -6.175632 3.175002 102.984 5.520596 3.175002 102.8407 -5.982624 3.175002 103.1614 5.301022 3.175002 102.984 -2.063679 -3.175005 103.2726 -2.019321 3.175002 103.0068 1.189068 3.175002 103.2726 -5.821461 3.175002 103.3682 5.108013 3.175002 103.1614 42.56602 -3.175005 106.8287 46.16233 3.175002 103.2324 -2.063679 -3.175005 103.5422 -5.611256 -3.175005 103.8467 -5.696537 -3.175005 103.5987 -2.063679 3.175002 103.2726 1.189068 -3.175005 103.5422 1.189068 3.175002 103.5422 -5.696537 3.175002 103.5987 4.94685 3.175002 103.3682 -2.019321 -3.175005 103.808 -5.567951 -3.175005 104.1053 -2.063679 3.175002 103.5422 1.144695 -3.175005 103.808 1.144695 3.175002 103.808 -5.611256 3.175002 103.8467 4.821926 3.175002 103.5987 -5.695774 -3.175005 104.8741 -5.610798 -3.175005 104.6261 -1.931812 -3.175005 104.063 -5.567799 -3.175005 104.3674 -2.019321 3.175002 103.808 1.057186 -3.175005 104.063 1.057186 3.175002 104.063 -10.29403 3.175002 103.8329 11.88533 3.175002 105.2566 -5.567951 3.175002 104.1053 4.693325 -3.175005 104.1053 4.736645 3.175002 103.8467 -1.803516 -3.175005 104.3 -5.981342 -3.175005 105.3118 -5.820423 -3.175005 105.1048 -1.931812 3.175002 104.063 0.9289056 -3.175005 104.3 0.9289056 3.175002 104.3 -5.567799 3.175002 104.3674 4.693172 -3.175005 104.3674 4.693325 3.175002 104.1053 -1.637974 -3.175005 104.5127 -1.803516 3.175002 104.3 0.7633478 -3.175005 104.5127 0.7633478 3.175002 104.5127 -5.610798 3.175002 104.6261 4.736172 -3.175005 104.6261 4.693172 3.175002 104.3674 -1.439671 -3.175005 104.6952 -1.637974 3.175002 104.5127 0.5650598 -3.175005 104.6952 0.5650598 3.175002 104.6952 -14.82027 -3.175005 106.8287 -19.30262 -3.175005 106.8287 -19.30262 3.175002 106.8287 -17.11239 3.175002 104.5927 18.42798 -3.175005 106.8287 13.94564 -3.175005 106.8287 -5.695774 3.175002 104.8741 4.821163 -3.175005 104.8741 4.736172 3.175002 104.6261 -1.214039 -3.175005 104.8427 -1.439671 3.175002 104.6952 0.3394128 -3.175005 104.8427 0.3394128 3.175002 104.8427 -0.9671974 -3.175005 104.9509 -1.214039 3.175002 104.8427 0.09258657 -3.175005 104.9509 0.09258657 3.175002 104.9509 -5.820423 3.175002 105.1048 4.945812 -3.175005 105.1048 4.821163 3.175002 104.8741 -0.7059211 -3.175005 105.0171 -0.9671974 3.175002 104.9509 -0.1687049 -3.175005 105.0171 -0.1687049 3.175002 105.0171 -0.4373054 -3.175005 105.0393 -0.7059211 3.175002 105.0171 -0.4373054 3.175002 105.0393 -5.981342 3.175002 105.3118 5.106731 -3.175005 105.3118 4.945812 3.175002 105.1048 -12.75995 3.175002 105.2566 13.94564 3.175002 106.8287 -6.174137 -3.175005 105.4895 -6.174137 3.175002 105.4895 5.299526 -3.175005 105.4895 5.106731 3.175002 105.3118 -6.393558 -3.175005 105.633 -6.393558 3.175002 105.633 5.518932 -3.175005 105.633 5.299526 3.175002 105.4895 -6.633594 -3.175005 105.7385 -6.633594 3.175002 105.7385 5.758968 -3.175005 105.7385 5.518932 3.175002 105.633 -8.88593 -3.175005 106.6785 8.011288 -3.175005 106.6785 5.758968 3.175002 105.7385 8.011288 3.175002 106.6785 -9.146016 -3.175005 106.8287 -9.146016 3.175002 106.8287 -8.88593 3.175002 106.6785 8.271389 -3.175005 106.8287 -42.525 -3.175005 107.7443 -42.525 3.175002 107.7443 -41.07575 -3.175005 109.1936 -24.62073 -3.175005 107.6881 -25.48014 3.175002 106.8287 -15.21451 -3.175005 107.1814 -15.36849 -3.175005 107.4089 -15.48093 -3.175005 107.6595 -19.93807 -3.175005 107.4775 -15.02362 -3.175005 106.9839 -19.93807 3.175002 107.4775 -14.82027 3.175002 106.8287 -10.99958 -3.175005 107.8988 -10.99958 3.175002 107.8988 2.01968 -3.175005 109.1936 10.12495 -3.175005 107.8988 8.271389 3.175002 106.8287 14.14898 -3.175005 106.9839 14.14898 3.175002 106.9839 14.60632 -3.175005 107.6595 14.49386 -3.175005 107.4089 14.33987 -3.175005 107.1814 14.67387 -3.175005 107.9258 19.06344 -3.175005 107.4775 18.42798 3.175002 106.8287 23.74609 -3.175005 107.6881 23.74609 3.175002 107.6881 40.20113 -3.175005 109.1936 42.56602 3.175002 106.8287 -15.02362 3.175002 106.9839 14.33987 3.175002 107.1814 -15.21451 3.175002 107.1814 14.49386 3.175002 107.4089 -15.36849 3.175002 107.4089 14.60632 3.175002 107.6595 -15.5485 -3.175005 107.9258 -20.25969 -3.175005 107.8102 -20.25969 3.175002 107.8102 14.69451 -3.175005 108.1998 19.38507 -3.175005 107.8102 19.06344 3.175002 107.4775 -15.48093 3.175002 107.6595 14.67387 3.175002 107.9258 -24.24189 -3.175005 108.0117 -24.62073 3.175002 107.6881 23.36725 -3.175005 108.0117 23.36725 3.175002 108.0117 -41.07575 3.175002 109.1936 -15.56913 -3.175005 108.1998 -20.62629 -3.175005 108.0926 -20.62629 3.175002 108.0926 19.75164 -3.175005 108.0926 19.38507 3.175002 107.8102 -12.69635 -3.175005 109.1936 -12.69635 3.175002 109.1936 11.82173 -3.175005 109.1936 10.12495 3.175002 107.8988 -15.5485 3.175002 107.9258 14.69451 3.175002 108.1998 -23.81708 -3.175005 108.272 -24.24189 3.175002 108.0117 22.94246 -3.175005 108.272 22.94246 3.175002 108.272 -21.03003 -3.175005 108.3188 -21.03003 3.175002 108.3188 19.85174 -3.175005 108.1487 19.75164 3.175002 108.0926 20.15541 -3.175005 108.3188 19.85174 -3.175005 109.1936 14.66761 -3.175005 108.4731 19.85174 3.175002 108.1487 -15.54224 -3.175005 108.4731 -15.56913 3.175002 108.1998 14.66761 3.175002 108.4731 -23.35679 -3.175005 108.4626 -23.81708 3.175002 108.272 22.48216 -3.175005 108.4626 22.48216 3.175002 108.4626 -21.78974 -3.175005 109.1936 -21.46238 -3.175005 108.4839 -21.46238 3.175002 108.4839 20.58773 -3.175005 108.4839 20.15541 3.175002 108.3188 -22.87233 -3.175005 108.579 -23.35679 3.175002 108.4626 21.99771 -3.175005 108.579 21.99771 3.175002 108.579 -15.46862 -3.175005 108.7378 -15.54224 3.175002 108.4731 14.59399 -3.175005 108.7378 14.59399 3.175002 108.7378 -21.78974 -3.175005 108.5566 -21.78974 3.175002 108.5566 21.03949 -3.175005 108.5843 20.58773 3.175002 108.4839 -21.91411 -3.175005 108.5843 -21.91411 3.175002 108.5843 -22.37566 -3.175005 108.618 -22.87233 3.175002 108.579 21.50103 -3.175005 108.618 21.50103 3.175002 108.618 -22.37566 3.175002 108.618 21.03949 3.175002 108.5843 -15.35047 -3.175005 108.9858 -15.46862 3.175002 108.7378 14.47584 -3.175005 108.9858 14.47584 3.175002 108.9858 -15.20282 -3.175005 109.1936 -15.35047 3.175002 108.9858 14.32818 -3.175005 109.1936 14.32818 3.175002 109.1936 -21.78974 -3.175005 115.4115 -34.85787 -3.175005 115.4115 -34.85787 3.175002 115.4115 -15.19133 -3.175005 109.2098 -15.20282 3.175002 109.1936 -12.93985 -3.175005 109.3794 -12.93985 3.175002 109.3794 2.01968 -3.175005 115.4115 12.06524 -3.175005 109.3794 11.82173 3.175002 109.1936 14.31671 -3.175005 109.2098 14.31671 3.175002 109.2098 19.85174 -3.175005 115.4115 40.20113 3.175002 109.1936 -14.99598 -3.175005 109.4029 -15.19133 3.175002 109.2098 14.12135 -3.175005 109.4029 14.12135 3.175002 109.4029 -13.12143 -3.175005 109.5158 -13.12143 3.175002 109.5158 12.24681 -3.175005 109.5158 12.06524 3.175002 109.3794 -14.77024 -3.175005 109.5595 -14.99598 3.175002 109.4029 13.89563 -3.175005 109.5595 13.89563 3.175002 109.5595 -13.32062 -3.175005 109.6249 -13.32062 3.175002 109.6249 12.44598 -3.175005 109.6249 12.24681 3.175002 109.5158 -14.52091 -3.175005 109.6748 -14.77024 3.175002 109.5595 13.64628 -3.175005 109.6748 13.64628 3.175002 109.6748 -13.53333 -3.175005 109.7045 -13.53333 3.175002 109.7045 12.65869 -3.175005 109.7045 12.44598 3.175002 109.6249 -14.25542 -3.175005 109.7454 -14.52091 3.175002 109.6748 13.38079 -3.175005 109.7454 13.38079 3.175002 109.7454 -13.75522 -3.175005 109.7529 -13.75522 3.175002 109.7529 12.88058 -3.175005 109.7529 12.65869 3.175002 109.7045 -13.98174 -3.175005 109.7691 -14.25542 3.175002 109.7454 13.10711 -3.175005 109.7691 13.10711 3.175002 109.7691 -13.98174 3.175002 109.7691 12.88058 3.175002 109.7529 -29.55706 -3.175005 120.7123 -29.55706 3.175002 120.7123 -28.26279 -3.175005 122.2277 -21.78974 -3.175005 126.9371 -26.4589 -3.175005 125.768 -27.22153 -3.175005 123.9269 -12.8687 -3.175005 122.8224 -13.13732 -3.175005 122.8001 -13.40592 -3.175005 122.8224 -13.66721 -3.175005 122.8885 -13.91404 -3.175005 122.9968 -14.13968 -3.175005 123.1442 -14.33799 -3.175005 123.3268 -14.50353 -3.175005 123.5394 -14.63181 -3.175005 123.7765 -14.71933 -3.175005 124.0314 -12.60743 -3.175005 122.8885 -11.93665 -3.175005 123.3268 -12.13495 -3.175005 123.1442 -12.3606 -3.175005 122.9968 2.01968 -3.175005 122.1179 1.637631 -3.175005 121.7662 1.170529 -3.175005 121.461 0.659588 -3.175005 121.2369 0.1187248 -3.175005 121.0999 -0.4373054 -3.175005 121.0538 -0.9933509 -3.175005 121.0999 -1.534214 -3.175005 121.2369 -11.64283 -3.175005 123.7765 -11.77109 -3.175005 123.5394 12.26269 -3.175005 122.8001 11.99408 -3.175005 122.8224 11.73278 -3.175005 122.8885 11.48596 -3.175005 122.9968 11.26031 -3.175005 123.1442 11.06202 -3.175005 123.3268 10.89648 -3.175005 123.5394 27.38818 -3.175005 122.2277 26.34691 -3.175005 123.9269 19.85174 -3.175005 126.9371 13.03941 -3.175005 122.9968 12.79258 -3.175005 122.8885 12.53131 -3.175005 122.8224 13.84469 -3.175005 124.0314 13.75718 -3.175005 123.7765 13.6289 -3.175005 123.5394 13.46334 -3.175005 123.3268 13.26504 -3.175005 123.1442 -28.26279 3.175002 122.2277 -0.4373054 3.175002 121.0538 0.1187248 3.175002 121.0999 -0.9933509 3.175002 121.0999 0.659588 3.175002 121.2369 -12.13495 -3.175005 125.7199 -11.93665 -3.175005 125.5373 -11.77109 -3.175005 125.3246 -11.64283 -3.175005 125.0876 -11.5553 -3.175005 124.8326 -11.51093 -3.175005 124.5668 -11.51093 -3.175005 124.2973 -12.3606 -3.175005 125.8673 -2.045155 -3.175005 121.461 -11.5553 -3.175005 124.0314 -1.534214 3.175002 121.2369 1.170529 3.175002 121.461 -12.60743 -3.175005 125.9756 -2.512241 -3.175005 121.7662 -2.045155 3.175002 121.461 1.637631 3.175002 121.7662 -2.922733 -3.175005 122.144 -2.512241 3.175002 121.7662 2.01968 3.175002 122.1179 10.76818 -3.175005 123.7765 2.048107 -3.175005 122.144 2.048107 3.175002 122.144 -3.26543 -3.175005 122.5843 -2.922733 3.175002 122.144 2.390804 -3.175005 122.5843 2.390804 3.175002 122.5843 -27.22153 3.175002 123.9269 27.38818 3.175002 122.2277 -3.530979 -3.175005 123.075 -3.26543 3.175002 122.5843 2.656353 -3.175005 123.075 2.656353 3.175002 123.075 -13.13732 3.175002 122.8001 -12.8687 3.175002 122.8224 12.26269 3.175002 122.8001 12.53131 3.175002 122.8224 -13.40592 3.175002 122.8224 -12.60743 3.175002 122.8885 11.99408 3.175002 122.8224 12.79258 3.175002 122.8885 -13.66721 3.175002 122.8885 -12.3606 3.175002 122.9968 11.73278 3.175002 122.8885 13.03941 3.175002 122.9968 -13.91404 3.175002 122.9968 -12.13495 3.175002 123.1442 11.48596 3.175002 122.9968 13.26504 3.175002 123.1442 -3.712131 -3.175005 123.6027 -3.530979 3.175002 123.075 2.837521 -3.175005 123.6027 2.837521 3.175002 123.6027 -14.13968 3.175002 123.1442 -11.93665 3.175002 123.3268 11.26031 3.175002 123.1442 13.46334 3.175002 123.3268 -14.33799 3.175002 123.3268 -11.77109 3.175002 123.5394 11.06202 3.175002 123.3268 13.6289 3.175002 123.5394 -14.50353 3.175002 123.5394 -11.64283 3.175002 123.7765 10.89648 3.175002 123.5394 13.75718 3.175002 123.7765 -3.803974 -3.175005 124.1531 -3.712131 3.175002 123.6027 2.929348 -3.175005 124.1531 2.929348 3.175002 124.1531 -14.63181 3.175002 123.7765 -11.5553 3.175002 124.0314 10.68068 -3.175005 124.0314 10.76818 3.175002 123.7765 13.84469 3.175002 124.0314 -26.4589 3.175002 125.768 25.58427 -3.175005 125.768 26.34691 3.175002 123.9269 -14.76369 -3.175005 124.2973 -14.71933 3.175002 124.0314 -11.51093 3.175002 124.2973 10.63632 -3.175005 124.2973 10.68068 3.175002 124.0314 13.88906 -3.175005 124.2973 13.88906 3.175002 124.2973 -3.803974 -3.175005 124.711 -3.803974 3.175002 124.1531 2.929348 -3.175005 124.711 2.929348 3.175002 124.711 -14.76369 -3.175005 124.5668 -14.76369 3.175002 124.2973 -11.51093 3.175002 124.5668 10.63632 -3.175005 124.5668 10.63632 3.175002 124.2973 13.88906 -3.175005 124.5668 13.88906 3.175002 124.5668 -14.71933 -3.175005 124.8326 -14.76369 3.175002 124.5668 -11.5553 3.175002 124.8326 10.68068 -3.175005 124.8326 10.63632 3.175002 124.5668 13.84469 -3.175005 124.8326 13.84469 3.175002 124.8326 -3.712131 -3.175005 125.2613 -3.803974 3.175002 124.711 2.837521 -3.175005 125.2613 2.837521 3.175002 125.2613 -14.63181 -3.175005 125.0876 -14.71933 3.175002 124.8326 -11.64283 3.175002 125.0876 10.76818 -3.175005 125.0876 2.01968 -3.175005 126.9371 2.048107 -3.175005 126.72 2.390804 -3.175005 126.2797 2.656353 -3.175005 125.789 10.68068 3.175002 124.8326 13.75718 -3.175005 125.0876 13.75718 3.175002 125.0876 -14.50353 -3.175005 125.3246 -14.63181 3.175002 125.0876 -11.77109 3.175002 125.3246 10.89648 -3.175005 125.3246 10.76818 3.175002 125.0876 13.6289 -3.175005 125.3246 13.6289 3.175002 125.3246 -12.8687 -3.175005 126.0417 -3.530979 -3.175005 125.789 -3.712131 3.175002 125.2613 2.656353 3.175002 125.789 -14.33799 -3.175005 125.5373 -14.50353 3.175002 125.3246 -11.93665 3.175002 125.5373 11.06202 -3.175005 125.5373 10.89648 3.175002 125.3246 13.46334 -3.175005 125.5373 13.46334 3.175002 125.5373 -14.13968 -3.175005 125.7199 -14.33799 3.175002 125.5373 -12.13495 3.175002 125.7199 11.26031 -3.175005 125.7199 11.06202 3.175002 125.5373 13.26504 -3.175005 125.7199 13.26504 3.175002 125.7199 -13.91404 -3.175005 125.8673 -14.13968 3.175002 125.7199 -12.3606 3.175002 125.8673 11.48596 -3.175005 125.8673 11.26031 3.175002 125.7199 13.03941 -3.175005 125.8673 13.03941 3.175002 125.8673 -26.17823 -3.175005 126.9371 -26.17823 3.175002 126.9371 25.3036 -3.175005 126.9371 25.58427 3.175002 125.768 -3.26543 -3.175005 126.2797 -3.530979 3.175002 125.789 2.390804 3.175002 126.2797 -13.66721 -3.175005 125.9756 -13.91404 3.175002 125.8673 -12.60743 3.175002 125.9756 11.73278 -3.175005 125.9756 11.48596 3.175002 125.8673 12.79258 -3.175005 125.9756 12.79258 3.175002 125.9756 -13.40592 -3.175005 126.0417 -13.66721 3.175002 125.9756 -12.8687 3.175002 126.0417 11.99408 -3.175005 126.0417 11.73278 3.175002 125.9756 12.53131 -3.175005 126.0417 12.53131 3.175002 126.0417 -13.13732 -3.175005 126.064 -13.40592 3.175002 126.0417 -2.686924 -3.175005 126.9371 -2.922733 -3.175005 126.72 -13.13732 3.175002 126.064 12.26269 -3.175005 126.064 11.99408 3.175002 126.0417 12.26269 3.175002 126.064 -3.26543 3.175002 126.2797 2.048107 3.175002 126.72 -2.922733 3.175002 126.72 2.01968 -3.175005 126.7462 2.01968 3.175002 126.7462 1.812298 -3.175005 126.9371 1.812298 3.175002 126.9371 -25.99367 -3.175005 127.7058 -25.99367 3.175002 127.7058 -25.83732 -3.175005 129.6925 -21.78974 -3.175005 138.8069 -25.83732 -3.175005 138.8069 -2.512241 -3.175005 127.0979 -2.686924 3.175002 126.9371 1.637631 -3.175005 127.0979 1.637631 3.175002 127.0979 2.01968 -3.175005 138.8069 19.85174 -3.175005 138.8069 25.11905 -3.175005 127.7058 24.96269 -3.175005 129.6925 25.3036 3.175002 126.9371 -2.045155 -3.175005 127.4031 -2.512241 3.175002 127.0979 1.170529 -3.175005 127.4031 1.170529 3.175002 127.4031 -1.534214 -3.175005 127.6272 -2.045155 3.175002 127.4031 0.659588 -3.175005 127.6272 0.659588 3.175002 127.6272 -0.9933509 -3.175005 127.7642 -1.534214 3.175002 127.6272 0.1187248 -3.175005 127.7642 0.1187248 3.175002 127.7642 -25.83732 3.175002 129.6925 25.11905 3.175002 127.7058 -0.4373054 -3.175005 127.8102 -0.9933509 3.175002 127.7642 -0.4373054 3.175002 127.8102 -25.83732 3.175002 138.8069 24.96269 -3.175005 138.8069 24.96269 3.175002 129.6925 -25.83732 -3.175005 162.5321 -25.83732 3.175002 162.5321 -21.78974 -3.175005 168.9773 -14.46738 -3.175005 153.1787 -7.424183 -3.175005 149.832 -12.68145 -3.175005 149.832 2.844723 -3.175005 149.8036 2.844723 -3.175005 153.792 16.13296 -3.175005 149.8036 -6.564259 -3.175005 149.9535 -6.927143 -3.175005 149.868 2.01968 -3.175005 168.9773 -5.132496 -3.175005 152.7646 -5.071094 -3.175005 152.1208 -5.113239 -3.175005 151.6028 -5.209721 -3.175005 151.2438 -5.354786 -3.175005 150.9171 -5.496555 -3.175005 150.7015 -5.74686 -3.175005 150.4233 -5.936344 -3.175005 150.2715 -6.203495 -3.175005 150.1007 16.13296 -3.175005 153.792 19.85174 -3.175005 168.9773 24.96269 -3.175005 162.5321 24.96269 3.175002 138.8069 2.844723 3.175002 153.792 2.844723 3.175002 149.8036 16.13296 3.175002 149.8036 -14.46738 3.175002 153.1787 -12.68145 3.175002 149.832 -7.424183 3.175002 149.832 -6.927143 3.175002 149.868 -6.564259 3.175002 149.9535 -6.203495 3.175002 150.1007 -5.936344 3.175002 150.2715 -5.74686 3.175002 150.4233 -5.496555 3.175002 150.7015 -5.354786 3.175002 150.9171 -5.209721 3.175002 151.2438 -5.113239 3.175002 151.6028 -5.071094 3.175002 152.1208 -5.32436 -3.175005 153.4864 -5.132496 3.175002 152.7646 -10.61394 -3.175005 153.1787 -10.61394 3.175002 153.1787 -15.4971 -3.175005 168.882 -15.4971 3.175002 168.882 -5.356678 -3.175005 153.5809 -5.32436 3.175002 153.4864 -10.11516 -3.175005 168.882 -5.356678 3.175002 153.5809 10.81765 -3.175005 153.792 4.216915 -3.175005 168.9773 10.81765 3.175002 153.792 9.532193 -3.175005 168.9773 16.13296 3.175002 153.792 9.532193 3.175002 168.9773 24.61627 -3.175005 166.7127 24.61627 3.175002 166.7127 24.96269 3.175002 162.5321 -25.4909 -3.175005 166.7127 -24.91744 -3.175005 168.9773 -25.4909 3.175002 166.7127 -24.91744 3.175002 168.9773 24.04281 -3.175005 168.9773 -10.11516 3.175002 168.882 -24.46106 -3.175005 170.7794 -24.46106 3.175002 170.7794 -22.77594 -3.175005 174.6211 -20.48148 -3.175005 178.133 -21.78974 -3.175005 176.1306 4.175518 -3.175005 169.0725 2.01968 -3.175005 187.7853 1.660198 -3.175005 187.8453 -2.534824 -3.175005 187.8453 -6.672642 -3.175005 187.1548 -10.64038 -3.175005 185.7927 -14.32979 -3.175005 183.7961 -17.64026 -3.175005 181.2194 4.216915 3.175002 168.9773 19.85174 -3.175005 177.7583 9.490811 -3.175005 169.0725 9.490811 3.175002 169.0725 23.58645 -3.175005 170.7794 21.90132 -3.175005 174.6211 24.04281 3.175002 168.9773 16.76564 -3.175005 181.2194 13.45517 -3.175005 183.7961 9.765744 -3.175005 185.7927 5.798016 -3.175005 187.1548 4.175518 3.175002 169.0725 19.60685 -3.175005 178.133 21.90132 3.175002 174.6211 23.58645 3.175002 170.7794 -22.77594 3.175002 174.6211 -21.78974 3.175002 176.1306 -20.48148 3.175002 178.133 19.85174 3.175002 177.7583 16.76564 3.175002 181.2194 19.60685 3.175002 178.133 -17.64026 3.175002 181.2194 13.45517 3.175002 183.7961 -14.32979 3.175002 183.7961 9.765744 3.175002 185.7927 -10.64038 3.175002 185.7927 5.798016 3.175002 187.1548 -6.672642 3.175002 187.1548 2.01968 3.175002 187.7853 -2.534824 3.175002 187.8453 1.660198 3.175002 187.8453 -42.525 3.175002 -131.9674 -21.78974 3.175002 -131.9674 2.01968 3.175002 -131.9674 19.85174 3.175002 -131.9674 46.16233 3.175002 -131.9674 -49.17133 3.175002 -131.9674 -60.27454 3.175002 -131.9674 64.51366 3.175002 -131.9674 -60.27454 3.175002 -126.4108 -49.17133 3.175002 -126.4108 -42.525 3.175002 -126.4108 -21.78974 3.175002 -126.4108 19.85174 3.175002 -126.4108 46.16233 3.175002 -126.4108 64.51366 3.175002 -126.4108 -67.92829 3.175002 -126.4108 -67.92829 3.175002 -122.6468 -60.27454 3.175002 -122.6468 -49.17133 3.175002 -122.6468 -42.525 3.175002 -122.6468 -21.78974 3.175002 -122.6468 19.85174 3.175002 -122.6468 46.16233 3.175002 -122.6468 64.51366 3.175002 -122.6468 -67.92829 3.175002 -114.6805 -60.27454 3.175002 -114.6805 -42.525 3.175002 -114.6805 -21.78974 3.175002 -114.6805 19.85174 3.175002 -114.6805 46.16233 3.175002 -114.6805 64.51366 3.175002 -114.6805 -49.17133 3.175002 -114.6805 -67.92829 3.175002 -113.0646 -60.27454 3.175002 -113.0646 -49.17133 3.175002 -113.0646 -42.525 3.175002 -113.0646 -21.78974 3.175002 -113.0646 19.85174 3.175002 -113.0646 46.16233 3.175002 -113.0646 64.51366 3.175002 -113.0646 -67.92829 3.175002 -106.1986 -60.27454 3.175002 -106.1986 -49.17133 3.175002 -106.1986 -42.525 3.175002 -106.1986 -21.78974 3.175002 -106.1986 19.85174 3.175002 -106.1986 46.16233 3.175002 -106.1986 64.51366 3.175002 -106.1986 2.01968 3.175002 -106.1986 -67.92829 3.175002 -98.67698 -60.27454 3.175002 -98.67698 -42.525 3.175002 -98.67698 -49.17133 3.175002 -98.67698 -21.78974 3.175002 -98.67698 2.01968 3.175002 -98.67698 19.85174 3.175002 -98.67698 46.16233 3.175002 -98.67698 64.51366 3.175002 -98.67698 -67.92829 3.175002 -83.61798 -60.27454 3.175002 -83.61798 64.51366 3.175002 -83.61798 -67.92829 3.175002 -70.91797 -60.27454 3.175002 -70.91797 19.85174 3.175002 -70.91797 -21.78974 3.175002 -70.91797 64.51366 3.175002 -70.91797 -67.92829 3.175002 -62.86508 -60.27454 3.175002 -62.86508 2.01968 3.175002 -62.86508 64.51366 3.175002 -62.86508 -67.92829 3.175002 -58.21797 -60.27454 3.175002 -58.21797 2.01968 3.175002 -58.21797 64.51366 3.175002 -58.21797 -67.92829 3.175002 -45.51797 -60.27454 3.175002 -45.51797 -21.78974 3.175002 -45.51797 64.51366 3.175002 -45.51797 19.85174 3.175002 -45.51797 -67.92829 3.175002 -32.81797 -60.27454 3.175002 -32.81797 64.51366 3.175002 -32.81797 -67.92829 3.175002 -24.92383 -60.27454 3.175002 -24.92383 -42.525 3.175002 -24.92383 46.16233 3.175002 -24.92383 -49.17133 3.175002 -24.92383 64.51366 3.175002 -24.92383 -67.92829 3.175002 -17.75895 -60.27454 3.175002 -17.75895 -49.17133 3.175002 -17.75895 -42.525 3.175002 -17.75895 46.16233 3.175002 -17.75895 64.51366 3.175002 -17.75895 -21.78974 3.175002 -17.75895 2.01968 3.175002 -17.75895 19.85174 3.175002 -17.75895 -67.92829 3.175002 -9.776997 -60.27454 3.175002 -9.776997 -49.17133 3.175002 -9.776997 -42.525 3.175002 -9.776997 -21.78974 3.175002 -9.776997 2.01968 3.175002 -9.776997 19.85174 3.175002 -9.776997 46.16233 3.175002 -9.776997 64.51366 3.175002 -9.776997 -67.92829 3.175002 17.98204 -60.27454 3.175002 17.98204 -49.17133 3.175002 17.98204 -42.525 3.175002 17.98204 46.16233 3.175002 17.98204 19.85174 3.175002 17.98204 -21.78974 3.175002 17.98204 64.51366 3.175002 17.98204 -67.92829 3.175002 26.03493 -60.27454 3.175002 26.03493 -49.17133 3.175002 26.03493 -42.525 3.175002 26.03493 -21.78974 3.175002 26.03493 2.01968 3.175002 26.03493 19.85174 3.175002 26.03493 46.16233 3.175002 26.03493 64.51366 3.175002 26.03493 -67.92829 3.175002 28.60586 -60.27454 3.175002 28.60586 -49.17133 3.175002 28.60586 -42.525 3.175002 28.60586 -21.78974 3.175002 28.60586 2.01968 3.175002 28.60586 19.85174 3.175002 28.60586 46.16233 3.175002 28.60586 64.51366 3.175002 28.60586 -67.92829 3.175002 41.88492 -60.27454 3.175002 41.88492 -49.17133 3.175002 41.88492 -42.525 3.175002 41.88492 -21.78974 3.175002 41.88492 19.85174 3.175002 41.88492 46.16233 3.175002 41.88492 64.51366 3.175002 41.88492 -67.92829 3.175002 54.23493 -49.17133 3.175002 54.23493 -60.27454 3.175002 54.23493 -42.525 3.175002 54.23493 -21.78974 3.175002 54.23493 19.85174 3.175002 54.23493 46.16233 3.175002 54.23493 64.51366 3.175002 54.23493 -67.92829 3.175002 58.95298 -60.27454 3.175002 58.95298 -49.17133 3.175002 58.95298 -42.525 3.175002 58.95298 -21.78974 3.175002 58.95298 19.85174 3.175002 58.95298 46.16233 3.175002 58.95298 64.51366 3.175002 58.95298 -67.92829 3.175002 72.30298 -49.17133 3.175002 72.30298 -60.27454 3.175002 72.30298 -42.525 3.175002 72.30298 -21.78974 3.175002 72.30298 19.85174 3.175002 72.30298 46.16233 3.175002 72.30298 64.51366 3.175002 72.30298 2.01968 3.175002 72.30298 -67.92829 3.175002 79.12299 -60.27454 3.175002 79.12299 -42.525 3.175002 79.12299 -49.17133 3.175002 79.12299 -21.78974 3.175002 79.12299 2.01968 3.175002 79.12299 19.85174 3.175002 79.12299 46.16233 3.175002 79.12299 64.51366 3.175002 79.12299 -42.525 3.175002 106.8287 2.01968 3.175002 106.8287 2.01968 3.175002 109.1936 19.85174 3.175002 109.1936 -21.78974 3.175002 109.1936 -21.78974 3.175002 115.4115 2.01968 3.175002 115.4115 19.85174 3.175002 115.4115 -21.78974 3.175002 126.9371 19.85174 3.175002 126.9371 2.01968 3.175002 126.9371 -21.78974 3.175002 138.8069 2.01968 3.175002 138.8069 19.85174 3.175002 138.8069 -21.78974 3.175002 168.9773 2.01968 3.175002 168.9773 19.85174 3.175002 168.9773</float_array>
          <technique_common>
            <accessor source="#upper_plate-mesh-positions-array" count="7174" stride="3">
              <param name="X" type="float"/>
              <param name="Y" type="float"/>
              <param name="Z" type="float"/>
            </accessor>
          </technique_common>
        </source>
        <source id="upper_plate-mesh-normals">
          <float_array id="upper_plate-mesh-normals-array" count="15906">-0.8670582 0 -0.4982071 0.4983717 0 -0.8669635 0 -1 0 0.8670651 0 0.498195 0.8670651 0 0.4981949 -0.8670582 0 -0.4982071 -0.4984006 0 0.8669468 0 1 2.6727e-7 0 1 -2.67256e-7 -0.9999996 0 -9.93231e-4 0.002979576 0 -0.9999956 0 -1 0 0.9999996 0 9.79988e-4 0.9999996 0 9.79972e-4 0 -1 -5.39012e-7 -0.9999996 0 -9.93214e-4 -0.002979516 0 0.9999957 0 1 0 0 1 -4.35315e-7 -0.002979576 0 0.9999956 -0.00300461 0 0.9999956 0.9999989 0 0.001490533 -0.9999989 0 -0.001490533 0 -1 0 0.9999989 0 0.001490533 -0.9999989 0 -0.001490533 0.002979516 0 -0.9999956 0.00300461 0 -0.9999955 -0.9999989 0 -0.001490533 0 -1 0 0.9999989 0 0.001490533 -0.002979516 0 0.9999956 0.7070963 0 0.7071173 0.7071067 0 0.7071069 0.707108 0 0.7071056 0 -1 0 0 0 -1 -0.07846266 0 -0.9969171 0 -1 0 0 -1 0 0 -1 0 0 -1 0 0.07847106 0 -0.9969164 0.07846218 0 -0.9969171 0.07845336 0 -0.9969179 0 -1 -1.92411e-7 -0.07845783 0 -0.9969176 -0.2334048 0 -0.9723798 0.2334435 0 -0.9723704 0.2334435 0 -0.9723705 0 -1 0 -0.2334488 0 -0.9723691 -0.2334488 0 -0.9723691 0 -1 0 -0.3826846 0 -0.9238792 0 -1 0 0.3826859 0 -0.9238786 0.3826818 0 -0.9238803 0 -1 -1.53645e-7 -0.3826804 0 -0.9238808 -0.5224967 0 -0.8526414 0 -1 -1.56358e-7 0 -1 0 0.5224967 0 -0.8526414 0.5224967 0 -0.8526414 0 -1 0 0 -1 -4.43101e-7 -0.5224967 0 -0.8526414 -0.6494737 0 -0.7603842 -0.6494552 0 -0.7603999 0 -1 0 0.6494501 0 -0.7604044 0.6494473 0 -0.7604067 0.872522 0 -0.4885749 -0.001414299 0 0.9999991 0.9999985 0 0.001780688 0.9999985 0 0.001780688 -0.001502275 0 0.9999989 0 -1 6.98753e-6 0 -1 -6.98988e-6 0 -1 2.45083e-4 0.7060517 0 0.7081604 -0.00197798 0 0.999998 -0.8722672 0 0.4890296 -0.001402497 0 0.9999991 0 -1 0 -0.001489758 0 0.9999989 -0.9999981 0 -0.001986443 0.9999989 0 0.001480579 0.9999989 0 0.001480579 -0.001489758 0 0.9999989 0.9999981 0 0.001973152 0.9999981 0 0.001973211 0 -1 -3.22959e-7 -0.001969635 0 0.9999981 -0.7081451 0 0.706067 -0.9999986 0 -0.001729011 -0.9999985 0 -0.001776754 0.8725196 0 -0.4885792 -0.001402497 0 0.9999991 -0.8722664 0 0.4890311 0.9999989 0 0.001490533 -0.001464724 0 0.999999 0 -1 0 -0.001477241 0 0.999999 -0.9999985 0 -0.001729011 -0.649448 0 -0.760406 0 -1 7.4221e-7 0.9659854 0 0.2585966 0.9659854 0 0.2585966 -0.2589335 0 0.9658952 0.9999989 0 0.001490533 0 -1 5.86598e-7 0 -1 0 -0.9999985 0 -0.001776695 -0.002929389 0 0.9999958 -0.9999981 0 -0.001986384 0.002954483 0 -0.9999957 0.002929449 0 -0.9999957 -1 0 0 -0.002954423 0 0.9999957 0.9999989 0 0.001480579 0.9999989 0 0.001480579 -0.8659044 0 0.5002095 0 -1 0 0 -1 1.96941e-7 0.001502275 0 -0.9999989 0.001514792 0 -0.9999989 -0.8722699 0 0.489025 0 0 1 -0.8722637 0 0.4890358 0.7058684 0 0.7083431 0.7058684 0 0.708343 0 -1 7.22623e-7 0 -1 0 0 -1 -1.48419e-6 0.2590577 0 -0.965862 0.2590498 0 -0.965864 0 -1 7.42342e-7 0.9659866 0 0.2585924 -0.2590437 0 0.9658657 0.965807 0 0.2592626 0.9658047 0 0.2592709 0 -1 -4.58309e-7 0.9999989 0 0.001470685 0.9999989 0 0.001470685 -0.9658946 0 -0.2589355 0 -1 0 -0.760405 0 -0.6494492 0.8182088 0 0.5749213 -0.8182088 0 -0.5749214 -0.8182088 0 -0.5749213 0.9548899 0 0.2969601 -0.9548961 0 -0.2969403 0 -1 2.95891e-7 0.760406 0 -0.6494481 0.260647 0 0.9654343 0.2606634 0 0.9654298 -0.4983985 0 0.8669481 0 -1 -1.48732e-6 0 -1 0 0.2590498 0 -0.965864 0.8669457 0 0.4984026 0.8669441 0 0.4984053 0 -1 7.4116e-7 0.7081521 0 -0.7060599 0.7081451 0 -0.706067 -0.001477241 0 0.9999989 -0.001464724 0 0.9999989 -0.9999985 0 -0.001776754 -0.7060624 0 -0.7081497 -0.2590498 0 0.965864 0.9659887 0 0.2585842 0.96599 0 0.25858 0 -1 9.06707e-7 0.7081698 0 -0.7060422 0.9656672 0 0.2597824 0.9656672 0 0.2597824 -0.2590577 0 0.9658619 0 -1 -2.5589e-7 0 -1 5.31078e-7 0.7081539 0 -0.7060582 0.7081627 0 -0.7060493 0.001859068 0 -0.9999983 0 -1 2.3212e-7 0.001986384 0 -0.9999981 0.001994729 0 -0.999998 -0.9999985 0 -0.001729011 -0.7060375 0 -0.7081744 0 -1 3.57605e-7 0 -1 -3.78943e-6 0.001846551 0 -0.9999983 -0.9999986 0 -0.001729011 -0.4983938 0 0.8669508 -0.8668878 0 -0.4985034 0.258944 0 -0.9658923 0.2589381 0 -0.965894 0 -1 2.5664e-7 -0.9658951 0 -0.258934 -0.5002398 0 -0.8658869 0.7604616 0 -0.649383 0.7604039 0 -0.6494505 0.00196135 0 -0.9999981 0.00196135 0 -0.9999982 0 -1 2.08207e-7 -0.8526374 0 -0.5225033 0 -1 3.20402e-7 0.8526374 0 -0.5225033 0.7603521 0 -0.6495113 -0.5002265 0 -0.8658946 0.9653468 0 -0.2609703 0 -1 0 -0.8526427 0 -0.5224946 -0.8526427 0 -0.5224945 0 -1 0 0.8182088 0 0.5749214 0.8182122 0 0.5749163 -0.8182091 0 -0.5749209 0.95489 0 0.2969601 0.9548895 0 0.2969615 -0.9548975 0 -0.2969359 -0.9548975 0 -0.2969359 0 -1 -3.8748e-7 0 -1 2.82944e-7 0 -1 4.84637e-7 0 -1 -1.34156e-6 0 -1 2.63164e-7 0 -1 -1.38296e-7 0 -1 4.09689e-7 0 -1 2.27075e-7 0.9653684 0 -0.2608904 0.9653356 0 -0.2610123 0 -1 0 0 -1 -5.05439e-7 -0.8668975 0 -0.4984865 -0.8668975 0 -0.4984865 0 -1 -3.38569e-7 0 -1 0 0.8526403 0 -0.5224984 0.7046425 0 0.7095626 -0.7095249 0 0.7046803 0.4984031 0 -0.8669454 0.4984032 0 -0.8669454 0.08258938 0 0.9965837 -0.08258938 0 0.9965837 0.2454738 0 0.9694033 -0.2455202 0 0.9693916 -0.2454923 0 0.9693986 -0.2454516 0 0.9694089 -0.2454668 0 0.969405 0.4016978 0 0.9157723 -0.4016978 0 0.9157723 -0.4016978 0 0.9157723 0 -1 0 -0.9619175 0 -0.27334 -0.7095308 0 0.7046745 0.4016978 0 0.9157723 0.5469465 0 0.8371676 -0.5469427 0 0.83717 0 -1 0 -0.9238803 0 -0.3826817 -0.9238777 0 -0.3826881 0.9238802 0 -0.3826819 0.7046773 0 0.709528 0.7046774 0 0.709528 -0.7096725 0 0.7045318 0.677283 0 0.7357227 -0.6772927 0 0.7357137 -0.6772871 0 0.735719 -0.923878 0 -0.3826874 -0.9238768 0 -0.3826904 0 -1 0 -0.7046414 0 -0.7095636 -0.7046449 0 -0.7095602 0.9617819 0 0.2738168 -0.7046957 0 -0.7095098 0.9655491 0 0.2602213 0 -1 0 -0.9655516 0 -0.2602119 -0.9655529 0 -0.2602071 0.9462411 0 0.3234621 0.9548891 0 0.2969629 0.9664375 0 0.2569021 -0.8822333 0 -0.4708124 0.7093142 0 -0.7048925 0.7093204 0 -0.7048863 0 -1 -2.41639e-6 0.9954828 0 0.09494251 0.9954834 0 0.0949369 0.9986753 0 -0.05145591 0.9986761 0 -0.05144089 0.9934044 0 -0.1146643 0.9934054 0 -0.1146548 0.6772887 0 0.7357174 0.7891293 0 0.6142271 -0.7891353 0 0.6142193 0 -1 3.62056e-6 0.9614266 0 -0.2750617 0.9614353 0 -0.2750315 0.9110215 0 -0.4123591 0.9110439 0 -0.4123094 -0.7046854 0 -0.7095199 0.8380941 0 -0.5455259 0.7500203 0 -0.6614148 0.7500204 0 -0.6614148 0 -1 -5.93641e-6 0.6254941 0 -0.7802289 0.6253978 0 -0.7803062 0.5386641 0 -0.8425207 0.3778047 0 -0.9258853 0.3778048 0 -0.9258853 0.2294476 0 -0.9733211 0.2294476 0 -0.9733211 0.07205945 0 -0.9974004 0.07205945 0 -0.9974004 0 -1 2.62233e-6 -0.8822312 0 -0.4708167 0 -1 5.00609e-7 -0.9238724 0 -0.3827009 -0.9238773 0 -0.3826891 0.9655478 0 0.260226 0.9655933 0 0.2600567 0 -1 -3.94918e-7 -0.9654351 0 -0.260644 -0.965458 0 -0.2605586 0.7891573 0 0.6141912 0 -1 -3.66461e-7 -0.7891573 0 0.6141912 0 -1 -4.06045e-7 0.9617812 0 0.2738193 0.9617851 0 0.2738057 0 -1 -1.85953e-7 0 -1 3.27379e-7 -0.7046493 0 -0.7095558 -0.7046547 0 -0.7095504 0.9238817 0 -0.3826782 0.9238786 0 -0.3826858 0 -1 0 0.9655705 0 0.2601419 0.7095366 0 -0.7046687 0.9617736 0 0.2738458 0.8794703 0 0.4759539 -0.8794668 0 0.4759604 -0.8794668 0 0.4759604 -0.9723699 0 -0.2334454 -0.9723696 0 -0.2334467 0.9723699 0 -0.2334454 0.9238867 0 -0.3826665 0.4909262 0 0.8712012 0.4909262 0 0.8712012 -0.2693302 0 0.963048 -0.2693137 0 0.9630525 -0.8711826 0 0.4909594 0.9458165 0 0.3247019 -0.9458201 0 0.3246912 -0.945819 0 0.3246944 0 -1 -5.73329e-7 0.8714142 0 -0.4905479 0.8714202 0 -0.4905372 -0.4909542 0 -0.8711854 0.8712345 0 -0.4908673 0.4909424 0 0.8711921 0 -1 -1.55693e-6 -0.8711806 0 0.4909629 -0.9630518 0 -0.2693163 -0.9630518 0 -0.2693163 0 -1 0 -0.9723682 0 -0.2334524 0 -1 1.38097e-7 0 -1 -1.18645e-6 0 -1 8.13262e-7 0 -1 -4.19486e-7 0 -1 3.92766e-7 0 -1 -7.7775e-7 0 -1 0 0 -1 -1.2716e-6 0 -1 1.20761e-6 0 -1 1.47895e-7 0 -1 1.35022e-6 0 -1 3.98064e-7 0 -1 -1.26639e-6 0.8712409 0 -0.4908556 0 -1 1.45079e-6 -0.4909368 0 -0.8711953 -0.4909482 0 -0.8711888 0.4909605 0 0.8711819 0.4909524 0 0.8711865 0 -1 6.26774e-7 -0.9630519 0 -0.2693158 0 -1 -2.54931e-7 0.9723682 0 -0.2334524 0.9723696 0 -0.2334467 0.9458176 0 0.3246986 0.9863616 0 0.1645931 -0.9863605 0 0.1645995 -0.9863602 0 0.1646012 0.8712346 0 -0.490867 -0.996918 0 -0.07845127 0.9969174 0 -0.07845848 0.9969174 0 -0.0784589 0 -1 -1.46984e-7 -0.49093 0 -0.8711991 0 -1 6.53902e-7 0.8712363 0 -0.490864 0.4909469 0 0.8711896 0.9863619 0 0.1645914 1 0 0 0.1690198 0 0.9856126 -0.1690078 0 0.9856147 -0.1690078 0 0.9856147 0.1690078 0 0.9856147 0.333166 0 0.9428682 -0.3331257 0 0.9428825 -0.333166 0 0.9428683 0.1690078 0 0.9856147 0 -1 1.39811e-7 -0.4909262 0 -0.8712012 0.3331257 0 0.9428825 0.4877203 0 0.873 -0.4877203 0 0.873 0.6281724 0 0.7780742 -0.6281998 0 0.7780521 -0.6281725 0 0.7780743 0.62819 0 0.77806 -0.6282175 0 0.7780379 -0.62819 0 0.77806 0.6281999 0 0.778052 0.7506635 0 0.6606847 -0.7506993 0 0.6606442 -0.7506992 0 0.6606442 0.6282175 0 0.7780379 -0.7506635 0 0.6606847 0.8515208 0 0.5243209 -0.8514738 0 0.5243973 -0.8515208 0 0.5243209 0.2502822 0 0.968173 0.2502782 0 0.968174 -0.9682019 0 0.2501702 -0.8515367 0 0.5242952 0 -1 -3.83434e-7 0.9863619 0 -0.1645914 0 -1 0 -0.9863605 0 -0.1645995 -0.9863605 0 -0.1645995 0.9279056 0 0.3728151 -0.9278808 0 0.3728771 0.9278932 0 0.3728461 -0.9278932 0 0.3728461 0.9279057 0 0.3728151 0.9775477 0 0.2107142 -0.9775606 0 0.2106548 -0.9775626 0 0.2106454 0.9775552 0 0.2106798 -0.9775531 0 0.2106891 -0.9775552 0 0.2106798 -0.9969181 0 -0.07845091 0.9775457 0 0.2107235 0.9991011 0 0.04239219 -0.999098 0 0.04246407 -0.999098 0 0.04246407 0.9775531 0 0.2106892 0.9990996 0 0.04242813 -0.9990996 0 0.04242813 0.9682017 0 -0.2501709 0 -1 1.06367e-6 -0.9682027 0 0.2501672 -0.2503888 0 -0.9681454 0.991909 0 -0.1269513 0 -1 1.82964e-7 -0.9918993 0 -0.1270278 -0.9918999 0 -0.1270221 0 -1 -1.24593e-6 0.9919044 0 -0.1269867 0 -1 0 -0.9919038 0 -0.1269924 -0.9919044 0 -0.1269867 0 -1 1.78316e-7 -0.968379 0 0.249484 -0.2503785 0 -0.9681481 0.9458165 0 -0.3247019 0 -1 2.2531e-7 -0.9458212 0 -0.324688 -0.945819 0 -0.3246944 0.9919082 0 -0.126957 0.9561604 0 -0.2928434 0 -1 6.69904e-7 -0.9561682 0 -0.292818 -0.9561604 0 -0.2928434 0 -1 1.25465e-6 0.9919037 0 -0.1269924 0.9683853 0 -0.2494594 -0.2503893 0 -0.9681453 0.2504118 0 0.9681395 0.2504013 0 0.9681421 -0.9680695 0 0.2506822 0.9561682 0 -0.292818 0.8929201 0 -0.4502152 0 -1 -7.20531e-7 -0.8929293 0 -0.4501969 -0.8929201 0 -0.4502152 0.8929057 0 -0.4502439 0 -1 -4.5563e-7 -0.8929148 0 -0.4502257 -0.8929057 0 -0.4502439 0 -1 1.78318e-7 -0.2503894 0 -0.9681453 -0.9683821 0 0.249472 0.8929293 0 -0.4501969 0.8039801 0 -0.5946562 0 -1 2.06164e-6 -0.8040919 0 -0.5945052 -0.8041561 0 -0.5944182 0.8929148 0 -0.4502257 0.8040146 0 -0.5946097 0 -1 0 -0.8040306 0 -0.5945881 -0.8040145 0 -0.5946097 -0.8039888 0 -0.5946445 0.2503915 0 0.9681447 0.2503811 0 0.9681475 0.8039962 0 -0.5946347 0.6919593 0 -0.7219365 -0.6919357 0 -0.7219592 -0.6919593 0 -0.7219365 0.8040305 0 -0.5945881 0 -1 2.27963e-7 0 -1 1.78335e-6 0.6919357 0 -0.7219592 0.5599449 0 -0.8285298 0 -1 4.92758e-7 -0.5599761 0 -0.8285088 -0.5599449 0 -0.8285298 0 -1 9.99302e-7 0.9680718 0 -0.2506734 0.5599761 0 -0.8285088 0.4118455 0 -0.9112538 0 -1 -5.19515e-7 -0.4118561 0 -0.9112489 -0.4118185 0 -0.911266 0 -1 -1.18472e-6 -0.4118831 0 -0.9112367 -0.4118455 0 -0.9112538 0.9458187 0 -0.3246954 0.8794617 0 -0.47597 0 -1 0 -0.8794798 0 -0.4759363 -0.8794693 0 -0.4759557 -0.9680687 0 0.2506852 -0.2502799 0 -0.9681736 -0.2502799 0 -0.9681736 0.4118831 0 -0.9112367 0.2520652 0 -0.9677103 0 -1 6.10662e-7 -0.2519803 0 -0.9677324 -0.2520652 0 -0.9677103 0.2520564 0 -0.9677126 0 -1 1.18775e-6 -0.2519715 0 -0.9677348 -0.2520564 0 -0.9677126 0 -1 -6.56348e-7 0.2519803 0 -0.9677324 0.08477509 0 -0.9964002 -0.08478116 0 -0.9963997 -0.08478116 0 -0.9963997 0.2519715 0 -0.9677348 0.08477813 0 -0.9963999 0 -1 -4.06996e-6 -0.08477813 0 -0.9963999 -0.08477813 0 -0.9963999 0.08477509 0 -0.9964001 0 -1 -7.5475e-7 0.08477813 0 -0.9963999 0.879472 0 -0.4759505 0.8794774 0 -0.4759408 0 -1 -3.33505e-7 -0.879469 0 -0.4759562 -0.8794647 0 -0.4759642 0.9680698 0 -0.2506812 0 -1 2.06668e-7 -0.2502847 0 -0.9681723 -0.2502755 0 -0.9681747 0.9680721 0 -0.2506719 0.8794817 0 -0.4759327 0.7891314 0 -0.6142245 0 -1 -2.53876e-7 -0.7891393 0 -0.6142143 0.7891451 0 -0.6142069 0 -1 1.72684e-7 -0.7891534 0 -0.6141963 -0.7891453 0 -0.6142066 0 -1 -3.68423e-7 0.789153 0 -0.6141966 0.6772773 0 -0.7357279 0 -1 1.63299e-7 -0.6772813 0 -0.7357242 -0.6772813 0 -0.7357242 0 -1 3.449e-7 0.6772774 0 -0.7357279 0.5469539 0 -0.8371629 0 -1 -2.26492e-7 -0.5469427 0 -0.83717 -0.5469501 0 -0.8371652 0 -1 -4.14624e-7 0.5469465 0 -0.8371676 0.4016802 0 -0.9157801 0 -1 1.62403e-7 -0.401689 0 -0.9157761 -0.4016803 0 -0.9157801 0 -1 0 0.401689 0 -0.9157761 0.2454836 0 -0.9694007 0 -1 0 -0.2455125 0 -0.9693934 -0.2455125 0 -0.9693935 -0.2454644 0 -0.9694056 -0.2454365 0 -0.9694128 0 -1 4.42009e-7 0.2454935 0 -0.9693983 0.08258938 0 -0.9965837 0 -1 -1.88473e-7 -0.08257901 0 -0.9965845 -0.08258938 0 -0.9965837 0.08257901 0 -0.9965845 0 -1 2.1896e-7 0 -1 -1.92604e-6 0 -1 1.07396e-6 0 -1 1.31252e-7 0 -1 -3.22431e-6 0 -1 -2.25634e-6 0 -1 -1.76866e-6 0 -1 -1.79864e-6 0 -1 2.62544e-6 0 -1 1.08019e-6 0 -1 3.5253e-6 0 -1 -3.18536e-6 0 -1 9.93593e-7 0 -1 1.22506e-6 0 -1 1.43657e-7 0 -1 -2.33467e-6 0 -1 1.68768e-7 0 -1 -5.42929e-6 0 -1 3.61029e-6 0 -1 -1.99716e-6 0 -1 3.39637e-6 0 -1 -3.70984e-7 0 -1 -1.20056e-6 0 -1 -2.25339e-7 0 -1 5.16861e-6 0 -1 -1.78966e-6 0 -1 -4.18906e-6 0 -1 -1.28348e-6 0 -1 -1.59645e-6 0 -1 1.5557e-6 0 -1 2.16702e-6 0 -1 2.26431e-7 0 -1 0 0 -1 -8.08728e-6 0 -1 2.36733e-6 0 -1 1.18912e-5 0 -1 -1.87973e-6 0 -1 -4.52715e-7 0 -1 8.33333e-7 0 -1 2.45715e-6 0 -1 -3.12094e-6 0 -1 3.88226e-6 0 -1 0 0.08259218 0 0.9965835 -0.08258986 0 0.9965837 -0.08258986 0 0.9965837 0.08258986 0 0.9965837 -0.08259451 0 0.9965832 0.08259451 0 0.9965832 -0.08259332 0 0.9965834 0.2455118 0 0.9693937 -0.2454848 0 0.9694004 0.08258986 0 0.9965837 0.2454848 0 0.9694004 0.2454983 0 0.9693971 0 -1 1.1352e-5 -0.2454983 0 0.9693971 -0.2454983 0 0.9693971 0.2455118 0 0.9693936 0.4016525 0 0.9157921 -0.4016942 0 0.9157739 0.4016942 0 0.9157739 0.2454983 0 0.9693971 0 -1 8.82768e-6 0.4016733 0 0.9157831 0 -1 6.6574e-6 -0.4016734 0 0.9157831 -0.4016734 0 0.915783 0.4016734 0 0.9157831 0.4016526 0 0.9157922 0.5470095 0 0.8371264 -0.5469577 0 0.8371603 -0.5469577 0 0.8371604 0.5469577 0 0.8371603 -0.5470095 0 0.8371264 0 -1 6.23003e-6 0 -1 -2.72935e-6 0 -1 4.8385e-6 0.4016734 0 0.9157831 0.5469837 0 0.8371434 -0.5469576 0 0.8371603 -0.5469576 0 0.8371604 -0.5469837 0 0.8371434 -0.5469837 0 0.8371434 0 -1 -4.83851e-6 0.4016734 0 0.915783 -0.5469512 0 0.8371645 -0.5469512 0 0.8371646 0.6772752 0 0.7357298 -0.6772752 0 0.7357298 -0.6772753 0 0.7357298 0.5469577 0 0.8371604 0 -1 -5.29274e-6 0 -1 -1.45921e-6 0 -1 -1.77074e-6 0 -1 3.05211e-6 0.5469837 0 0.8371434 0.6772754 0 0.7357296 -0.6773034 0 0.7357038 -0.6773035 0 0.7357038 0.6773034 0 0.7357038 0 -1 2.13711e-6 0 -1 2.87207e-6 0 -1 2.13711e-6 0 -1 -4.05834e-6 0.6772753 0 0.7357298 0.7891418 0 0.614211 -0.7891698 0 0.6141751 -0.7891968 0 0.6141405 0.7891968 0 0.6141405 -0.789115 0 0.6142456 -0.7891418 0 0.614211 0.7891693 0 0.6141757 -0.7891424 0 0.6142103 -0.7891693 0 0.6141757 0.6773035 0 0.7357038 0 -1 2.77544e-6 0.789115 0 0.6142456 0.8794543 0 0.4759834 -0.8794381 0 0.4760133 -0.8794543 0 0.4759835 0.7891699 0 0.614175 0.7891424 0 0.6142103 0.879478 0 0.4759396 -0.8794618 0 0.4759695 -0.879478 0 0.4759396 -0.8794856 0 0.4759258 -0.8795017 0 0.4758959 0.879454 0 0.4759841 0.8795017 0 0.4758958 -0.8795183 0 0.4758651 -0.8795183 0 0.4758651 -0.8793518 0 0.4761728 -0.8793994 0 0.4760847 0.8794382 0 0.4760133 0.9458498 0 0.3246048 -0.9458075 0 0.324728 -0.945815 0 0.3247061 0.945815 0 0.3247061 -0.9458423 0 0.3246267 -0.9458498 0 0.3246049 0.8794618 0 0.4759695 0 -1 -9.56227e-7 0.8794378 0 0.476014 0.9458325 0 0.3246551 -0.9458249 0 0.3246774 -0.9458323 0 0.3246555 0.9458324 0 0.3246555 0.8794855 0 0.4759257 0 -1 1.59183e-6 0.9458423 0 0.3246268 0.9863566 0 0.1646229 -0.9863769 0 0.1645011 -0.9863749 0 0.1645128 0.9458075 0 0.324728 0.9863749 0 0.1645128 -0.9863586 0 0.1646113 -0.9863566 0 0.1646229 -0.9863677 0 0.1645562 -0.9863659 0 0.1645678 0.9863659 0 0.1645678 0 -1 1.03443e-6 0.945825 0 0.324677 0.9458249 0 0.3246774 0 -1 1.42383e-7 0.9863586 0 0.1646113 0.9863769 0 0.1645012 0.9863677 0 0.1645563 0.9863547 0 -0.1646345 0 -1 0 -0.9863731 0 -0.1645243 -0.9863731 0 -0.1645243 0 -1 1.78167e-6 0.9863731 0 -0.1645243 -0.9863547 0 -0.1646345 0 -1 -1.19384e-6 -0.9863638 0 -0.1645794 -0.9863638 0 -0.1645794 0.9863638 0 -0.1645794 0 -1 7.3162e-7 0 -1 -1.04426e-6 0 -1 6.08336e-7 0 -1 6.78784e-7 0 -1 -1.42399e-7 0 -1 -1.78971e-7 0 -1 4.56003e-7 0 -1 -1.59183e-6 0 -1 -5.01289e-7 0 -1 -1.02735e-6 0.9458423 0 -0.3246267 0 -1 4.93944e-7 -0.9458075 0 -0.324728 -0.9458075 0 -0.324728 0.9863731 0 -0.1645243 0.9458075 0 -0.324728 -0.9458423 0 -0.3246267 -0.9458423 0 -0.3246268 0 -1 3.67668e-7 0 -1 -1.83174e-6 0.9863638 0 -0.1645794 0 -1 -5.68993e-7 0 -1 8.75082e-7 0 -1 1.69656e-6 0.945825 0 -0.3246769 0 -1 -2.21888e-7 -0.9458249 0 -0.3246774 -0.9458249 0 -0.3246774 0.9458249 0 -0.3246774 0 -1 4.52148e-7 0 -1 -1.99699e-6 0 -1 4.0163e-7 0 -1 -5.75359e-7 0 -1 5.45511e-7 0.9458423 0 -0.3246268 0.8794543 0 -0.4759834 0 -1 -9.49234e-7 -0.8794543 0 -0.4759834 -0.8794543 0 -0.4759835 0 -1 1.72153e-6 0.9458075 0 -0.324728 0 -1 -3.17392e-7 0 -1 -9.36021e-7 0.879478 0 -0.4759396 -0.879478 0 -0.4759396 0 -1 4.61572e-7 0 -1 -1.95526e-6 -0.8795017 0 -0.4758958 -0.8795017 0 -0.4758959 0.945825 0 -0.324677 0.879454 0 -0.4759841 0.9458249 0 -0.3246774 0 -1 2.54644e-7 0 -1 -1.48421e-6 0.8795017 0 -0.4758958 0 -1 1.90757e-7 0 -1 9.4182e-7 0 -1 1.12865e-6 0 -1 -1.39074e-6 -0.8794471 0 -0.4759967 -0.8794471 0 -0.4759967 -0.8794938 0 -0.4759103 -0.8794939 0 -0.4759103 0.8794543 0 -0.4759835 0.789115 0 -0.6142456 0 -1 4.76187e-7 -0.7891968 0 -0.6141405 -0.7891699 0 -0.614175 0.7891698 0 -0.6141751 0 -1 1.80127e-7 -0.7891418 0 -0.614211 -0.789115 0 -0.6142456 0.7891424 0 -0.6142103 -0.7891693 0 -0.6141757 -0.7891424 0 -0.6142103 0 -1 6.8483e-7 0 -1 1.60018e-7 0 -1 -1.23327e-6 0.8795017 0 -0.4758959 0 -1 1.68574e-6 0 -1 -2.77544e-6 0 -1 1.76349e-6 0.7891418 0 -0.614211 0.6772366 0 -0.7357654 0 -1 -3.50052e-7 -0.6772366 0 -0.7357654 -0.6772366 0 -0.7357653 0.7891968 0 -0.6141405 0 -1 1.6326e-7 0.7891693 0 -0.6141757 0 -1 -2.24452e-6 0 -1 -3.2753e-7 0 -1 1.77082e-6 0.6772368 0 -0.7357651 0 -1 -5.94914e-7 -0.6772649 0 -0.7357394 -0.6772649 0 -0.7357394 0 -1 1.71622e-6 0.6772649 0 -0.7357394 0 -1 -2.05729e-7 0 -1 1.48316e-6 0 -1 -2.1372e-6 0 -1 -1.87776e-7 0 -1 4.05851e-6 0 -1 -2.1372e-6 0 -1 1.92933e-7 0.6772366 0 -0.7357653 0.5470595 0 -0.8370938 0 -1 9.51553e-7 -0.5470077 0 -0.8371277 -0.5470076 0 -0.8371276 0 -1 2.12563e-6 0.5470077 0 -0.8371277 0 -1 -1.55483e-7 -0.5470595 0 -0.8370938 0 -1 9.00593e-7 0 -1 2.19504e-6 0 -1 -3.5362e-7 0 -1 -4.83825e-6 0.5470336 0 -0.8371106 0 -1 4.33789e-7 -0.5470076 0 -0.8371277 -0.5470076 0 -0.8371277 0.6772649 0 -0.7357394 0 -1 8.29386e-7 -0.5470336 0 -0.8371106 -0.5470336 0 -0.8371107 0 -1 -2.6581e-7 0 -1 4.83826e-6 0 -1 -6.6574e-6 0 -1 -1.45945e-6 0 -1 2.6194e-6 0 -1 -5.28956e-7 -0.5470013 0 -0.8371319 -0.5470012 0 -0.8371319 0.4016525 0 -0.9157921 -0.4016942 0 -0.9157739 0.5470076 0 -0.8371276 0.4016942 0 -0.9157739 0 -1 -1.74366e-6 0.5470336 0 -0.8371107 0.4016733 0 -0.9157831 0 -1 -1.34226e-6 0 -1 1.05638e-6 -0.4016734 0 -0.9157831 -0.4016734 0 -0.915783 0 -1 -1.83499e-6 0 -1 2.44733e-6 0.4016734 0 -0.9157831 0.4016526 0 -0.9157922 0.2454448 0 -0.9694107 0 -1 -1.12625e-6 -0.2454848 0 -0.9694004 -0.2454178 0 -0.9694174 0 -1 -1.40377e-7 0.2454178 0 -0.9694174 0.2454313 0 -0.969414 0 -1 -2.79989e-6 0 -1 -6.83378e-7 -0.2454983 0 -0.9693971 -0.2454313 0 -0.9694141 0 -1 -3.24128e-6 0 -1 2.00261e-6 0.4016734 0 -0.9157831 0 -1 -5.3867e-7 0 -1 4.27645e-6 0 -1 -5.10855e-7 0 -1 2.08914e-6 0 -1 -1.87575e-6 0.4016734 0 -0.915783 0 -1 0 0.2455118 0 -0.9693936 0.08259218 0 -0.9965835 0 -1 1.33338e-6 -0.08258986 0 -0.9965837 -0.08258986 0 -0.9965837 0.2454848 0 -0.9694004 0.08258986 0 -0.9965837 0 -1 2.64008e-6 0.2454983 0 -0.9693971 0 -1 -8.75154e-7 -0.08259451 0 -0.9965832 0 -1 -1.54513e-7 0 -1 -1.31762e-6 0 -1 4.6168e-6 0.08259451 0 -0.9965832 0 -1 9.82048e-7 0 -1 3.29435e-6 0 -1 -6.92737e-7 0 -1 -4.42687e-6 0 -1 1.18819e-6 0 -1 -9.17243e-7 0 -1 -1.82657e-7 0 -1 -8.58281e-6 0 -1 1.15892e-6 0 -1 -1.7655e-6 0 -1 0 0 -1 5.37001e-7 -0.08259332 0 -0.9965834 0.08258986 0 -0.9965837 0 -1 -1.35833e-7 0 -1 1.81365e-7 0 -1 0 0 -1 -9.45537e-7 0 -1 7.11132e-7 0 -1 4.39435e-7 0 -1 5.25758e-7 0 -1 -9.62071e-7 0 -1 9.17175e-7 0 -1 6.16419e-7 0 -1 5.47957e-7 0 -1 -2.87483e-7 0 -1 1.37806e-7 0 -1 -1.34624e-7 0 -1 1.38867e-7 0 -1 1.22923e-7 0 -1 0 0 -1 0 0 -1 -8.23539e-7 0 -1 1.1488e-6 0 -1 -1.53481e-7 0 -1 2.73931e-7 0 -1 5.47746e-7 0 -1 0 0.08428692 0 0.9964416 -0.08428454 0 0.9964418 -0.08424884 0 0.9964448 0.2504144 0 0.9681388 0.08425128 0 0.9964446 -0.2504143 0 0.9681388 -0.2504481 0 0.9681301 0.4094038 0 0.9123534 0.250448 0 0.9681301 -0.4093931 0 0.9123581 -0.4093632 0 0.9123715 0.5567982 0 0.8306479 0.4093739 0 0.9123668 -0.5568245 0 0.8306302 -0.5568493 0 0.8306136 0.6883793 0 0.7253509 0.556823 0 0.8306313 -0.6883651 0 0.7253645 0.8004372 0 0.5994169 -0.8004372 0 0.5994168 -0.8004242 0 0.599434 0.8896981 0 0.4565494 0.8004243 0 0.599434 -0.8897097 0 0.4565268 -0.8897097 0 0.4565269 0.9537364 0 0.3006442 0.8896981 0 0.4565494 -0.9537283 0 0.3006701 -0.9537315 0 0.3006598 0.9906818 0 0.1361969 0.9537397 0 0.3006339 -0.9906818 0 0.1361969 0.9994862 0 -0.03205537 -0.9994853 0 -0.03208386 -0.9994853 0 -0.03208273 0.9799014 0 -0.1994827 0.9994862 0 -0.03205424 0 -1 -1.76117e-7 -0.979907 0 -0.1994554 -0.9799084 0 -0.1994484 0 -1 0 0.9324985 0 -0.3611739 0.9799029 0 -0.1994758 0 -1 0 -0.9324985 0 -0.3611739 0 -1 2.01177e-7 0.8586059 0 -0.5126365 0 -1 4.99934e-7 -0.8585932 0 -0.5126575 -0.8585839 0 -0.5126733 0.2454448 0 0.9694107 -0.2454178 0 0.9694174 0.2454313 0 0.969414 0.4017124 0 0.9157659 -0.401754 0 0.9157477 0.4017332 0 0.9157568 -0.07633209 0 0.9970825 -0.07629263 0 0.9970855 0.07852107 0 0.9969125 -0.07852107 0 0.9969125 -0.07848268 0 0.9969155 0.07633209 0 0.9970825 0.5469596 0 0.8371592 -0.5468577 0 0.8372256 -0.5469077 0 0.837193 0.5469077 0 0.8371929 -0.5468513 0 0.8372299 -0.5469012 0 0.8371972 -0.2269975 0 0.9738954 0.2270115 0 0.9738922 0.07629263 0 0.9970855 0.2334824 0 0.9723611 0.07848268 0 0.9969155 -0.2334685 0 0.9723644 0.7603288 0 -0.6495385 0.8585965 0 -0.5126523 0 -1 -7.90258e-7 -0.7603428 0 -0.649522 -0.7603428 0 -0.649522 -0.3725532 0 0.9280109 -0.3725191 0 0.9280246 0.3725315 0 0.9280196 0.2270115 0 0.9738922 0.382649 0 0.9238939 -0.3826597 0 0.9238893 0.5469096 0 0.8371918 0.6773138 0 0.7356943 -0.6773524 0 0.7356588 -0.6773138 0 0.7356942 0.5468577 0 0.8372257 0.677342 0 0.7356683 -0.6773806 0 0.7356328 -0.6773421 0 0.7356683 -0.5092839 0 0.8605987 -0.5093132 0 0.8605813 0.5093114 0 0.8605824 0.3724973 0 0.9280334 0.5225074 0 0.8526348 0 -1 1.12944e-6 -0.522521 0 0.8526264 -0.5225211 0 0.8526264 0.6773524 0 0.7356587 -0.7891968 0 0.6141405 -0.7891699 0 0.614175 0.6773806 0 0.7356327 0.6404653 0 -0.7679873 0.7603288 0 -0.6495385 0 -1 4.75044e-7 -0.6404653 0 -0.7679872 -0.6404653 0 -0.7679873 0.8794381 0 0.4760133 -0.879422 0 0.4760431 -0.8794382 0 0.4760133 -0.8794695 0 0.4759556 -0.8794939 0 0.4759103 -0.5734582 0 0.8192349 -0.5734613 0 0.8192328 0.5734611 0 0.819233 0.5093409 0 0.8605649 0.6494352 0 0.760417 0.5225074 0 0.8526348 0 -1 -2.83677e-7 -0.6494352 0 0.760417 -0.6494575 0 0.7603979 -0.8793995 0 0.4760847 0.879422 0 0.4760432 0.9458423 0 0.3246267 -0.945815 0 0.3247061 -0.9458075 0 0.324728 0.8794457 0 0.4759994 0.9458249 0 0.3246774 -0.9458324 0 0.3246555 -0.9458249 0 0.3246774 0 -1 0 0.5734621 0 -0.8192322 0.6404653 0 -0.7679872 0 -1 0 -0.5734623 0 -0.819232 -0.5734613 0 -0.8192328 0.7603887 0 0.6494684 0.6494575 0 0.7603979 0 -1 -3.54948e-7 -0.7603887 0 0.6494684 0.9458498 0 0.3246049 0.9863547 0 0.1646345 -0.9863749 0 0.1645128 -0.9863731 0 0.1645243 0.9458323 0 0.3246555 -0.9863547 0 0.1646345 0.852645 0 0.5224906 0 -1 5.79997e-7 -0.852645 0 0.5224906 0 -1 0 -0.9863711 0 -0.1645359 0 -1 1.45116e-6 0 -1 -4.67017e-7 -0.9863528 0 -0.1646461 0.9238849 0 0.3826705 -0.9238741 0 0.3826966 -0.9238685 0 0.3827103 0 -1 -8.40506e-7 0.9863528 0 -0.1646461 0.9458498 0 -0.3246048 0 -1 3.96919e-7 -0.945815 0 -0.3247061 0 -1 -7.88261e-7 0.9458324 0 -0.3246555 0 -1 4.80659e-7 -0.9458323 0 -0.3246555 0.8794704 0 -0.4759535 0 -1 -7.18396e-7 -0.8794381 0 -0.4760133 -0.8794704 0 -0.4759536 0.8794942 0 -0.4759098 0 -1 -1.16693e-6 0.9723743 0 0.2334272 0.9238793 0 0.3826841 -0.9723743 0 0.2334272 0.8794382 0 -0.4760133 0 -1 3.42591e-7 -0.7891698 0 -0.6141751 -0.7891968 0 -0.6141405 0 -1 -9.71402e-7 0.8794618 0 -0.4759695 0 -1 1.23094e-6 0.6773138 0 -0.7356943 0 -1 -2.40098e-7 -0.6773138 0 -0.7356943 -0.6773138 0 -0.7356942 0 -1 1.92652e-6 0.677342 0 -0.7356683 0 -1 0 -0.677342 0 -0.7356683 -0.6773421 0 -0.7356683 0.9969167 0 0.07846873 -0.9969167 0 0.07846873 -0.9969171 0 0.07846271 0.6773138 0 -0.7356942 0.5469596 0 -0.8371592 0 -1 6.21526e-7 -0.5468577 0 -0.8372256 -0.5469077 0 -0.837193 0.6773421 0 -0.7356683 0.5469077 0 -0.8371929 0 -1 -2.95963e-7 -0.5468513 0 -0.8372299 -0.5469012 0 -0.8371972 0.5469096 0 -0.8371918 0.4017124 0 -0.9157659 -0.401754 0 -0.9157477 0.5468577 0 -0.8372257 0.4017332 0 -0.9157568 -0.5734623 0 0.8192319 -0.5734623 0 0.8192321 0.2455118 0 -0.9693937 0 -1 -6.51788e-7 0 -1 -8.47894e-7 0.2454983 0 -0.9693971 0 -1 0 0 -1 7.07004e-7 0 -1 2.75181e-7 0.9969171 0 0.07846271 0.5734616 0 0.8192326 0.5734629 0 0.8192316 -0.573498 0 0.8192071 -0.5734581 0 0.819235 0 -1 0 0 -1 -1.23104e-6 0 -1 8.40506e-7 0 -1 1.30355e-6 0 -1 -1.41403e-6 0 -1 7.66307e-7 0 -1 0 -0.5734627 0 0.8192318 0.573461 0 -0.819233 0.5734634 0 -0.8192312 0 -1 0 -0.5734628 0 -0.8192316 -0.5734627 0 -0.8192317 0.5734629 0 0.8192316 0.5734593 0 0.819234 0 -1 0 0 -1 -1.92663e-6 0 -1 9.71372e-7 0 -1 -2.196e-7 0 -1 3.94611e-7 0 -1 0 -0.08262526 0 0.9965807 -0.08262878 0 0.9965805 0.08262759 0 0.9965806 0.2454783 0 0.9694022 -0.2454513 0 0.9694089 0.08262526 0 0.9965808 0.2454648 0 0.9694056 0.2454782 0 0.9694021 -0.4017242 0 0.9157608 0.2454648 0 0.9694056 0.4016824 0 0.915779 -0.5469327 0 0.8371766 0.4017033 0 0.9157699 -0.5469262 0 0.8371808 0.5469846 0 0.8371427 0.6772559 0 0.7357476 -0.6772945 0 0.7357121 -0.6772559 0 0.7357476 0.5469327 0 0.8371767 0.6772841 0 0.7357217 -0.6773227 0 0.7356861 -0.6772841 0 0.7357216 0.6772945 0 0.735712 0.6773228 0 0.7356861 -0.8794938 0 0.4759103 -0.8794471 0 0.4759967 0.945846 0 0.3246157 -0.9458112 0 0.3247171 0.9458286 0 0.3246664 -0.9458286 0 0.3246665 0.9863538 0 0.1646403 -0.9863741 0 0.1645185 -0.9863721 0 0.1645301 -0.9863557 0 0.1646287 -0.9863538 0 0.1646403 0.9863557 0 0.1646287 0.9863566 0 -0.1646229 0 -1 0 -0.986376 0 -0.164507 -0.9863749 0 -0.1645128 0 -1 -4.66992e-7 -0.9863576 0 -0.1646171 -0.9863566 0 -0.1646229 0.5734628 0 -0.8192316 0.9863576 0 -0.1646171 0.9458385 0 -0.3246377 0 -1 3.96923e-7 -0.9458 0 -0.3247499 -0.9458037 0 -0.324739 0.9458212 0 -0.3246883 0 -1 4.80671e-7 -0.9458173 0 -0.3246993 -0.9458212 0 -0.3246884 0.9458347 0 -0.3246486 -0.8794704 0 -0.4759535 0.9458173 0 -0.3246993 0 -1 -1.16702e-6 -0.8793995 0 -0.4760847 -0.8795183 0 -0.4758651 -0.8795183 0 -0.4758651 0.8794704 0 -0.4759536 -0.5734621 0 -0.8192322 -0.5734634 0 -0.8192312 0 -1 1.23099e-6 0.6772945 0 -0.7357121 0 -1 -2.40102e-7 -0.6772945 0 -0.7357121 -0.6772945 0 -0.735712 0 -1 1.92657e-6 0.6773227 0 -0.7356861 0 -1 0 -0.6773227 0 -0.7356861 -0.6773228 0 -0.7356861 0.6772945 0 -0.735712 0.5469846 0 -0.8371427 0 -1 6.21513e-7 -0.5469327 0 -0.8371766 -0.5469327 0 -0.8371767 0.6773228 0 -0.7356861 0.5469327 0 -0.8371766 0 -1 -2.95962e-7 -0.5469262 0 -0.8371808 -0.5469262 0 -0.8371809 -0.4017242 0 -0.9157608 0.5469327 0 -0.8371767 0.4016824 0 -0.915779 -0.2454513 0 -0.9694089 0.4017033 0 -0.9157699 0.2454782 0 -0.9694021 -0.08262526 0 -0.9965807 0.2454648 0 -0.9694056 -0.08262878 0 -0.9965805 0.08262759 0 -0.9965806 0.08262526 0 -0.9965808 0 -1 -1.23109e-6 0 -1 -1.41409e-6 0 -1 7.6627e-7 -0.5734626 0 0.8192318 -0.5734649 0 0.8192303 0 -1 0 0 -1 0 0.5734627 0 -0.8192318 0.5734623 0 -0.8192319 0 -1 0 -0.5734623 0 -0.8192321 -0.5734612 0 -0.8192328 0.5734626 0 0.8192318 0 -1 0 0 -1 -1.92669e-6 0 -1 9.71402e-7 -0.5734611 0 0.8192329 -0.5734617 0 0.8192324 0.5734626 0 0.8192319 0.08255678 0 0.9965864 -0.08251899 0 0.9965896 -0.08255439 0 0.9965866 0.08255445 0 0.9965866 -0.08252251 0 0.9965893 -0.08255791 0 0.9965863 0.08252131 0 0.9965893 0.2455453 0 0.9693852 -0.2455183 0 0.969392 0.08251899 0 0.9965895 0.2455318 0 0.9693886 0.2455453 0 0.9693852 0.4016825 0 0.9157791 0.2455318 0 0.9693886 0.4017033 0 0.9157699 -0.5469327 0 0.8371767 0.5469327 0 0.8371766 -0.5469262 0 0.8371809 -0.6772559 0 0.7357476 -0.6772841 0 0.7357217 0.6772559 0 0.7357476 0.7891285 0 0.6142283 -0.7891833 0 0.6141577 0.6772841 0 0.7357216 -0.7891285 0 0.6142283 0.8794624 0 0.4759685 -0.8794543 0 0.4759834 -0.8794624 0 0.4759685 0.8794861 0 0.4759247 -0.8795061 0 0.4758877 -0.8794471 0 0.4759967 0.8794543 0 0.4759835 -0.9458112 0 0.3247171 -0.9458286 0 0.3246664 0.945846 0 0.3246158 -0.9863741 0 0.1645185 0.9458286 0 0.3246665 0.9863557 0 -0.1646287 0 -1 0 -0.9863741 0 -0.1645185 0 -1 -5.39677e-7 -0.9863557 0 -0.1646287 0 -1 -1.30989e-6 0 -1 6.4745e-7 0 -1 6.27676e-7 0.8794624 0 -0.4759685 0 -1 -1.37896e-6 -0.8794624 0 -0.4759685 -0.8794624 0 -0.4759685 0.8794861 0 -0.4759247 0 -1 -1.70852e-6 -0.8794232 0 -0.4760407 -0.8794233 0 -0.4760408 -0.5734722 0 -0.8192252 0.8794624 0 -0.4759685 0.7891285 0 -0.6142283 0 -1 7.65875e-7 -0.7891833 0 -0.6141578 -0.7891833 0 -0.6141577 0 -1 -1.59718e-6 -0.7891285 0 -0.6142283 0 -1 3.03796e-6 0 -1 -6.29712e-7 -0.6772559 0 -0.7357476 0 -1 3.60415e-6 0 -1 7.26077e-7 -0.6772841 0 -0.7357217 0 -1 2.45708e-6 0.4998827 0 -0.8660932 0 -1 -5.71713e-7 -0.4998828 0 -0.866093 -0.4998958 0 -0.8660855 0.6772559 0 -0.7357476 0 -1 1.96286e-6 -0.5469577 0 -0.8371603 0.6772841 0 -0.7357216 0 -1 -2.23814e-6 -0.5469512 0 -0.8371645 0.5470095 0 -0.8371264 0.5469577 0 -0.8371604 0.3419401 0 -0.9397218 0.4998958 0 -0.8660857 0 -1 -2.1756e-6 -0.3419399 0 -0.9397219 0.2455453 0 -0.9693852 0 -1 -3.83051e-6 -0.2455183 0 -0.969392 0.2455318 0 -0.9693886 0.2455453 0 -0.9693852 0.08255678 0 -0.9965864 0 -1 9.48519e-6 -0.08251899 0 -0.9965896 -0.08255439 0 -0.9965866 0.2455318 0 -0.9693886 0.08255445 0 -0.9965866 0 -1 6.96634e-6 -0.08252251 0 -0.9965893 -0.08255791 0 -0.9965863 0 -1 -3.51261e-6 0.08252131 0 -0.9965893 0 -1 -6.89263e-6 0.08251899 0 -0.9965895 0.1736288 0 -0.9848112 0 -1 3.47175e-6 -0.1736288 0 -0.9848112 -0.1735852 0 -0.9848188 0 -1 -1.61217e-7 -0.5734625 0 0.8192319 -0.5734607 0 0.8192331 0 -1 2.30237e-6 0 -1 -9.07651e-7 0.1736472 0 -0.984808 0.1735853 0 -0.9848188 0 -1 -1.43584e-7 -0.1736549 0 -0.9848067 -0.1736274 0 -0.9848115 0 -1 1.27264e-6 0.5734626 0 0.8192319 0.5734615 0 0.8192325 0 -1 0 0 -1 -8.93483e-7 0.1736197 0 -0.9848128 -0.6371054 0 0.7707768 -0.6371167 0 0.7707675 0.5734606 0 0.8192331 0.6370906 0 0.770789 -0.7517635 0 0.6594329 -0.7517635 0 0.659433 0.7517783 0 0.659416 0.6371019 0 0.7707797 -0.8472433 0 0.5312051 0.8472437 0 0.5312044 0.7517783 0 0.6594159 -0.9210471 0 0.3894513 0.9210471 0 0.3894513 -0.971337 0 0.237707 -0.9713358 0 0.2377114 0 -1 -1.44433e-6 0.971337 0 0.237707 0 -1 -9.4444e-7 -0.9968013 0 0.07991945 0.9968013 0 0.07992041 0.9713358 0 0.2377114 0 -1 0 0 -1 -1.23099e-6 0 -1 1.3036e-6 0 -1 9.44398e-7 -0.9968016 0 -0.07991641 -0.9968017 0 -0.07991492 0.9968016 0 -0.07991737 0 -1 -1.92657e-6 0 -1 0 0 -1 0 0 -1 -2.20505e-7 -0.9713358 0 -0.2377114 -0.9713358 0 -0.2377114 0 -1 1.15035e-6 0.9713358 0 -0.2377114 0.9968016 0 -0.07991588 0 -1 -2.66818e-6 0 -1 6.4642e-7 -0.9210471 0 -0.3894513 -0.92105 0 -0.3894445 0.9210471 0 -0.3894513 0.9713358 0 -0.2377114 0 -1 -1.23115e-7 -0.8472219 0 -0.5312392 -0.8472272 0 -0.5312307 0.8472223 0 -0.5312385 0.92105 0 -0.3894445 0 -1 6.53686e-7 0 -1 -1.26726e-6 -0.7517717 0 -0.6594235 -0.7517635 0 -0.659433 0.7517865 0 -0.6594066 0.8472278 0 -0.53123 0 -1 0 -0.6371279 0 -0.7707581 0 -1 -1.13245e-6 0.6371131 0 -0.7707703 0.7517783 0 -0.6594159 0 -1 0 -0.5734619 0 -0.8192324 0 -1 0 0 -1 0 0.5734613 0 -0.8192327 0.0762729 0 0.9970871 -0.0762729 0 0.9970871 -0.0762729 0 0.9970871 0.2270114 0 0.9738922 0.0762729 0 0.9970871 -0.2270114 0 0.9738922 0.3725036 0 0.9280309 -0.3725144 0 0.9280265 -0.3725144 0 0.9280265 0.5093114 0 0.8605824 -0.5093115 0 0.8605824 -0.5093114 0 0.8605824 0.6772945 0 0.7357121 -0.6772945 0 0.735712 0.6773227 0 0.7356861 -0.6773228 0 0.7356861 0.5734623 0 0.8192319 0.5093114 0 0.8605823 -0.5734638 0 0.8192309 -0.5734555 0 0.8192368 -0.7891833 0 0.6141578 -0.8794463 0 0.4759984 -0.8795061 0 0.4758877 -0.5734627 0 0.8192316 -0.5734623 0 0.8192321 -0.8794232 0 0.4760407 0.8794462 0 0.4759984 0.9458385 0 0.3246377 -0.9458037 0 0.3247389 -0.9458037 0 0.324739 0.8794699 0 0.4759546 0.9458212 0 0.3246883 -0.9458212 0 0.3246883 -0.9458212 0 0.3246884 0.9458385 0 0.3246377 0.9863576 0 0.1646171 -0.986376 0 0.164507 0.9458212 0 0.3246884 -0.9863576 0 0.1646171 0 -1 0 -0.9863741 0 -0.1645185 0 -1 -4.67005e-7 0 -1 4.80642e-7 0.8794463 0 -0.4759984 0 -1 -7.18427e-7 -0.8794462 0 -0.4759984 0.8794699 0 -0.4759546 0 -1 -1.16732e-6 -0.8793757 0 -0.4761287 -0.8793994 0 -0.4760847 -0.8795061 0 -0.4758877 -0.8795061 0 -0.4758877 0 -1 3.42595e-7 0 -1 -9.71372e-7 0 -1 -2.40092e-7 0.5734618 0 -0.8192324 0.5734626 0 -0.8192318 -0.5734626 0 -0.8192318 -0.5734603 0 -0.8192334 0 -1 0 -0.5734622 0 -0.8192321 -0.5734623 0 -0.8192321 0.5734621 0 0.8192322 -0.5734614 0 0.8192327 0 -1 0 0 -1 0 0.5734626 0 -0.8192319 0.5734624 0 -0.819232 0 -1 9.71342e-7 -0.6772655 0 0.7357388 -0.6772937 0 0.7357127 0.6772656 0 0.7357387 0.6772938 0 0.7357127 -0.5734627 0 0.8192317 -0.573463 0 0.8192315 0.8794503 0 0.4759909 -0.8794503 0 0.4759909 0.8794739 0 0.4759471 -0.8794999 0 0.4758991 -0.8794233 0 0.4760408 0.9458442 0 0.3246213 -0.9458093 0 0.3247225 -0.9458093 0 0.3247225 0.9458267 0 0.3246719 -0.9458267 0 0.3246719 -0.9458267 0 0.3246719 0.9458442 0 0.3246213 0.9458267 0 0.3246719 0.5734627 0 0.8192318 0.5734623 0 0.819232 -0.9863745 0 -0.1645156 -0.9863562 0 -0.1646258 0.9863562 0 -0.1646258 -0.9458093 0 -0.3247225 -0.9458267 0 -0.3246719 0.9458442 0 -0.3246213 0 -1 -7.18383e-7 -0.8794503 0 -0.4759909 0.9458267 0 -0.3246719 0 -1 -1.16713e-6 -0.8794999 0 -0.4758991 0.8794503 0 -0.4759909 0 -1 -9.71342e-7 0.8794739 0 -0.4759471 0 -1 1.23109e-6 0.6772655 0 -0.7357388 0 -1 -2.40106e-7 -0.6772656 0 -0.7357387 0 -1 1.92669e-6 0.6772937 0 -0.7357127 0 -1 0 -0.6772938 0 -0.7357127 0.547022 0 -0.8371182 0 -1 6.21501e-7 -0.5469702 0 -0.8371521 -0.5469702 0 -0.8371522 0.5469702 0 -0.8371521 -0.5469638 0 -0.8371564 -0.5469637 0 -0.8371564 0.4016376 0 -0.9157988 -0.4016793 0 -0.9157804 0.5469702 0 -0.8371522 0.4016584 0 -0.9157896 0.4016376 0 -0.9157987 0 -1 -6.51791e-7 0.4016584 0 -0.9157896 0 -1 0 0.08253908 0 -0.9965879 0 -1 7.07033e-7 -0.08255445 0 -0.9965866 -0.08253669 0 -0.9965881 0.08253675 0 -0.9965881 0 -1 2.75186e-7 -0.08254021 0 -0.9965878 0.08255439 0 -0.9965866 0 -1 -6.3737e-7 -0.5734581 0 -0.819235 -0.5734681 0 -0.8192279 0.5734623 0 0.8192321 0.5734626 0 0.8192318 -0.5734623 0 0.819232 -0.5734629 0 0.8192316 0 -1 0 0.5734633 0 -0.8192314 0 -1 0 0 -1 0 -0.5734627 0 -0.8192317 -0.5734635 0 -0.8192312 0 -1 -2.22013e-6 0 -1 1.05368e-6 0.5734621 0 -0.8192321 0.573462 0 -0.8192323 0.9964842 0 -0.08378183 0 -1 -2.72762e-7 -0.9964817 0 -0.08381032 -0.9964817 0 -0.08381104 0.08260989 0 0.996582 -0.08260756 0 0.9965822 0.08260756 0 0.9965822 -0.08261108 0 0.9965819 0.245495 0 0.9693979 -0.2454681 0 0.9694048 0.2454816 0 0.9694014 0.4016675 0 0.9157856 -0.4017092 0 0.9157674 0.4016883 0 0.9157764 -0.5734621 0 -0.8192322 -0.573462 0 -0.8192322 0.5469971 0 0.8371346 -0.5469452 0 0.8371685 0.5469452 0 0.8371685 -0.5469387 0 0.8371727 0.9684757 0 -0.249108 0.9964841 0 -0.08378261 0 -1 1.47195e-6 0 -1 -3.92014e-7 -0.9684896 0 -0.2490543 -0.9684901 0 -0.2490521 0.8794584 0 0.475976 -0.8794584 0 0.475976 -0.8794584 0 0.475976 0.8794821 0 0.4759323 -0.8795123 0 0.4758765 -0.8794114 0 0.4760627 0.9132802 0 -0.4073321 0.9684763 0 -0.2491059 0 -1 0 0 -1 -4.54992e-6 0 -1 6.15491e-6 -0.9132801 0 -0.4073321 -0.9132817 0 -0.4073287 0 -1 2.14806e-6 0.8794584 0 0.475976 -0.9863736 0 0.1645214 0 -1 6.05507e-7 -0.9863551 0 0.1646316 0.8324332 0 -0.5541256 0.9132816 0 -0.4073287 0 -1 -5.47982e-7 -0.8324198 0 -0.5541455 -0.8324199 0 -0.5541455 0.9863551 0 0.1646316 0 -1 0 0 -1 -5.42549e-7 0.7281672 0 -0.6853995 0 -1 -6.37267e-7 0 -0.9999901 0.004464209 -0.7281672 0 -0.6853996 -0.7281672 0 -0.6853995 0 -1 -1.33538e-6 0.9458442 0 -0.3246213 0 -1 6.61724e-7 -0.9458093 0 -0.3247225 0.9458267 0 -0.3246719 0 -1 6.34301e-7 -0.9458267 0 -0.3246719 0.640444 0 0.7680049 -0.640444 0 0.7680048 -0.640444 0 0.7680049 0.6034701 0 -0.7973856 0.7281672 0 -0.6853996 0 -1 9.20389e-7 -0.6034839 0 -0.7973752 -0.6034839 0 -0.7973752 0.8794584 0 -0.475976 0 -1 -1.42369e-6 -0.8794584 0 -0.475976 0.8794821 0 -0.4759323 0 -1 -1.73604e-6 -0.8795123 0 -0.4758765 0 -1 -5.8647e-7 -0.5027949 0 -0.8644058 0.5734615 0 -0.8192326 0.5027949 0 -0.8644058 0.7890948 0 -0.6142715 0 -1 7.99688e-7 -0.7891497 0 -0.614201 -0.7891498 0 -0.614201 -0.7890948 0 -0.6142715 0.7603288 0 0.6495385 0.640444 0 0.7680048 -0.7603428 0 0.649522 -0.7603428 0 0.649522 0 -1 -1.47042e-6 0.4618284 0 -0.8869694 0.6034701 0 -0.7973858 0 -1 -8.07137e-7 -0.4618049 0 -0.8869817 -0.4617978 0 -0.8869853 0 -1 3.19804e-6 0 -1 -6.66598e-7 -0.6772848 0 -0.7357209 0 -1 8.98234e-7 -0.677313 0 -0.735695 0 -1 2.58611e-7 -0.3513663 0 -0.9362381 -0.3513584 0 -0.9362412 0.3513663 0 -0.9362381 0 -1 -2.05761e-6 0.3071581 0 -0.9516586 0.4618213 0 -0.886973 0 -1 6.62518e-7 -0.3071581 0 -0.9516586 -0.3071581 0 -0.9516586 0.6772848 0 -0.7357209 0 -1 2.11919e-6 0.6773131 0 -0.735695 0 -1 -2.88493e-6 0 -1 -3.87964e-6 0.8586115 0 0.5126268 0.7603288 0 0.6495385 -0.8585854 0 0.5126706 -0.8585854 0 0.5126706 0 -1 4.327e-7 -0.1900107 0 -0.9817821 -0.1900107 0 -0.981782 0.1900215 0 -0.98178 0.3513584 0 -0.936241 0.1439203 0 -0.9895893 0.3071581 0 -0.9516586 0 -1 6.58865e-7 -0.1439285 0 -0.9895882 0.4016825 0 -0.9157791 -0.4017092 0 -0.9157674 0.4017033 0 -0.9157699 0 -1 -1.01497e-5 -0.02339023 0 -0.9997264 -0.02339923 0 -0.9997262 0 -1 -2.64855e-5 0.02338886 0 -0.9997265 0.1439203 0 -0.9895893 0.02339792 0 -0.9997263 0.4016675 0 -0.9157856 0.2454216 0 -0.9694165 0 -1 1.21669e-5 -0.2425354 0 -0.9701426 -0.2425354 0 -0.9701427 0.4016883 0 -0.9157764 0.2439702 0 -0.9697828 0 -1 4.13059e-5 0.2454957 0 -0.9693977 0 -1 -4.62917e-7 -0.2454957 0 -0.9693977 0 -1 4.71385e-7 0.8586004 0 0.5126454 0 -1 7.88143e-7 -0.8586006 0 0.5126454 -0.858596 0 0.512653 0 -1 0 0 -1 4.81031e-7 -0.08260756 0 -0.9965822 0 -1 1.84985e-7 -0.08261108 0 -0.9965819 0.08260989 0 -0.996582 0.08260756 0 -0.9965822 0.9324985 0 0.3611739 0.858596 0 0.512653 -0.9324985 0 0.3611739 -0.9324973 0 0.361177 0.979902 0 0.1994792 0.9324973 0 0.361177 -0.9799077 0 0.1994519 -0.9799077 0 0.1994519 0.9994862 0 0.03205394 0.979902 0 0.1994792 -0.9994853 0 0.03208243 -0.9994853 0 0.03208214 0 -1 1.34615e-7 0.9906812 0 -0.1362017 0.9994862 0 0.03205364 -0.9906812 0 -0.1362017 -0.9906813 0 -0.1362005 0 -1 -1.37801e-7 0.9537389 0 -0.3006365 0.9906813 0 -0.1362005 0 -1 0 -0.9537307 0 -0.3006624 0.8897075 0 -0.4565312 0 -1 3.54509e-7 -0.889719 0 -0.4565086 -0.889719 0 -0.4565086 0.800408 0 -0.5994556 0.8897075 0 -0.4565312 0 -1 -2.09505e-7 -0.800408 0 -0.5994555 -0.800408 0 -0.5994556 0 -1 2.87473e-7 0.6884029 0 -0.7253285 0.800408 0 -0.5994555 0 -1 -7.17972e-7 -0.6883887 0 -0.7253421 -0.6883839 0 -0.7253466 0 -1 -5.47962e-7 0.5567796 0 -0.8306604 0.6883982 0 -0.725333 0 -1 6.1837e-7 -0.5568059 0 -0.8306427 0.4094187 0 -0.9123466 0 -1 6.15152e-7 -0.409408 0 -0.9123514 -0.409408 0 -0.9123514 0.2503975 0 -0.9681431 0.4094188 0 -0.9123467 0 -1 -2.15151e-7 -0.2503975 0 -0.9681432 -0.2503975 0 -0.9681431 0.0842691 0 -0.9964431 0.2503975 0 -0.9681432 0 -1 2.96438e-7 -0.08426672 0 -0.9964433 -0.08427113 0 -0.9964429 0 -1 0 0.08427357 0 -0.9964427 0 -1 -1.22922e-7 0 -1 0 0 -1 -1.76339e-6 0 -1 1.02739e-6 0 -1 3.17267e-6 0 -1 -2.12589e-6 0 -1 -1.7215e-6 0 -1 -1.78157e-6 0 -1 2.2525e-6 0 -1 -2.66672e-6 0 -1 1.01247e-6 0 -1 0 0 -1 -2.64014e-6 0 -1 9.36021e-7 0 -1 1.1938e-6 0 -1 1.35834e-7 0 -1 -4.61685e-6 0 -1 3.24128e-6 0 -1 -2.19527e-6 0 -1 -1.80131e-6 0 -1 3.23267e-6 0 -1 -1.17054e-6 0 -1 -1.81366e-7 0 -1 4.42689e-6 0 -1 -1.71606e-6 0 -1 -3.29436e-6 0 -1 -1.21664e-6 0 -1 1.82658e-7 0 -1 -1.48306e-6 0 -1 1.48424e-6 0 -1 2.07725e-6 0 -1 0 0 -1 8.5831e-6 0 -1 -5.26835e-7 0 -1 2.22414e-6 0 -1 -1.82655e-6 0 -1 -3.8586e-7 0 -1 7.05322e-7 0 -1 3.66983e-6 0 -1 1.87575e-6 0 -1 -2.75725e-7 0 -1 0 0.08260101 0 0.9965827 -0.08259868 0 0.9965829 -0.08259868 0 0.9965829 0.08259868 0 0.9965829 -0.08260333 0 0.9965825 0.08260333 0 0.9965825 -0.0826022 0 0.9965826 0.2454866 0 0.9694 -0.2454597 0 0.9694069 0.08259868 0 0.9965829 0.2454597 0 0.9694069 0.2454732 0 0.9694034 -0.2454816 0 0.9694014 -0.2454732 0 0.9694034 0 -1 5.84635e-6 0 -1 -4.43633e-6 0 -1 9.48087e-6 0 -1 -1.31447e-6 0.245495 0 0.9693979 0.401675 0 0.9157823 -0.4017167 0 0.9157641 0.2454681 0 0.9694048 0.4017167 0 0.9157641 0.2454816 0 0.9694013 0 -1 -6.32143e-6 0 -1 3.16072e-6 0.4016958 0 0.9157733 0 -1 3.16072e-6 -0.4017033 0 0.9157699 -0.4016959 0 0.9157732 0 -1 6.32143e-6 0.4016958 0 0.9157732 0.5469783 0 0.8371468 -0.5469264 0 0.8371808 0.4017242 0 0.9157608 0.5469264 0 0.8371807 -0.5469846 0 0.8371427 -0.5469783 0 0.8371468 0 -1 5.80386e-7 0 -1 3.77149e-6 0 -1 6.33157e-7 0.4017032 0 0.9157699 0.5469524 0 0.8371638 -0.5469326 0 0.8371767 -0.5469263 0 0.8371807 -0.5469586 0 0.8371596 -0.5469524 0 0.8371638 0 -1 -3.77149e-6 0 -1 6.33158e-7 0 -1 -4.0627e-6 0 -1 3.77149e-6 -0.54692 0 0.8371849 0.6772897 0 0.7357165 -0.6772897 0 0.7357165 0 -1 -1.83878e-6 0.5469586 0 0.8371598 0.6772899 0 0.7357162 -0.6773179 0 0.7356905 0.6773179 0 0.7356905 0 -1 2.21922e-6 0 -1 -4.058e-6 0.7890948 0 0.6142715 -0.789153 0 0.6141967 -0.7891498 0 0.614201 0.7891497 0 0.614201 -0.7890982 0 0.6142672 -0.7890948 0 0.6142715 0.7891223 0 0.6142362 0 -1 -3.48328e-6 0 -1 1.57029e-6 -0.7891256 0 0.614232 -0.7891223 0 0.6142362 0 -1 2.77574e-6 0 -1 -3.59898e-6 0.6772947 0 0.7357118 0 -1 -1.74164e-6 0 -1 2.77574e-6 0.7890982 0 0.6142672 0.8794523 0 0.4759871 -0.8794523 0 0.4759871 -0.8794523 0 0.4759872 0.7891531 0 0.6141967 0.7891256 0 0.614232 0.879476 0 0.4759434 0 -1 -2.12069e-7 -0.879476 0 0.4759434 0 -1 4.77154e-7 -0.8794996 0 0.4758996 -0.8794996 0 0.4758996 0.8794519 0 0.4759879 0.8794996 0 0.4758996 -0.8795152 0 0.4758708 -0.8794054 0 0.4760738 0.8794523 0 0.4759872 -0.9458084 0 0.3247253 0.9458093 0 0.3247225 -0.9458432 0 0.324624 -0.9458442 0 0.3246213 0 -1 -9.56228e-7 0.9458269 0 0.3246715 -0.9458258 0 0.3246746 0.8794996 0 0.4758996 0.9458432 0 0.324624 0.9863559 0 0.1646273 -0.9863743 0 0.1645171 0.9458084 0 0.3247253 0.9863743 0 0.1645171 -0.9863559 0 0.1646273 0 -1 1.41066e-7 -0.9863649 0 0.1645736 -0.9863651 0 0.1645722 0.9863651 0 0.1645722 0 -1 1.03449e-6 0.945826 0 0.3246743 0.9458258 0 0.3246747 0 -1 1.42391e-7 0.9863741 0 0.1645185 0.9863649 0 0.1645736 0 -1 0 0 -1 1.78159e-6 0.9863741 0 -0.1645185 0 -1 -1.1938e-6 0 -1 -1.41066e-7 -0.9863649 0 -0.1645736 -0.9863649 0 -0.1645736 0.9863649 0 -0.1645736 0 -1 7.31585e-7 0 -1 -1.0442e-6 0 -1 6.08316e-7 0 -1 6.7875e-7 0 -1 -1.42391e-7 0 -1 -1.78961e-7 0 -1 4.55976e-7 0 -1 -5.01263e-7 0 -1 -1.02739e-6 0 -1 4.93962e-7 -0.9458084 0 -0.3247253 0.9863741 0 -0.1645185 0.9458093 0 -0.3247225 -0.9458432 0 -0.324624 -0.9458442 0 -0.3246213 0 -1 9.56228e-7 0.9863649 0 -0.1645736 0 -1 -5.7536e-7 0.9458269 0 -0.3246715 0 -1 -2.21889e-7 -0.9458258 0 -0.3246746 0 -1 -5.75359e-7 0.9458432 0 -0.324624 0.8794523 0 -0.4759871 0 -1 -9.49204e-7 -0.8794523 0 -0.4759872 0 -1 1.7215e-6 0.9458084 0 -0.3247253 0 -1 -9.35993e-7 0.879476 0 -0.4759434 -0.879476 0 -0.4759434 0 -1 -1.57029e-6 0 -1 4.61579e-7 0 -1 1.12865e-6 -0.8794996 0 -0.4758996 0.945826 0 -0.3246743 0.8794519 0 -0.4759879 0.9458258 0 -0.3246747 0 -1 -1.48423e-6 0.8794996 0 -0.4758996 0 -1 1.96286e-7 0 -1 9.41834e-7 0 -1 1.12865e-6 -0.8794412 0 -0.4760077 -0.8794412 0 -0.4760078 -0.8794969 0 -0.4759047 0.7891385 0 -0.6142153 0 -1 4.76182e-7 -0.7891934 0 -0.6141449 -0.7891934 0 -0.6141448 0.7891934 0 -0.6141449 0 -1 1.80127e-7 -0.7891385 0 -0.6142153 0.789166 0 -0.61418 -0.789166 0 -0.61418 0 -1 3.48278e-6 0 -1 -2.77534e-6 0 -1 1.60017e-7 0 -1 -1.23324e-6 0 -1 1.74139e-6 0 -1 -2.77534e-6 0 -1 1.76339e-6 0.6772897 0 -0.7357165 0 -1 -3.50028e-7 -0.6772897 0 -0.7357165 0.7891934 0 -0.6141448 0 -1 1.63251e-7 0 -1 -2.06253e-6 0 -1 -3.2751e-7 0 -1 1.83878e-6 0.6772899 0 -0.7357162 0 -1 -5.94896e-7 -0.6773179 0 -0.7356905 0 -1 1.71607e-6 0.6773179 0 -0.7356905 0 -1 -2.05713e-7 0 -1 1.48306e-6 0 -1 -2.21922e-6 0 -1 3.77149e-6 0 -1 -1.87759e-7 0 -1 -2.06253e-6 0 -1 4.058e-6 0 -1 1.92935e-7 0.5469783 0 -0.8371468 0 -1 9.51656e-7 -0.5469264 0 -0.8371808 0 -1 2.12589e-6 0.5469264 0 -0.8371807 0 -1 -1.55489e-7 -0.5469846 0 -0.8371427 -0.5469783 0 -0.8371468 0 -1 -5.80386e-7 0 -1 9.00656e-7 0 -1 2.19527e-6 0.6772947 0 -0.7357118 0.5469524 0 -0.8371638 0 -1 4.33812e-7 -0.5469326 0 -0.8371767 -0.5469263 0 -0.8371807 0 -1 8.29471e-7 -0.5469586 0 -0.8371596 -0.5469524 0 -0.8371638 0 -1 -1.45959e-6 0 -1 4.0627e-6 0 -1 -5.28957e-7 -0.54692 0 -0.8371849 0.401675 0 -0.9157823 -0.4017167 0 -0.9157641 0.4017167 0 -0.9157641 0 -1 -1.61634e-6 0 -1 6.32143e-6 0 -1 -3.16072e-6 0 -1 -5.84637e-6 0.5469586 0 -0.8371598 0.4016958 0 -0.9157733 0 -1 -2.92319e-6 0 -1 -6.32143e-6 0 -1 1.05634e-6 -0.4017033 0 -0.9157699 -0.4016959 0 -0.9157732 0 -1 -1.83493e-6 0 -1 2.44753e-6 0.4016958 0 -0.9157732 0.2454364 0 -0.9694128 0 -1 -1.12631e-6 -0.2454094 0 -0.9694196 0 -1 -1.40379e-7 0.4017242 0 -0.9157608 0.2454094 0 -0.9694196 0.2454229 0 -0.9694162 0 -1 5.56976e-7 0 -1 -6.83431e-7 -0.2454313 0 -0.969414 -0.2454228 0 -0.9694162 0 -1 -3.24166e-6 0.4017032 0 -0.9157699 0 -1 -5.38727e-7 0 -1 1.18538e-6 0 -1 -5.10915e-7 0 -1 2.08944e-6 0 -1 0 0.2454447 0 -0.9694105 -0.08259868 0 -0.9965829 0 -1 2.64014e-6 0.2454313 0 -0.9694141 0 -1 0 -0.08260333 0 -0.9965825 0 -1 9.82052e-7 0 -1 3.29437e-6 0 -1 -6.92741e-7 0 -1 -4.42691e-6 0 -1 1.1882e-6 0 -1 1.31709e-7 0 -1 -1.76555e-6 0 -1 0 -0.0826022 0 -0.9965826 0.08260101 0 -0.9965827 0.08259868 0 -0.9965829 0 -1 -1.35834e-7 0.08260333 0 -0.9965825 0 -1 1.81366e-7 0 -1 -1.22921e-7 0 -1 0 0 -1 -9.45566e-7 0 -1 -4.20524e-7 0 -1 3.88953e-7 0 -1 -9.62101e-7 0 -1 6.16346e-7 0 -1 5.47948e-7 0 -1 -2.87478e-7 0 -1 1.37801e-7 0 -1 1.38864e-7 0 -1 1.22921e-7 0 -1 0 0 -1 0 0 -1 1.14878e-6 0 -1 0 0.08424007 0 0.9964455 -0.08423769 0 0.9964457 -0.08423995 0 0.9964455 0.2503849 0 0.9681465 0.08424234 0 0.9964453 -0.2503849 0 0.9681465 -0.2503849 0 0.9681465 0.4094075 0 0.9123517 0.2503849 0 0.9681465 -0.4093969 0 0.9123565 -0.4093949 0 0.9123573 0.5568183 0 0.8306344 0.4094057 0 0.9123526 -0.5568447 0 0.8306167 -0.5568431 0 0.8306177 0.6883864 0 0.7253443 0.5568168 0 0.8306354 -0.6883721 0 0.7253578 -0.688371 0 0.7253589 0.8004146 0 0.599447 0.6883852 0 0.7253454 -0.8004146 0 0.599447 -0.8004137 0 0.5994481 0.8897014 0 0.456543 0.8004138 0 0.599448 -0.8897129 0 0.4565204 -0.8897129 0 0.4565204 0.9537403 0 0.3006319 0.8897014 0 0.456543 -0.9537321 0 0.3006579 0.9906818 0 0.1361973 -0.9906817 0 0.1361973 -0.9906818 0 0.1361973 0.9994862 0 -0.03205382 0.9906817 0 0.1361973 -0.9994853 0 -0.03208231 -0.9994853 0 -0.0320822 0.9799015 0 -0.1994823 0.9994862 0 -0.0320537 -0.979907 0 -0.199455 -0.979907 0 -0.1994549 0 -1 0 0.9324979 0 -0.3611755 0.9799015 0 -0.1994823 0 -1 0 -0.9324979 0 -0.3611755 -0.9324977 0 -0.3611758 0 -1 0 0.8586082 0 -0.5126326 0.9324977 0 -0.3611758 0 -1 2.24139e-7 -0.8585956 0 -0.5126535 0.08254349 0 0.9965875 -0.08253896 0 0.9965879 -0.08254116 0 0.9965877 0.08254116 0 0.9965878 -0.08254241 0 0.9965876 -0.08254462 0 0.9965874 0.08254128 0 0.9965877 0.08253896 0 0.9965879 0.4015853 0 0.9158217 -0.401626 0 0.9158038 -0.401627 0 0.9158034 0.401606 0 0.9158125 0.4015843 0 0.915822 0.5470595 0 0.8370938 -0.5470085 0 0.8371272 -0.5470076 0 0.8371276 0.4016052 0 0.9158129 0.5470077 0 0.8371277 -0.547002 0 0.8371313 -0.5470012 0 0.8371319 0.7603164 0 -0.6495529 0 -1 -3.11108e-7 -0.7603305 0 -0.6495364 -0.7603305 0 -0.6495364 0.5470603 0 0.8370933 0.6772305 0 0.735771 -0.6772311 0 0.7357704 -0.6772305 0 0.7357709 0.5470085 0 0.8371271 0.6772588 0 0.735745 -0.6772594 0 0.7357444 -0.6772588 0 0.7357449 0.6772312 0 0.7357703 0.7891385 0 0.6142153 -0.7891938 0 0.6141443 -0.7891934 0 0.6141448 0.6772595 0 0.7357444 -0.7891389 0 0.6142148 -0.7891385 0 0.6142153 0.6404451 0 -0.7680041 0.7603164 0 -0.649553 0 -1 1.6514e-7 -0.6404451 0 -0.7680041 -0.6404454 0 -0.7680038 0.7891389 0 0.6142148 0.879453 0 0.4759857 -0.879453 0 0.4759857 -0.879453 0 0.4759858 0.8794767 0 0.475942 -0.8795145 0 0.4758722 -0.8795149 0 0.4758715 -0.8794032 0 0.4760779 -0.8794024 0 0.4760792 0.879453 0 0.4759858 0.9458436 0 0.3246226 -0.9458089 0 0.3247239 -0.9458089 0 0.3247239 0.9458263 0 0.3246732 -0.9458263 0 0.3246732 -0.9458263 0 0.3246733 0 -1 0 0.5734624 0 -0.8192319 0.6404454 0 -0.7680037 -0.5734628 0 -0.8192317 0.9458436 0 0.3246226 0.9863558 0 0.1646283 -0.9863741 0 0.1645184 -0.9863741 0 0.1645182 0.9458263 0 0.3246733 -0.9863557 0 0.1646285 -0.9863558 0 0.1646283 0.9863557 0 0.1646285 0.9863557 0 -0.1646285 0 -1 0 -0.9863741 0 -0.1645184 -0.986374 0 -0.1645182 0 -1 -1.61515e-7 0 -1 1.67946e-7 -0.9863557 0 -0.1646285 -0.9863557 0 -0.1646285 0 -1 -1.79887e-6 0.9863557 0 -0.1646285 0.9458437 0 -0.3246225 0 -1 1.92918e-7 -0.945809 0 -0.3247238 -0.945809 0 -0.3247238 0.9458264 0 -0.3246731 -0.9458263 0 -0.3246732 -0.9458264 0 -0.3246731 0.9458436 0 -0.3246225 0.879453 0 -0.4759858 0 -1 -3.1112e-7 -0.879453 0 -0.4759859 -0.879453 0 -0.4759858 0.9458263 0 -0.3246732 0.8794767 0 -0.4759421 -0.8794026 0 -0.4760789 -0.8794026 0 -0.4760789 -0.8795147 0 -0.4758719 -0.8795147 0 -0.4758718 0.879453 0 -0.4759859 0.7891174 0 -0.6142424 0 -1 1.36472e-7 -0.7891724 0 -0.6141719 -0.7891723 0 -0.6141719 0.8794766 0 -0.4759421 -0.7891174 0 -0.6142424 0.6772613 0 -0.7357426 0 -1 0 -0.6772613 0 -0.7357426 -0.6772614 0 -0.7357426 0.6772896 0 -0.7357167 0 -1 0 -0.6772896 0 -0.7357167 -0.6772896 0 -0.7357166 0 -1 2.31619e-7 0.6772614 0 -0.7357426 0.5469809 0 -0.8371452 0 -1 2.16736e-7 -0.5469291 0 -0.837179 -0.546929 0 -0.8371791 0.6772896 0 -0.7357166 0.546929 0 -0.8371791 0 -1 -1.44481e-7 -0.5469226 0 -0.8371832 -0.5469225 0 -0.8371832 0 -1 -2.07879e-7 0.5469809 0 -0.8371452 0.4016796 0 -0.9157803 -0.4017216 0 -0.915762 -0.4017214 0 -0.915762 0.5469291 0 -0.837179 0.4017005 0 -0.9157711 0.4016799 0 -0.9157801 0.2454919 0 -0.9693987 0 -1 -1.99445e-7 -0.2454649 0 -0.9694055 0.4017008 0 -0.9157711 0.2454784 0 -0.9694021 0.2454919 0 -0.9693987 0.08259797 0 -0.9965831 0 -1 7.93792e-7 -0.08259564 0 -0.9965832 -0.08259564 0 -0.9965832 0.2454784 0 -0.9694021 0.08259564 0 -0.9965832 0 -1 0 -0.08259916 0 -0.9965829 0 -1 0 0.08259564 0 -0.9965832 0.0825966 0 0.9965831 -0.08259427 0 0.9965834 -0.08259427 0 0.9965833 0.08259427 0 0.9965834 -0.08259779 0 0.996583 -0.2454639 0 0.9694058 0.08259427 0 0.9965833 0.2454908 0 0.969399 0.2454773 0 0.9694024 0.4016751 0 0.9157823 -0.5469264 0 0.8371807 0.4016959 0 0.9157732 -0.54692 0 0.8371849 0.5469264 0 0.8371808 0.7891184 0 0.6142413 -0.7891733 0 0.6141707 -0.7891184 0 0.6142413 -0.8795152 0 0.4758707 0 -1 0 -0.9863743 0 0.1645171 0 -1 0 0.5734629 0 -0.8192317 0.9458376 0 -0.3246404 0 -1 3.96946e-7 -0.9458028 0 -0.3247417 -0.9458028 0 -0.3247417 0.9458202 0 -0.3246911 -0.9458202 0 -0.3246911 -0.9458202 0 -0.3246911 0.9458376 0 -0.3246405 0.8794664 0 -0.475961 0 -1 -7.18374e-7 -0.8794664 0 -0.475961 -0.8794664 0 -0.475961 0.9458202 0 -0.3246911 0.8794901 0 -0.4759172 0 -1 -1.16703e-6 -0.8795152 0 -0.4758708 -0.8795152 0 -0.4758707 0.8794664 0 -0.475961 -0.7891732 0 -0.6141707 -0.7891184 0 -0.6142413 0.7891184 0 -0.6142413 -0.6772897 0 -0.7357165 0.6772897 0 -0.7357165 0 -1 0 0 -1 9.81223e-7 0.4016751 0 -0.9157823 0.245495 0 -0.9693979 -0.2454597 0 -0.9694069 -0.2454681 0 -0.9694048 0.4016959 0 -0.9157732 0.2454816 0 -0.9694014 0.2454866 0 -0.9694001 -0.08259868 0 -0.9965829 0.2454732 0 -0.9694034 0.08259868 0 -0.9965829 0 -1 -1.41416e-6 0 -1 0 0.5734629 0 -0.8192316 0.5734622 0 -0.8192321 0 -1 0 -0.5734614 0 -0.8192327 -0.5734615 0 -0.8192327 0 -1 0 0 -1 8.47894e-7 0 -1 0 0.08253908 0 0.9965879 -0.08253675 0 0.9965881 -0.08253669 0 0.9965881 0.08253675 0 0.9965881 -0.08254021 0 0.9965878 0.08253669 0 0.9965881 0.546972 0 0.8371509 -0.5469202 0 0.8371849 0.5469202 0 0.8371848 -0.5469138 0 0.8371891 0.6772655 0 0.7357388 -0.6772656 0 0.7357387 0.6772937 0 0.7357127 -0.6772938 0 0.7357127 0.7891218 0 0.614237 -0.7891766 0 0.6141664 -0.7891218 0 0.614237 -0.8794503 0 0.4759909 0.8794503 0 0.4759909 0 -1 0 0 -1 -5.39663e-7 0 -1 -1.37899e-6 0 -1 -1.70838e-6 -0.8794353 0 -0.4760187 -0.5734804 0 -0.8192193 -0.5734763 0 -0.8192223 0.7891352 0 -0.6142197 0 -1 7.65854e-7 -0.7891901 0 -0.6141491 -0.7891352 0 -0.6142197 0 -1 3.03789e-6 0.6772559 0 -0.7357476 0 -1 -6.29695e-7 -0.6772655 0 -0.7357388 -0.6772559 0 -0.7357476 0.6772841 0 -0.7357217 -0.6772937 0 -0.7357127 -0.6772841 0 -0.7357216 0.4998893 0 -0.8660895 -0.4998893 0 -0.8660894 0.6772656 0 -0.7357387 0 -1 1.96294e-6 -0.5469202 0 -0.8371848 0.6772938 0 -0.7357127 0 -1 -2.23819e-6 -0.5469138 0 -0.837189 0.546972 0 -0.8371509 0.5469202 0 -0.8371849 0 -1 1.95442e-6 0.3419324 0 -0.9397246 0.4998892 0 -0.8660894 0 -1 -2.17565e-6 -0.3419322 0 -0.9397246 0 -1 -3.83049e-6 0 -1 9.48492e-6 -0.08253675 0 -0.9965881 0 -1 6.96595e-6 0 -1 -3.51223e-6 0.08253669 0 -0.9965881 0.1736505 0 -0.9848074 0 -1 3.47104e-6 -0.1736506 0 -0.9848074 -0.1736288 0 -0.9848112 0.1736196 0 -0.9848129 0.1736288 0 -0.9848112 0 -1 -2.46506e-7 -0.1736274 0 -0.9848115 -0.1736136 0 -0.9848139 0.1736059 0 -0.9848152 0 -1 -9.72551e-7 0 -1 7.24587e-7 0 -1 0 0 -1 9.50975e-7 0 -1 -1.00045e-6 0 -1 6.31186e-7 0 -1 -6.85792e-7 0 -1 8.48263e-7 0 -1 1.65343e-7 0 -1 -2.47819e-7 0 -1 0 0 -1 5.72009e-7 0 -1 -1.59231e-7 0 -1 2.8436e-7 0 -1 0 0.07842099 0 0.9969204 -0.07842695 0 0.9969199 -0.07841932 0 0.9969205 0.07842862 0 0.9969198 0.2334778 0 0.9723622 -0.2334651 0 0.9723653 -0.2334724 0 0.9723635 0.2334706 0 0.9723638 0.3826692 0 0.9238854 -0.3826692 0 0.9238854 0.5224901 0 0.8526455 -0.5225065 0 0.8526354 -0.5225009 0 0.8526389 0.5224956 0 0.8526421 0.6494545 0 0.7604005 -0.6494501 0 0.7604042 -0.6494545 0 0.7604005 0.6494501 0 0.7604043 0.7604134 0 0.6494394 -0.7604014 0 0.6494535 -0.7604014 0 0.6494534 0.8526334 0 0.5225099 -0.8526549 0 0.5224745 -0.8526551 0 0.5224745 0.8526334 0 0.5225098 0.9238886 0 0.3826615 -0.923879 0 0.382685 -0.9238801 0 0.3826823 0.9238876 0 0.3826642 0.9723682 0 0.2334525 -0.9723679 0 0.2334543 -0.9723682 0 0.2334525 0.9723678 0 0.2334543 0.9969163 0 0.07847332 -0.9969182 0 0.07844913 -0.08255445 0 0.9965866 0.08255439 0 0.9965866 0.5469346 0 0.8371754 -0.5468952 0 0.8372011 -0.5468827 0 0.8372093 0.5468828 0 0.8372094 -0.5468888 0 0.8372053 -0.5468762 0 0.8372135 0.5469471 0 0.8371673 -0.6772848 0 0.7357209 0.5468952 0 0.8372012 -0.677313 0 0.735695 0.6772848 0 0.7357209 0.789162 0 0.614185 -0.7892169 0 0.6141146 -0.7892169 0 0.6141145 0.6773131 0 0.735695 -0.789162 0 0.614185 -0.8794353 0 0.4760187 -0.9458019 0 0.3247444 -0.9458193 0 0.3246938 0.9458366 0 0.3246431 -0.9863755 0 0.1645098 0.9458193 0 0.3246938 -0.9863571 0 0.16462 0.9863571 0 0.16462 0 -1 0 -0.9863745 0 -0.1645156 0 -1 -4.88191e-7 0 -1 -9.50252e-7 0.9458366 0 -0.3246431 0 -1 4.53452e-7 -0.9458037 0 -0.3247389 -0.9458019 0 -0.3247445 0.9458193 0 -0.3246938 0 -1 5.19896e-7 -0.9458212 0 -0.3246883 -0.9458193 0 -0.3246938 0.9458385 0 -0.3246377 0.8794503 0 -0.4759909 0 -1 -8.49488e-7 -0.8794503 0 -0.4759909 0.9458212 0 -0.3246884 0 -1 -1.29974e-6 -0.8794351 0 -0.4760187 0 -1 4.1681e-7 -0.7891901 0 -0.6141492 0 -1 1.52283e-6 0 -1 -2.99869e-7 0 -1 1.51132e-7 0 -1 7.9698e-7 0 -1 -4.10789e-7 0 -1 1.58308e-6 0 -1 1.21646e-7 0 -1 -8.89654e-7 0 -1 -1.29997e-6 0 -1 0 0.245495 0 -0.9693979 0 -1 1.00733e-6 0.2454816 0 -0.9694013 0 -1 3.9848e-7 0 -1 0 0 -1 -1.03309e-6 0 -1 7.5352e-7 0 -1 -1.08931e-6 0 -1 1.02857e-6 0 -1 6.6382e-7 0 -1 -5.66103e-7 0 -1 0 0 -1 -3.32764e-7 0 -1 -7.10484e-7 0 -1 0 0 -1 4.57216e-7 0 -1 -7.61468e-7 0 -1 3.62002e-7 0 -1 1.14634e-6 0 -1 -1.72082e-6 0 -1 0 0 -1 -1.72446e-7 0 -1 3.08392e-7 0 -1 6.29127e-7 0 -1 0 0.08259183 0 0.9965835 -0.08259087 0 0.9965835 -0.08259087 0 0.9965836 0.08259218 0 0.9965835 0.08259183 0 0.9965835 0.2454769 0 0.9694024 -0.2454769 0 0.9694024 0.08259218 0 0.9965835 0.2454805 0 0.9694015 -0.2454778 0 0.9694023 0.4016987 0 0.9157719 -0.4016906 0 0.9157754 -0.4016987 0 0.9157719 0.4016931 0 0.9157745 0.4016906 0 0.9157754 0.5469504 0 0.8371651 -0.5469572 0 0.8371607 -0.5469504 0 0.8371649 0.4016849 0 0.9157779 0.5469572 0 0.8371606 0.6772785 0 0.7357268 -0.6772732 0 0.7357317 -0.6772784 0 0.7357268 0.6772732 0 0.7357317 0.7891461 0 0.6142056 -0.7891425 0 0.6142103 -0.7891461 0 0.6142056 0.7891425 0 0.6142103 0.8794741 0 0.4759469 -0.8794763 0 0.4759429 -0.8794741 0 0.4759469 -0.8794698 0 0.4759548 -0.8794676 0 0.4759588 -0.08262526 0 0.9965808 0.08262526 0 0.9965807 0.4016227 0 0.9158053 -0.4016643 0 0.915787 0.4016435 0 0.9157962 0.4016227 0 0.9158052 0.5470345 0 0.8371101 -0.5469827 0 0.837144 0.4016435 0 0.9157962 0.5469827 0 0.837144 -0.5469762 0 0.8371482 0.8794763 0 0.4759429 0.945818 0 0.3246971 -0.945818 0 0.3246971 -0.9458181 0 0.3246971 0.9458133 0 0.3247109 -0.9458228 0 0.3246834 -0.9863731 0 0.1645243 0.9458181 0 0.3246971 0.986362 0 0.1645906 -0.9863592 0 0.1646072 -0.9863595 0 0.1646056 0 -1 -1.06544e-6 0.9863646 0 0.1645756 0 -1 0 0 -1 -4.93377e-7 0 -1 -9.80115e-7 0 -1 4.69088e-7 0 -1 5.30014e-7 0 -1 -8.87322e-7 0 -1 -1.33529e-6 0.9863617 0 0.1645922 0.9863643 0 0.1645772 0 -1 4.39048e-7 0 -1 1.61211e-6 0 -1 -3.18405e-7 0 -1 1.65712e-7 0 -1 8.53301e-7 0 -1 -4.51773e-7 0 -1 1.84824e-6 0 -1 1.35525e-7 0 -1 -9.72563e-7 0 -1 -1.4852e-6 0 -1 0 0 -1 1.11844e-6 0 -1 4.45126e-7 0.986362 0 -0.1645906 0 -1 -2.0188e-7 -0.9863595 0 -0.1646056 -0.9863595 0 -0.1646056 0 -1 3.39289e-7 0.9863646 0 -0.1645756 0 -1 -2.37317e-7 0.945816 0 -0.3247031 0 -1 2.4174e-7 -0.945817 0 -0.3247001 -0.9458161 0 -0.3247031 0.9458113 0 -0.3247169 0 -1 0 -0.9458218 0 -0.3246864 -0.9458208 0 -0.3246893 0.945817 0 -0.3247001 0.879476 0 -0.4759432 0 -1 2.95218e-7 -0.879476 0 -0.4759432 0.9458123 0 -0.3247139 0 -1 3.90219e-7 -0.8794683 0 -0.4759576 0 -1 -3.03302e-6 0.8794896 0 -0.4759183 0 -1 -1.04283e-6 -0.879477 0 -0.4759414 -0.8794896 0 -0.4759182 0 -1 -3.90551e-6 0.879477 0 -0.4759414 0.7891387 0 -0.614215 0 -1 0 -0.7891387 0 -0.614215 0 -1 0 0.6772837 0 -0.735722 0 -1 2.01611e-7 -0.677289 0 -0.7357172 -0.6772837 0 -0.735722 0 -1 0 0.6772889 0 -0.7357172 0.5469436 0 -0.8371695 0 -1 -2.08707e-7 -0.5469436 0 -0.8371695 -0.5469437 0 -0.8371695 0 -1 5.37014e-7 0 -1 6.94603e-7 0.5469437 0 -0.8371695 0.4017069 0 -0.9157683 0 -1 4.62668e-7 -0.4016987 0 -0.9157719 -0.4017069 0 -0.9157683 0.4017012 0 -0.9157708 0 -1 2.61711e-7 0.4016987 0 -0.9157719 0.2454952 0 -0.9693979 0 -1 -2.8038e-7 -0.245486 0 -0.9694002 -0.2454952 0 -0.9693979 0.4016931 0 -0.9157745 0.2454988 0 -0.969397 0 -1 -1.16174e-6 -0.2454869 0 -0.9693999 -0.245496 0 -0.9693977 0.245486 0 -0.9694002 0.08257257 0 -0.9965851 0 -1 3.93151e-7 -0.08256196 0 -0.996586 -0.08257162 0 -0.9965851 0.2454897 0 -0.9693992 0.08257287 0 -0.9965851 0 -1 1.55001e-6 0 -1 -1.992e-7 0.08256292 0 -0.9965859 0 -1 -7.97283e-7 0.08256328 0 -0.9965859 0 -1 -1.56988e-7 0 -1 -1.94607e-6 0 -1 1.07945e-6 0 -1 1.34916e-7 0 -1 -3.30164e-6 0 -1 2.67506e-6 0 -1 1.0884e-6 0 -1 -4.61704e-7 0 -1 8.50664e-7 0 -1 0 -0.5469077 0 0.8371929 -0.5469012 0 0.8371971 0.5469077 0 0.837193 0 -1 -6.61068e-7 0 -1 3.06939e-7 0 -1 4.08209e-7 0 -1 -5.27072e-7 0 -1 -9.4111e-7 0 -1 2.41483e-7 0 -1 8.48631e-7 0 -1 -1.63468e-7 -0.6772752 0 -0.7357298 0 -1 0 -0.6773034 0 -0.7357038 0.6772753 0 -0.7357298 0 -1 4.09484e-7 -0.5469827 0 -0.837144 -0.5469577 0 -0.8371604 0.6773035 0 -0.7357038 0.5469577 0 -0.8371603 0 -1 -1.78559e-7 -0.5469762 0 -0.8371482 -0.5469512 0 -0.8371646 0.5470345 0 -0.8371101 0.4016227 0 -0.9158053 -0.4016643 0 -0.915787 0 -1 0 0 -1 5.17967e-7 0.5469827 0 -0.837144 0.4016435 0 -0.9157962 0.4016227 0 -0.9158052 0 -1 -4.00156e-7 0 -1 -4.66418e-7 0.4016435 0 -0.9157962 0 -1 0 0 -1 4.1562e-7 0 -1 1.59277e-7 0.9969164 0 -0.07847148 0 -1 -1.36465e-7 -0.9969183 0 -0.07844853 -0.9969183 0 -0.07844734 0.9969163 0 -0.07847267 0.9723674 0 -0.233456 -0.9723649 0 -0.2334665 -0.9723674 0 -0.233456 0.9723649 0 -0.2334665 0.9238943 0 -0.382648 0 -1 0 -0.9238857 0 -0.3826687 -0.9238857 0 -0.3826687 0.9238943 0 -0.382648 0.8526166 0 -0.5225372 0 -1 3.18567e-7 -0.8526424 0 -0.522495 -0.8526382 0 -0.5225018 0.8526207 0 -0.5225303 0.7604134 0 -0.6494394 0 -1 -1.43388e-7 -0.7604014 0 -0.6494535 -0.7604014 0 -0.6494534 0 -1 8.83289e-7 0.6494413 0 -0.7604119 0 -1 1.38141e-7 -0.6494324 0 -0.7604194 -0.6494413 0 -0.7604119 0.6494324 0 -0.7604194 0.5225123 0 -0.8526318 -0.5225232 0 -0.8526252 0.3826823 0 -0.9238801 0 -1 1.54711e-7 -0.3826954 0 -0.9238747 -0.3826823 0 -0.9238801 0 -1 -1.3125e-6 0.3826954 0 -0.9238747 0.2334272 0 -0.9723744 0 -1 3.67523e-7 -0.2334217 0 -0.9723756 0.2334272 0 -0.9723743 0.07848185 0 -0.9969156 -0.07846498 0 -0.996917 -0.07848024 0 -0.9969157 0 -1 -2.67674e-7 0.07846665 0 -0.9969168 0 -1 2.08172e-7 0 -1 -2.24071e-6 0 -1 1.15369e-6 0 -1 4.24441e-6 0 -1 -2.48984e-6 0 -1 -1.84579e-6 0 -1 -1.82559e-6 0 -1 -4.73216e-6 0 -1 3.51153e-6 0 -1 1.20292e-6 0 -1 -4.64891e-6 0 -1 1.09647e-6 0 -1 1.27621e-6 0 -1 2.26313e-7 0 -1 -7.42104e-6 0 -1 4.36813e-6 0 -1 -2.58556e-6 0 -1 5.2558e-7 0 -1 3.67985e-6 0 -1 -1.24964e-6 0 -1 -2.39427e-6 0 -1 -3.57399e-7 0 -1 6.94285e-6 0 -1 -1.91449e-6 0 -1 -7.14624e-6 0 -1 -1.40098e-6 0 -1 3.56713e-7 0 -1 -1.80676e-6 0 -1 1.67901e-6 0 -1 2.32004e-6 0 -1 0 0 -1 2.62569e-6 0 -1 -1.96708e-6 0 -1 1.68075e-6 0 -1 -8.95756e-6 0 -1 2.87985e-5 0 -1 0 0 -1 -6.15279e-7 0 -1 1.15207e-6 0 -1 2.81944e-6 0 -1 -3.33763e-6 0 -1 4.25717e-6 0 -1 2.23283e-6 -0.08251899 0 0.9965895 0.08251899 0 0.9965896 -0.0825591 0 0.9965862 -0.08252364 0 0.9965891 0 -1 -3.86096e-6 0.08252364 0 0.9965891 0.2454513 0 0.9694089 -0.2454648 0 0.9694056 0.0825591 0 0.9965862 0 -1 5.72718e-6 0 -1 2.26449e-4 0 -1 -3.93456e-6 0 -1 -3.31402e-6 0 -1 3.6514e-6 0 -1 -3.53355e-6 0 -1 1.53186e-5 0 -1 -5.16454e-6 0 -1 1.53177e-5 -0.5468828 0 0.8372094 -0.5469346 0 0.8371754 -0.5469596 0 0.8371592 0 -1 6.33224e-7 0.5469337 0 0.837176 -0.5468826 0 0.8372094 -0.5469076 0 0.837193 -0.5469086 0 0.8371923 -0.5469337 0 0.8371761 -0.5468763 0 0.8372136 0.5468827 0 0.8372093 0.5469086 0 0.8371924 0.7891833 0 0.6141578 0.7891559 0 0.614193 0 -1 -3.48278e-6 0 -1 1.57039e-6 -0.7891559 0 0.614193 0 -1 2.77534e-6 0 -1 -2.24215e-4 0.7891968 0 0.6141405 0 -1 -2.12083e-7 -0.8794699 0 0.4759546 -0.8794937 0 0.4759108 -0.8794855 0 0.4759257 0.8794856 0 0.4759258 -0.9458498 0 0.3246048 0 -1 -9.56171e-7 0 -1 -9.56169e-7 0.8794458 0 0.475999 0.8794935 0 0.4759108 -0.996918 0 0.07845163 0 -1 2.04088e-7 0.9969174 0 0.07845926 -0.9863721 0 0.1645301 0.945815 0 0.3247061 0.9863721 0 0.1645301 0 -1 1.41075e-7 -0.9863629 0 0.1645852 -0.9863629 0 0.1645852 0.9863629 0 0.1645852 0 -1 1.03454e-6 0.9458325 0 0.3246551 0 -1 -2.72967e-6 0.9863721 0 0.1645301 0.9863629 0 0.1645852 0 -1 0 0 -1 1.78149e-6 0.9863749 0 -0.1645128 0 -1 -1.1937e-6 0 -1 -1.41058e-7 -0.9863668 0 -0.1645621 -0.9863659 0 -0.1645678 0.9863659 0 -0.1645678 0 -1 7.31552e-7 0 -1 -1.04414e-6 0 -1 6.08299e-7 0 -1 6.7871e-7 0 -1 2.59665e-6 0 -1 -1.78953e-7 0 -1 -1.02745e-6 0 -1 4.93969e-7 0.986376 0 -0.164507 0.9458037 0 -0.3247389 -0.9458385 0 -0.3246377 -0.9458385 0 -0.3246377 0 -1 9.56286e-7 0.9863668 0 -0.1645621 0 -1 -5.69026e-7 0 -1 -8.83024e-6 0 -1 8.30481e-7 0 -1 1.69644e-6 0.9458212 0 -0.3246879 0 -1 -2.21895e-7 0 -1 4.52172e-7 0 -1 4.01653e-7 0 -1 -8.39214e-7 0 -1 -9.49188e-7 0 -1 1.72145e-6 0.9458037 0 -0.324739 0 -1 -3.17395e-7 -0.8794861 0 -0.4759247 0 -1 -1.57019e-6 0 -1 4.61553e-7 0 -1 1.03673e-6 -0.8795098 0 -0.4758809 -0.8795098 0 -0.4758809 0.9458212 0 -0.324688 0.879462 0 -0.4759692 0 -1 2.54632e-7 0 -1 -1.48414e-6 0.8795098 0 -0.4758809 0 -1 9.41767e-7 0 -1 -1.60257e-6 0 -1 7.36707e-7 -0.8795306 0 -0.4758426 -0.8795306 0 -0.4758425 0.7891016 0 -0.6142629 0 -1 4.76216e-7 -0.7891564 0 -0.6141924 -0.7891564 0 -0.6141923 0.7891564 0 -0.6141924 0 -1 1.80134e-7 -0.7891016 0 -0.6142629 0.789129 0 -0.6142276 -0.789129 0 -0.6142276 0 -1 3.48328e-6 0 -1 6.4424e-7 0 -1 1.60025e-7 0 -1 -1.23337e-6 0.8795098 0 -0.4758809 0.7891564 0 -0.6141923 0 -1 1.01368e-6 0 -1 -1.99686e-6 0 -1 9.51627e-7 -0.5469827 0 -0.837144 0 -1 2.12574e-6 0.5469827 0 -0.837144 0 -1 -1.55487e-7 -0.5470095 0 -0.8371264 -0.5470345 0 -0.8371101 0 -1 -3.25344e-7 0 -1 9.00619e-7 0 -1 2.19513e-6 0 -1 -5.59616e-7 0.6772754 0 -0.7357296 0.5470086 0 -0.837127 0 -1 4.338e-7 -0.5469576 0 -0.8371603 -0.5469826 0 -0.8371441 0 -1 8.29417e-7 -0.5469837 0 -0.8371434 -0.5470086 0 -0.837127 0 -1 2.47062e-6 0 -1 -1.45949e-6 -0.5469762 0 -0.8371482 0.4015927 0 -0.9158184 -0.4016344 0 -0.9158002 0.4016344 0 -0.9158002 0 -1 -1.61669e-6 0 -1 3.02752e-6 0.5469837 0 -0.8371434 0.4016135 0 -0.9158093 0 -1 1.05652e-6 -0.4016136 0 -0.9158093 -0.4016136 0 -0.9158093 0 -1 1.62672e-7 0 -1 2.44714e-6 0.4016136 0 -0.9158093 0.4015927 0 -0.9158183 0.2455788 0 -0.9693766 0 -1 -1.12612e-6 -0.2455853 0 -0.969375 -0.2455518 0 -0.9693835 0 -1 -1.40378e-7 0.2455518 0 -0.9693835 0.2455653 0 -0.9693801 0 -1 5.56729e-7 0 -1 -6.83298e-7 -0.2455988 0 -0.9693716 -0.2455653 0 -0.9693801 0 -1 -3.24061e-6 0 -1 -5.72454e-6 0 -1 2.74933e-7 0.4016135 0 -0.9158093 0 -1 -5.38571e-7 0 -1 -5.1075e-7 0 -1 -1.87609e-6 0.4016136 0 -0.9158093 -0.9723682 0 0.2334526 0.97237 0 0.2334454 0 -1 0 0.2456123 0 -0.9693682 0 -1 1.33354e-6 -0.08251899 0 -0.9965895 0.2455853 0 -0.969375 0.08251899 0 -0.9965896 0 -1 2.64031e-6 0.2455988 0 -0.9693716 0 -1 -8.75076e-7 0 -1 0 -0.0825591 0 -0.9965862 -0.08252364 0 -0.9965891 0 -1 -1.31775e-6 0 -1 4.61762e-6 0.08252364 0 -0.9965891 0 -1 -6.48502e-6 0 -1 3.29418e-6 0 -1 -6.92783e-7 0 -1 -4.42774e-6 0 -1 1.18837e-6 0 -1 -9.1713e-7 0 -1 1.15913e-6 0 -1 -1.7653e-6 0 -1 5.37045e-7 0.0825591 0 -0.9965862 0 -1 1.81367e-7 0 -1 -1.22922e-7 0 -1 6.49229e-7 -0.9238948 0 0.3826467 -0.9238976 0 0.3826402 0.9238739 0 0.3826972 -0.9238736 0 0.3826979 -0.9238725 0 0.3827003 0 -1 0 0 -1 -8.22953e-7 0 -1 1.00371e-6 0 -1 -3.88909e-7 0 -1 2.45841e-7 0 -1 6.17394e-7 0 -1 0 0.9238808 0 0.3826804 0.9238767 0 0.3826906 -0.8526476 0 0.5224866 -0.8526462 0 0.522489 0.8526417 0 0.5224962 0.852643 0 0.5224941 0.9238799 0 0.3826826 0.08402854 0 0.9964634 -0.08403092 0 0.9964632 -0.08406668 0 0.9964601 0.2497603 0 0.9683077 0.0840643 0 0.9964604 -0.2497465 0 0.9683113 -0.2497465 0 0.9683113 0.4084681 0 0.9127727 -0.4084894 0 0.9127632 -0.4085193 0 0.9127497 0.5555535 0 0.8314809 0.408498 0 0.9127592 -0.5555403 0 0.8314897 -0.5555403 0 0.8314897 -0.8526297 0 0.5225158 0.6870053 0 0.7266525 -0.6870053 0 0.7266525 -0.7604078 0 0.649446 0.7604078 0 0.649446 0.7604078 0 0.6494459 0.7990012 0 0.6013295 -0.7990012 0 0.6013295 -0.7990142 0 0.6013122 0.8884515 0 0.4589706 0.7990142 0 0.6013122 -0.8884516 0 0.4589706 -0.8884439 0 0.4589853 0.9527763 0 0.3036732 0.8884439 0 0.4589852 -0.9527763 0 0.3036732 -0.9527729 0 0.3036836 -0.7071065 0 0.7071071 -0.7071076 0 0.7071061 -0.7604078 0 0.6494459 0.9901794 0 0.1398029 0.9527729 0 0.3036836 -0.9901794 0 0.1398029 0.9996066 0 -0.02804607 -0.9996059 0 -0.02807462 -0.9996058 0 -0.02807563 0.7071075 0 0.7071062 0.9807856 0 -0.1950893 0.9996066 0 -0.02804708 0 -1 0 -0.9807856 0 -0.1950893 -0.9807842 0 -0.1950963 0.9342467 0 -0.3566276 0.9807842 0 -0.1950963 0 -1 0 -0.9342562 0 -0.3566027 -0.9342562 0 -0.3566026 0.8613029 0 -0.5080919 0 -1 0 -0.8613154 0 -0.5080707 0 -1 2.9694e-7 0.7640552 0 -0.645151 0 -1 0 -0.7640269 0 -0.6451843 -0.7640419 0 -0.6451666 0.707104 0 -0.7071096 0.7640702 0 -0.6451332 0 -1 0 -0.7071071 0 -0.7071065 0.7071017 0 -0.707112 0.7071076 0 -0.7071061 -0.7071058 0 0.7071079 -0.7071058 0 0.7071079 0 -1 -4.72991e-7 0 -1 9.58523e-7 0 -1 -5.20201e-7 0 -1 0 -0.158479 0 -0.9873624 0 -1 -2.91232e-7 0.1584963 0 -0.9873596 0 -1 -1.10261e-6 0 -1 1.37274e-6 0 -1 -1.68897e-6 0.1585385 0 -0.9873528 0.1584717 0 -0.9873635 0 -1 -1.51645e-7 -0.3129501 0 -0.9497696 -0.158479 0 -0.9873623 0 -1 2.50998e-7 0 -1 0 0.3129501 0 -0.9497696 0.1584768 0 -0.9873628 0 -1 0 -0.4595128 0 -0.8881711 0 -1 0 0.4595128 0 -0.8881711 0.4595128 0 -0.8881712 -0.7071082 0 0.7071054 -0.7071094 0 0.7071042 0.2454313 0 0.9694141 0.4017331 0 0.9157568 -0.5470076 0 0.8371277 0.5470336 0 0.8371107 0.6772368 0 0.7357651 -0.6772262 0 0.7357749 -0.6772649 0 0.7357394 0 -1 0 -0.594457 0 -0.8041275 -0.4595128 0 -0.8881712 0 -1 0 0.594457 0 -0.8041275 0.5944601 0 -0.8041251 0.6771982 0 0.7358007 0 -1 -2.26256e-6 0.8794701 0 0.4759542 -0.8794942 0 0.4759098 -0.08211714 0 0.9966228 -0.08204436 0 0.9966288 0.08321905 0 0.9965313 -0.08321422 0 0.9965317 0.08204436 0 0.9966288 -0.2448968 0 0.9695492 -0.2448968 0 0.9695491 0.08211714 0 0.9966228 0.2448968 0 0.9695492 0.08321905 0 0.9965313 0.2460547 0 0.969256 -0.2460685 0 0.9692525 -0.2460685 0 0.9692525 -0.4011286 0 0.9160218 -0.401067 0 0.9160487 0.2448968 0 0.9695491 0.401067 0 0.9160487 0.2460547 0 0.969256 0.3851737 0 0.9228441 -0.3851737 0 0.9228441 -0.3851737 0 0.9228441 0 -1 2.03432e-6 0.9458175 0 0.3246989 -0.9458173 0 0.3246993 -0.9458173 0 0.3246993 -0.5464377 0 0.8374998 -0.5464377 0 0.8374997 0.4011286 0 0.9160218 0.5464644 0 0.8374823 -0.6768206 0 0.7361481 -0.6768603 0 0.7361115 0.5464643 0 0.8374823 0.6768603 0 0.7361115 0 -1 -1.91724e-6 0.9458175 0 0.3246989 0.9863677 0 0.1645562 -0.7887741 0 0.6146833 -0.7888017 0 0.6146478 0.6768206 0 0.7361481 0.7888017 0 0.6146478 0.7071071 0 0.7071065 0.7071077 0 0.7071059 0 -1 -2.05426e-6 0 -1 2.17212e-6 0.9863659 0 0.1645678 -0.8791902 0 0.476471 -0.8791736 0 0.4765017 0.7887741 0 0.6146833 0.8791736 0 0.4765017 0.986362 0 -0.164591 0 -1 6.50278e-7 -0.9456207 0 0.3252719 -0.9456207 0 0.3252719 0.8791902 0 0.4764709 0.9456207 0 0.3252719 0 -1 2.32224e-6 0 -1 -1.85075e-6 0.9458325 0 -0.3246551 0 -1 -2.44577e-7 -0.9458324 0 -0.3246555 0.3851737 0 0.9228441 0.5 0 0.8660255 -0.5 0 0.8660255 -0.9862689 0 0.1651477 -0.9862669 0 0.1651597 0 -1 3.32614e-6 0.9456207 0 0.3252719 0.9862574 0 0.1652163 0 -1 1.70287e-6 0 -1 2.48659e-6 0.9458325 0 -0.3246551 0.8794378 0 -0.476014 -0.8794618 0 -0.4759695 -0.9999999 0 5.82014e-4 -0.9999999 0 5.82014e-4 0.9862594 0 0.1652044 0.9999999 0 5.82014e-4 0 -1 1.83211e-7 -0.9864598 0 -0.1640035 -0.9864598 0 -0.1640034 0.9999999 0 5.82014e-4 0.9864598 0 -0.1640035 0 -1 -2.00513e-6 0 -1 -6.92524e-7 -0.7143832 0 -0.6997548 -0.5944601 0 -0.8041251 0.7143856 0 -0.6997523 -0.9460321 0 -0.324073 -0.9460244 0 -0.3240955 0.9864598 0 -0.1640034 0.9460066 0 -0.3241476 0.5469837 0 -0.8371434 0 -1 5.13929e-7 -0.5469576 0 -0.8371604 0 -1 3.01803e-6 0.4017331 0 -0.9157568 -0.879745 0 -0.4754458 -0.879745 0 -0.4754458 0.9460142 0 -0.3241251 0.879745 0 -0.4754458 0 -1 -1.81769e-7 0 -1 4.47744e-6 0 -1 -8.90808e-7 -0.789502 0 -0.6137481 -0.789502 0 -0.613748 0.879745 0 -0.4754458 0.789502 0 -0.6137481 0.6066201 0 0.7949919 -0.6066248 0 0.7949883 -0.6066201 0 0.7949919 0 -1 1.04309e-6 -0.6777425 0 -0.7352994 0.789502 0 -0.613748 0.6777425 0 -0.7352994 0 -1 -1.21653e-6 -0.5473989 0 -0.8368719 -0.5473989 0 -0.8368719 0.5474255 0 -0.8368545 -0.4022436 0 -0.9155327 -0.4023051 0 -0.9155057 0.4023051 0 -0.9155058 0 -1 4.50262e-7 -0.3851747 0 -0.9228438 0 -1 3.19449e-7 0.4022437 0 -0.9155328 0.385177 0 -0.9228428 0.3851702 0 -0.9228456 0 -1 -7.82012e-7 -0.5000361 0 -0.8660047 -0.385168 0 -0.9228465 0.5000141 0 -0.8660174 -0.7070964 0 0.7071171 0 -1 0 0 -1 -4.94281e-7 0.7071071 0 -0.7071065 0.7071097 0 -0.7071039 0 -1 1.58562e-7 0 -1 -2.74264e-6 -0.7143854 0 -0.6997525 -0.7143854 0 -0.6997525 0.6066248 0 0.7949883 0.6065819 0 0.7950211 0 -1 -1.59628e-7 -0.4999891 0 -0.8660318 -0.4999959 0 -0.8660279 0.4999959 0 -0.8660279 0.500014 0 -0.8660174 0 -1 -2.2284e-6 -0.6066106 0 0.7949992 -0.6066107 0 0.7949992 0 -1 -1.81428e-6 0 -1 1.9376e-6 0.714377 0 -0.6997611 0 -1 0 -0.7070955 0 -0.707118 -0.7071034 0 -0.7071102 0.7071058 0 0.7071079 0.7071055 0 0.7071081 0.7191159 0 0.6948903 0.6065819 0 0.7950211 -0.7191159 0 0.6948903 0.828163 0 0.5604875 -0.8281152 0 0.5605581 -0.8281372 0 0.5605256 0.8281409 0 0.5605199 0.9124028 0 0.4092937 -0.9123703 0 0.4093661 -0.9123821 0 0.4093399 0 -1 -1.59049e-6 -0.7189964 0 -0.6950138 -0.7190165 0 -0.694993 0.7190165 0 -0.694993 0.912391 0 0.4093198 0.9692848 0 0.2459409 -0.9693024 0 0.245872 -0.9692982 0 0.2458887 0.7071018 0 -0.7071118 0.6494352 0 -0.760417 0 -1 0 -0.6494352 0 -0.760417 -0.7071075 0 0.7071062 -0.7071074 0 0.7071062 0 -1 -1.62452e-7 -0.6103076 0 -0.7921646 -0.6103336 0 -0.7921445 0.7189964 0 -0.6950138 0.6103496 0 -0.7921322 0 -1 0 -0.6066267 0 -0.794987 -0.606621 0 -0.7949913 0.606621 0 -0.7949912 0.4999891 0 -0.8660318 0.9692891 0 0.2459242 0.9971759 0 0.07510143 -0.9971722 0 0.07515138 -0.9971718 0 0.07515662 0 -1 1.56206e-6 0.5224794 0 -0.852652 0 -1 -2.92887e-7 -0.5225211 0 -0.8526264 -0.522493 0 -0.8526436 -0.4887146 0 -0.8724438 -0.4887146 0 -0.8724437 0.6103235 0 -0.7921523 0.4886132 0 -0.8725005 0 -1 -2.70836e-6 0.4887408 0 -0.8724291 0.4886873 0 -0.8724591 0.9971764 0 0.07509618 0.9951981 0 -0.09788131 -0.9951934 0 -0.09792953 -0.9951927 0 -0.09793639 0.5225074 0 -0.8526348 0.3826819 0 -0.9238802 0 -1 1.60444e-6 -0.3827148 0 -0.9238666 -0.3826819 0 -0.9238802 0 -1 0 -0.3566964 0 -0.9342204 0 -1 2.78317e-7 0.4887294 0 -0.8724355 0.3567074 0 -0.9342162 0.3827148 0 -0.9238666 0.2334389 0 -0.9723715 0 -1 -2.96189e-7 -0.2334389 0 -0.9723715 -0.233439 0 -0.9723715 0.9951989 0 -0.09787452 0.9634254 0 -0.2679768 0 -1 4.80962e-7 -0.9634205 0 -0.2679948 -0.9634254 0 -0.2679768 -0.2170259 0 -0.9761658 -0.217026 0 -0.9761658 0 -1 -1.20854e-6 0.3567073 0 -0.9342162 0.2170819 0 -0.9761534 -0.2172543 0 -0.9761151 -0.2172543 0 -0.9761151 0.233439 0 -0.9723715 0.07848268 0 -0.9969155 0 -1 1.525e-7 -0.07844436 0 -0.9969186 -0.07848268 0 -0.9969155 0 -1 -8.35404e-7 -0.07286059 0 -0.9973421 0.2170819 0 -0.9761534 0.07286059 0 -0.9973421 0.07844436 0 -0.9969186 0 -1 -2.35245e-6 0.9634203 0 -0.2679948 0.9028007 0 -0.4300593 0 -1 1.40468e-6 -0.9027878 0 -0.4300864 -0.9028007 0 -0.4300592 0 -1 2.78787e-6 0.9027878 0 -0.4300864 0.8150955 0 -0.5793267 0 -1 5.7141e-7 -0.8150925 0 -0.5793309 -0.8150673 0 -0.5793665 0 -1 0 -0.7071074 0 0.7071062 0 -1 -2.14335e-5 0.8151208 0 -0.5792911 0.8151156 0 -0.5792984 0 -1 -2.61562e-7 -0.6066466 0 -0.7949717 -0.6066467 0 -0.7949717 0.6066226 0 -0.79499 0.6066266 0 -0.7949869 0 -1 -7.33885e-6 -0.8154789 0 -0.5787869 -0.8154788 0 -0.5787869 0 -1 0 0.7071055 0 0.7071081 0.7071065 0 0.7071071 0 -1 1.53447e-6 0.7030933 0 -0.7110977 0 -1 -5.22704e-7 -0.703058 0 -0.7111327 -0.7030933 0 -0.7110977 0 -1 5.32187e-7 -0.6006377 0 -0.7995213 -0.6006377 0 -0.7995214 0.6006699 0 -0.7994971 0.703058 0 -0.7111327 0.5698912 0 -0.8217202 0 -1 -4.23216e-7 -0.5699172 0 -0.8217021 -0.5699172 0 -0.8217022 0 -1 1.26538e-7 -0.4803653 0 -0.8770685 -0.4804304 0 -0.8770329 0 -1 -3.33156e-6 0.4804587 0 -0.8770174 0.4198021 0 -0.9076158 0 -1 0 -0.4197809 0 -0.9076255 -0.4197809 0 -0.9076254 0 -1 -2.28565e-6 -0.3502823 0 -0.9366443 -0.3503565 0 -0.9366165 0.4803936 0 -0.877053 0.3503566 0 -0.9366165 0.4198021 0 -0.9076157 0.2569575 0 -0.9664227 0 -1 4.8631e-7 -0.2569575 0 -0.9664227 0 -1 2.53872e-6 -0.2131338 0 -0.9770231 -0.2131337 0 -0.9770231 0 -1 4.2831e-6 0.3502823 0 -0.9366443 0.2131338 0 -0.9770231 0.08649241 0 -0.9962525 0 -1 1.39871e-7 -0.08656185 0 -0.9962465 -0.08649241 0 -0.9962525 0 -1 -1.08487e-6 -0.07161259 0 -0.9974325 0.2131337 0 -0.9770231 0.07160782 0 -0.997433 0 -1 0 0.08656185 0 -0.9962465 0 -1 0 -0.7071075 0 0.7071061 -0.7071062 0 0.7071074 0 -1 -2.10797e-7 0 -1 0 0 -1 2.12882e-6 0 -1 -1.752e-6 0 -1 1.53134e-6 0 -1 -1.32791e-6 0 -1 2.90643e-7 0 -1 6.30697e-7 0 -1 1.78314e-6 0 -1 0 0 -1 1.72385e-6 0 -1 -1.1846e-6 0 -1 0 0 -1 1.42921e-6 -0.7604041 0 0.6494503 0.08258616 0 0.996584 -0.08258843 0 0.9965838 0.2454912 0 0.9693989 -0.2454912 0 0.9693989 0 -1 -5.08387e-6 0 -1 1.70292e-6 0 -1 -1.52317e-6 0 -1 1.36811e-6 0.4016804 0 0.91578 -0.4017094 0 0.9157673 -0.4016805 0 0.91578 0.4017093 0 0.9157673 0.5469638 0 0.8371563 -0.5469513 0 0.8371645 0.6772766 0 0.7357285 -0.6772769 0 0.7357283 -0.6772568 0 0.7357468 0 -1 -5.65177e-6 -0.6774721 0 0.7355486 0.677258 0 0.7357457 0.7891284 0 0.6142284 0 -1 -5.08849e-7 -0.7891284 0 0.6142284 -0.7891284 0 0.6142283 0.7891284 0 0.6142283 0.8794708 0 0.4759529 0 -1 1.57097e-7 -0.8794786 0 0.4759384 -0.8794708 0 0.4759529 0.08266532 0 0.9965773 -0.08266067 0 0.9965779 -0.08266067 0 0.9965778 0.08266067 0 0.9965779 -0.2454313 0 0.969414 0.08266067 0 0.9965778 0.2454178 0 0.9694174 0.4016344 0 0.9158002 -0.4016344 0 0.9158002 0.8794786 0 0.4759385 0.9458229 0 0.3246831 0 -1 3.15702e-7 -0.9458145 0 0.3247076 -0.7890881 0 0.6142802 0.7891156 0 0.6142449 0.8794942 0 0.4759098 -0.8795017 0 0.4758958 -0.8795178 0 0.475866 0.8794704 0 0.4759535 0.9458229 0 0.3246831 0.98636 0 0.164603 0 -1 -3.70069e-7 -0.9863644 0 0.1645764 -0.9863644 0 0.1645764 0.9458075 0 0.324728 -0.9458 0 0.3247499 -0.9238798 0 0.382683 -0.9238783 0 0.3826864 0.9238783 0 0.3826864 0.9458 0 0.32475 0.9458173 0 0.3246993 0 -1 -8.11966e-7 0 -1 7.05262e-7 0.9863591 0 -0.1646085 0 -1 3.76282e-7 -0.9863625 0 -0.1645876 -0.9863635 0 -0.164582 0.945815 0 -0.3247061 -0.945815 0 -0.3247061 0 -1 4.86392e-7 0.945815 0 -0.3247061 -0.8794856 0 -0.4759258 -0.8794855 0 -0.4759257 0.9458323 0 -0.3246555 0.8794381 0 -0.4760133 0 -1 2.83519e-7 0.9863581 0 -0.1646142 0.9458229 0 -0.3246831 -0.9458145 0 -0.3247076 0 -1 -1.42397e-6 0.6772752 0 -0.7357298 -0.6772753 0 -0.7357298 0 -1 1.97827e-6 0.6773034 0 -0.7357038 0 -1 -2.47695e-7 0 -1 2.72036e-6 0.5468577 0 -0.8372256 -0.5469077 0 -0.8371929 -0.5468577 0 -0.8372257 0 -1 1.05281e-6 -0.5469337 0 -0.837176 -0.5468837 0 -0.8372087 0 -1 1.6265e-7 -0.9723696 0 0.2334469 0.9238798 0 0.382683 0.9723696 0 0.2334469 0.9458229 0 -0.3246831 0.8794786 0 -0.4759384 -0.8794708 0 -0.4759529 -0.8794786 0 -0.4759385 0.5469077 0 -0.837193 0 -1 -4.83702e-6 0.401754 0 -0.9157477 -0.2454983 0 -0.9693971 0 -1 -8.29828e-7 0 -1 8.92797e-6 0.08266532 0 -0.9965773 0 -1 2.04063e-6 -0.08266067 0 -0.9965779 -0.08266067 0 -0.9965778 0 -1 -8.24402e-6 0.08266067 0 -0.9965779 0 -1 2.36293e-6 0 -1 4.90028e-7 0.08266067 0 -0.9965778 0.8794708 0 -0.4759529 0.7891544 0 -0.614195 -0.7891414 0 -0.6142117 -0.7891545 0 -0.6141949 0.7891414 0 -0.6142116 0.6772743 0 -0.7357306 -0.6769333 0 -0.7360444 -0.6772028 0 -0.7357964 -0.6773213 0 -0.7356874 -0.6772843 0 -0.7357214 0 -1 0 -0.9723705 0 0.2334432 0.6772359 0 -0.7357659 -0.6773117 0 -0.7356961 -0.6772679 0 -0.7357366 0 -1 9.102e-7 0.9723705 0 0.2334432 0.6772797 0 -0.7357257 0.5469638 0 -0.8371563 -0.5469513 0 -0.8371645 0 -1 0 0.4017093 0 -0.9157673 0 -1 0 -0.4016804 0 -0.9157799 -0.4017094 0 -0.9157673 0.4016804 0 -0.91578 0.2454912 0 -0.9693989 0 -1 0 -0.2454912 0 -0.9693989 -0.9969174 0 0.07845813 -0.9969173 0 0.07845962 0.9969173 0 0.07845962 0 -1 -3.17816e-7 0.08258616 0 -0.996584 0 -1 0 -0.08258843 0 -0.9965838 0.9969174 0 0.07845813 0 -1 0 0 -1 0 0 -1 0 0 -1 0 0.8822361 0 0.4708072 0.8822361 0 0.4708072 -0.07213622 0 0.9973948 -0.2293499 0 0.973344 -0.0721746 0 0.9973921 -0.3779031 0 0.9258452 -0.2293499 0 0.9733441 -0.5385343 0 0.8426036 -0.3778607 0 0.9258624 -0.6253013 0 0.7803834 -0.6253013 0 0.7803835 -0.7433992 0 0.668848 -0.8355611 0 0.5493977 -0.7433762 0 0.6688736 -0.9139276 0 0.4058774 -0.8355611 0 0.5493977 -0.9657325 0 0.2595396 -0.9139364 0 0.4058575 -0.9967061 0 0.08109849 -0.965736 0 0.2595266 -0.9954834 0 -0.0949369 -0.9967064 0 0.08109551 0 -1 0 -0.9664409 0 -0.2568894 -0.9954831 0 -0.0949397 0 -1 0 0.954897 0 0.2969372 0.9548969 0 0.2969376 0 -1 8.98005e-7 -0.9462211 0 -0.323521 -0.9664392 0 -0.2568957 0 -1 0 -0.9462009 0 -0.3235799 -0.9548898 0 -0.2969604 0 -1 0 0 -1 0 0.9171044 0 0.3986475 0 -1 0 -0.9171037 0 -0.398649 -0.9171037 0 -0.398649 0.9965845 0 0.08257907 0.9965845 0 0.08257907 0 -1 0 -0.9965845 0 0.08257907 0 -1 1.34647e-7 -0.9965845 0 0.08257907 -0.9694008 0 0.2454834 -0.9693998 0 0.2454873 0.9694008 0 0.2454834 0 -1 -3.36432e-6 -0.9548898 0 -0.2969604 0 -1 -1.69196e-7 -0.9693988 0 0.2454911 -0.9693976 0 0.245496 0 -1 0 0 -1 4.55847e-6 0 -1 1.59843e-7 0.9171044 0 0.3986474 0.9171017 0 0.3986534 0 -1 -3.09994e-6 -0.9170966 0 -0.3986652 -0.9171554 0 -0.3985298 0.9694008 0 0.2454834 0.9693998 0 0.2454873 0 -1 0 0 -1 0 0.9170429 0 0.3987888 -0.9157752 0 0.4016914 0.9157723 0 0.4016978 0.9157738 0 0.4016945 0.9693996 0 0.2454883 -0.9157736 0 0.4016947 -0.8371695 0 0.5469438 -0.8371694 0 0.5469438 0.8371695 0 0.5469437 -0.8371633 0 0.546953 -0.8371633 0 0.5469531 0.8371363 0 0.5469943 -0.7357252 0 0.6772803 0.7357252 0 0.6772803 -0.6142098 0 0.7891429 0.6142155 0 0.7891384 0.6142098 0 0.7891429 -0.6142155 0 0.7891384 -0.4759473 0 0.8794738 0.4759458 0 0.8794746 -0.3247041 0 0.9458157 0.3247052 0 0.9458153 0.3247053 0 0.9458153 -0.3247041 0 0.9458158 -0.1645935 0 0.9863615 0.1645957 0 0.9863612 0.1644676 0 0.9863825 -0.1645846 0 0.9863629 0.1645703 0 0.9863654 0 1 0 0 1 0 0 1 0 0 1 9.2472e-7 0 1 -3.33228e-7 0 1 3.9993e-7 0 1 0 0 1 0 0 1 0 0 1 0 0 1 0 0 1 0 0 1 0 0 1 4.44354e-7 0 1 -5.3902e-7 0 1 5.57569e-4 0 1 1.27967e-7 0 1 9.69669e-7 0 1 0 0 1 0 0 1 0 0 1 -7.2263e-7 0 1 0 0 1 0 0 1 0 0 1 0 0 1 0 0 1 9.06707e-7 0 1 -4.38147e-7 0 1 5.89088e-7 0 1 2.3212e-7 0 1 -1.67327e-7 0 1 -1.10949e-6 0 1 4.81853e-7 0 1 2.43196e-6 0 1 3.93173e-7 0 1 -1.20571e-6 0 1 -6.66262e-7 0 1 4.76333e-6 0 1 1.72802e-7 0 1 1.5808e-7 0 1 0 0 1 -1.8534e-7 0 1 0 0 1 -3.8748e-7 0 1 -6.70781e-7 0 1 2.20085e-7 0 1 4.09689e-7 0 1 -1.01088e-6 0 1 0 0 1 -3.02032e-7 0 1 2.38395e-7 0 1 0 0 1 0 0 1 -7.30085e-7 0 1 -2.53365e-7 0 1 -2.79387e-7 0 1 3.70072e-7 0 1 -7.17353e-7 0 1 2.18215e-6 0 1 -8.80599e-7 0 1 1.24457e-6 0 1 -1.66902e-6 0 1 -7.34179e-7 0 1 2.73754e-7 0 1 -1.25802e-6 0 1 4.45227e-6 0 1 1.26783e-6 0 1 -6.83368e-7 0 1 -6.49008e-6 0 1 4.35523e-6 0 1 1.86381e-7 0 1 -1.37031e-7 0 1 1.5479e-7 0 1 0 0 1 0 0 1 0 0 1 -1.43332e-7 0 1 -7.71795e-7 0 1 1.18645e-6 0 1 1.33296e-6 0 1 1.08811e-6 0 1 -3.92766e-7 0 1 2.09743e-7 0 1 0 0 1 -1.20988e-6 0 1 -5.72942e-7 0 1 6.02744e-7 0 1 4.6942e-7 0 1 -1.27466e-7 0 1 0 0 1 -2.26721e-7 0 1 -3.26948e-7 0 1 1.39927e-6 0 1 0 0 1 1.57705e-6 0 1 0 0 1 -9.94912e-7 0 1 -1.37761e-6 0 1 4.03953e-7 0 1 0 0 1 4.00173e-7 0 1 -4.31284e-7 0 1 0 0 1 2.03042e-7 0 1 1.02201e-6 0 1 -5.14908e-7 0 1 -1.32786e-7 0 1 -8.85533e-7 0 1 0 0 1 -7.52185e-7 0 1 -2.22919e-7 0 1 -1.20549e-7 0 1 9.993e-7 0 1 2.84443e-7 0 1 1.42457e-6 0 1 4.23597e-7 0 1 0 0 1 4.19972e-7 0 1 1.22132e-6 0 1 -2.80782e-6 0 1 -3.16733e-6 0 1 3.62042e-6 0 1 -3.28174e-7 0 1 -3.40317e-6 0 1 4.43769e-6 0 1 5.42661e-6 0 1 -4.13337e-7 0 1 -1.84215e-7 0 1 0 0 1 1.36212e-7 0 1 0 0 1 1.7245e-7 0 1 -3.62387e-7 0 1 0 0 1 -1.39981e-7 0 1 0 0 1 2.21004e-7 0 1 0 0 1 0 0 1 -4.36352e-7 0 1 -1.07396e-6 0 1 1.91688e-6 0 1 1.79864e-6 0 1 1.76866e-6 0 1 4.45157e-6 0 1 -3.22431e-6 0 1 1.08019e-6 0 1 -1.37817e-6 0 1 7.19416e-7 0 1 1.7152e-6 0 1 2.7446e-6 0 1 1.9183e-6 0 1 2.06445e-6 0 1 -3.18536e-6 0 1 1.83716e-6 0 1 -2.07185e-6 0 1 -1.88974e-6 0 1 1.89403e-6 0 1 -1.95823e-6 0 1 -3.17824e-6 0 1 1.05671e-6 0 1 -2.47371e-6 0 1 2.04166e-6 0 1 1.5617e-6 0 1 -1.64087e-6 0 1 1.03372e-5 0 1 -2.25339e-7 0 1 1.32356e-6 0 1 -2.94241e-6 0 1 3.67836e-6 0 1 -1.36412e-6 0 1 0 0 1 -5.93144e-6 0 1 2.09453e-6 0 1 1.77079e-6 0 1 -2.28427e-6 0 1 1.83481e-6 0 1 -2.50285e-6 0 1 2.16425e-7 0 1 8.08728e-6 0 1 -5.59268e-6 0 1 3.64527e-6 0 1 1.99385e-7 0 1 -5.45554e-6 0 1 -2.10372e-6 0 1 1.87232e-6 0 1 -1.92854e-6 0 1 2.26357e-7 0 1 8.79291e-7 0 1 -8.21914e-7 0 1 0 0 1 -1.31065e-7 0 1 3.69954e-6 0 1 -2.48326e-6 0 1 -3.0167e-6 0 1 -3.12066e-7 0 1 -2.08044e-6 0 1 1.43643e-6 0 1 1.43643e-6 0 1 3.90785e-6 0 1 -8.23501e-7 0 1 3.37148e-6 0 1 -3.56788e-7 0 1 1.71211e-6 0 1 4.64396e-7 0 1 -2.99108e-7 0 1 -1.57029e-6 0 1 1.47292e-6 0 1 -1.16519e-6 0 1 1.16638e-6 0 1 1.62272e-7 0 1 3.13841e-6 0 1 1.56919e-6 0 1 -1.0543e-6 0 1 -1.24362e-7 0 1 2.4917e-7 0 1 -3.55958e-7 0 1 0 0 1 1.33873e-6 0 1 -1.00219e-6 0 1 0 0 1 1.56405e-6 0 1 -2.4688e-7 0 1 -2.54236e-7 0 1 -9.23308e-7 0 1 3.52686e-7 0 1 1.90904e-6 0 1 1.49826e-6 0 1 7.06313e-7 0 1 8.07361e-7 0 1 -1.28527e-7 0 1 -2.72552e-6 0 1 -1.01154e-6 0 1 -9.57418e-7 0 1 -2.28356e-6 0 1 1.69656e-6 0 1 0 0 1 0 0 1 -1.69656e-6 0 1 1.56919e-6 0 1 -1.83602e-6 0 1 -1.2143e-7 0 1 -1.47292e-6 0 1 2.33815e-7 0 1 -1.01251e-6 0 1 -1.18355e-6 0 1 5.85008e-7 0 1 1.8463e-6 0 1 -1.68325e-7 0 1 -1.04832e-6 0 1 0 0 1 -3.34452e-7 0 1 1.57029e-6 0 1 0 0 1 -1.2241e-6 0 1 6.11473e-7 0 1 -8.90857e-7 0 1 -1.76076e-6 0 1 -4.62344e-7 0 1 1.19159e-6 0 1 4.55183e-7 0 1 -3.37148e-6 0 1 -8.54734e-7 0 1 0 0 1 2.20436e-7 0 1 -8.33352e-7 0 1 2.20561e-7 0 1 1.11039e-6 0 1 -3.90801e-6 0 1 2.6816e-7 0 1 1.85395e-7 0 1 2.00293e-6 0 1 2.12917e-7 0 1 -1.9293e-7 0 1 3.40429e-7 0 1 8.63537e-7 0 1 -6.2194e-7 0 1 -3.40562e-7 0 1 8.91737e-7 0 1 2.82896e-6 0 1 -1.15677e-6 0 1 -1.14835e-6 0 1 -2.94169e-7 0 1 -3.30686e-7 0 1 -3.6534e-7 0 1 -9.37931e-7 0 1 4.8733e-7 0 1 -9.6427e-7 0 1 -3.48732e-6 0 1 1.1734e-6 0 1 1.43996e-6 0 1 4.33456e-7 0 1 5.36907e-6 0 1 4.76127e-7 0 1 1.3727e-7 0 1 2.57781e-6 0 1 -2.74599e-7 0 1 9.76837e-7 0 1 -6.07741e-7 0 1 3.77717e-6 0 1 -5.5786e-7 0 1 -2.52948e-7 0 1 -7.6026e-6 0 1 -3.26947e-6 0 1 1.35106e-6 0 1 -4.68947e-7 0 1 6.80769e-7 0 1 6.59965e-7 0 1 2.66672e-6 0 1 6.08535e-7 0 1 -1.44277e-7 0 1 -1.40314e-6 0 1 1.81505e-6 0 1 -1.09654e-6 0 1 2.63524e-6 0 1 2.01986e-6 0 1 -1.02948e-6 0 1 -5.11858e-6 0 1 -7.97435e-7 0 1 -1.34107e-6 0 1 4.63572e-6 0 1 -3.27882e-7 0 1 5.94694e-7 0 1 -7.15988e-7 0 1 0 0 1 1.02969e-6 0 1 -7.11132e-7 0 1 0 0 1 -1.09472e-6 0 1 1.04831e-6 0 1 -9.62071e-7 0 1 6.16419e-7 0 1 -1.03477e-6 0 1 -1.35749e-6 0 1 -2.75612e-7 0 1 -1.89886e-6 0 1 0 0 1 -8.23539e-7 0 1 9.09157e-7 0 1 -6.02143e-7 0 1 0 0 1 2.46646e-7 0 1 -2.46653e-7 0 1 0 0 1 2.57371e-6 0 1 0 0 1 0 0 1 0 0 1 -5.63728e-7 0 1 0 0 1 1.59165e-5 0 1 1.08581e-6 0 1 -2.26942e-6 0 1 0 0 1 0 0 1 0 0 1 1.16735e-6 0 1 8.08005e-7 0 1 -7.65448e-7 0 1 5.77853e-7 0 1 2.23935e-7 0 1 1.803e-7 0 1 -7.66307e-7 0 1 -2.77793e-7 0 1 0 0 1 -8.97051e-7 0 1 3.03559e-7 0 1 0 0 1 1.53866e-7 0 1 3.01021e-7 0 1 0 0 1 2.25975e-7 0 1 -1.17326e-6 0 1 -2.29066e-7 0 1 0 0 1 1.01709e-6 0 1 3.62092e-7 0 1 3.51602e-7 0 1 1.41403e-6 0 1 2.89577e-7 0 1 0 0 1 -3.66905e-7 0 1 -8.40506e-7 0 1 1.30475e-6 0 1 1.60859e-6 0 1 -1.41403e-6 0 1 7.66307e-7 0 1 -1.16744e-6 0 1 0 0 1 0 0 1 1.97585e-6 0 1 3.66905e-7 0 1 -3.62092e-7 0 1 0 0 1 0 0 1 2.98786e-6 0 1 0 0 1 5.83734e-7 0 1 5.77861e-7 0 1 1.71667e-7 0 1 -1.90076e-7 0 1 1.53876e-7 0 1 3.0103e-7 0 1 2.25961e-7 0 1 -1.17322e-6 0 1 1.3048e-6 0 1 1.6085e-6 0 1 -1.41409e-6 0 1 7.6627e-7 0 1 0 0 1 1.97597e-6 0 1 3.66922e-7 0 1 -1.35369e-5 0 1 -2.07366e-6 0 1 0 0 1 1.56106e-6 0 1 6.746e-7 0 1 9.00543e-7 0 1 2.24168e-7 0 1 3.28329e-7 0 1 -1.4709e-6 0 1 -2.7823e-7 0 1 -3.71731e-7 0 1 -1.89376e-6 0 1 4.99118e-7 0 1 3.91663e-7 0 1 3.79748e-7 0 1 5.63149e-7 0 1 -7.26069e-7 0 1 -1.14343e-6 0 1 6.6942e-7 0 1 -2.56794e-6 0 1 -8.63693e-7 0 1 4.40401e-7 0 1 3.91034e-6 0 1 4.6477e-6 0 1 4.42148e-6 0 1 1.89705e-5 0 1 -3.71768e-6 0 1 -9.2885e-6 0 1 -2.77148e-7 0 1 1.06128e-6 0 1 9.45853e-7 0 1 -1.13823e-6 0 1 1.14221e-6 0 1 0 0 1 -1.16735e-6 0 1 0 0 1 2.07015e-7 0 1 -3.62109e-7 0 1 2.98757e-6 0 1 -1.88366e-6 0 1 -6.75935e-7 0 1 -1.01444e-6 0 1 6.61004e-7 0 1 -3.35466e-7 0 1 -2.83111e-7 0 1 0 0 1 0 0 1 0 0 1 5.83751e-7 0 1 1.71662e-7 0 1 1.80309e-7 0 1 -1.9009e-7 0 1 0 0 1 -8.97025e-7 0 1 3.03555e-7 0 1 -1.17318e-6 0 1 -2.29073e-7 0 1 0 0 1 5.83775e-7 0 1 1.71656e-7 0 1 1.80297e-7 0 1 -7.6627e-7 0 1 -1.90085e-7 0 1 0 0 1 3.03545e-7 0 1 1.53884e-7 0 1 3.01048e-7 0 1 2.25956e-7 0 1 -1.17314e-6 0 1 -2.29072e-7 0 1 0 0 1 1.01706e-6 0 1 3.51617e-7 0 1 1.41409e-6 0 1 2.89569e-7 0 1 0 0 1 -3.66922e-7 0 1 2.06031e-7 0 1 0 0 1 -1.08584e-6 0 1 8.15986e-7 0 1 -7.37215e-7 0 1 -4.04053e-7 0 1 1.45115e-6 0 1 1.90967e-7 0 1 -1.50535e-6 0 1 0 0 1 -2.04242e-6 0 1 3.17817e-7 0 1 0 0 1 1.57924e-6 0 1 -1.3409e-7 0 1 9.18072e-7 0 1 -3.01124e-7 0 1 3.37801e-7 0 1 -1.51859e-6 0 1 -4.38146e-7 0 1 1.19828e-6 0 1 -1.96866e-6 0 1 4.73456e-7 0 1 1.84488e-6 0 1 3.99753e-7 0 1 -8.98247e-7 0 1 -2.06889e-6 0 1 7.2193e-7 0 1 1.80042e-6 0 1 -2.65007e-6 0 1 7.17561e-7 0 1 -2.79824e-6 0 1 4.93017e-7 0 1 -9.53917e-7 0 1 1.65535e-5 0 1 -3.67009e-6 0 1 -2.48886e-6 0 1 3.64783e-4 0 1 -3.43601e-7 0 1 9.4277e-7 0 1 -3.15257e-6 0 1 7.61683e-7 0 1 0 0 1 1.38217e-7 0 1 2.4898e-7 0 1 2.39634e-7 0 1 9.62071e-7 0 1 1.91381e-7 0 1 -2.46646e-7 0 1 0 0 1 1.37802e-7 0 1 6.02137e-7 0 1 -1.43737e-7 0 1 1.36991e-7 0 1 -1.38246e-7 0 1 -4.4377e-7 0 1 1.0181e-6 0 1 1.85154e-7 0 1 0 0 1 -1.02739e-6 0 1 1.78058e-6 0 1 1.78157e-6 0 1 1.7215e-6 0 1 3.45476e-6 0 1 -2.66672e-6 0 1 1.01247e-6 0 1 -1.33873e-6 0 1 2.03882e-6 0 1 1.40314e-6 0 1 6.2194e-7 0 1 -2.64014e-6 0 1 1.78182e-6 0 1 1.80219e-6 0 1 -1.97386e-6 0 1 -1.87092e-6 0 1 -2.63524e-6 0 1 1.76086e-6 0 1 -1.84633e-6 0 1 1.01154e-6 0 1 0 0 1 8.85383e-6 0 1 -1.81366e-7 0 1 1.52484e-6 0 1 -1.58892e-6 0 1 1.93427e-6 0 1 -2.30384e-6 0 1 1.64718e-6 0 1 -1.17339e-6 0 1 1.15682e-6 0 1 -4.31679e-6 0 1 0 0 1 1.7379e-6 0 1 -2.16169e-6 0 1 1.74586e-7 0 1 -2.22983e-6 0 1 1.70961e-6 0 1 -4.63572e-6 0 1 1.31709e-7 0 1 3.26947e-6 0 1 -2.00276e-6 0 1 1.83602e-6 0 1 -1.90895e-6 0 1 1.9293e-7 0 1 0 0 1 7.15988e-7 0 1 -6.80769e-7 0 1 2.34338e-7 0 1 3.56085e-6 0 1 5.84636e-6 0 1 -1.05158e-5 0 1 -1.97545e-6 0 1 6.32143e-6 0 1 6.32143e-6 0 1 1.50375e-6 0 1 -4.64309e-6 0 1 -4.64309e-6 0 1 3.77149e-6 0 1 -3.56152e-6 0 1 -1.14131e-6 0 1 1.71197e-6 0 1 3.48328e-6 0 1 1.47292e-6 0 1 4.49873e-7 0 1 1.57029e-6 0 1 -2.99141e-7 0 1 1.47292e-6 0 1 -2.9914e-7 0 1 -1.69655e-6 0 1 -1.6145e-6 0 1 1.56919e-6 0 1 2.49184e-7 0 1 2.49184e-7 0 1 -3.55978e-7 0 1 0 0 1 1.33867e-6 0 1 -1.00214e-6 0 1 0 0 1 1.56396e-6 0 1 -2.46866e-7 0 1 -2.54222e-7 0 1 -9.2326e-7 0 1 3.52666e-7 0 1 1.90892e-6 0 1 1.49822e-6 0 1 7.06337e-7 0 1 -1.56919e-6 0 1 -7.82489e-7 0 1 1.69655e-6 0 1 -9.57421e-7 0 1 -1.47292e-6 0 1 -1.21426e-7 0 1 2.33808e-7 0 1 -1.01247e-6 0 1 -1.18354e-6 0 1 5.84999e-7 0 1 1.42307e-6 0 1 1.84633e-6 0 1 1.57029e-6 0 1 -1.57029e-6 0 1 -3.34461e-7 0 1 1.57029e-6 0 1 0 0 1 -1.22409e-6 0 1 6.11458e-7 0 1 -8.90854e-7 0 1 -2.17674e-6 0 1 -1.76074e-6 0 1 -4.62332e-7 0 1 1.19156e-6 0 1 4.55177e-7 0 1 -8.54723e-7 0 1 0 0 1 2.20427e-7 0 1 -8.33282e-7 0 1 2.20549e-7 0 1 1.1103e-6 0 1 7.07153e-7 0 1 2.68136e-7 0 1 1.85383e-7 0 1 -1.5911e-6 0 1 2.00277e-6 0 1 2.129e-7 0 1 -3.77149e-6 0 1 5.06527e-6 0 1 -1.92939e-7 0 1 3.40456e-7 0 1 8.63637e-7 0 1 -6.21965e-7 0 1 -3.40586e-7 0 1 8.9183e-7 0 1 -1.15683e-6 0 1 -1.14848e-6 0 1 -2.94194e-7 0 1 3.26467e-6 0 1 -3.30716e-7 0 1 4.64309e-6 0 1 -3.65321e-7 0 1 -9.37893e-7 0 1 4.87317e-7 0 1 -9.64239e-7 0 1 -6.32143e-6 0 1 2.74049e-7 0 1 1.17339e-6 0 1 1.43991e-6 0 1 4.33445e-7 0 1 -6.32143e-6 0 1 4.76115e-7 0 1 -2.75727e-7 0 1 1.37283e-7 0 1 2.57809e-6 0 1 -2.74619e-7 0 1 -7.08169e-7 0 1 -6.07811e-7 0 1 3.77685e-6 0 1 0 0 1 -5.57928e-7 0 1 -2.52969e-7 0 1 -3.26985e-6 0 1 1.35115e-6 0 1 -4.68938e-7 0 1 6.80798e-7 0 1 6.08551e-7 0 1 -1.44278e-7 0 1 1.81509e-6 0 1 -1.09656e-6 0 1 -1.02949e-6 0 1 -5.11861e-6 0 1 -7.97443e-7 0 1 -5.78585e-7 0 1 0 0 1 0 0 1 4.82283e-7 0 1 -3.88953e-7 0 1 1.04827e-6 0 1 -9.62101e-7 0 1 6.16346e-7 0 1 -1.35752e-6 0 1 -2.75602e-7 0 1 -1.89848e-6 0 1 -1.64706e-6 0 1 -1.10831e-6 0 1 -1.32837e-6 0 1 -6.02137e-7 0 1 0 0 1 2.46653e-7 0 1 0 0 1 0 0 1 0 0 1 -2.94162e-7 0 1 0 0 1 3.77461e-7 0 1 0 0 1 6.90883e-7 0 1 -4.76459e-7 0 1 -4.96331e-7 0 1 4.96205e-7 0 1 2.2747e-7 0 1 -3.31854e-7 0 1 0 0 1 -1.71297e-7 0 1 0 0 1 0 0 1 0 0 1 0 0 1 -1.31726e-7 0 1 0 0 1 -2.63473e-7 0 1 0 0 1 0 0 1 2.2666e-7 0 1 -2.63455e-7 0 1 -3.75691e-6 0 1 7.74114e-7 0 1 0 0 1 1.16726e-6 0 1 -6.73514e-7 0 1 9.29334e-7 0 1 1.80295e-7 0 1 0 0 1 1.41661e-7 0 1 -8.24017e-7 0 1 1.53891e-6 0 1 0 0 1 -2.1197e-7 0 1 1.30486e-6 0 1 1.60842e-6 0 1 -1.41416e-6 0 1 0 0 1 -2.18868e-6 0 1 0 0 1 -1.72388e-6 0 1 2.98814e-6 0 1 -2.07352e-6 0 1 0 0 1 -7.07135e-7 0 1 1.02331e-6 0 1 3.28336e-7 0 1 -1.47093e-6 0 1 0 0 1 -1.89371e-6 0 1 1.73351e-7 0 1 3.79734e-7 0 1 -1.07852e-6 0 1 6.75954e-7 0 1 6.69451e-7 0 1 2.201e-6 0 1 -8.63743e-7 0 1 -1.34367e-6 0 1 4.404e-7 0 1 -5.29821e-6 0 1 4.64762e-6 0 1 4.4214e-6 0 1 1.89699e-5 0 1 -1.5088e-6 0 1 -9.28798e-6 0 1 9.73307e-6 0 1 -7.03349e-7 0 1 0 0 1 1.05635e-6 0 1 -7.24587e-7 0 1 1.09396e-6 0 1 -1.00045e-6 0 1 6.31186e-7 0 1 -1.04908e-6 0 1 0 0 1 4.00314e-7 0 1 -2.17349e-7 0 1 -1.65596e-6 0 1 0 0 1 -1.92952e-6 0 1 2.56745e-7 0 1 -2.5645e-7 0 1 0 0 1 0 0 1 2.61725e-6 0 1 0 0 1 1.27064e-6 0 1 -6.83983e-7 0 1 6.53316e-7 0 1 9.57686e-7 0 1 2.10937e-7 0 1 -9.06112e-7 0 1 0 0 1 0 0 1 -1.08017e-6 0 1 1.50521e-7 0 1 0 0 1 1.90356e-7 0 1 -8.91857e-7 0 1 -1.5113e-7 0 1 2.87268e-7 0 1 1.70406e-6 0 1 -3.00104e-7 0 1 0 0 1 -3.24997e-7 0 1 0 0 1 5.15133e-7 0 1 4.998e-7 0 1 2.01463e-6 0 1 4.29392e-7 0 1 -5.313e-7 0 1 1.11563e-6 0 1 -7.5352e-7 0 1 -1.08931e-6 0 1 1.20114e-6 0 1 6.6382e-7 0 1 -1.07967e-6 0 1 -1.00845e-6 0 1 4.57216e-7 0 1 3.55242e-7 0 1 3.44885e-7 0 1 9.85785e-7 0 1 0 0 1 -1.99521e-6 0 1 -1.67432e-6 0 1 2.80209e-7 0 1 -2.79167e-7 0 1 0 0 1 0 0 1 2.71103e-6 0 1 0 0 1 1.29722e-6 0 1 -6.86444e-7 0 1 6.73848e-7 0 1 9.6456e-7 0 1 2.19663e-7 0 1 -9.46482e-7 0 1 0 0 1 0 0 1 -1.13437e-6 0 1 1.52766e-7 0 1 0 0 1 2.01516e-7 0 1 -9.09343e-7 0 1 -1.65709e-7 0 1 3.06735e-7 0 1 1.74789e-6 0 1 -3.23553e-7 0 1 0 0 1 -3.71293e-7 0 1 -1.22923e-7 0 1 5.71591e-7 0 1 5.5448e-7 0 1 2.23686e-6 0 1 4.83994e-7 0 1 -5.93497e-7 0 1 1.85759e-7 0 1 -5.38345e-7 0 1 1.27233e-7 0 1 0 0 1 -2.33272e-7 0 1 4.00763e-7 0 1 0 0 1 0 0 1 -2.03223e-7 0 1 0 0 1 0 0 1 0 0 1 -4.62668e-7 0 1 3.14686e-7 0 1 2.25017e-7 0 1 -1.30283e-7 0 1 8.80696e-7 0 1 1.5726e-6 0 1 -1.13863e-6 0 1 -7.97283e-7 0 1 -1.07945e-6 0 1 1.93349e-6 0 1 4.60032e-6 0 1 -3.30164e-6 0 1 1.0884e-6 0 1 -1.3828e-6 0 1 -2.68826e-6 0 1 -1.82762e-6 0 1 2.14794e-7 0 1 -1.33574e-7 0 1 2.30852e-7 0 1 9.02345e-7 0 1 -8.41456e-7 0 1 3.71559e-6 0 1 9.79992e-7 0 1 4.54473e-7 0 1 8.68844e-7 0 1 1.34393e-7 0 1 -5.62212e-7 0 1 0 0 1 0 0 1 -6.41286e-7 0 1 1.24424e-7 0 1 0 0 1 0 0 1 -6.99101e-7 0 1 0 0 1 1.50451e-7 0 1 1.25321e-6 0 1 -1.47144e-7 0 1 0 0 1 0 0 1 0 0 1 2.13177e-7 0 1 2.07152e-7 0 1 8.31228e-7 0 1 1.63987e-7 0 1 -2.12365e-7 0 1 0 0 1 1.95388e-7 0 1 1.93391e-7 0 1 -2.30804e-7 0 1 -2.19714e-7 0 1 2.86775e-7 0 1 0 0 1 -5.65949e-7 0 1 1.32713e-7 0 1 6.56252e-7 0 1 -9.41708e-7 0 1 0 0 1 -1.15369e-6 0 1 2.17018e-6 0 1 1.82559e-6 0 1 1.84579e-6 0 1 -4.24441e-6 0 1 5.6352e-7 0 1 -4.73216e-6 0 1 1.20289e-6 0 1 -1.44315e-6 0 1 9.45165e-7 0 1 2.59481e-6 0 1 2.17195e-6 0 1 -4.64891e-6 0 1 1.89306e-6 0 1 -2.24105e-6 0 1 -1.91953e-6 0 1 2.14091e-6 0 1 -2.15768e-6 0 1 1.13381e-6 0 1 -4.63388e-6 0 1 2.23103e-6 0 1 -2.78648e-6 0 1 1.62154e-6 0 1 -1.7271e-6 0 1 -3.57399e-7 0 1 1.38857e-5 0 1 3.57312e-6 0 1 -1.81321e-6 0 1 1.69639e-6 0 1 1.82369e-6 0 1 -2.373e-6 0 1 2.06557e-6 0 1 -3.29567e-6 0 1 -5.36656e-7 0 1 3.23402e-7 0 1 -7.47016e-6 0 1 4.41938e-6 0 1 -2.27838e-6 0 1 1.9304e-6 0 1 -1.95959e-6 0 1 8.95756e-6 0 1 -2.76076e-7 0 1 3.07639e-7 0 1 -1.76021e-7 0 1 1.34762e-6 0 1 -1.2016e-6 0 1 3.93205e-6 0 1 2.41311e-6 0 1 -2.73031e-6 0 1 -2.16705e-6 0 1 -2.20847e-6 0 1 3.6514e-6 0 1 6.05334e-6 0 1 -4.47782e-6 0 1 3.6514e-6 0 1 1.50391e-6 0 1 -3.56189e-6 0 1 3.48278e-6 0 1 1.47284e-6 0 1 -1.57039e-6 0 1 4.64379e-7 0 1 1.57039e-6 0 1 -2.99097e-7 0 1 -1.69666e-6 0 1 -1.16526e-6 0 1 1.16646e-6 0 1 1.5691e-6 0 1 1.5691e-6 0 1 -1.05424e-6 0 1 0 0 1 2.49198e-7 0 1 2.49199e-7 0 1 0 0 1 -1.00208e-6 0 1 0 0 1 1.56388e-6 0 1 -2.46852e-7 0 1 -2.54209e-7 0 1 -9.23226e-7 0 1 3.52646e-7 0 1 1.90883e-6 0 1 1.49818e-6 0 1 3.41962e-7 0 1 7.06371e-7 0 1 8.07398e-7 0 1 -1.28531e-7 0 1 -1.56929e-6 0 1 -7.82536e-7 0 1 1.69644e-6 0 1 -1.01161e-6 0 1 -9.57471e-7 0 1 -2.28324e-6 0 1 1.69644e-6 0 1 0 0 1 0 0 1 -1.69644e-6 0 1 1.56929e-6 0 1 -1.83613e-6 0 1 -1.21433e-7 0 1 0 0 1 2.33803e-7 0 1 -1.1835e-6 0 1 5.8499e-7 0 1 1.42299e-6 0 1 1.84622e-6 0 1 -1.68317e-7 0 1 -1.04827e-6 0 1 0 0 1 -3.34443e-7 0 1 -1.47206e-7 0 1 -4.10266e-6 0 1 -1.22417e-6 0 1 6.11519e-7 0 1 -8.90927e-7 0 1 -2.17705e-6 0 1 -1.76089e-6 0 1 -4.62382e-7 0 1 1.19169e-6 0 1 4.55218e-7 0 1 -3.17166e-6 0 1 -8.54796e-7 0 1 2.72131e-7 0 1 -3.6514e-6 0 1 -2.93674e-7 0 1 5.06473e-6 0 1 3.40435e-7 0 1 8.6358e-7 0 1 -3.4057e-7 0 1 8.91772e-7 0 1 4.47692e-6 0 1 -1.1568e-6 0 1 -1.14839e-6 0 1 -2.94179e-7 0 1 -3.30702e-7 0 1 -3.65365e-7 0 1 -9.38047e-7 0 1 4.87371e-7 0 1 -9.64396e-7 0 1 -6.05504e-6 0 1 1.17347e-6 0 1 1.44016e-6 0 1 4.33498e-7 0 1 4.76165e-7 0 1 1.37259e-7 0 1 2.57723e-6 0 1 -2.74569e-7 0 1 -7.086e-7 0 1 -6.07616e-7 0 1 8.27121e-7 0 1 -5.57733e-7 0 1 -2.52914e-7 0 1 -7.60023e-6 0 1 2.74833e-7 0 1 -3.26879e-6 0 1 1.35088e-6 0 1 -4.69022e-7 0 1 6.80739e-7 0 1 6.60019e-7 0 1 2.66706e-6 0 1 6.08523e-7 0 1 -1.4428e-7 0 1 -1.40323e-6 0 1 1.81523e-6 0 1 -1.09645e-6 0 1 2.63549e-6 0 1 2.02021e-6 0 1 -1.02943e-6 0 1 0 0 1 -5.11956e-6 0 1 -7.97518e-7 0 1 -1.34071e-6 0 1 4.6365e-6 0 1 -3.27919e-7 0 1 5.94662e-7 0 1 -7.16053e-7 0 1 0 0 1 4.38861e-7 0 1 -5.14869e-7 0 1 5.07635e-7 0 1 -4.04426e-7 0 1 0 0 1 2.2568e-7 0 1 -2.1492e-7 0 1 0 0 1 0 0 1 0 0 1 0 0 1 1.29501e-6 0 1 -1.31721e-7 0 1 -9.45982e-7 0 1 0 0 1 -4.4502e-7 0 1 1.3118e-6 0 1 -9.18636e-7 0 1 9.25481e-7 0 1 0 0 1 1.26368e-7 0 1 -1.32478e-7 0 1 0 0 1 0 0 1 1.52455e-7 0 1 0 0 1 -1.56681e-7 0 1 1.51333e-7 0 1 -1.33686e-6 0 1 -9.19164e-7 0 1 5.0858e-7 0 1 6.29096e-7 0 1 -2.17212e-6 0 1 -6.54251e-7 0 1 2.10641e-6 0 1 -2.13419e-6 0 1 -4.83014e-7 0 1 2.04966e-6 0 1 6.91792e-7 0 1 -2.48658e-6 0 1 0 0 1 9.02974e-7 0 1 1.12138e-6 0 1 -5.01282e-7 0 1 0 0 1 0 0 1 3.46127e-7 0 1 -1.37048e-6 0 1 5.65882e-7 0 1 1.41886e-6 0 1 -1.27274e-6 0 1 3.91744e-6 0 1 -1.3992e-6 0 1 -1.84103e-7 0 1 1.34986e-7 0 1 7.08703e-7 0 1 -1.09141e-6 0 1 5.45102e-7 0 1 -3.6021e-7 0 1 3.19449e-7 0 1 4.54989e-6 0 1 -1.52366e-6 0 1 -1.2357e-7 0 1 2.1801e-6 0 1 -4.67139e-7 0 1 2.1801e-6 0 1 -1.57415e-6 0 1 -3.23591e-7 0 1 2.93109e-7 0 1 -1.62453e-7 0 1 4.00421e-7 0 1 1.5029e-7 0 1 2.92886e-7 0 1 -1.56206e-6 0 1 1.01289e-6 0 1 -3.88211e-7 0 1 -1.21937e-6 0 1 -1.88622e-6 0 1 -5.56635e-7 0 1 1.35305e-7 0 1 1.39702e-7 0 1 6.04268e-7 0 1 9.06723e-7 0 1 6.09999e-7 0 1 -8.35405e-7 0 1 7.42155e-7 0 1 6.98383e-7 0 1 -2.80936e-6 0 1 -1.30681e-6 0 1 3.32457e-6 0 1 5.75425e-7 0 1 -1.67265e-6 0 1 -3.86798e-7 0 1 -3.44823e-7 0 1 6.24667e-7 0 1 3.67831e-7 0 1 3.47152e-7 0 1 -3.51288e-7 0 1 -2.14155e-6 0 1 -8.26971e-7 0 1 2.23794e-6 0 1 1.55293e-6 0 1 -1.6863e-6 0 1 1.49198e-6 0 1 -1.30195e-6 0 1 -2.04749e-7 0 1 -7.15973e-7 0 1 -1.3168e-6 0 1 1.21212e-6 0 1 -1.17977e-6 0 1 1.22769e-6 0 1 -2.06728e-7 0 1 1.91659e-7 0 1 -1.57479e-6 0 1 1.27159e-6 0 1 -1.0177e-6 0 1 5.65547e-7 0 1 0 0 1 9.18405e-7 0 1 2.87831e-7 0 1 -1.51645e-7 0 1 3.04484e-7 0 1 1.6163e-6 0 1 -3.04519e-7 0 1 -2.92664e-7 0 1 -1.02004e-6 0 1 1.2458e-7 0 1 -9.39292e-7 0 1 -1.84926e-7 0 1 -1.13486e-6 0 1 -5.24929e-7 0 1 1.32756e-6 0 1 1.31004e-6 0 1 1.94016e-6 0 1 3.09105e-7 0 1 1.10514e-6 0 1 -2.28795e-6 0 1 -1.38384e-6 0 1 -3.71771e-7 0 1 0 0 1 -1.28089e-6 0 1 2.90867e-6 0 1 1.84959e-6 0 1 -9.0694e-7 0 1 -8.00167e-7 0 1 3.90599e-6 0 1 -9.53215e-6 0 1 -4.5743e-7 0 1 2.45014e-7 0 1 5.65375e-7 0 1 2.48379e-6 0 1 0 0 1 6.04661e-7 0 1 1.71526e-7 0 1 0 0 1 0 0 1 1.0051e-6 0 1 -7.21763e-7 0 1 8.62812e-7 0 1 -9.15736e-7 0 1 0 0 1 0 0 1 0 0 1 0 0 1 -2.69294e-7 0 1 -1.25605e-7 0 1 7.44179e-6 0 1 -3.36432e-6 0 1 0 0 1 0 0 1 0 0 1 0 0 1 0</float_array>
          <technique_common>
            <accessor source="#upper_plate-mesh-normals-array" count="5302" stride="3">
              <param name="X" type="float"/>
              <param name="Y" type="float"/>
              <param name="Z" type="float"/>
            </accessor>
          </technique_common>
        </source>
        <vertices id="upper_plate-mesh-vertices">
          <input semantic="POSITION" source="#upper_plate-mesh-positions"/>
        </vertices>
        <triangles count="14684">
          <input semantic="VERTEX" source="#upper_plate-mesh-vertices" offset="0"/>
          <input semantic="NORMAL" source="#upper_plate-mesh-normals" offset="1"/>
          <p>0 0 1 0 2 0 3 1 4 1 2 1 1 1 3 1 2 1 4 2 0 2 2 2 5 3 6 3 4 3 3 4 5 4 4 4 6 2 0 2 4 2 7 5 1 5 0 5 6 6 7 6 0 6 5 6 7 6 6 6 7 7 3 7 1 7 7 8 5 8 3 8 8 9 9 9 10 9 11 10 12 10 10 10 9 10 11 10 10 10 12 11 8 11 10 11 13 12 14 12 12 12 11 13 13 13 12 13 14 14 8 14 12 14 15 15 9 15 8 15 14 16 15 16 8 16 13 16 15 16 14 16 15 17 11 17 9 17 15 18 13 18 11 18 16 19 17 19 18 19 19 20 16 20 18 20 20 21 19 21 18 21 21 10 20 10 22 10 23 10 21 10 22 10 17 22 23 22 22 22 20 2 18 2 22 2 18 23 17 23 22 23 21 24 19 24 20 24 16 25 23 25 17 25 16 17 19 17 23 17 19 17 21 17 23 17 24 26 25 26 26 26 27 27 24 27 26 27 28 28 27 28 26 28 25 2 29 2 26 2 29 29 28 29 26 29 30 30 29 30 25 30 24 24 30 24 25 24 29 31 31 31 28 31 31 25 27 25 28 25 30 31 31 31 29 31 31 17 30 17 27 17 30 17 24 17 27 17 32 32 33 32 34 32 35 33 36 33 37 33 36 34 38 34 37 34 39 2 40 2 41 2 40 35 42 35 41 35 42 2 43 2 41 2 44 36 39 36 41 36 43 37 44 37 41 37 45 2 40 2 39 2 46 2 45 2 39 2 47 2 46 2 39 2 48 36 47 36 39 36 44 36 48 36 39 36 49 2 46 2 47 2 50 2 49 2 47 2 51 36 50 36 47 36 48 36 51 36 47 36 52 2 53 2 50 2 53 2 54 2 50 2 55 2 52 2 50 2 56 2 55 2 50 2 57 2 56 2 50 2 58 2 49 2 50 2 54 2 58 2 50 2 59 36 57 36 50 36 51 36 59 36 50 36 60 38 61 38 57 38 62 2 63 2 57 2 61 2 62 2 57 2 64 2 65 2 57 2 63 2 64 2 57 2 65 39 66 39 57 39 66 40 67 40 57 40 67 2 68 2 57 2 69 2 56 2 57 2 68 2 69 2 57 2 70 36 60 36 57 36 59 36 70 36 57 36 71 2 61 2 60 2 72 2 71 2 60 2 73 41 72 41 60 41 74 2 73 2 60 2 70 36 75 36 60 36 75 42 74 42 60 42 76 2 77 2 74 2 78 2 76 2 74 2 79 2 73 2 74 2 77 2 79 2 74 2 75 43 80 43 74 43 80 44 78 44 74 44 42 45 81 45 43 45 82 46 44 46 43 46 83 47 82 47 43 47 81 47 83 47 43 47 84 2 76 2 78 2 85 2 84 2 78 2 86 48 85 48 78 48 80 44 87 44 78 44 87 49 86 49 78 49 88 50 89 50 81 50 90 2 88 2 81 2 42 2 90 2 81 2 91 51 83 51 81 51 89 52 91 52 81 52 88 53 92 53 89 53 92 54 91 54 89 54 93 55 84 55 85 55 86 56 94 56 85 56 94 57 93 57 85 57 88 58 95 58 92 58 95 2 96 2 92 2 97 59 91 59 92 59 96 60 97 60 92 60 98 61 84 61 93 61 99 62 98 62 93 62 94 63 100 63 93 63 100 64 99 64 93 64 95 65 101 65 96 65 101 66 102 66 96 66 103 67 97 67 96 67 104 68 103 68 96 68 102 69 104 69 96 69 105 70 98 70 99 70 100 71 106 71 99 71 106 72 105 72 99 72 107 73 54 73 53 73 108 73 107 73 53 73 52 74 108 74 53 74 109 2 68 2 67 2 110 75 109 75 67 75 111 76 110 76 67 76 66 77 111 77 67 77 112 2 113 2 65 2 114 78 112 78 65 78 115 79 114 79 65 79 113 2 116 2 65 2 116 80 66 80 65 80 117 81 115 81 65 81 118 81 117 81 65 81 64 82 118 82 65 82 55 2 119 2 52 2 119 83 120 83 52 83 120 84 108 84 52 84 116 85 121 85 66 85 122 86 111 86 66 86 121 87 122 87 66 87 123 2 119 2 55 2 124 88 123 88 55 88 125 89 124 89 55 89 56 90 125 90 55 90 126 14 121 14 116 14 127 91 126 91 116 91 128 92 127 92 116 92 113 86 128 86 116 86 63 93 129 93 64 93 130 94 118 94 64 94 129 95 130 95 64 95 131 90 125 90 56 90 69 96 131 96 56 96 132 86 128 86 113 86 112 97 132 97 113 97 133 2 129 2 63 2 134 73 133 73 63 73 135 98 134 98 63 98 62 99 135 99 63 99 61 2 136 2 62 2 136 100 137 100 62 100 137 84 135 84 62 84 138 2 136 2 61 2 139 30 138 30 61 30 140 101 139 101 61 101 71 102 140 102 61 102 72 103 141 103 71 103 142 104 140 104 71 104 141 105 142 105 71 105 143 2 144 2 102 2 101 2 143 2 102 2 145 106 104 106 102 106 144 106 145 106 102 106 146 107 141 107 72 107 147 108 146 108 72 108 148 109 147 109 72 109 73 110 148 110 72 110 149 2 114 2 115 2 150 30 149 30 115 30 117 111 150 111 115 111 133 112 151 112 129 112 151 113 152 113 129 113 153 95 130 95 129 95 152 114 153 114 129 114 126 115 154 115 121 115 154 116 122 116 121 116 155 2 156 2 157 2 158 117 155 117 157 117 159 118 158 118 157 118 156 119 159 119 157 119 127 120 154 120 126 120 160 2 161 2 155 2 161 2 156 2 155 2 162 121 160 121 155 121 158 122 162 122 155 122 163 110 148 110 73 110 79 123 163 123 73 123 156 2 161 2 149 2 161 124 164 124 149 124 164 125 114 125 149 125 165 126 156 126 149 126 150 127 165 127 149 127 165 119 159 119 156 119 166 128 120 128 119 128 123 129 166 129 119 129 124 129 166 129 123 129 167 130 137 130 136 130 138 129 167 129 136 129 139 129 167 129 138 129 168 131 58 131 54 131 107 132 168 132 54 132 169 133 170 133 146 133 170 134 171 134 146 134 171 135 141 135 146 135 172 136 169 136 146 136 147 137 172 137 146 137 173 131 151 131 133 131 134 132 173 132 133 132 174 138 141 138 171 138 175 108 174 108 171 108 176 139 175 139 171 139 170 140 176 140 171 140 177 141 170 141 169 141 172 142 177 142 169 142 178 143 49 143 58 143 179 144 178 144 58 144 168 145 179 145 58 145 77 2 180 2 79 2 181 123 163 123 79 123 180 146 181 146 79 146 143 147 182 147 144 147 182 148 145 148 144 148 183 149 101 149 95 149 88 129 183 129 95 129 90 2 184 2 88 2 185 150 186 150 88 150 184 151 185 151 88 151 186 129 183 129 88 129 187 2 90 2 42 2 188 152 187 152 42 152 40 129 188 129 42 129 45 2 189 2 40 2 190 129 188 129 40 129 189 153 191 153 40 153 191 153 190 153 40 153 192 154 98 154 105 154 193 2 192 2 105 2 106 155 193 155 105 155 194 2 152 2 151 2 195 144 194 144 151 144 173 145 195 145 151 145 177 140 176 140 170 140 196 156 76 156 84 156 197 157 196 157 84 157 98 158 197 158 84 158 198 2 199 2 174 2 200 159 141 159 174 159 199 160 200 160 174 160 201 161 198 161 174 161 175 137 201 137 174 137 202 2 77 2 76 2 203 162 202 162 76 162 196 163 203 163 76 163 204 164 49 164 178 164 205 165 204 165 178 165 179 165 205 165 178 165 206 2 68 2 109 2 207 166 206 166 109 166 110 166 207 166 109 166 208 2 114 2 164 2 209 30 208 30 164 30 210 111 209 111 164 111 161 167 210 167 164 167 160 2 211 2 161 2 211 119 212 119 161 119 212 168 210 168 161 168 213 169 132 169 112 169 114 170 213 170 112 170 214 2 141 2 200 2 199 171 215 171 200 171 216 172 214 172 200 172 215 173 216 173 200 173 217 174 152 174 194 174 218 2 217 2 194 2 219 175 218 175 194 175 195 175 219 175 194 175 220 176 199 176 198 176 201 177 220 177 198 177 221 119 212 119 211 119 160 19 221 19 211 19 162 19 221 19 160 19 220 178 215 178 199 178 68 179 114 179 208 179 222 180 68 180 208 180 223 181 222 181 208 181 209 182 223 182 208 182 69 2 68 2 204 2 68 2 49 2 204 2 224 183 69 183 204 183 205 183 224 183 204 183 114 184 68 184 206 184 225 185 114 185 206 185 207 186 225 186 206 186 225 170 213 170 114 170 224 187 131 187 69 187 226 169 153 169 152 169 217 188 226 188 152 188 214 189 217 189 218 189 141 190 214 190 218 190 227 191 141 191 218 191 219 191 227 191 218 191 227 192 142 192 141 192 228 193 197 193 98 193 192 194 229 194 98 194 229 194 228 194 98 194 68 2 217 2 214 2 230 2 68 2 214 2 231 195 230 195 214 195 216 196 231 196 214 196 77 197 230 197 180 197 232 198 181 198 180 198 230 199 232 199 180 199 233 2 234 2 193 2 234 2 192 2 193 2 235 200 233 200 193 200 106 201 235 201 193 201 217 2 68 2 222 2 236 202 217 202 222 202 223 203 236 203 222 203 236 188 226 188 217 188 143 204 237 204 182 204 238 148 145 148 182 148 239 205 238 205 182 205 237 205 239 205 182 205 240 206 234 206 233 206 241 207 240 207 233 207 235 208 241 208 233 208 77 2 68 2 230 2 231 209 232 209 230 209 242 2 77 2 202 2 203 210 242 210 202 210 143 211 243 211 237 211 244 212 239 212 237 212 243 213 244 213 237 213 245 2 243 2 143 2 101 214 246 214 143 214 246 2 245 2 143 2 183 215 247 215 101 215 247 216 246 216 101 216 248 2 249 2 184 2 90 2 248 2 184 2 250 217 185 217 184 217 249 217 250 217 184 217 251 2 252 2 90 2 187 2 251 2 90 2 253 2 248 2 90 2 252 2 253 2 90 2 188 218 254 218 187 218 254 219 251 219 187 219 255 2 256 2 189 2 45 2 255 2 189 2 256 220 257 220 189 220 257 221 191 221 189 221 258 2 255 2 45 2 259 2 258 2 45 2 46 2 259 2 45 2 260 222 261 222 46 222 49 223 262 223 46 223 262 2 263 2 46 2 263 224 260 224 46 224 264 2 259 2 46 2 261 2 264 2 46 2 265 2 266 2 49 2 266 2 267 2 49 2 267 2 268 2 49 2 268 225 262 225 49 225 269 226 265 226 49 226 68 227 269 227 49 227 270 228 269 228 68 228 271 2 272 2 68 2 272 2 273 2 68 2 273 2 270 2 68 2 77 2 274 2 68 2 274 2 271 2 68 2 242 2 274 2 77 2 275 229 274 229 242 229 276 230 275 230 242 230 203 231 276 231 242 231 277 232 278 232 192 232 234 233 277 233 192 233 278 234 279 234 192 234 279 235 229 235 192 235 280 236 281 236 234 236 282 2 280 2 234 2 240 2 282 2 234 2 281 2 277 2 234 2 283 237 282 237 240 237 284 238 283 238 240 238 241 207 284 207 240 207 285 2 278 2 277 2 281 2 286 2 277 2 287 239 285 239 277 239 288 239 287 239 277 239 286 240 288 240 277 240 278 2 274 2 275 2 279 241 278 241 275 241 289 242 279 242 275 242 276 230 289 230 275 230 290 243 262 243 268 243 267 244 291 244 268 244 291 244 290 244 268 244 290 243 292 243 262 243 292 245 263 245 262 245 266 246 293 246 267 246 293 247 291 247 267 247 265 248 294 248 266 248 294 249 293 249 266 249 292 245 295 245 263 245 295 250 260 250 263 250 269 251 296 251 265 251 296 252 294 252 265 252 281 253 297 253 286 253 297 254 298 254 286 254 298 255 288 255 286 255 295 256 299 256 260 256 299 257 261 257 260 257 270 258 300 258 269 258 300 258 296 258 269 258 245 259 301 259 243 259 302 260 244 260 243 260 301 261 302 261 243 261 303 2 282 2 283 2 304 262 303 262 283 262 284 238 304 238 283 238 285 2 274 2 278 2 305 263 297 263 281 263 306 264 305 264 281 264 280 265 306 265 281 265 299 257 307 257 261 257 307 266 264 266 261 266 273 267 308 267 270 267 308 268 300 268 270 268 309 2 310 2 301 2 245 2 309 2 301 2 311 269 302 269 301 269 310 270 311 270 301 270 282 271 312 271 280 271 313 265 306 265 280 265 312 272 314 272 280 272 314 273 313 273 280 273 315 2 316 2 317 2 318 274 315 274 317 274 316 275 318 275 317 275 319 2 245 2 246 2 320 276 319 276 246 276 247 216 320 216 246 216 248 129 250 129 249 129 253 277 321 277 248 277 322 129 250 129 248 129 321 278 323 278 248 278 323 279 322 279 248 279 324 280 325 280 251 280 325 280 252 280 251 280 254 281 324 281 251 281 326 2 253 2 252 2 325 282 327 282 252 282 327 282 326 282 252 282 305 254 298 254 297 254 255 129 257 129 256 129 258 2 328 2 255 2 329 129 257 129 255 129 328 283 329 283 255 283 316 2 274 2 285 2 330 284 316 284 285 284 287 285 330 285 285 285 331 286 253 286 326 286 327 287 332 287 326 287 332 288 331 288 326 288 333 2 253 2 331 2 332 289 334 289 331 289 334 290 333 290 331 290 335 2 253 2 333 2 334 291 336 291 333 291 336 292 335 292 333 292 337 2 259 2 264 2 307 293 338 293 264 293 338 294 337 294 264 294 272 295 339 295 273 295 339 295 308 295 273 295 340 296 253 296 335 296 336 297 341 297 335 297 341 298 340 298 335 298 342 2 253 2 340 2 341 299 343 299 340 299 343 300 342 300 340 300 315 2 274 2 316 2 330 301 318 301 316 301 344 2 253 2 342 2 343 302 345 302 342 302 345 302 344 302 342 302 346 2 253 2 344 2 345 303 347 303 344 303 347 304 346 304 344 304 348 305 253 305 346 305 347 306 349 306 346 306 349 307 348 307 346 307 350 2 253 2 348 2 349 308 351 308 348 308 351 308 350 308 348 308 352 2 253 2 350 2 351 309 353 309 350 309 353 310 352 310 350 310 354 2 253 2 352 2 353 311 355 311 352 311 355 312 354 312 352 312 356 2 253 2 354 2 355 313 357 313 354 313 357 314 356 314 354 314 328 2 258 2 356 2 258 315 253 315 356 315 358 36 328 36 356 36 357 36 358 36 356 36 358 316 329 316 328 316 309 317 359 317 310 317 360 318 311 318 310 318 359 319 360 319 310 319 361 2 362 2 309 2 362 2 359 2 309 2 245 2 363 2 309 2 363 2 361 2 309 2 364 2 363 2 245 2 319 2 364 2 245 2 320 320 365 320 319 320 365 321 364 321 319 321 253 322 366 322 321 322 366 323 367 323 321 323 367 324 323 324 321 324 368 2 366 2 253 2 369 2 368 2 253 2 258 2 369 2 253 2 370 2 369 2 258 2 259 2 370 2 258 2 337 2 371 2 259 2 372 2 370 2 259 2 371 2 372 2 259 2 338 294 373 294 337 294 373 325 371 325 337 325 271 326 374 326 272 326 374 327 375 327 272 327 375 327 339 327 272 327 376 2 377 2 271 2 377 328 378 328 271 328 378 2 374 2 271 2 274 2 379 2 271 2 379 2 376 2 271 2 315 2 379 2 274 2 380 2 379 2 315 2 318 329 381 329 315 329 381 330 380 330 315 330 282 331 382 331 312 331 382 332 383 332 312 332 383 333 384 333 312 333 384 334 314 334 312 334 385 2 386 2 282 2 386 2 382 2 282 2 303 2 387 2 282 2 387 2 388 2 282 2 388 2 385 2 282 2 389 335 387 335 303 335 304 336 389 336 303 336 368 337 363 337 364 337 366 2 368 2 364 2 367 36 366 36 364 36 390 36 367 36 364 36 365 338 390 338 364 338 383 2 379 2 380 2 384 339 383 339 380 339 391 339 384 339 380 339 381 340 391 340 380 340 373 325 392 325 371 325 392 341 372 341 371 341 378 342 393 342 374 342 393 343 375 343 374 343 394 344 360 344 359 344 362 345 394 345 359 345 395 2 388 2 387 2 396 346 395 346 387 346 389 347 396 347 387 347 397 2 383 2 382 2 398 348 397 348 382 348 399 349 398 349 382 349 386 350 399 350 382 350 397 2 400 2 383 2 400 2 379 2 383 2 401 351 399 351 386 351 385 352 401 352 386 352 402 2 370 2 372 2 392 341 403 341 372 341 403 353 402 353 372 353 377 354 404 354 378 354 404 355 393 355 378 355 405 356 406 356 407 356 408 2 405 2 407 2 409 357 408 357 407 357 410 358 409 358 407 358 406 359 411 359 407 359 411 359 410 359 407 359 398 360 400 360 397 360 409 361 405 361 408 361 388 362 412 362 385 362 413 363 401 363 385 363 412 364 414 364 385 364 414 365 413 365 385 365 361 366 415 366 362 366 416 367 394 367 362 367 415 367 416 367 362 367 417 2 418 2 361 2 418 2 415 2 361 2 363 2 419 2 361 2 419 2 417 2 361 2 368 368 420 368 363 368 420 2 421 2 363 2 421 2 422 2 363 2 422 2 423 2 363 2 423 2 424 2 363 2 424 369 425 369 363 369 425 2 426 2 363 2 426 2 427 2 363 2 427 2 428 2 363 2 428 2 419 2 363 2 429 2 430 2 368 2 431 370 432 370 368 370 430 371 433 371 368 371 433 372 434 372 368 372 434 373 431 373 368 373 432 2 420 2 368 2 369 374 435 374 368 374 435 2 436 2 368 2 436 2 429 2 368 2 437 2 438 2 369 2 438 2 439 2 369 2 439 375 440 375 369 375 440 376 435 376 369 376 370 377 441 377 369 377 441 2 442 2 369 2 442 2 443 2 369 2 443 2 444 2 369 2 444 2 445 2 369 2 445 378 446 378 369 378 446 2 447 2 369 2 447 2 448 2 369 2 448 2 449 2 369 2 449 2 437 2 369 2 402 379 450 379 370 379 450 2 451 2 370 2 452 2 441 2 370 2 453 2 454 2 370 2 454 380 455 380 370 380 455 2 452 2 370 2 456 2 457 2 370 2 457 2 458 2 370 2 458 2 459 2 370 2 459 2 453 2 370 2 451 2 460 2 370 2 460 2 461 2 370 2 461 2 456 2 370 2 462 2 463 2 376 2 463 2 464 2 376 2 464 2 377 2 376 2 379 2 465 2 376 2 465 2 462 2 376 2 400 2 466 2 379 2 466 2 467 2 379 2 467 2 465 2 379 2 398 360 468 360 400 360 468 381 466 381 400 381 405 382 466 382 406 382 466 383 469 383 406 383 469 384 411 384 406 384 470 2 466 2 405 2 409 385 471 385 405 385 471 386 470 386 405 386 388 387 472 387 412 387 472 388 473 388 412 388 473 388 414 388 412 388 474 389 475 389 388 389 475 2 472 2 388 2 395 2 476 2 388 2 476 2 477 2 388 2 477 2 474 2 388 2 478 390 476 390 395 390 396 391 478 391 395 391 403 392 479 392 402 392 479 393 450 393 402 393 464 394 480 394 377 394 480 395 404 395 377 395 470 2 467 2 466 2 468 396 469 396 466 396 418 397 416 397 415 397 481 2 477 2 476 2 482 398 481 398 476 398 483 399 482 399 476 399 478 390 483 390 476 390 475 400 484 400 472 400 484 401 473 401 472 401 484 402 467 402 470 402 485 403 484 403 470 403 486 403 485 403 470 403 471 404 486 404 470 404 487 2 451 2 450 2 479 405 488 405 450 405 488 406 487 406 450 406 463 119 489 119 464 119 489 119 480 119 464 119 432 129 490 129 420 129 490 129 491 129 420 129 491 407 421 407 420 407 431 408 492 408 432 408 492 409 490 409 432 409 452 129 493 129 441 129 493 129 494 129 441 129 494 410 442 410 441 410 455 408 495 408 452 408 495 409 493 409 452 409 491 407 496 407 421 407 496 411 422 411 421 411 434 412 497 412 431 412 497 413 492 413 431 413 494 414 498 414 442 414 498 411 443 411 442 411 454 412 499 412 455 412 499 413 495 413 455 413 500 2 467 2 484 2 475 415 501 415 484 415 501 2 500 2 484 2 485 416 473 416 484 416 496 417 502 417 422 417 502 418 423 418 422 418 433 419 503 419 434 419 503 419 497 419 434 419 498 417 504 417 443 417 504 418 444 418 443 418 453 419 505 419 454 419 505 419 499 419 454 419 502 418 506 418 423 418 506 420 424 420 423 420 430 421 507 421 433 421 507 422 503 422 433 422 504 418 508 418 444 418 508 423 445 423 444 423 459 424 509 424 453 424 509 425 505 425 453 425 506 426 510 426 424 426 510 427 425 427 424 427 429 428 511 428 430 428 511 429 507 429 430 429 508 430 512 430 445 430 512 427 446 427 445 427 458 431 513 431 459 431 513 431 509 431 459 431 510 427 514 427 425 427 514 432 426 432 425 432 436 433 515 433 429 433 515 433 511 433 429 433 512 427 516 427 446 427 516 432 447 432 446 432 457 434 517 434 458 434 517 434 513 434 458 434 518 435 501 435 475 435 519 436 518 436 475 436 474 437 519 437 475 437 435 438 520 438 436 438 520 438 515 438 436 438 521 439 451 439 487 439 488 406 522 406 487 406 522 440 521 440 487 440 462 441 523 441 463 441 523 442 524 442 463 442 524 443 489 443 463 443 514 432 525 432 426 432 525 444 427 444 426 444 440 445 526 445 435 445 526 445 520 445 435 445 516 432 527 432 447 432 527 446 448 446 447 446 456 447 528 447 457 447 528 447 517 447 457 447 525 448 529 448 427 448 529 449 428 449 427 449 439 450 530 450 440 450 530 451 526 451 440 451 527 446 531 446 448 446 531 452 449 452 448 452 461 453 532 453 456 453 532 454 528 454 456 454 417 2 533 2 418 2 533 119 534 119 418 119 534 119 535 119 418 119 535 455 416 455 418 455 536 2 477 2 481 2 482 406 536 406 481 406 537 2 419 2 428 2 529 456 538 456 428 456 538 457 537 457 428 457 438 458 539 458 439 458 539 459 530 459 439 459 540 2 437 2 449 2 531 460 541 460 449 460 541 461 540 461 449 461 460 462 542 462 461 462 542 462 532 462 461 462 543 463 500 463 501 463 518 463 543 463 501 463 477 464 544 464 474 464 544 2 545 2 474 2 546 465 519 465 474 465 545 466 546 466 474 466 547 2 419 2 537 2 538 457 548 457 537 457 548 467 547 467 537 467 437 468 549 468 438 468 549 469 550 469 438 469 550 470 539 470 438 470 551 471 437 471 540 471 541 461 552 461 540 461 552 472 551 472 540 472 451 473 553 473 460 473 553 474 554 474 460 474 554 475 542 475 460 475 544 476 555 476 545 476 555 477 556 477 545 477 556 478 546 478 545 478 557 2 451 2 521 2 522 440 558 440 521 440 558 479 557 479 521 479 462 480 559 480 523 480 559 481 560 481 523 481 560 482 524 482 523 482 561 2 419 2 547 2 548 483 562 483 547 483 562 484 561 484 547 484 437 485 563 485 549 485 563 486 564 486 549 486 564 487 550 487 549 487 565 488 437 488 551 488 552 489 566 489 551 489 566 484 565 484 551 484 451 2 567 2 553 2 567 486 568 486 553 486 568 487 554 487 553 487 569 2 500 2 570 2 571 490 569 490 570 490 572 490 571 490 570 490 500 491 572 491 570 491 477 2 573 2 544 2 574 492 555 492 544 492 575 493 574 493 544 493 573 494 575 494 544 494 576 2 419 2 561 2 562 495 577 495 561 495 577 496 576 496 561 496 437 497 578 497 563 497 578 498 579 498 563 498 579 499 564 499 563 499 580 2 437 2 565 2 566 495 581 495 565 495 581 500 580 500 565 500 451 501 582 501 567 501 582 502 583 502 567 502 583 503 568 503 567 503 569 504 467 504 500 504 543 505 572 505 500 505 574 506 556 506 555 506 584 2 419 2 576 2 577 507 585 507 576 507 585 508 584 508 576 508 437 509 586 509 578 509 586 510 587 510 578 510 587 511 579 511 578 511 588 2 437 2 580 2 581 512 589 512 580 512 589 513 588 513 580 513 451 514 590 514 582 514 590 515 591 515 582 515 591 516 583 516 582 516 592 2 593 2 586 2 437 2 592 2 586 2 593 517 594 517 586 517 594 517 587 517 586 517 595 518 467 518 569 518 571 519 595 519 569 519 596 2 419 2 584 2 585 520 597 520 584 520 597 521 596 521 584 521 592 2 598 2 593 2 598 522 599 522 593 522 599 523 594 523 593 523 600 2 437 2 588 2 589 524 601 524 588 524 601 521 600 521 588 521 451 525 602 525 590 525 602 522 603 522 590 522 603 523 591 523 590 523 604 526 419 526 596 526 597 527 605 527 596 527 605 528 604 528 596 528 592 529 606 529 598 529 606 530 607 530 598 530 607 531 599 531 598 531 608 2 437 2 600 2 601 527 609 527 600 527 609 528 608 528 600 528 451 532 610 532 602 532 610 530 611 530 602 530 611 531 603 531 602 531 612 2 465 2 467 2 595 533 612 533 467 533 613 2 419 2 604 2 605 534 614 534 604 534 614 535 613 535 604 535 592 536 615 536 606 536 615 537 616 537 606 537 616 538 607 538 606 538 617 2 437 2 608 2 609 534 618 534 608 534 618 535 617 535 608 535 451 539 619 539 610 539 619 540 620 540 610 540 620 541 611 541 610 541 621 2 451 2 557 2 558 542 622 542 557 542 622 543 621 543 557 543 462 544 623 544 559 544 623 545 624 545 559 545 624 546 560 546 559 546 477 2 625 2 573 2 626 547 575 547 573 547 625 548 627 548 573 548 627 549 626 549 573 549 628 2 419 2 613 2 614 550 629 550 613 550 629 551 628 551 613 551 592 552 630 552 615 552 630 553 631 553 615 553 631 554 616 554 615 554 632 2 437 2 617 2 618 550 633 550 617 550 633 555 632 555 617 555 451 556 634 556 619 556 634 557 635 557 619 557 635 558 620 558 619 558 636 2 592 2 628 2 592 559 419 559 628 559 629 560 637 560 628 560 637 561 636 561 628 561 592 2 636 2 630 2 636 562 638 562 630 562 638 563 631 563 630 563 639 2 437 2 632 2 633 564 640 564 632 564 640 565 639 565 632 565 451 566 639 566 634 566 639 567 641 567 634 567 641 568 635 568 634 568 637 569 638 569 636 569 451 570 437 570 639 570 640 571 641 571 639 571 642 2 643 2 533 2 417 2 642 2 533 2 643 119 644 119 533 119 644 119 534 119 533 119 419 2 645 2 417 2 645 2 642 2 417 2 592 2 646 2 419 2 646 2 645 2 419 2 437 2 647 2 592 2 647 2 646 2 592 2 648 2 647 2 437 2 451 2 648 2 437 2 621 2 648 2 451 2 649 2 648 2 621 2 622 572 650 572 621 572 650 573 649 573 621 573 462 574 651 574 623 574 651 575 652 575 623 575 652 576 624 576 623 576 653 2 651 2 462 2 465 2 654 2 462 2 654 2 653 2 462 2 612 2 654 2 465 2 655 2 654 2 612 2 595 533 656 533 612 533 656 577 655 577 612 577 477 2 657 2 625 2 657 578 655 578 625 578 655 579 658 579 625 579 658 580 627 580 625 580 536 2 659 2 477 2 659 2 657 2 477 2 660 406 659 406 536 406 482 406 660 406 536 406 657 2 654 2 655 2 656 581 658 581 655 581 661 2 648 2 649 2 650 582 662 582 649 582 662 583 661 583 649 583 653 584 663 584 651 584 663 585 664 585 651 585 664 585 652 585 651 585 665 2 666 2 643 2 642 2 665 2 643 2 666 119 667 119 643 119 667 119 644 119 643 119 645 2 668 2 642 2 668 2 665 2 642 2 646 2 669 2 645 2 669 2 668 2 645 2 647 2 670 2 646 2 670 2 669 2 646 2 648 2 671 2 647 2 671 2 670 2 647 2 661 2 671 2 648 2 672 2 671 2 661 2 662 583 673 583 661 583 673 586 672 586 661 586 653 587 674 587 663 587 674 588 675 588 663 588 675 589 664 589 663 589 676 2 674 2 653 2 654 2 677 2 653 2 677 2 676 2 653 2 678 2 677 2 654 2 657 590 678 590 654 590 679 2 680 2 657 2 680 2 681 2 657 2 681 2 682 2 657 2 682 2 683 2 657 2 683 2 678 2 657 2 659 2 684 2 657 2 684 2 679 2 657 2 685 406 684 406 659 406 660 406 685 406 659 406 686 2 671 2 672 2 673 591 687 591 672 591 687 592 686 592 672 592 676 593 688 593 674 593 688 594 689 594 674 594 689 595 675 595 674 595 690 2 677 2 678 2 691 406 690 406 678 406 692 406 691 406 678 406 683 129 692 129 678 129 693 129 692 129 683 129 682 119 693 119 683 119 694 596 671 596 686 596 687 597 695 597 686 597 695 598 694 598 686 598 676 599 696 599 688 599 696 600 697 600 688 600 697 601 689 601 688 601 698 119 693 119 682 119 681 129 698 129 682 129 699 129 698 129 681 129 680 119 699 119 681 119 700 602 671 602 694 602 695 603 701 603 694 603 701 604 700 604 694 604 676 605 702 605 696 605 702 606 703 606 696 606 703 607 697 607 696 607 704 608 671 608 700 608 705 2 704 2 700 2 701 609 706 609 700 609 706 610 705 610 700 610 704 2 707 2 702 2 676 611 704 611 702 611 707 612 708 612 702 612 708 613 703 613 702 613 679 2 709 2 710 2 680 2 679 2 710 2 711 36 680 36 710 36 712 36 711 36 710 36 709 119 712 119 710 119 711 119 699 119 680 119 704 2 713 2 707 2 713 614 714 614 707 614 714 615 708 615 707 615 715 616 704 616 705 616 706 617 716 617 705 617 716 618 715 618 705 618 704 619 715 619 713 619 715 620 717 620 713 620 717 621 714 621 713 621 716 622 717 622 715 622 709 2 679 2 690 2 679 623 677 623 690 623 718 36 709 36 690 36 691 36 718 36 690 36 718 119 712 119 709 119 719 2 720 2 666 2 665 2 719 2 666 2 720 119 721 119 666 119 721 119 667 119 666 119 722 2 723 2 665 2 723 2 724 2 665 2 724 2 725 2 665 2 725 624 726 624 665 624 726 2 727 2 665 2 727 2 728 2 665 2 728 625 729 625 665 625 729 2 730 2 665 2 730 2 719 2 665 2 668 626 731 626 665 626 731 2 722 2 665 2 732 627 731 627 668 627 733 628 734 628 668 628 735 2 733 2 668 2 734 2 736 2 668 2 736 2 737 2 668 2 737 629 738 629 668 629 738 2 739 2 668 2 739 630 740 630 668 630 740 2 741 2 668 2 742 2 743 2 668 2 743 2 744 2 668 2 744 631 732 631 668 631 745 2 746 2 668 2 741 2 747 2 668 2 747 2 748 2 668 2 748 2 745 2 668 2 746 632 749 632 668 632 749 2 750 2 668 2 750 2 742 2 668 2 669 2 751 2 668 2 751 633 735 633 668 633 752 2 753 2 669 2 754 2 752 2 669 2 753 2 755 2 669 2 755 2 756 2 669 2 756 2 751 2 669 2 757 2 758 2 669 2 759 2 760 2 669 2 760 2 761 2 669 2 761 2 757 2 669 2 758 2 762 2 669 2 762 2 763 2 669 2 763 2 754 2 669 2 670 2 764 2 669 2 764 2 759 2 669 2 765 634 766 634 670 634 766 2 767 2 670 2 767 2 768 2 670 2 768 2 769 2 670 2 769 2 770 2 670 2 770 2 771 2 670 2 771 635 772 635 670 635 772 2 773 2 670 2 773 636 774 636 670 636 774 2 764 2 670 2 671 637 775 637 670 637 775 2 765 2 670 2 776 638 777 638 671 638 778 2 776 2 671 2 777 2 779 2 671 2 779 2 780 2 671 2 780 2 781 2 671 2 704 639 782 639 671 639 782 640 783 640 671 640 783 641 778 641 671 641 781 2 784 2 671 2 784 2 785 2 671 2 785 2 786 2 671 2 787 642 788 642 671 642 788 2 789 2 671 2 789 2 790 2 671 2 791 2 792 2 671 2 793 2 794 2 671 2 794 643 795 643 671 643 795 2 775 2 671 2 790 2 796 2 671 2 796 2 797 2 671 2 797 644 793 644 671 644 786 2 798 2 671 2 798 2 799 2 671 2 799 645 791 645 671 645 792 2 800 2 671 2 800 2 801 2 671 2 801 2 787 2 671 2 802 2 803 2 704 2 804 2 802 2 704 2 676 646 805 646 704 646 805 647 806 647 704 647 806 2 804 2 704 2 803 648 807 648 704 648 807 2 808 2 704 2 808 2 809 2 704 2 809 2 810 2 704 2 810 2 811 2 704 2 811 2 812 2 704 2 813 2 814 2 704 2 815 2 813 2 704 2 816 2 817 2 704 2 818 2 819 2 704 2 817 2 820 2 704 2 820 2 782 2 704 2 814 2 821 2 704 2 821 2 822 2 704 2 822 649 823 649 704 649 823 2 824 2 704 2 824 2 825 2 704 2 825 2 816 2 704 2 819 2 826 2 704 2 826 2 827 2 704 2 827 2 815 2 704 2 812 2 828 2 704 2 828 2 829 2 704 2 829 650 818 650 704 650 830 2 831 2 676 2 831 2 832 2 676 2 832 2 833 2 676 2 833 2 834 2 676 2 834 651 835 651 676 651 835 2 836 2 676 2 836 652 837 652 676 652 837 2 838 2 676 2 838 2 839 2 676 2 839 2 840 2 676 2 841 2 842 2 676 2 843 2 844 2 676 2 845 2 843 2 676 2 844 2 846 2 676 2 846 2 805 2 676 2 842 2 847 2 676 2 847 653 848 653 676 653 848 2 845 2 676 2 840 2 849 2 676 2 849 2 850 2 676 2 850 2 841 2 676 2 677 654 851 654 676 654 851 2 830 2 676 2 852 2 853 2 677 2 853 2 854 2 677 2 854 2 855 2 677 2 855 2 856 2 677 2 856 2 857 2 677 2 857 2 858 2 677 2 679 655 859 655 677 655 859 2 860 2 677 2 860 2 852 2 677 2 858 2 861 2 677 2 861 2 862 2 677 2 862 2 863 2 677 2 864 656 851 656 677 656 865 2 866 2 677 2 866 2 867 2 677 2 867 2 864 2 677 2 868 2 869 2 677 2 870 657 868 657 677 657 869 2 871 2 677 2 871 2 872 2 677 2 872 658 865 658 677 658 873 2 874 2 677 2 863 2 875 2 677 2 875 2 876 2 677 2 876 2 873 2 677 2 874 659 877 659 677 659 877 2 878 2 677 2 878 2 870 2 677 2 879 2 880 2 679 2 881 2 882 2 679 2 882 2 883 2 679 2 883 660 884 660 679 660 884 661 879 661 679 661 880 2 885 2 679 2 885 2 886 2 679 2 886 2 887 2 679 2 887 662 888 662 679 662 888 2 889 2 679 2 889 663 890 663 679 663 890 664 891 664 679 664 891 2 859 2 679 2 684 665 892 665 679 665 892 2 881 2 679 2 893 2 892 2 684 2 894 2 895 2 684 2 895 2 896 2 684 2 896 2 893 2 684 2 897 406 894 406 684 406 685 406 897 406 684 406 898 666 722 666 731 666 732 667 899 667 731 667 899 668 898 668 731 668 900 669 751 669 756 669 755 667 901 667 756 667 901 668 900 668 756 668 902 669 766 669 765 669 775 670 903 670 765 670 903 670 902 670 765 670 904 669 797 669 796 669 790 667 905 667 796 667 905 668 904 668 796 668 906 671 783 671 782 671 820 667 907 667 782 667 907 668 906 668 782 668 908 669 823 669 822 669 821 670 909 670 822 670 909 670 908 670 822 670 910 669 806 669 805 669 846 667 911 667 805 667 911 668 910 668 805 668 912 669 831 669 830 669 851 670 913 670 830 670 913 670 912 670 830 670 914 669 865 669 872 669 871 667 915 667 872 667 915 668 914 668 872 668 916 671 852 671 860 671 859 667 917 667 860 667 917 668 916 668 860 668 918 669 887 669 886 669 885 672 919 672 886 672 919 672 918 672 886 672 898 666 920 666 722 666 920 673 723 673 722 673 744 674 921 674 732 674 921 674 899 674 732 674 900 675 922 675 751 675 922 676 735 676 751 676 753 674 923 674 755 674 923 674 901 674 755 674 902 675 924 675 766 675 924 677 767 677 766 677 795 674 925 674 775 674 925 674 903 674 775 674 926 678 793 678 797 678 904 675 927 675 797 675 927 677 926 677 797 677 789 679 928 679 790 679 928 680 905 680 790 680 906 671 929 671 783 671 929 676 778 676 783 676 817 679 930 679 820 679 930 680 907 680 820 680 908 675 931 675 823 675 931 677 824 677 823 677 814 674 932 674 821 674 932 674 909 674 821 674 910 675 933 675 806 675 933 676 804 676 806 676 844 679 934 679 846 679 934 680 911 680 846 680 912 675 935 675 831 675 935 677 832 677 831 677 864 674 936 674 851 674 936 674 913 674 851 674 937 2 866 2 865 2 914 675 938 675 865 675 938 677 937 677 865 677 869 679 939 679 871 679 939 680 915 680 871 680 916 671 940 671 852 671 940 676 853 676 852 676 891 679 941 679 859 679 941 680 917 680 859 680 918 675 942 675 887 675 942 677 888 677 887 677 880 674 943 674 885 674 943 674 919 674 885 674 920 681 944 681 723 681 944 682 724 682 723 682 743 683 945 683 744 683 945 683 921 683 744 683 922 676 946 676 735 676 946 684 733 684 735 684 752 683 947 683 753 683 947 683 923 683 753 683 924 685 948 685 767 685 948 684 768 684 767 684 794 683 949 683 795 683 949 683 925 683 795 683 950 2 793 2 926 2 951 2 950 2 926 2 952 686 953 686 926 686 953 2 954 2 926 2 954 2 951 2 926 2 927 685 955 685 926 685 955 684 952 684 926 684 788 683 956 683 789 683 956 683 928 683 789 683 929 676 957 676 778 676 957 684 776 684 778 684 816 683 958 683 817 683 958 683 930 683 817 683 959 2 825 2 824 2 931 685 960 685 824 685 960 687 959 687 824 687 813 683 961 683 814 683 961 683 932 683 814 683 933 676 962 676 804 676 962 684 802 684 804 684 843 683 963 683 844 683 963 683 934 683 844 683 935 685 964 685 832 685 964 684 833 684 832 684 867 683 965 683 864 683 965 683 936 683 864 683 966 688 866 688 937 688 938 685 967 685 937 685 967 684 966 684 937 684 868 689 968 689 869 689 968 690 939 690 869 690 940 676 969 676 853 676 969 684 854 684 853 684 890 683 970 683 891 683 970 683 941 683 891 683 971 2 889 2 888 2 942 685 972 685 888 685 972 691 971 691 888 691 879 683 973 683 880 683 973 683 943 683 880 683 944 692 974 692 724 692 974 693 725 693 724 693 742 694 975 694 743 694 975 695 945 695 743 695 946 684 976 684 733 684 976 696 734 696 733 696 754 697 977 697 752 697 977 697 947 697 752 697 948 684 978 684 768 684 978 696 769 696 768 696 793 694 979 694 794 694 979 695 949 695 794 695 980 698 981 698 952 698 981 699 953 699 952 699 955 684 982 684 952 684 982 696 980 696 952 696 787 694 983 694 788 694 983 695 956 695 788 695 957 684 984 684 776 684 984 696 777 696 776 696 825 694 985 694 816 694 985 695 958 695 816 695 986 700 825 700 959 700 960 701 987 701 959 701 987 702 986 702 959 702 815 703 988 703 813 703 988 704 961 704 813 704 962 684 989 684 802 684 989 696 803 696 802 696 845 705 990 705 843 705 990 706 963 706 843 706 964 684 991 684 833 684 991 696 834 696 833 696 866 694 992 694 867 694 992 695 965 695 867 695 993 707 866 707 966 707 967 684 994 684 966 684 994 696 993 696 966 696 870 705 995 705 868 705 995 706 968 706 868 706 969 684 996 684 854 684 996 696 855 696 854 696 889 694 997 694 890 694 997 695 970 695 890 695 998 2 889 2 971 2 972 708 999 708 971 708 999 696 998 696 971 696 884 709 1000 709 879 709 1000 710 973 710 879 710 974 693 1001 693 725 693 1001 711 726 711 725 711 750 712 1002 712 742 712 1002 713 975 713 742 713 976 714 1003 714 734 714 1003 711 736 711 734 711 763 712 1004 712 754 712 1004 713 977 713 754 713 978 714 1005 714 769 714 1005 711 770 711 769 711 950 712 1006 712 793 712 1006 713 979 713 793 713 1007 2 1008 2 980 2 1008 715 1009 715 980 715 1009 2 1010 2 980 2 1010 2 1011 2 980 2 1011 2 1012 2 980 2 1013 2 1007 2 980 2 1014 2 1013 2 980 2 1012 716 1015 716 980 716 1015 2 981 2 980 2 982 714 1016 714 980 714 1016 711 1014 711 980 711 801 712 1017 712 787 712 1017 713 983 713 787 713 984 714 1018 714 777 714 1018 711 779 711 777 711 986 717 1019 717 825 717 1019 712 1020 712 825 712 1020 713 985 713 825 713 1021 2 1019 2 986 2 1022 718 1021 718 986 718 1023 2 1022 2 986 2 987 719 1024 719 986 719 1024 720 1023 720 986 720 827 721 1025 721 815 721 1025 722 988 722 815 722 989 714 1026 714 803 714 1026 723 807 723 803 723 848 712 1027 712 845 712 1027 713 990 713 845 713 991 714 1028 714 834 714 1028 711 835 711 834 711 993 724 1029 724 866 724 1029 712 1030 712 866 712 1030 713 992 713 866 713 1031 2 1032 2 993 2 1032 2 1029 2 993 2 1033 725 1031 725 993 725 1034 2 1033 2 993 2 994 714 1035 714 993 714 1035 723 1034 723 993 723 878 712 1036 712 870 712 1036 713 995 713 870 713 996 714 1037 714 855 714 1037 711 856 711 855 711 998 726 1038 726 889 726 1038 712 1039 712 889 712 1039 713 997 713 889 713 1040 727 1038 727 998 727 999 714 1041 714 998 714 1041 723 1040 723 998 723 883 721 1042 721 884 721 1042 722 1000 722 884 722 1001 728 1043 728 726 728 1043 729 727 729 726 729 749 730 1044 730 750 730 1044 731 1002 731 750 731 1003 728 1045 728 736 728 1045 732 737 732 736 732 762 733 1046 733 763 733 1046 734 1004 734 763 734 1005 728 1047 728 770 728 1047 735 771 735 770 735 951 736 1048 736 950 736 1048 737 1006 737 950 737 1049 2 1013 2 1014 2 1016 728 1050 728 1014 728 1050 735 1049 735 1014 735 800 736 1051 736 801 736 1051 737 1017 737 801 737 1018 728 1052 728 779 728 1052 735 780 735 779 735 1021 733 1053 733 1019 733 1053 734 1020 734 1019 734 1054 2 1022 2 1023 2 1024 720 1055 720 1023 720 1055 735 1054 735 1023 735 826 733 1056 733 827 733 1056 734 1025 734 827 734 1026 738 1057 738 807 738 1057 735 808 735 807 735 847 733 1058 733 848 733 1058 734 1027 734 848 734 1028 728 1059 728 835 728 1059 729 836 729 835 729 1032 736 1060 736 1029 736 1060 737 1030 737 1029 737 1061 2 1033 2 1034 2 1035 738 1062 738 1034 738 1062 729 1061 729 1034 729 877 736 1063 736 878 736 1063 737 1036 737 878 737 1037 728 1064 728 856 728 1064 735 857 735 856 735 1040 739 1065 739 1038 739 1065 733 1066 733 1038 733 1066 734 1039 734 1038 734 1067 2 1065 2 1040 2 1068 2 1069 2 1040 2 1069 2 1070 2 1040 2 1070 2 1067 2 1040 2 1041 738 1071 738 1040 738 1071 729 1068 729 1040 729 882 733 1072 733 883 733 1072 734 1042 734 883 734 1043 740 1073 740 727 740 1073 741 728 741 727 741 746 742 1074 742 749 742 1074 743 1044 743 749 743 1045 744 1075 744 737 744 1075 741 738 741 737 741 758 742 1076 742 762 742 1076 743 1046 743 762 743 1047 745 1077 745 771 745 1077 746 772 746 771 746 954 747 1078 747 951 747 1078 748 1048 748 951 748 1079 2 1013 2 1049 2 1050 745 1080 745 1049 745 1080 746 1079 746 1049 746 792 747 1081 747 800 747 1081 748 1051 748 800 748 1052 745 1082 745 780 745 1082 746 781 746 780 746 1022 749 1083 749 1021 749 1083 750 1053 750 1021 750 1084 2 1022 2 1054 2 1055 745 1085 745 1054 745 1085 751 1084 751 1054 751 819 747 1086 747 826 747 1086 748 1056 748 826 748 1057 745 1087 745 808 745 1087 741 809 741 808 741 842 747 1088 747 847 747 1088 748 1058 748 847 748 1059 740 1089 740 836 740 1089 752 837 752 836 752 1031 747 1090 747 1032 747 1090 748 1060 748 1032 748 1091 2 1033 2 1061 2 1062 740 1092 740 1061 740 1092 741 1091 741 1061 741 874 742 1093 742 877 742 1093 743 1063 743 877 743 1064 745 1094 745 857 745 1094 746 858 746 857 746 1067 749 1095 749 1065 749 1095 750 1066 750 1065 750 1096 2 1069 2 1068 2 1071 740 1097 740 1068 740 1097 746 1096 746 1068 746 881 753 1098 753 882 753 1098 754 1072 754 882 754 892 755 1099 755 881 755 1099 756 1098 756 881 756 1073 757 1100 757 728 757 1100 758 729 758 728 758 745 759 1101 759 746 759 1101 760 1074 760 746 760 1075 757 1102 757 738 757 1102 761 739 761 738 761 757 762 1103 762 758 762 1103 763 1076 763 758 763 1077 764 1104 764 772 764 1104 761 773 761 772 761 953 759 1105 759 954 759 1105 760 1078 760 954 760 1106 2 1013 2 1079 2 1080 764 1107 764 1079 764 1107 761 1106 761 1079 761 791 759 1108 759 792 759 1108 760 1081 760 792 760 1082 764 1109 764 781 764 1109 761 784 761 781 761 1084 2 1110 2 1022 2 1110 765 1111 765 1022 765 1111 759 1112 759 1022 759 1112 760 1083 760 1022 760 1085 766 1113 766 1084 766 1113 767 1110 767 1084 767 818 768 1114 768 819 768 1114 769 1086 769 819 769 1087 757 1115 757 809 757 1115 770 810 770 809 770 841 768 1116 768 842 768 1116 769 1088 769 842 769 1089 771 1117 771 837 771 1117 761 838 761 837 761 1033 759 1118 759 1031 759 1118 760 1090 760 1031 760 1119 2 1033 2 1091 2 1092 757 1120 757 1091 757 1120 758 1119 758 1091 758 873 768 1121 768 874 768 1121 769 1093 769 874 769 1094 764 1122 764 858 764 1122 761 861 761 858 761 1070 759 1123 759 1067 759 1123 760 1095 760 1067 760 1124 772 1069 772 1096 772 1097 764 1125 764 1096 764 1125 770 1124 770 1096 770 893 768 1126 768 892 768 1126 769 1099 769 892 769 1100 773 1127 773 729 773 1127 774 730 774 729 774 748 775 1128 775 745 775 1128 776 1101 776 745 776 1102 777 1129 777 739 777 1129 778 740 778 739 778 761 779 1130 779 757 779 1130 780 1103 780 757 780 1104 777 1131 777 773 777 1131 774 774 774 773 774 981 781 1132 781 953 781 1132 782 1105 782 953 782 1133 2 1013 2 1106 2 1107 777 1134 777 1106 777 1134 783 1133 783 1106 783 799 781 1135 781 791 781 1135 782 1108 782 791 782 1109 777 1136 777 784 777 1136 783 785 783 784 783 1110 784 1137 784 1111 784 1137 779 1138 779 1111 779 1138 780 1112 780 1111 780 1139 2 1137 2 1110 2 1113 785 1140 785 1110 785 1140 783 1139 783 1110 783 829 779 1141 779 818 779 1141 780 1114 780 818 780 1115 786 1142 786 810 786 1142 783 811 783 810 783 850 779 1143 779 841 779 1143 780 1116 780 841 780 1117 777 1144 777 838 777 1144 774 839 774 838 774 1119 2 1145 2 1033 2 1145 787 1146 787 1033 787 1146 781 1147 781 1033 781 1147 782 1118 782 1033 782 1120 773 1148 773 1119 773 1148 774 1145 774 1119 774 876 781 1149 781 873 781 1149 782 1121 782 873 782 1122 777 1150 777 861 777 1150 783 862 783 861 783 1069 779 1151 779 1070 779 1151 780 1123 780 1070 780 1152 2 1069 2 1124 2 1125 786 1153 786 1124 786 1153 774 1152 774 1124 774 896 779 1154 779 893 779 1154 780 1126 780 893 780 1155 2 719 2 730 2 1127 788 1156 788 730 788 1156 406 1155 406 730 406 747 119 1157 119 748 119 1157 119 1128 119 748 119 1158 2 741 2 740 2 1129 789 1159 789 740 789 1159 406 1158 406 740 406 760 119 1160 119 761 119 1160 119 1130 119 761 119 1161 2 764 2 774 2 1131 788 1162 788 774 788 1162 406 1161 406 774 406 1015 119 1163 119 981 119 1163 119 1132 119 981 119 1164 2 1013 2 1133 2 1134 790 1165 790 1133 790 1165 406 1164 406 1133 406 798 119 1166 119 799 119 1166 119 1135 119 799 119 1167 2 786 2 785 2 1136 790 1168 790 785 790 1168 406 1167 406 785 406 1139 2 1169 2 1137 2 1169 119 1170 119 1137 119 1170 119 1138 119 1137 119 1171 2 1169 2 1139 2 1140 790 1172 790 1139 790 1172 406 1171 406 1139 406 828 119 1173 119 829 119 1173 119 1141 119 829 119 1174 2 812 2 811 2 1142 790 1175 790 811 790 1175 406 1174 406 811 406 849 119 1176 119 850 119 1176 119 1143 119 850 119 1177 2 840 2 839 2 1144 788 1178 788 839 788 1178 406 1177 406 839 406 1145 2 1179 2 1146 2 1179 119 1180 119 1146 119 1180 119 1147 119 1146 119 1181 2 1179 2 1145 2 1148 788 1182 788 1145 788 1182 406 1181 406 1145 406 875 119 1183 119 876 119 1183 119 1149 119 876 119 1184 2 863 2 862 2 1150 790 1185 790 862 790 1185 406 1184 406 862 406 1152 2 1186 2 1069 2 1186 119 1187 119 1069 119 1187 119 1151 119 1069 119 1188 2 1186 2 1152 2 1153 788 1189 788 1152 788 1189 406 1188 406 1152 406 895 119 1190 119 896 119 1190 119 1154 119 896 119 1191 2 719 2 1155 2 1156 406 1192 406 1155 406 1192 791 1191 791 1155 791 741 792 1193 792 747 792 1193 793 1194 793 747 793 1194 794 1157 794 747 794 1195 795 741 795 1158 795 1159 406 1196 406 1158 406 1196 796 1195 796 1158 796 759 2 1197 2 760 2 1197 797 1198 797 760 797 1198 797 1160 797 760 797 1199 798 764 798 1161 798 1162 406 1200 406 1161 406 1200 791 1199 791 1161 791 1012 799 1201 799 1015 799 1201 800 1163 800 1015 800 1202 2 1013 2 1164 2 1165 406 1203 406 1164 406 1203 801 1202 801 1164 801 786 802 1204 802 798 802 1204 799 1205 799 798 799 1205 800 1166 800 798 800 1206 2 786 2 1167 2 1168 406 1207 406 1167 406 1207 801 1206 801 1167 801 1171 803 1208 803 1169 803 1208 797 1209 797 1169 797 1209 797 1170 797 1169 797 1210 2 1208 2 1171 2 1172 406 1211 406 1171 406 1211 801 1210 801 1171 801 812 804 1212 804 828 804 1212 797 1213 797 828 797 1213 797 1173 797 828 797 1214 2 812 2 1174 2 1175 406 1215 406 1174 406 1215 801 1214 801 1174 801 840 805 1216 805 849 805 1216 797 1217 797 849 797 1217 797 1176 797 849 797 1218 2 840 2 1177 2 1178 406 1219 406 1177 406 1219 791 1218 791 1177 791 1181 806 1220 806 1179 806 1220 799 1221 799 1179 799 1221 800 1180 800 1179 800 1222 2 1220 2 1181 2 1182 406 1223 406 1181 406 1223 791 1222 791 1181 791 863 807 1224 807 875 807 1224 799 1225 799 875 799 1225 800 1183 800 875 800 1226 2 863 2 1184 2 1185 406 1227 406 1184 406 1227 801 1226 801 1184 801 1228 808 1229 808 1186 808 1230 2 1228 2 1186 2 1231 809 1230 809 1186 809 1188 2 1231 2 1186 2 1229 797 1232 797 1186 797 1232 797 1187 797 1186 797 1189 406 1233 406 1188 406 1233 791 1231 791 1188 791 894 810 1234 810 895 810 1234 797 1235 797 895 797 1235 797 1190 797 895 797 1236 811 719 811 1191 811 1192 791 1237 791 1191 791 1237 812 1236 812 1191 812 741 813 1238 813 1193 813 1238 814 1239 814 1193 814 1239 815 1194 815 1193 815 1240 2 741 2 1195 2 1196 816 1241 816 1195 816 1241 817 1240 817 1195 817 759 2 1242 2 1197 2 1242 818 1243 818 1197 818 1243 819 1198 819 1197 819 1244 2 764 2 1199 2 1200 791 1245 791 1199 791 1245 817 1244 817 1199 817 1011 814 1246 814 1012 814 1246 815 1201 815 1012 815 764 820 1013 820 1202 820 1247 821 764 821 1202 821 1203 822 1248 822 1202 822 1248 817 1247 817 1202 817 786 823 1249 823 1204 823 1249 814 1250 814 1204 814 1250 815 1205 815 1204 815 1251 2 786 2 1206 2 1207 822 1252 822 1206 822 1252 817 1251 817 1206 817 1253 824 1254 824 1208 824 1255 825 1256 825 1208 825 1256 2 1257 2 1208 2 1257 2 1253 2 1208 2 1210 2 1255 2 1208 2 1254 814 1258 814 1208 814 1258 815 1209 815 1208 815 1211 822 1259 822 1210 822 1259 826 1255 826 1210 826 812 827 1260 827 1212 827 1260 828 1261 828 1212 828 1261 829 1213 829 1212 829 1262 2 812 2 1214 2 1215 822 1263 822 1214 822 1263 830 1262 830 1214 830 840 831 1264 831 1216 831 1264 828 1265 828 1216 828 1265 829 1217 829 1216 829 1266 2 840 2 1218 2 1219 791 1267 791 1218 791 1267 817 1266 817 1218 817 1268 832 1269 832 1220 832 1222 2 1270 2 1220 2 1270 2 1271 2 1220 2 1271 2 1272 2 1220 2 1272 2 1268 2 1220 2 1269 814 1273 814 1220 814 1273 815 1221 815 1220 815 1223 791 1274 791 1222 791 1274 812 1270 812 1222 812 863 833 1275 833 1224 833 1275 828 1276 828 1224 828 1276 829 1225 829 1224 829 1277 2 863 2 1226 2 1227 822 1278 822 1226 822 1278 817 1277 817 1226 817 1279 834 1280 834 1229 834 1228 2 1279 2 1229 2 1280 814 1281 814 1229 814 1281 815 1232 815 1229 815 1233 791 1282 791 1231 791 1282 830 1230 830 1231 830 894 835 1283 835 1234 835 1283 828 1284 828 1234 828 1284 829 1235 829 1234 829 1285 2 719 2 1236 2 1237 836 1286 836 1236 836 1286 837 1285 837 1236 837 741 838 1287 838 1238 838 1287 839 1288 839 1238 839 1288 840 1239 840 1238 840 1289 841 741 841 1240 841 1241 842 1290 842 1240 842 1290 837 1289 837 1240 837 759 843 1291 843 1242 843 1291 839 1292 839 1242 839 1292 840 1243 840 1242 840 1293 844 764 844 1244 844 1245 842 1294 842 1244 842 1294 845 1293 845 1244 845 1010 846 1295 846 1011 846 1295 846 1246 846 1011 846 1296 2 764 2 1247 2 1248 842 1297 842 1247 842 1297 845 1296 845 1247 845 786 847 1298 847 1249 847 1298 846 1299 846 1249 846 1299 846 1250 846 1249 846 1300 2 786 2 1251 2 1252 842 1301 842 1251 842 1301 845 1300 845 1251 845 1253 848 1302 848 1254 848 1302 849 1303 849 1254 849 1303 850 1258 850 1254 850 1259 851 1304 851 1255 851 1304 852 1256 852 1255 852 812 2 1305 2 1260 2 1305 846 1306 846 1260 846 1306 846 1261 846 1260 846 1307 2 812 2 1262 2 1263 853 1308 853 1262 853 1308 837 1307 837 1262 837 840 854 1309 854 1264 854 1309 846 1310 846 1264 846 1310 846 1265 846 1264 846 1311 855 840 855 1266 855 1267 842 1312 842 1266 842 1312 856 1311 856 1266 856 1268 857 1313 857 1269 857 1313 846 1314 846 1269 846 1314 846 1273 846 1269 846 1274 836 1315 836 1270 836 1315 837 1271 837 1270 837 863 858 1316 858 1275 858 1316 839 1317 839 1275 839 1317 840 1276 840 1275 840 1318 2 863 2 1277 2 1278 842 1319 842 1277 842 1319 845 1318 845 1277 845 1279 859 1320 859 1280 859 1320 849 1321 849 1280 849 1321 850 1281 850 1280 850 1282 853 1322 853 1230 853 1322 845 1228 845 1230 845 894 860 1323 860 1283 860 1323 861 1324 861 1283 861 1324 862 1284 862 1283 862 1325 2 1326 2 1323 2 894 2 1325 2 1323 2 1326 863 1327 863 1323 863 1327 864 1324 864 1323 864 1328 2 719 2 1285 2 1286 865 1329 865 1285 865 1329 866 1328 866 1285 866 741 867 1330 867 1287 867 1330 868 1331 868 1287 868 1331 869 1288 869 1287 869 1332 2 741 2 1289 2 1290 865 1333 865 1289 865 1333 870 1332 870 1289 870 759 871 1334 871 1291 871 1334 872 1335 872 1291 872 1335 873 1292 873 1291 873 1336 2 764 2 1293 2 1294 845 1337 845 1293 845 1337 874 1336 874 1293 874 1009 875 1338 875 1010 875 1338 876 1295 876 1010 876 1339 2 764 2 1296 2 1297 845 1340 845 1296 845 1340 874 1339 874 1296 874 786 2 1341 2 1298 2 1341 875 1342 875 1298 875 1342 876 1299 876 1298 876 1343 2 786 2 1300 2 1301 845 1344 845 1300 845 1344 874 1343 874 1300 874 1253 877 1345 877 1302 877 1345 872 1346 872 1302 872 1346 873 1303 873 1302 873 1304 852 1347 852 1256 852 1347 874 1257 874 1256 874 812 878 1348 878 1305 878 1348 872 1349 872 1305 872 1349 873 1306 873 1305 873 1350 2 812 2 1307 2 1308 865 1351 865 1307 865 1351 874 1350 874 1307 874 840 879 1352 879 1309 879 1352 872 1353 872 1309 872 1353 873 1310 873 1309 873 1354 2 840 2 1311 2 1312 880 1355 880 1311 880 1355 866 1354 866 1311 866 1268 881 1356 881 1313 881 1356 875 1357 875 1313 875 1357 876 1314 876 1313 876 1315 865 1358 865 1271 865 1358 866 1272 866 1271 866 863 2 1359 2 1316 2 1359 875 1360 875 1316 875 1360 876 1317 876 1316 876 1361 2 863 2 1318 2 1319 845 1362 845 1318 845 1362 874 1361 874 1318 874 1279 882 1363 882 1320 882 1363 872 1364 872 1320 872 1364 873 1321 873 1320 873 1322 845 1365 845 1228 845 1365 866 1279 866 1228 866 1325 2 1366 2 1326 2 1366 872 1367 872 1326 872 1367 873 1327 873 1326 873 1368 883 719 883 1328 883 1329 884 1369 884 1328 884 1369 885 1368 885 1328 885 741 886 1370 886 1330 886 1370 887 1371 887 1330 887 1371 888 1331 888 1330 888 1372 2 741 2 1332 2 1333 889 1373 889 1332 889 1373 885 1372 885 1332 885 759 890 1374 890 1334 890 1374 887 1375 887 1334 887 1375 888 1335 888 1334 888 1376 2 764 2 1336 2 1337 891 1377 891 1336 891 1377 885 1376 885 1336 885 1008 887 1378 887 1009 887 1378 888 1338 888 1009 888 1379 892 764 892 1339 892 1340 891 1380 891 1339 891 1380 885 1379 885 1339 885 786 893 1381 893 1341 893 1381 887 1382 887 1341 887 1382 888 1342 888 1341 888 1383 2 786 2 1343 2 1344 891 1384 891 1343 891 1384 885 1383 885 1343 885 1253 894 1385 894 1345 894 1385 887 1386 887 1345 887 1386 888 1346 888 1345 888 1347 891 1387 891 1257 891 1387 895 1253 895 1257 895 812 896 1388 896 1348 896 1388 897 1389 897 1348 897 1389 898 1349 898 1348 898 1390 899 812 899 1350 899 1351 891 1391 891 1350 891 1391 900 1390 900 1350 900 840 901 1392 901 1352 901 1392 887 1393 887 1352 887 1393 888 1353 888 1352 888 1394 902 840 902 1354 902 1355 884 1395 884 1354 884 1395 885 1394 885 1354 885 1268 903 1396 903 1356 903 1396 887 1397 887 1356 887 1397 888 1357 888 1356 888 1358 884 1398 884 1272 884 1398 900 1268 900 1272 900 863 904 1399 904 1359 904 1399 887 1400 887 1359 887 1400 888 1360 888 1359 888 1401 2 863 2 1361 2 1362 891 1402 891 1361 891 1402 885 1401 885 1361 885 1279 905 1403 905 1363 905 1403 906 1404 906 1363 906 1404 887 1405 887 1363 887 1405 888 1364 888 1363 888 1365 884 1406 884 1279 884 1406 900 1403 900 1279 900 1325 907 1407 907 1366 907 1407 897 1408 897 1366 897 1408 898 1367 898 1366 898 1409 2 719 2 1368 2 1369 908 1410 908 1368 908 1410 909 1409 909 1368 909 741 910 1411 910 1370 910 1411 911 1412 911 1370 911 1412 912 1371 912 1370 912 1413 913 741 913 1372 913 1373 908 1414 908 1372 908 1414 914 1413 914 1372 914 759 915 1415 915 1374 915 1415 916 1416 916 1374 916 1416 916 1375 916 1374 916 1417 2 764 2 1376 2 1377 908 1418 908 1376 908 1418 914 1417 914 1376 914 1007 911 1419 911 1008 911 1419 912 1378 912 1008 912 1420 2 764 2 1379 2 1380 908 1421 908 1379 908 1421 914 1420 914 1379 914 786 917 1422 917 1381 917 1422 911 1423 911 1381 911 1423 912 1382 912 1381 912 1424 918 786 918 1383 918 1384 908 1425 908 1383 908 1425 914 1424 914 1383 914 812 919 1426 919 1385 919 1253 920 1427 920 1385 920 1427 2 1428 2 1385 2 1428 2 812 2 1385 2 1426 911 1429 911 1385 911 1429 912 1386 912 1385 912 1387 895 1430 895 1253 895 1430 921 1427 921 1253 921 812 922 1431 922 1388 922 1431 923 1432 923 1388 923 1432 924 1389 924 1388 924 1433 2 812 2 1390 2 1391 925 1434 925 1390 925 1434 914 1433 914 1390 914 840 926 1435 926 1392 926 1435 927 1436 927 1392 927 1436 928 1393 928 1392 928 1437 2 840 2 1394 2 1395 908 1438 908 1394 908 1438 914 1437 914 1394 914 863 929 1439 929 1396 929 1268 930 1440 930 1396 930 1440 931 1441 931 1396 931 1441 2 1442 2 1396 2 1442 2 863 2 1396 2 1439 911 1443 911 1396 911 1443 912 1397 912 1396 912 1398 925 1444 925 1268 925 1444 914 1440 914 1268 914 863 932 1445 932 1399 932 1445 927 1446 927 1399 927 1446 928 1400 928 1399 928 1447 2 863 2 1401 2 1402 908 1448 908 1401 908 1448 914 1447 914 1401 914 1325 933 1449 933 1404 933 1403 2 1450 2 1404 2 1450 2 1325 2 1404 2 1449 911 1451 911 1404 911 1451 912 1405 912 1404 912 1406 925 1452 925 1403 925 1452 914 1450 914 1403 914 1325 934 1453 934 1407 934 1453 935 1454 935 1407 935 1454 936 1408 936 1407 936 1455 2 719 2 1409 2 1410 909 1456 909 1409 909 1456 937 1455 937 1409 937 741 2 1457 2 1411 2 1457 938 1458 938 1411 938 1458 938 1412 938 1411 938 1459 2 741 2 1413 2 1414 939 1460 939 1413 939 1460 940 1459 940 1413 940 759 2 1461 2 1415 2 1461 938 1462 938 1415 938 1462 938 1416 938 1415 938 1463 2 764 2 1417 2 1418 939 1464 939 1417 939 1464 940 1463 940 1417 940 1013 938 1465 938 1007 938 1465 938 1419 938 1007 938 1466 2 764 2 1420 2 1421 939 1467 939 1420 939 1467 940 1466 940 1420 940 786 2 1468 2 1422 2 1468 938 1469 938 1422 938 1469 938 1423 938 1422 938 1470 2 786 2 1424 2 1425 939 1471 939 1424 939 1471 940 1470 940 1424 940 812 941 1472 941 1426 941 1472 938 1473 938 1426 938 1473 938 1429 938 1426 938 1430 942 1474 942 1427 942 1474 943 1428 943 1427 943 812 2 1475 2 1431 2 1475 938 1476 938 1431 938 1476 938 1432 938 1431 938 1477 2 812 2 1433 2 1434 939 1478 939 1433 939 1478 940 1477 940 1433 940 840 2 1479 2 1435 2 1479 938 1480 938 1435 938 1480 938 1436 938 1435 938 1481 2 840 2 1437 2 1438 939 1482 939 1437 939 1482 940 1481 940 1437 940 863 944 1483 944 1439 944 1483 938 1484 938 1439 938 1484 938 1443 938 1439 938 1444 939 1485 939 1440 939 1485 940 1441 940 1440 940 863 945 1486 945 1445 945 1486 946 1487 946 1445 946 1487 947 1446 947 1445 947 1488 2 863 2 1447 2 1448 939 1489 939 1447 939 1489 940 1488 940 1447 940 1325 948 1490 948 1449 948 1490 938 1491 938 1449 938 1491 938 1451 938 1449 938 1492 949 1325 949 1450 949 1452 939 1493 939 1450 939 1493 950 1492 950 1450 950 1325 2 1494 2 1453 2 1494 938 1495 938 1453 938 1495 938 1454 938 1453 938 1496 2 719 2 1455 2 1456 951 1497 951 1455 951 1497 952 1496 952 1455 952 741 953 1498 953 1457 953 1498 954 1499 954 1457 954 1499 955 1458 955 1457 955 759 956 741 956 1459 956 1500 2 759 2 1459 2 1460 940 1501 940 1459 940 1501 957 1500 957 1459 957 759 2 1502 2 1461 2 1502 954 1503 954 1461 954 1503 955 1462 955 1461 955 1504 2 764 2 1463 2 1464 940 1505 940 1463 940 1505 958 1504 958 1463 958 764 959 1506 959 1013 959 1506 954 1507 954 1013 954 1507 955 1465 955 1013 955 1508 2 764 2 1466 2 1467 940 1509 940 1466 940 1509 958 1508 958 1466 958 786 960 1510 960 1468 960 1510 961 1511 961 1468 961 1511 962 1469 962 1468 962 1512 963 786 963 1470 963 1471 940 1513 940 1470 940 1513 957 1512 957 1470 957 812 964 1514 964 1472 964 1514 961 1515 961 1472 961 1515 962 1473 962 1472 962 1516 2 812 2 1428 2 1474 965 1517 965 1428 965 1517 958 1516 958 1428 958 812 2 1518 2 1475 2 1518 954 1519 954 1475 954 1519 955 1476 955 1475 955 1520 2 812 2 1477 2 1478 940 1521 940 1477 940 1521 957 1520 957 1477 957 840 966 1522 966 1479 966 1522 961 1523 961 1479 961 1523 962 1480 962 1479 962 1524 2 840 2 1481 2 1482 940 1525 940 1481 940 1525 958 1524 958 1481 958 863 967 1526 967 1483 967 1526 954 1527 954 1483 954 1527 955 1484 955 1483 955 1485 940 1528 940 1441 940 1528 958 1442 958 1441 958 863 968 1529 968 1486 968 1529 961 1530 961 1486 961 1530 962 1487 962 1486 962 1531 2 863 2 1488 2 1489 940 1532 940 1488 940 1532 957 1531 957 1488 957 1325 969 1533 969 1490 969 1533 961 1534 961 1490 961 1534 962 1491 962 1490 962 1535 970 1325 970 1492 970 1493 971 1536 971 1492 971 1536 958 1535 958 1492 958 1325 2 1537 2 1494 2 1537 954 1538 954 1494 954 1538 955 1495 955 1494 955 741 972 719 972 1496 972 1539 2 741 2 1496 2 1497 973 1540 973 1496 973 1540 974 1539 974 1496 974 741 975 1539 975 1498 975 1539 976 1541 976 1498 976 1541 977 1499 977 1498 977 1542 2 759 2 1500 2 1501 978 1543 978 1500 978 1543 979 1542 979 1500 979 759 2 1542 2 1502 2 1542 976 1544 976 1502 976 1544 977 1503 977 1502 977 1545 980 764 980 1504 980 1505 981 1546 981 1504 981 1546 979 1545 979 1504 979 764 982 1545 982 1506 982 1545 983 1547 983 1506 983 1547 983 1507 983 1506 983 786 984 764 984 1508 984 1548 2 786 2 1508 2 1509 981 1549 981 1508 981 1549 979 1548 979 1508 979 786 985 1548 985 1510 985 1548 976 1550 976 1510 976 1550 977 1511 977 1510 977 1551 986 786 986 1512 986 1513 978 1552 978 1512 978 1552 987 1551 987 1512 987 812 988 1551 988 1514 988 1551 976 1553 976 1514 976 1553 977 1515 977 1514 977 1554 989 812 989 1516 989 1517 981 1555 981 1516 981 1555 979 1554 979 1516 979 812 990 1554 990 1518 990 1554 983 1556 983 1518 983 1556 983 1519 983 1518 983 1557 991 812 991 1520 991 1521 978 1558 978 1520 978 1558 979 1557 979 1520 979 840 992 1557 992 1522 992 1557 976 1559 976 1522 976 1559 977 1523 977 1522 977 1560 2 840 2 1524 2 1525 981 1561 981 1524 981 1561 979 1560 979 1524 979 840 993 1560 993 1526 993 863 994 840 994 1526 994 1560 983 1562 983 1526 983 1562 983 1527 983 1526 983 1563 995 863 995 1442 995 1528 981 1564 981 1442 981 1564 979 1563 979 1442 979 863 996 1563 996 1529 996 1563 976 1565 976 1529 976 1565 977 1530 977 1529 977 1566 2 863 2 1531 2 1532 978 1567 978 1531 978 1567 987 1566 987 1531 987 863 997 1566 997 1533 997 1325 998 863 998 1533 998 1566 976 1568 976 1533 976 1568 977 1534 977 1533 977 1569 2 1325 2 1535 2 1536 981 1570 981 1535 981 1570 979 1569 979 1535 979 1325 999 1569 999 1537 999 1569 1000 1571 1000 1537 1000 1571 1000 1538 1000 1537 1000 1540 974 1541 974 1539 974 1543 1001 1544 1001 1542 1001 1546 1001 1547 1001 1545 1001 1549 1001 1550 1001 1548 1001 812 1002 786 1002 1551 1002 1552 987 1553 987 1551 987 1555 1001 1556 1001 1554 1001 840 1003 812 1003 1557 1003 1558 1001 1559 1001 1557 1001 1561 1001 1562 1001 1560 1001 1564 1001 1565 1001 1563 1001 1567 987 1568 987 1566 987 1570 1001 1571 1001 1569 1001 1572 2 1573 2 720 2 719 2 1572 2 720 2 1573 119 1574 119 720 119 1574 119 721 119 720 119 1575 2 1576 2 719 2 741 1004 1575 1004 719 1004 1576 2 1577 2 719 2 1577 2 1578 2 719 2 1578 2 1579 2 719 2 1579 1005 1580 1005 719 1005 1580 2 1581 2 719 2 1581 2 1582 2 719 2 1582 1006 1583 1006 719 1006 1583 2 1584 2 719 2 1584 2 1572 2 719 2 1585 1007 1586 1007 741 1007 1586 2 1587 2 741 2 759 2 1588 2 741 2 1588 2 1589 2 741 2 1589 2 1585 2 741 2 1587 2 1590 2 741 2 1590 2 1591 2 741 2 1591 1008 1592 1008 741 1008 1592 2 1593 2 741 2 1593 2 1594 2 741 2 1594 2 1595 2 741 2 1596 1009 1575 1009 741 1009 1597 2 1598 2 741 2 1598 2 1599 2 741 2 1599 1010 1596 1010 741 1010 1595 2 1600 2 741 2 1600 2 1601 2 741 2 1601 2 1602 2 741 2 1602 1011 1603 1011 741 1011 1603 2 1604 2 741 2 1604 2 1597 2 741 2 1605 2 1606 2 759 2 1606 2 1607 2 759 2 1607 2 1608 2 759 2 1608 2 1588 2 759 2 764 2 1609 2 759 2 1609 2 1605 2 759 2 1610 2 1611 2 764 2 1611 2 1612 2 764 2 1612 1012 1613 1012 764 1012 1613 1013 1614 1013 764 1013 1614 2 1615 2 764 2 1615 2 1616 2 764 2 1616 1014 1617 1014 764 1014 1617 1015 1618 1015 764 1015 786 2 1619 2 764 2 1619 1016 1620 1016 764 1016 1620 2 1610 2 764 2 1621 2 1609 2 764 2 1618 2 1621 2 764 2 812 2 1622 2 786 2 1622 2 1619 2 786 2 840 2 1623 2 812 2 1623 2 1622 2 812 2 863 1017 1624 1017 840 1017 1624 2 1623 2 840 2 1325 1018 1625 1018 863 1018 1625 2 1626 2 863 2 1626 2 1627 2 863 2 1627 2 1628 2 863 2 1628 2 1629 2 863 2 1629 2 1630 2 863 2 1630 2 1631 2 863 2 1631 2 1632 2 863 2 1632 1019 1633 1019 863 1019 1633 2 1634 2 863 2 1634 2 1635 2 863 2 1635 2 1636 2 863 2 1636 2 1637 2 863 2 1637 2 1638 2 863 2 1638 2 1639 2 863 2 1639 1020 1640 1020 863 1020 1640 2 1641 2 863 2 1642 1021 1643 1021 863 1021 1643 2 1644 2 863 2 1644 2 1645 2 863 2 1646 2 1647 2 863 2 1647 2 1648 2 863 2 1648 2 1642 2 863 2 1641 2 1649 2 863 2 1649 2 1650 2 863 2 1650 2 1646 2 863 2 1645 2 1651 2 863 2 1651 2 1624 2 863 2 1652 2 1653 2 1325 2 1653 2 1654 2 1325 2 1654 1022 1655 1022 1325 1022 1655 1023 1656 1023 1325 1023 1656 2 1657 2 1325 2 1657 2 1658 2 1325 2 1658 2 1659 2 1325 2 1659 2 1660 2 1325 2 1660 1024 1625 1024 1325 1024 1661 2 1652 2 1325 2 894 1025 1661 1025 1325 1025 1662 2 1661 2 894 2 1663 2 1664 2 894 2 1664 2 1665 2 894 2 1665 2 1662 2 894 2 1666 406 1663 406 894 406 897 406 1666 406 894 406 1619 129 1667 129 1620 129 1667 129 1668 129 1620 129 1668 1026 1610 1026 1620 1026 1622 129 1669 129 1619 129 1669 129 1667 129 1619 129 1623 129 1670 129 1622 129 1670 129 1669 129 1622 129 1624 129 1671 129 1623 129 1671 129 1670 129 1623 129 1672 1027 1671 1027 1624 1027 1651 1028 1672 1028 1624 1028 1673 1029 1611 1029 1610 1029 1668 1030 1673 1030 1610 1030 1674 1031 1672 1031 1651 1031 1645 1032 1674 1032 1651 1032 1675 1033 1612 1033 1611 1033 1673 1034 1675 1034 1611 1034 1676 1035 1674 1035 1645 1035 1644 1036 1676 1036 1645 1036 1677 1037 1613 1037 1612 1037 1675 1038 1677 1038 1612 1038 1678 1039 1676 1039 1644 1039 1643 1040 1678 1040 1644 1040 1679 1041 1614 1041 1613 1041 1677 1042 1679 1042 1613 1042 1680 1043 1678 1043 1643 1043 1642 1043 1680 1043 1643 1043 1681 1044 1615 1044 1614 1044 1679 1041 1681 1041 1614 1041 1682 1045 1680 1045 1642 1045 1648 1046 1682 1046 1642 1046 1683 1047 1616 1047 1615 1047 1681 1048 1683 1048 1615 1048 1684 1049 1682 1049 1648 1049 1647 1050 1684 1050 1648 1050 1685 1051 1617 1051 1616 1051 1683 1052 1685 1052 1616 1052 1686 1053 1684 1053 1647 1053 1646 1054 1686 1054 1647 1054 1687 1055 1618 1055 1617 1055 1685 1056 1687 1056 1617 1056 1688 1057 1686 1057 1646 1057 1650 1057 1688 1057 1646 1057 1689 2 1621 2 1618 2 1690 1058 1689 1058 1618 1058 1687 1055 1690 1055 1618 1055 1691 1059 1688 1059 1650 1059 1649 1060 1691 1060 1650 1060 1692 2 1621 2 1689 2 1693 1061 1692 1061 1689 1061 1690 1062 1693 1062 1689 1062 1641 1063 1694 1063 1649 1063 1695 1064 1691 1064 1649 1064 1694 1065 1695 1065 1649 1065 1696 1066 1621 1066 1692 1066 1697 1067 1696 1067 1692 1067 1693 1068 1697 1068 1692 1068 1641 1069 1698 1069 1694 1069 1699 1070 1695 1070 1694 1070 1698 1070 1699 1070 1694 1070 1700 1071 1621 1071 1696 1071 1701 1072 1700 1072 1696 1072 1697 1067 1701 1067 1696 1067 1641 1073 1702 1073 1698 1073 1703 1074 1699 1074 1698 1074 1702 1075 1703 1075 1698 1075 1704 666 1576 666 1575 666 1596 667 1705 667 1575 667 1705 668 1704 668 1575 668 1706 669 1660 669 1659 669 1658 672 1707 672 1659 672 1707 672 1706 672 1659 672 1704 666 1708 666 1576 666 1708 1076 1577 1076 1576 1076 1599 674 1709 674 1596 674 1709 1077 1705 1077 1596 1077 1706 675 1710 675 1660 675 1710 1078 1625 1078 1660 1078 1657 674 1711 674 1658 674 1711 1077 1707 1077 1658 1077 1708 681 1712 681 1577 681 1712 1079 1578 1079 1577 1079 1598 683 1713 683 1599 683 1713 1080 1709 1080 1599 1080 1710 685 1714 685 1625 685 1714 1081 1626 1081 1625 1081 1656 683 1715 683 1657 683 1715 1080 1711 1080 1657 1080 1716 1082 1717 1082 1588 1082 1608 1083 1716 1083 1588 1083 1717 1084 1589 1084 1588 1084 1718 1085 1719 1085 1636 1085 1635 1086 1718 1086 1636 1086 1719 1087 1637 1087 1636 1087 1712 692 1720 692 1578 692 1720 1088 1579 1088 1578 1088 1597 1089 1721 1089 1598 1089 1721 1090 1713 1090 1598 1090 1714 708 1722 708 1626 708 1722 1091 1627 1091 1626 1091 1655 1092 1723 1092 1656 1092 1723 1093 1715 1093 1656 1093 1724 1094 1716 1094 1608 1094 1607 1094 1724 1094 1608 1094 1725 1095 1638 1095 1637 1095 1719 1096 1725 1096 1637 1096 1726 1097 1585 1097 1589 1097 1717 1098 1726 1098 1589 1098 1727 1099 1718 1099 1635 1099 1634 1099 1727 1099 1635 1099 1728 2 1621 2 1700 2 1729 1100 1728 1100 1700 1100 1701 1101 1729 1101 1700 1101 1641 1102 1730 1102 1702 1102 1731 1103 1703 1103 1702 1103 1730 1104 1731 1104 1702 1104 1732 1105 1724 1105 1607 1105 1606 1106 1732 1106 1607 1106 1733 1107 1639 1107 1638 1107 1725 1108 1733 1108 1638 1108 1734 1109 1586 1109 1585 1109 1726 1097 1734 1097 1585 1097 1735 1110 1727 1110 1634 1110 1633 1110 1735 1110 1634 1110 1720 1111 1736 1111 1579 1111 1736 1112 1580 1112 1579 1112 1604 1113 1737 1113 1597 1113 1737 1114 1721 1114 1597 1114 1722 1115 1738 1115 1627 1115 1738 1116 1628 1116 1627 1116 1654 1117 1739 1117 1655 1117 1739 1118 1723 1118 1655 1118 1740 1119 1732 1119 1606 1119 1605 1120 1740 1120 1606 1120 1741 1121 1640 1121 1639 1121 1733 1122 1741 1122 1639 1122 1742 1123 1587 1123 1586 1123 1734 1109 1742 1109 1586 1109 1632 1124 1743 1124 1633 1124 1744 1125 1735 1125 1633 1125 1743 1126 1744 1126 1633 1126 1736 1127 1745 1127 1580 1127 1745 740 1581 740 1580 740 1603 1128 1746 1128 1604 1128 1746 1129 1737 1129 1604 1129 1738 1130 1747 1130 1628 1130 1747 740 1629 740 1628 740 1653 734 1748 734 1654 734 1748 733 1739 733 1654 733 1749 2 1621 2 1728 2 1750 1131 1749 1131 1728 1131 1729 1132 1750 1132 1728 1132 1641 1133 1751 1133 1730 1133 1752 1134 1731 1134 1730 1134 1751 1135 1752 1135 1730 1135 1745 729 1753 729 1581 729 1753 1136 1582 1136 1581 1136 1602 1137 1754 1137 1603 1137 1754 1138 1746 1138 1603 1138 1747 729 1755 729 1629 729 1755 764 1630 764 1629 764 1652 1139 1756 1139 1653 1139 1756 1140 1748 1140 1653 1140 1757 1141 1740 1141 1605 1141 1609 1142 1757 1142 1605 1142 1758 1143 1641 1143 1640 1143 1741 1144 1758 1144 1640 1144 1759 1145 1590 1145 1587 1145 1742 1146 1759 1146 1587 1146 1632 1147 1760 1147 1743 1147 1761 1148 1744 1148 1743 1148 1760 1149 1761 1149 1743 1149 1661 1150 1762 1150 1652 1150 1762 756 1756 756 1652 756 1753 1151 1763 1151 1582 1151 1763 1152 1583 1152 1582 1152 1601 1153 1764 1153 1602 1153 1764 1154 1754 1154 1602 1154 1755 1155 1765 1155 1630 1155 1765 1156 1631 1156 1630 1156 1662 1157 1766 1157 1661 1157 1766 1158 1762 1158 1661 1158 1767 2 1621 2 1749 2 1768 1159 1767 1159 1749 1159 1769 1160 1768 1160 1749 1160 1750 1161 1769 1161 1749 1161 1641 1162 1770 1162 1751 1162 1771 1163 1752 1163 1751 1163 1770 1164 1771 1164 1751 1164 1772 1165 1591 1165 1590 1165 1759 1166 1772 1166 1590 1166 1632 1167 1773 1167 1760 1167 1774 1168 1761 1168 1760 1168 1773 1168 1774 1168 1760 1168 1763 1169 1775 1169 1583 1169 1775 1170 1584 1170 1583 1170 1600 1171 1776 1171 1601 1171 1776 1172 1764 1172 1601 1172 1765 1173 1777 1173 1631 1173 1777 1170 1632 1170 1631 1170 1665 780 1778 780 1662 780 1778 1174 1766 1174 1662 1174 1779 1175 1592 1175 1591 1175 1772 1165 1779 1165 1591 1165 1632 1176 1780 1176 1773 1176 1781 1177 1774 1177 1773 1177 1780 1177 1781 1177 1773 1177 1782 2 1572 2 1584 2 1775 774 1783 774 1584 774 1783 406 1782 406 1584 406 1595 2 1784 2 1600 2 1784 119 1785 119 1600 119 1785 119 1776 119 1600 119 1786 2 1787 2 1632 2 1787 2 1780 2 1632 2 1777 774 1788 774 1632 774 1788 406 1786 406 1632 406 1664 119 1789 119 1665 119 1789 119 1778 119 1665 119 1790 2 1572 2 1782 2 1783 406 1791 406 1782 406 1791 791 1790 791 1782 791 1595 1178 1792 1178 1784 1178 1792 1179 1793 1179 1784 1179 1793 794 1785 794 1784 794 1794 1180 1795 1180 1786 1180 1795 2 1787 2 1786 2 1788 406 1796 406 1786 406 1796 791 1794 791 1786 791 1663 1181 1797 1181 1664 1181 1797 1182 1798 1182 1664 1182 1798 797 1789 797 1664 797 1799 1183 1593 1183 1592 1183 1779 1175 1799 1175 1592 1175 1800 1184 1781 1184 1780 1184 1787 1185 1800 1185 1780 1185 1801 1186 1572 1186 1790 1186 1791 1187 1802 1187 1790 1187 1802 1188 1801 1188 1790 1188 1595 1189 1803 1189 1792 1189 1803 814 1804 814 1792 814 1804 1190 1793 1190 1792 1190 1805 2 1806 2 1794 2 1806 1191 1795 1191 1794 1191 1796 1187 1807 1187 1794 1187 1807 1192 1805 1192 1794 1192 1663 1193 1808 1193 1797 1193 1808 828 1809 828 1797 828 1809 1194 1798 1194 1797 1194 1810 2 1572 2 1801 2 1802 836 1811 836 1801 836 1811 1195 1810 1195 1801 1195 1595 1196 1812 1196 1803 1196 1812 1197 1813 1197 1803 1197 1813 1198 1804 1198 1803 1198 1814 2 1815 2 1805 2 1815 2 1806 2 1805 2 1807 853 1816 853 1805 853 1816 1199 1814 1199 1805 1199 1663 1200 1817 1200 1808 1200 1817 861 1818 861 1808 861 1818 862 1809 862 1808 862 1819 2 1820 2 1817 2 1663 2 1819 2 1817 2 1820 863 1821 863 1817 863 1821 864 1818 864 1817 864 1822 1201 1594 1201 1593 1201 1799 1202 1822 1202 1593 1202 1823 1203 1800 1203 1787 1203 1795 1203 1823 1203 1787 1203 1824 2 1572 2 1810 2 1811 1204 1825 1204 1810 1204 1825 884 1824 884 1810 884 1595 1205 1826 1205 1812 1205 1826 1206 1827 1206 1812 1206 1827 1207 1813 1207 1812 1207 1828 1208 1815 1208 1814 1208 1816 1209 1829 1209 1814 1209 1829 884 1828 884 1814 884 1819 2 1830 2 1820 2 1830 873 1831 873 1820 873 1831 872 1821 872 1820 872 1832 1210 1572 1210 1824 1210 1825 866 1833 866 1824 866 1833 1211 1832 1211 1824 1211 1595 1212 1834 1212 1826 1212 1834 1213 1835 1213 1826 1213 1835 1214 1827 1214 1826 1214 1836 1215 1815 1215 1828 1215 1829 866 1837 866 1828 866 1837 1216 1836 1216 1828 1216 1819 1217 1838 1217 1830 1217 1838 1218 1839 1218 1830 1218 1839 1219 1831 1219 1830 1219 1840 2 1595 2 1594 2 1841 1220 1840 1220 1594 1220 1822 1201 1841 1201 1594 1201 1842 1221 1823 1221 1795 1221 1806 1222 1842 1222 1795 1222 1843 2 1572 2 1832 2 1833 1223 1844 1223 1832 1223 1844 1224 1843 1224 1832 1224 1595 1225 1845 1225 1834 1225 1845 1226 1846 1226 1834 1226 1846 1227 1835 1227 1834 1227 1847 2 1815 2 1836 2 1837 1228 1848 1228 1836 1228 1848 1229 1847 1229 1836 1229 1819 1230 1849 1230 1838 1230 1849 1231 1850 1231 1838 1231 1850 1232 1839 1232 1838 1232 1851 2 1572 2 1843 2 1844 1233 1852 1233 1843 1233 1852 1234 1851 1234 1843 1234 1595 2 1853 2 1845 2 1853 938 1854 938 1845 938 1854 1235 1846 1235 1845 1235 1855 2 1815 2 1847 2 1848 1236 1856 1236 1847 1236 1856 1237 1855 1237 1847 1237 1819 2 1857 2 1849 2 1857 938 1858 938 1849 938 1858 1235 1850 1235 1849 1235 1859 1238 1757 1238 1609 1238 1621 1239 1859 1239 1609 1239 1860 2 1572 2 1851 2 1852 951 1861 951 1851 951 1861 1240 1860 1240 1851 1240 1595 1241 1862 1241 1853 1241 1862 954 1863 954 1853 954 1863 954 1854 954 1853 954 1864 1242 1819 1242 1855 1242 1819 2 1815 2 1855 2 1856 971 1865 971 1855 971 1865 1243 1864 1243 1855 1243 1819 2 1866 2 1857 2 1866 954 1867 954 1857 954 1867 954 1858 954 1857 954 1595 1244 1572 1244 1860 1244 1868 2 1595 2 1860 2 1861 973 1869 973 1860 973 1869 974 1868 974 1860 974 1595 1245 1868 1245 1862 1245 1868 976 1870 976 1862 976 1870 977 1863 977 1862 977 1871 2 1819 2 1864 2 1865 981 1872 981 1864 981 1872 979 1871 979 1864 979 1819 1246 1871 1246 1866 1246 1871 1000 1873 1000 1866 1000 1873 1000 1867 1000 1866 1000 1869 974 1870 974 1868 974 1872 1001 1873 1001 1871 1001 1874 2 1595 2 1840 2 1875 406 1874 406 1840 406 1841 1247 1875 1247 1840 1247 1815 119 1876 119 1806 119 1876 119 1842 119 1806 119 1877 2 1770 2 1641 2 1878 1248 1877 1248 1641 1248 1758 1249 1878 1249 1641 1249 1879 1250 1859 1250 1621 1250 1767 1251 1879 1251 1621 1251 1880 2 1881 2 1573 2 1572 2 1880 2 1573 2 1881 119 1882 119 1573 119 1882 119 1574 119 1573 119 1595 1252 1883 1252 1572 1252 1883 2 1884 2 1572 2 1884 2 1885 2 1572 2 1885 2 1886 2 1572 2 1886 2 1887 2 1572 2 1887 1253 1888 1253 1572 1253 1888 2 1889 2 1572 2 1889 2 1890 2 1572 2 1890 1254 1891 1254 1572 1254 1891 2 1892 2 1572 2 1892 2 1880 2 1572 2 1874 2 1893 2 1595 2 1893 2 1894 2 1595 2 1895 2 1896 2 1595 2 1896 2 1897 2 1595 2 1897 1255 1898 1255 1595 1255 1898 1256 1883 1256 1595 1256 1899 2 1900 2 1595 2 1894 2 1901 2 1595 2 1901 2 1902 2 1595 2 1902 2 1899 2 1595 2 1900 1257 1903 1257 1595 1257 1903 2 1904 2 1595 2 1904 2 1895 2 1595 2 1875 406 1905 406 1874 406 1905 406 1893 406 1874 406 1768 1258 1906 1258 1767 1258 1907 1259 1879 1259 1767 1259 1906 1259 1907 1259 1767 1259 1908 2 1909 2 1768 2 1909 2 1906 2 1768 2 1769 1260 1910 1260 1768 1260 1910 1261 1908 1261 1768 1261 1877 1262 1911 1262 1770 1262 1911 2 1912 2 1770 2 1913 1263 1771 1263 1770 1263 1912 1264 1913 1264 1770 1264 1914 1265 1911 1265 1877 1265 1878 1266 1914 1266 1877 1266 1819 1267 1915 1267 1815 1267 1915 2 1916 2 1815 2 1916 2 1917 2 1815 2 1917 2 1918 2 1815 2 1918 1268 1919 1268 1815 1268 1919 1269 1920 1269 1815 1269 1920 2 1921 2 1815 2 1921 2 1922 2 1815 2 1922 2 1923 2 1815 2 1923 2 1924 2 1815 2 1924 119 1925 119 1815 119 1925 119 1876 119 1815 119 1926 2 1927 2 1819 2 1927 2 1928 2 1819 2 1929 2 1930 2 1819 2 1930 2 1931 2 1819 2 1931 1270 1932 1270 1819 1270 1932 1271 1933 1271 1819 1271 1933 2 1926 2 1819 2 1928 2 1915 2 1819 2 1934 2 1929 2 1819 2 1663 1272 1934 1272 1819 1272 1935 2 1934 2 1663 2 1936 2 1937 2 1663 2 1937 2 1938 2 1663 2 1938 2 1935 2 1663 2 1939 406 1936 406 1663 406 1666 406 1939 406 1663 406 1940 666 1884 666 1883 666 1898 1273 1941 1273 1883 1273 1941 668 1940 668 1883 668 1942 669 1915 669 1928 669 1927 1274 1943 1274 1928 1274 1943 672 1942 672 1928 672 1940 1275 1944 1275 1884 1275 1944 1276 1885 1276 1884 1276 1897 1277 1945 1277 1898 1277 1945 1277 1941 1277 1898 1277 1942 1278 1946 1278 1915 1278 1946 1279 1916 1279 1915 1279 1926 1277 1947 1277 1927 1277 1947 1277 1943 1277 1927 1277 1944 1280 1948 1280 1885 1280 1948 682 1886 682 1885 682 1896 1281 1949 1281 1897 1281 1949 683 1945 683 1897 683 1946 1282 1950 1282 1916 1282 1950 691 1917 691 1916 691 1933 1281 1951 1281 1926 1281 1951 683 1947 683 1926 683 1948 1283 1952 1283 1886 1283 1952 693 1887 693 1886 693 1895 1284 1953 1284 1896 1284 1953 695 1949 695 1896 695 1950 1285 1954 1285 1917 1285 1954 696 1918 696 1917 696 1932 1286 1955 1286 1933 1286 1955 710 1951 710 1933 710 1952 1287 1956 1287 1887 1287 1956 1288 1888 1288 1887 1288 1904 1289 1957 1289 1895 1289 1957 1290 1953 1290 1895 1290 1954 1291 1958 1291 1918 1291 1958 1292 1919 1292 1918 1292 1931 1293 1959 1293 1932 1293 1959 1294 1955 1294 1932 1294 1956 1295 1960 1295 1888 1295 1960 729 1889 729 1888 729 1903 730 1961 730 1904 730 1961 731 1957 731 1904 731 1958 1296 1962 1296 1919 1296 1962 729 1920 729 1919 729 1930 733 1963 733 1931 733 1963 734 1959 734 1931 734 1960 740 1964 740 1889 740 1964 741 1890 741 1889 741 1900 742 1965 742 1903 742 1965 743 1961 743 1903 743 1962 740 1966 740 1920 740 1966 746 1921 746 1920 746 1929 1297 1967 1297 1930 1297 1967 1140 1963 1140 1930 1140 1934 1150 1968 1150 1929 1150 1968 1298 1967 1298 1929 1298 1964 757 1969 757 1890 757 1969 1299 1891 1299 1890 1299 1899 759 1970 759 1900 759 1970 1300 1965 1300 1900 1300 1966 764 1971 764 1921 764 1971 1301 1922 1301 1921 1301 1935 768 1972 768 1934 768 1972 1302 1968 1302 1934 1302 1969 773 1973 773 1891 773 1973 1303 1892 1303 1891 1303 1902 1304 1974 1304 1899 1304 1974 1305 1970 1305 1899 1305 1971 786 1975 786 1922 786 1975 1303 1923 1303 1922 1303 1938 1306 1976 1306 1935 1306 1976 1307 1972 1307 1935 1307 1977 2 1880 2 1892 2 1973 1308 1978 1308 1892 1308 1978 406 1977 406 1892 406 1901 119 1979 119 1902 119 1979 119 1974 119 1902 119 1980 2 1924 2 1923 2 1975 1308 1981 1308 1923 1308 1981 406 1980 406 1923 406 1937 119 1982 119 1938 119 1982 119 1976 119 1938 119 1983 2 1880 2 1977 2 1978 406 1984 406 1977 406 1984 1309 1983 1309 1977 1309 1894 1310 1985 1310 1901 1310 1985 1311 1986 1311 1901 1311 1986 1312 1979 1312 1901 1312 1987 2 1924 2 1980 2 1981 406 1988 406 1980 406 1988 1309 1987 1309 1980 1309 1936 1313 1989 1313 1937 1313 1989 1314 1990 1314 1937 1314 1990 1315 1982 1315 1937 1315 1991 2 1909 2 1908 2 1910 1316 1992 1316 1908 1316 1992 1160 1991 1160 1908 1160 1993 1186 1880 1186 1983 1186 1984 1317 1994 1317 1983 1317 1994 1318 1993 1318 1983 1318 1894 1319 1995 1319 1985 1319 1995 1320 1996 1320 1985 1320 1996 1321 1986 1321 1985 1321 1997 2 1924 2 1987 2 1988 1317 1998 1317 1987 1317 1998 1322 1997 1322 1987 1322 1936 1323 1999 1323 1989 1323 1999 1324 2000 1324 1989 1324 2000 1325 1990 1325 1989 1325 2001 2 1880 2 1993 2 1994 1326 2002 1326 1993 1326 2002 837 2001 837 1993 837 1894 1196 2003 1196 1995 1196 2003 1327 2004 1327 1995 1327 2004 840 1996 840 1995 840 2005 2 1924 2 1997 2 1998 1328 2006 1328 1997 1328 2006 845 2005 845 1997 845 1936 1329 2007 1329 1999 1329 2007 1330 2008 1330 1999 1330 2008 862 2000 862 1999 862 2009 2 2010 2 2007 2 1936 2 2009 2 2007 2 2010 1331 2011 1331 2007 1331 2011 1332 2008 1332 2007 1332 2012 2 1880 2 2001 2 2002 1333 2013 1333 2001 1333 2013 866 2012 866 2001 866 1894 1205 2014 1205 2003 1205 2014 1206 2015 1206 2003 1206 2015 869 2004 869 2003 869 2016 1208 1924 1208 2005 1208 2006 1199 2017 1199 2005 1199 2017 866 2016 866 2005 866 2009 2 2018 2 2010 2 2018 873 2019 873 2010 873 2019 873 2011 873 2010 873 2020 2 2021 2 1912 2 1911 2 2020 2 1912 2 2022 1334 1913 1334 1912 1334 2021 1335 2022 1335 1912 1335 2023 1336 1880 1336 2012 1336 2013 866 2024 866 2012 866 2024 1337 2023 1337 2012 1337 1894 1338 2025 1338 2014 1338 2025 1339 2026 1339 2014 1339 2026 1340 2015 1340 2014 1340 2027 1341 1924 1341 2016 1341 2017 866 2028 866 2016 866 2028 1342 2027 1342 2016 1342 2009 1343 2029 1343 2018 1343 2029 1344 2030 1344 2018 1344 2030 1345 2019 1345 2018 1345 2031 2 1880 2 2023 2 2024 1346 2032 1346 2023 1346 2032 1347 2031 1347 2023 1347 1894 1348 2033 1348 2025 1348 2033 1349 2034 1349 2025 1349 2034 1350 2026 1350 2025 1350 2035 2 1924 2 2027 2 2028 1351 2036 1351 2027 1351 2036 1352 2035 1352 2027 1352 2009 1353 2037 1353 2029 1353 2037 1354 2038 1354 2029 1354 2038 1355 2030 1355 2029 1355 2039 2 1880 2 2031 2 2032 1347 2040 1347 2031 1347 2040 937 2039 937 2031 937 1894 2 2041 2 2033 2 2041 1356 2042 1356 2033 1356 2042 938 2034 938 2033 938 2043 2 1924 2 2035 2 2036 1357 2044 1357 2035 1357 2044 950 2043 950 2035 950 2009 2 2045 2 2037 2 2045 1356 2046 1356 2037 1356 2046 938 2038 938 2037 938 2047 2 1880 2 2039 2 2040 1358 2048 1358 2039 1358 2048 1240 2047 1240 2039 1240 1894 1241 2049 1241 2041 1241 2049 1359 2050 1359 2041 1359 2050 954 2042 954 2041 954 2009 2 1924 2 2043 2 2051 1242 2009 1242 2043 1242 2044 1360 2052 1360 2043 1360 2052 1243 2051 1243 2043 1243 2009 2 2053 2 2045 2 2053 1359 2054 1359 2045 1359 2054 954 2046 954 2045 954 1894 1244 1880 1244 2047 1244 2055 2 1894 2 2047 2 2048 1361 2056 1361 2047 1361 2056 974 2055 974 2047 974 1894 1245 2055 1245 2049 1245 2055 1362 2057 1362 2049 1362 2057 977 2050 977 2049 977 2058 2 2009 2 2051 2 2052 1363 2059 1363 2051 1363 2059 979 2058 979 2051 979 2009 1246 2058 1246 2053 1246 2058 1364 2060 1364 2053 1364 2060 1000 2054 1000 2053 1000 2056 1365 2057 1365 2055 1365 2059 1366 2060 1366 2058 1366 2061 2 2062 2 1881 2 1880 2 2061 2 1881 2 2062 119 2063 119 1881 119 2063 119 1882 119 1881 119 1894 1252 2064 1252 1880 1252 2064 2 2065 2 1880 2 2065 2 2066 2 1880 2 2066 2 2067 2 1880 2 2067 2 2068 2 1880 2 2068 1367 2069 1367 1880 1367 2069 2 2070 2 1880 2 2070 2 2071 2 1880 2 2071 1254 2072 1254 1880 1254 2072 2 2061 2 1880 2 1893 2 2073 2 1894 2 2073 2 2074 2 1894 2 2075 2 2076 2 1894 2 2076 2 2077 2 1894 2 2077 1255 2078 1255 1894 1255 2078 1368 2064 1368 1894 1368 2079 1369 2080 1369 1894 1369 2080 2 2081 2 1894 2 2081 2 2075 2 1894 2 2074 2 2082 2 1894 2 2082 2 2083 2 1894 2 2083 2 2079 2 1894 2 1905 406 2084 406 1893 406 2084 406 2073 406 1893 406 1909 2 2085 2 1906 2 2086 1370 1907 1370 1906 1370 2085 1371 2086 1371 1906 1371 1991 1372 2087 1372 1909 1372 2087 2 2085 2 1909 2 2088 1373 2087 1373 1991 1373 1992 1374 2089 1374 1991 1374 2089 1375 2088 1375 1991 1375 2090 2 2091 2 2021 2 2092 1376 2090 1376 2021 1376 2020 2 2092 2 2021 2 2093 1377 2022 1377 2021 1377 2091 1378 2093 1378 2021 1378 1911 2 2092 2 2020 2 2094 1379 2092 1379 1911 1379 1914 1265 2094 1265 1911 1265 2009 1380 2095 1380 1924 1380 2095 2 2096 2 1924 2 2096 2 2097 2 1924 2 2097 2 2098 2 1924 2 2098 1381 2099 1381 1924 1381 2099 1382 2100 1382 1924 1382 2101 2 2102 2 1924 2 2103 2 2101 2 1924 2 2100 2 2103 2 1924 2 2102 119 2104 119 1924 119 2104 119 1925 119 1924 119 2105 2 2106 2 2009 2 2107 2 2108 2 2009 2 2108 2 2109 2 2009 2 2109 1270 2110 1270 2009 1270 2110 1271 2111 1271 2009 1271 2111 2 2105 2 2009 2 2106 2 2112 2 2009 2 2112 2 2095 2 2009 2 1936 1272 2113 1272 2009 1272 2113 2 2107 2 2009 2 2114 2 2115 2 1936 2 2115 2 2116 2 1936 2 2116 2 2113 2 1936 2 2117 406 2114 406 1936 406 1939 406 2117 406 1936 406 2118 1383 2086 1383 2085 1383 2087 1384 2118 1384 2085 1384 2119 1248 2090 1248 2092 1248 2094 1385 2119 1385 2092 1385 2120 1386 2065 1386 2064 1386 2078 1387 2121 1387 2064 1387 2121 1388 2120 1388 2064 1388 2122 1389 2095 1389 2112 1389 2106 1390 2123 1390 2112 1390 2123 1391 2122 1391 2112 1391 2120 1392 2124 1392 2065 1392 2124 1393 2066 1393 2065 1393 2077 1394 2125 1394 2078 1394 2125 1394 2121 1394 2078 1394 2122 1395 2126 1395 2095 1395 2126 1396 2096 1396 2095 1396 2105 1394 2127 1394 2106 1394 2127 1394 2123 1394 2106 1394 2124 1397 2128 1397 2066 1397 2128 1398 2067 1398 2066 1398 2076 1281 2129 1281 2077 1281 2129 1281 2125 1281 2077 1281 2126 1399 2130 1399 2096 1399 2130 1400 2097 1400 2096 1400 2111 1281 2131 1281 2105 1281 2131 1281 2127 1281 2105 1281 2128 1283 2132 1283 2067 1283 2132 1287 2068 1287 2067 1287 2075 1284 2133 1284 2076 1284 2133 1401 2129 1401 2076 1401 2130 1285 2134 1285 2097 1285 2134 1402 2098 1402 2097 1402 2110 1286 2135 1286 2111 1286 2135 1403 2131 1403 2111 1403 2132 1287 2136 1287 2068 1287 2136 1288 2069 1288 2068 1288 2081 1404 2137 1404 2075 1404 2137 1290 2133 1290 2075 1290 2134 1291 2138 1291 2098 1291 2138 1292 2099 1292 2098 1292 2109 1405 2139 1405 2110 1405 2139 1294 2135 1294 2110 1294 2136 1406 2140 1406 2069 1406 2140 1407 2070 1407 2069 1407 2080 730 2141 730 2081 730 2141 1408 2137 1408 2081 1408 2138 1409 2142 1409 2099 1409 2142 1407 2100 1407 2099 1407 2108 733 2143 733 2109 733 2143 1410 2139 1410 2109 1410 2140 740 2144 740 2070 740 2144 1411 2071 1411 2070 1411 2079 1412 2145 1412 2080 1412 2145 1413 2141 1413 2080 1413 2142 740 2146 740 2100 740 2146 1414 2103 1414 2100 1414 2107 753 2147 753 2108 753 2147 1415 2143 1415 2108 1415 2113 1416 2148 1416 2107 1416 2148 756 2147 756 2107 756 2144 1417 2149 1417 2071 1417 2149 1152 2072 1152 2071 1152 2083 1418 2150 1418 2079 1418 2150 1154 2145 1154 2079 1154 2146 746 2151 746 2103 746 2151 1156 2101 1156 2103 1156 2116 1419 2152 1419 2113 1419 2152 1158 2148 1158 2113 1158 2153 2 2061 2 2072 2 2149 1420 2154 1420 2072 1420 2154 1308 2153 1308 2072 1308 2082 1304 2155 1304 2083 1304 2155 1421 2150 1421 2083 1421 2156 2 2102 2 2101 2 2151 1422 2157 1422 2101 1422 2157 1308 2156 1308 2101 1308 2115 1306 2158 1306 2116 1306 2158 1306 2152 1306 2116 1306 2159 2 2061 2 2153 2 2154 1308 2160 1308 2153 1308 2160 406 2159 406 2153 406 2074 2 2161 2 2082 2 2161 119 2162 119 2082 119 2162 119 2155 119 2082 119 2163 2 2102 2 2156 2 2157 1308 2164 1308 2156 1308 2164 406 2163 406 2156 406 2114 2 2165 2 2115 2 2165 119 2166 119 2115 119 2166 119 2158 119 2115 119 2167 2 2061 2 2159 2 2160 406 2168 406 2159 406 2168 1423 2167 1423 2159 1423 2074 1424 2169 1424 2161 1424 2169 793 2170 793 2161 793 2170 1425 2162 1425 2161 1425 2171 2 2102 2 2163 2 2164 406 2172 406 2163 406 2172 1423 2171 1423 2163 1423 2114 1426 2173 1426 2165 1426 2173 797 2174 797 2165 797 2174 1427 2166 1427 2165 1427 2175 1428 2061 1428 2167 1428 2168 791 2176 791 2167 791 2176 812 2175 812 2167 812 2074 1429 2177 1429 2169 1429 2177 814 2178 814 2169 814 2178 815 2170 815 2169 815 2179 2 2102 2 2171 2 2172 791 2180 791 2171 791 2180 830 2179 830 2171 830 2114 1430 2181 1430 2173 1430 2181 828 2182 828 2173 828 2182 829 2174 829 2173 829 2183 2 2061 2 2175 2 2176 836 2184 836 2175 836 2184 1431 2183 1431 2175 1431 2074 1432 2185 1432 2177 1432 2185 1433 2186 1433 2177 1433 2186 1434 2178 1434 2177 1434 2187 2 2102 2 2179 2 2180 853 2188 853 2179 853 2188 1435 2187 1435 2179 1435 2114 1436 2189 1436 2181 1436 2189 1437 2190 1437 2181 1437 2190 1438 2182 1438 2181 1438 2191 2 2192 2 2189 2 2114 2 2191 2 2189 2 2192 1331 2193 1331 2189 1331 2193 1332 2190 1332 2189 1332 2194 2 2195 2 2091 2 2090 2 2194 2 2091 2 2196 1439 2093 1439 2091 1439 2195 1439 2196 1439 2091 1439 2197 2 2061 2 2183 2 2184 1440 2198 1440 2183 1440 2198 1441 2197 1441 2183 1441 2074 1442 2199 1442 2185 1442 2199 1443 2200 1443 2185 1443 2200 1444 2186 1444 2185 1444 2201 1445 2102 1445 2187 1445 2188 1435 2202 1435 2187 1435 2202 1441 2201 1441 2187 1441 2191 2 2203 2 2192 2 2203 1446 2204 1446 2192 1446 2204 1446 2193 1446 2192 1446 2205 1447 2061 1447 2197 1447 2198 1441 2206 1441 2197 1441 2206 885 2205 885 2197 885 2074 1448 2207 1448 2199 1448 2207 1449 2208 1449 2199 1449 2208 888 2200 888 2199 888 2209 1450 2102 1450 2201 1450 2202 1441 2210 1441 2201 1441 2210 900 2209 900 2201 900 2191 1451 2211 1451 2203 1451 2211 1452 2212 1452 2203 1452 2212 898 2204 898 2203 898 2213 1453 2087 1453 2088 1453 2089 1375 2214 1375 2088 1375 2214 1454 2213 1454 2088 1454 2194 1455 2215 1455 2195 1455 2216 1456 2196 1456 2195 1456 2215 1457 2216 1457 2195 1457 2217 2 2061 2 2205 2 2206 1458 2218 1458 2205 1458 2218 1347 2217 1347 2205 1347 2074 1459 2219 1459 2207 1459 2219 1460 2220 1460 2207 1460 2220 1350 2208 1350 2207 1350 2221 2 2102 2 2209 2 2210 1461 2222 1461 2209 1461 2222 1352 2221 1352 2209 1352 2191 1462 2223 1462 2211 1462 2223 1463 2224 1463 2211 1463 2224 1355 2212 1355 2211 1355 2225 2 2061 2 2217 2 2218 1464 2226 1464 2217 1464 2226 937 2225 937 2217 937 2074 2 2227 2 2219 2 2227 938 2228 938 2219 938 2228 938 2220 938 2219 938 2229 2 2102 2 2221 2 2222 1465 2230 1465 2221 1465 2230 950 2229 950 2221 950 2191 2 2231 2 2223 2 2231 938 2232 938 2223 938 2232 938 2224 938 2223 938 2233 2 2087 2 2213 2 2234 1466 2233 1466 2213 1466 2214 1467 2234 1467 2213 1467 2194 1468 2235 1468 2215 1468 2236 1469 2216 1469 2215 1469 2235 1469 2236 1469 2215 1469 2237 2 2061 2 2225 2 2226 951 2238 951 2225 951 2238 1470 2237 1470 2225 1470 2074 1471 2239 1471 2227 1471 2239 1472 2240 1472 2227 1472 2240 1472 2228 1472 2227 1472 2241 2 2102 2 2229 2 2230 971 2242 971 2229 971 2242 1473 2241 1473 2229 1473 2191 2 2243 2 2231 2 2243 1472 2244 1472 2231 1472 2244 1472 2232 1472 2231 1472 2245 2 2061 2 2237 2 2238 1474 2246 1474 2237 1474 2246 1475 2245 1475 2237 1475 2074 1476 2245 1476 2239 1476 2245 1477 2247 1477 2239 1477 2247 1478 2240 1478 2239 1478 2248 2 2102 2 2241 2 2242 1479 2249 1479 2241 1479 2249 1480 2248 1480 2241 1480 2191 1481 2248 1481 2243 1481 2248 1482 2250 1482 2243 1482 2250 1483 2244 1483 2243 1483 2074 1484 2061 1484 2245 1484 2246 1485 2247 1485 2245 1485 2191 1486 2102 1486 2248 1486 2249 1487 2250 1487 2248 1487 2251 2 2087 2 2233 2 2252 1488 2251 1488 2233 1488 2234 1466 2252 1466 2233 1466 2194 1489 2253 1489 2235 1489 2254 1490 2236 1490 2235 1490 2253 1491 2254 1491 2235 1491 2255 2 2256 2 2062 2 2061 2 2255 2 2062 2 2256 119 2257 119 2062 119 2257 119 2063 119 2062 119 2258 2 2255 2 2061 2 2074 2 2258 2 2061 2 2073 2 2259 2 2074 2 2259 2 2258 2 2074 2 2084 406 2260 406 2073 406 2260 406 2259 406 2073 406 2251 1492 2261 1492 2087 1492 2262 1493 2118 1493 2087 1493 2261 1494 2262 1494 2087 1494 2263 2 2264 2 2251 2 2265 1495 2266 1495 2251 1495 2266 1496 2267 1496 2251 1496 2267 2 2263 2 2251 2 2264 2 2261 2 2251 2 2268 1497 2265 1497 2251 1497 2252 1498 2268 1498 2251 1498 2269 1499 2270 1499 2253 1499 2194 2 2269 2 2253 2 2271 1500 2254 1500 2253 1500 2270 1501 2271 1501 2253 1501 2090 2 2272 2 2194 2 2272 1502 2273 1502 2194 1502 2273 2 2274 2 2194 2 2274 2 2275 2 2194 2 2275 2 2276 2 2194 2 2276 2 2269 2 2194 2 2277 1503 2272 1503 2090 1503 2119 1504 2277 1504 2090 1504 2191 2 2278 2 2102 2 2278 2 2279 2 2102 2 2279 119 2280 119 2102 119 2280 119 2104 119 2102 119 2114 2 2281 2 2191 2 2281 2 2278 2 2191 2 2282 406 2281 406 2114 406 2117 406 2282 406 2114 406 2270 2 2269 2 2265 2 2269 1505 2283 1505 2265 1505 2283 1506 2266 1506 2265 1506 2284 36 2270 36 2265 36 2268 1507 2284 1507 2265 1507 2284 36 2271 36 2270 36 2285 1508 2262 1508 2261 1508 2264 1509 2285 1509 2261 1509 2277 1510 2286 1510 2272 1510 2286 1511 2273 1511 2272 1511 2287 1512 2285 1512 2264 1512 2263 1513 2287 1513 2264 1513 2288 1514 2274 1514 2273 1514 2286 1515 2288 1515 2273 1515 2289 1516 2287 1516 2263 1516 2267 1516 2289 1516 2263 1516 2290 1517 2275 1517 2274 1517 2288 1518 2290 1518 2274 1518 2291 1519 2289 1519 2267 1519 2266 1519 2291 1519 2267 1519 2292 1520 2276 1520 2275 1520 2290 1517 2292 1517 2275 1517 2293 1521 2291 1521 2266 1521 2283 1522 2293 1522 2266 1522 2294 1523 2269 1523 2276 1523 2295 1524 2294 1524 2276 1524 2292 1520 2295 1520 2276 1520 2269 1525 2296 1525 2283 1525 2297 1526 2293 1526 2283 1526 2296 1526 2297 1526 2283 1526 2298 2 2269 2 2294 2 2299 1527 2298 1527 2294 1527 2295 1528 2299 1528 2294 1528 2300 2 2301 2 2256 2 2255 2 2300 2 2256 2 2301 119 2302 119 2256 119 2302 119 2257 119 2256 119 2258 1529 2303 1529 2255 1529 2303 2 2304 2 2255 2 2304 2 2305 2 2255 2 2305 2 2306 2 2255 2 2306 2 2307 2 2255 2 2307 1530 2308 1530 2255 1530 2308 2 2309 2 2255 2 2309 2 2310 2 2255 2 2310 1254 2311 1254 2255 1254 2311 2 2312 2 2255 2 2312 2 2300 2 2255 2 2313 2 2314 2 2258 2 2315 2 2316 2 2258 2 2316 2 2317 2 2258 2 2317 1531 2318 1531 2258 1531 2318 1256 2303 1256 2258 1256 2319 2 2320 2 2258 2 2314 2 2321 2 2258 2 2321 2 2322 2 2258 2 2322 2 2319 2 2258 2 2320 1369 2323 1369 2258 1369 2323 2 2324 2 2258 2 2324 2 2315 2 2258 2 2259 2 2313 2 2258 2 2260 406 2325 406 2259 406 2325 406 2313 406 2259 406 2269 1532 2326 1532 2296 1532 2327 1533 2297 1533 2296 1533 2326 1534 2327 1534 2296 1534 2328 2 2329 2 2269 2 2298 2 2328 2 2269 2 2330 2 2326 2 2269 2 2331 2 2330 2 2269 2 2329 2 2331 2 2269 2 2332 1535 2328 1535 2298 1535 2299 1527 2332 1527 2298 1527 2333 2 2334 2 2279 2 2334 2 2335 2 2279 2 2335 1536 2336 1536 2279 1536 2336 1269 2337 1269 2279 1269 2337 2 2338 2 2279 2 2338 2 2339 2 2279 2 2339 2 2340 2 2279 2 2340 2 2341 2 2279 2 2278 1537 2342 1537 2279 1537 2342 2 2333 2 2279 2 2341 119 2343 119 2279 119 2343 119 2280 119 2279 119 2344 2 2345 2 2278 2 2345 2 2346 2 2278 2 2346 2 2342 2 2278 2 2347 2 2348 2 2278 2 2348 2 2349 2 2278 2 2349 1270 2350 1270 2278 1270 2350 1271 2351 1271 2278 1271 2351 2 2344 2 2278 2 2281 1538 2352 1538 2278 1538 2352 2 2347 2 2278 2 2353 2 2352 2 2281 2 2354 2 2355 2 2281 2 2355 2 2356 2 2281 2 2356 2 2353 2 2281 2 2357 406 2354 406 2281 406 2282 406 2357 406 2281 406 2330 1539 2358 1539 2326 1539 2359 1540 2327 1540 2326 1540 2358 1541 2359 1541 2326 1541 2360 1542 2329 1542 2328 1542 2361 1543 2360 1543 2328 1543 2332 1544 2361 1544 2328 1544 2330 2 2362 2 2358 2 2362 2 2363 2 2358 2 2363 1545 2364 1545 2358 1545 2365 1546 2366 1546 2358 1546 2367 2 2365 2 2358 2 2364 2 2367 2 2358 2 2368 1547 2359 1547 2358 1547 2366 1548 2368 1548 2358 1548 2369 2 2329 2 2360 2 2370 1549 2369 1549 2360 1549 2361 1550 2370 1550 2360 1550 2371 1551 2372 1551 2366 1551 2365 2 2371 2 2366 2 2373 1552 2368 1552 2366 1552 2372 1553 2373 1553 2366 1553 2374 2 2329 2 2369 2 2375 1554 2374 1554 2369 1554 2370 1555 2375 1555 2369 1555 2376 1556 2377 1556 2372 1556 2371 1557 2376 1557 2372 1557 2378 1558 2373 1558 2372 1558 2377 1559 2378 1559 2372 1559 2379 2 2329 2 2374 2 2380 1560 2379 1560 2374 1560 2375 1561 2380 1561 2374 1561 2376 1562 2381 1562 2377 1562 2382 1563 2378 1563 2377 1563 2381 1563 2382 1563 2377 1563 2383 1564 2329 1564 2379 1564 2384 1565 2383 1565 2379 1565 2380 1566 2384 1566 2379 1566 2376 1567 2385 1567 2381 1567 2385 2 2386 2 2381 2 2386 1568 2387 1568 2381 1568 2387 1568 2382 1568 2381 1568 2388 2 2389 2 2383 2 2390 1569 2329 1569 2383 1569 2389 1570 2390 1570 2383 1570 2391 1571 2388 1571 2383 1571 2384 1565 2391 1565 2383 1565 2392 1572 2367 1572 2364 1572 2393 1573 2392 1573 2364 1573 2363 1574 2393 1574 2364 1574 2394 1575 2365 1575 2367 1575 2392 1576 2394 1576 2367 1576 2395 1577 2393 1577 2363 1577 2362 1577 2395 1577 2363 1577 2396 666 2304 666 2303 666 2318 667 2397 667 2303 667 2397 668 2396 668 2303 668 2398 669 2342 669 2346 669 2345 672 2399 672 2346 672 2399 672 2398 672 2346 672 2400 1578 2371 1578 2365 1578 2394 1575 2400 1575 2365 1575 2401 1579 2395 1579 2362 1579 2330 1580 2401 1580 2362 1580 2396 666 2402 666 2304 666 2402 1276 2305 1276 2304 1276 2317 1277 2403 1277 2318 1277 2403 1277 2397 1277 2318 1277 2398 675 2404 675 2342 675 2404 1279 2333 1279 2342 1279 2344 1277 2405 1277 2345 1277 2405 1277 2399 1277 2345 1277 2402 1280 2406 1280 2305 1280 2406 682 2306 682 2305 682 2316 1281 2407 1281 2317 1281 2407 683 2403 683 2317 683 2404 1282 2408 1282 2333 1282 2408 691 2334 691 2333 691 2351 1281 2409 1281 2344 1281 2409 683 2405 683 2344 683 2410 1581 2376 1581 2371 1581 2400 1578 2410 1578 2371 1578 2411 1582 2401 1582 2330 1582 2331 1583 2411 1583 2330 1583 2406 1283 2412 1283 2306 1283 2412 1287 2307 1287 2306 1287 2315 1284 2413 1284 2316 1284 2413 1401 2407 1401 2316 1401 2408 1285 2414 1285 2334 1285 2414 1402 2335 1402 2334 1402 2350 1286 2415 1286 2351 1286 2415 1403 2409 1403 2351 1403 2412 1287 2416 1287 2307 1287 2416 1584 2308 1584 2307 1584 2324 1289 2417 1289 2315 1289 2417 1585 2413 1585 2315 1585 2414 1291 2418 1291 2335 1291 2418 1586 2336 1586 2335 1586 2349 1293 2419 1293 2350 1293 2419 1587 2415 1587 2350 1587 2420 1588 2385 1588 2376 1588 2410 1589 2420 1589 2376 1589 2329 1590 2421 1590 2331 1590 2421 1591 2411 1591 2331 1591 2416 1295 2422 1295 2308 1295 2422 1407 2309 1407 2308 1407 2323 1592 2423 1592 2324 1592 2423 1408 2417 1408 2324 1408 2418 1296 2424 1296 2336 1296 2424 1407 2337 1407 2336 1407 2348 1410 2425 1410 2349 1410 2425 1410 2419 1410 2349 1410 2422 1407 2426 1407 2309 1407 2426 741 2310 741 2309 741 2320 1593 2427 1593 2323 1593 2427 743 2423 743 2323 743 2424 1407 2428 1407 2337 1407 2428 746 2338 746 2337 746 2347 1594 2429 1594 2348 1594 2429 1415 2425 1415 2348 1415 2390 1595 2430 1595 2329 1595 2430 1596 2421 1596 2329 1596 2352 1597 2431 1597 2347 1597 2431 756 2429 756 2347 756 2426 1598 2432 1598 2310 1598 2432 1599 2311 1599 2310 1599 2319 1600 2433 1600 2320 1600 2433 1601 2427 1601 2320 1601 2428 1602 2434 1602 2338 1602 2434 1603 2339 1603 2338 1603 2353 1604 2435 1604 2352 1604 2435 1605 2431 1605 2352 1605 2432 1606 2436 1606 2311 1606 2436 1607 2312 1607 2311 1607 2322 1171 2437 1171 2319 1171 2437 1608 2433 1608 2319 1608 2434 1609 2438 1609 2339 1609 2438 1607 2340 1607 2339 1607 2356 780 2439 780 2353 780 2439 1610 2435 1610 2353 1610 2440 2 2300 2 2312 2 2436 774 2441 774 2312 774 2441 406 2440 406 2312 406 2321 119 2442 119 2322 119 2442 119 2437 119 2322 119 2443 2 2341 2 2340 2 2438 774 2444 774 2340 774 2444 406 2443 406 2340 406 2355 119 2445 119 2356 119 2445 119 2439 119 2356 119 2446 2 2300 2 2440 2 2441 406 2447 406 2440 406 2447 1423 2446 1423 2440 1423 2314 1611 2448 1611 2321 1611 2448 1612 2449 1612 2321 1612 2449 1425 2442 1425 2321 1425 2450 2 2341 2 2443 2 2444 406 2451 406 2443 406 2451 1423 2450 1423 2443 1423 2354 1613 2452 1613 2355 1613 2452 1427 2453 1427 2355 1427 2453 1427 2445 1427 2355 1427 2454 1186 2300 1186 2446 1186 2447 1423 2455 1423 2446 1423 2455 812 2454 812 2446 812 2314 1189 2456 1189 2448 1189 2456 814 2457 814 2448 814 2457 815 2449 815 2448 815 2458 2 2341 2 2450 2 2451 1423 2459 1423 2450 1423 2459 830 2458 830 2450 830 2354 1614 2460 1614 2452 1614 2460 828 2461 828 2452 828 2461 829 2453 829 2452 829 2462 2 2300 2 2454 2 2455 836 2463 836 2454 836 2463 1615 2462 1615 2454 1615 2314 1616 2464 1616 2456 1616 2464 1197 2465 1197 2456 1197 2465 1617 2457 1617 2456 1617 2466 2 2341 2 2458 2 2459 853 2467 853 2458 853 2467 1618 2466 1618 2458 1618 2354 1619 2468 1619 2460 1619 2468 1620 2469 1620 2460 1620 2469 1621 2461 1621 2460 1621 2470 2 2471 2 2468 2 2354 2 2470 2 2468 2 2471 1622 2472 1622 2468 1622 2472 1623 2469 1623 2468 1623 2473 2 2300 2 2462 2 2463 1204 2474 1204 2462 1204 2474 1441 2473 1441 2462 1441 2314 1624 2475 1624 2464 1624 2475 1443 2476 1443 2464 1443 2476 1444 2465 1444 2464 1444 2477 1625 2341 1625 2466 1625 2467 1209 2478 1209 2466 1209 2478 1441 2477 1441 2466 1441 2470 2 2479 2 2471 2 2479 1446 2480 1446 2471 1446 2480 1446 2472 1446 2471 1446 2481 1336 2300 1336 2473 1336 2474 1441 2482 1441 2473 1441 2482 1337 2481 1337 2473 1337 2314 1626 2483 1626 2475 1626 2483 1339 2484 1339 2475 1339 2484 1340 2476 1340 2475 1340 2485 1341 2341 1341 2477 1341 2478 1441 2486 1441 2477 1441 2486 1342 2485 1342 2477 1342 2470 1343 2487 1343 2479 1343 2487 1344 2488 1344 2479 1344 2488 1345 2480 1345 2479 1345 2489 2 2300 2 2481 2 2482 1346 2490 1346 2481 1346 2490 1224 2489 1224 2481 1224 2314 1348 2491 1348 2483 1348 2491 1349 2492 1349 2483 1349 2492 1227 2484 1227 2483 1227 2493 2 2341 2 2485 2 2486 1351 2494 1351 2485 1351 2494 1229 2493 1229 2485 1229 2470 1353 2495 1353 2487 1353 2495 1354 2496 1354 2487 1354 2496 1232 2488 1232 2487 1232 2497 2 2300 2 2489 2 2490 1347 2498 1347 2489 1347 2498 937 2497 937 2489 937 2314 2 2499 2 2491 2 2499 938 2500 938 2491 938 2500 938 2492 938 2491 938 2501 2 2341 2 2493 2 2494 1357 2502 1357 2493 1357 2502 950 2501 950 2493 950 2470 2 2503 2 2495 2 2503 938 2504 938 2495 938 2504 938 2496 938 2495 938 2505 2 2300 2 2497 2 2498 951 2506 951 2497 951 2506 1240 2505 1240 2497 1240 2314 1241 2507 1241 2499 1241 2507 1359 2508 1359 2499 1359 2508 954 2500 954 2499 954 2509 1242 2470 1242 2501 1242 2470 2 2341 2 2501 2 2502 971 2510 971 2501 971 2510 1243 2509 1243 2501 1243 2470 2 2511 2 2503 2 2511 1359 2512 1359 2503 1359 2512 954 2504 954 2503 954 2314 1244 2300 1244 2505 1244 2513 2 2314 2 2505 2 2506 1361 2514 1361 2505 1361 2514 974 2513 974 2505 974 2314 1245 2513 1245 2507 1245 2513 1362 2515 1362 2507 1362 2515 977 2508 977 2507 977 2516 2 2470 2 2509 2 2510 1363 2517 1363 2509 1363 2517 979 2516 979 2509 979 2470 1246 2516 1246 2511 1246 2516 1364 2518 1364 2511 1364 2518 1000 2512 1000 2511 1000 2514 1365 2515 1365 2513 1365 2517 1366 2518 1366 2516 1366 2519 2 2389 2 2388 2 2391 1627 2520 1627 2388 1627 2520 1628 2519 1628 2388 1628 2521 2 2522 2 2386 2 2385 2 2521 2 2386 2 2522 1629 2523 1629 2386 1629 2523 1630 2387 1630 2386 1630 2524 2 2525 2 2301 2 2300 2 2524 2 2301 2 2525 119 2526 119 2301 119 2526 119 2302 119 2301 119 2314 1529 2527 1529 2300 1529 2527 2 2528 2 2300 2 2528 2 2529 2 2300 2 2529 2 2530 2 2300 2 2530 2 2531 2 2300 2 2531 1367 2532 1367 2300 1367 2532 2 2533 2 2300 2 2533 2 2534 2 2300 2 2534 1254 2535 1254 2300 1254 2535 2 2536 2 2300 2 2536 2 2524 2 2300 2 2313 2 2537 2 2314 2 2537 2 2538 2 2314 2 2539 2 2540 2 2314 2 2540 2 2541 2 2314 2 2541 1255 2542 1255 2314 1255 2542 1256 2527 1256 2314 1256 2543 2 2544 2 2314 2 2538 2 2545 2 2314 2 2545 2 2546 2 2314 2 2546 2 2543 2 2314 2 2544 1369 2547 1369 2314 1369 2547 2 2548 2 2314 2 2548 2 2539 2 2314 2 2325 406 2549 406 2313 406 2549 406 2537 406 2313 406 2550 1631 2551 1631 2522 1631 2552 2 2550 2 2522 2 2521 2 2552 2 2522 2 2551 1632 2553 1632 2522 1632 2553 1633 2523 1633 2522 1633 2385 2 2552 2 2521 2 2420 1588 2554 1588 2385 1588 2554 1634 2552 1634 2385 1634 2389 2 2555 2 2390 2 2555 1384 2556 1384 2390 1384 2556 1635 2430 1635 2390 1635 2519 2 2555 2 2389 2 2557 1636 2555 1636 2519 1636 2558 1637 2557 1637 2519 1637 2520 1638 2559 1638 2519 1638 2559 1639 2558 1639 2519 1639 2470 1537 2560 1537 2341 1537 2560 2 2561 2 2341 2 2561 2 2562 2 2341 2 2562 2 2563 2 2341 2 2563 1381 2564 1381 2341 1381 2564 1640 2565 1640 2341 1640 2565 2 2566 2 2341 2 2566 2 2567 2 2341 2 2567 2 2568 2 2341 2 2568 2 2569 2 2341 2 2569 119 2570 119 2341 119 2570 119 2343 119 2341 119 2571 2 2572 2 2470 2 2572 2 2573 2 2470 2 2574 2 2575 2 2470 2 2575 2 2576 2 2470 2 2576 1270 2577 1270 2470 1270 2577 1271 2578 1271 2470 1271 2578 2 2571 2 2470 2 2573 2 2560 2 2470 2 2579 2 2574 2 2470 2 2354 1272 2579 1272 2470 1272 2580 2 2579 2 2354 2 2581 2 2582 2 2354 2 2582 2 2583 2 2354 2 2583 2 2580 2 2354 2 2584 406 2581 406 2354 406 2357 406 2584 406 2354 406 2585 666 2528 666 2527 666 2542 667 2586 667 2527 667 2586 668 2585 668 2527 668 2587 669 2560 669 2573 669 2572 672 2588 672 2573 672 2588 672 2587 672 2573 672 2585 666 2589 666 2528 666 2589 673 2529 673 2528 673 2541 1277 2590 1277 2542 1277 2590 674 2586 674 2542 674 2587 675 2591 675 2560 675 2591 677 2561 677 2560 677 2571 1277 2592 1277 2572 1277 2592 674 2588 674 2572 674 2589 1280 2593 1280 2529 1280 2593 682 2530 682 2529 682 2540 683 2594 683 2541 683 2594 683 2590 683 2541 683 2591 1282 2595 1282 2561 1282 2595 691 2562 691 2561 691 2578 683 2596 683 2571 683 2596 683 2592 683 2571 683 2593 692 2597 692 2530 692 2597 1287 2531 1287 2530 1287 2539 1284 2598 1284 2540 1284 2598 1401 2594 1401 2540 1401 2595 708 2599 708 2562 708 2599 1402 2563 1402 2562 1402 2577 1286 2600 1286 2578 1286 2600 1403 2596 1403 2578 1403 2597 1287 2601 1287 2531 1287 2601 1288 2532 1288 2531 1288 2548 1641 2602 1641 2539 1641 2602 1290 2598 1290 2539 1290 2599 1291 2603 1291 2563 1291 2603 1292 2564 1292 2563 1292 2576 1642 2604 1642 2577 1642 2604 1294 2600 1294 2577 1294 2601 1643 2605 1643 2532 1643 2605 1407 2533 1407 2532 1407 2547 1592 2606 1592 2548 1592 2606 1408 2602 1408 2548 1408 2603 1644 2607 1644 2564 1644 2607 1407 2565 1407 2564 1407 2575 1410 2608 1410 2576 1410 2608 1410 2604 1410 2576 1410 2557 1645 2609 1645 2555 1645 2609 1646 2556 1646 2555 1646 2605 1407 2610 1407 2533 1407 2610 1647 2534 1647 2533 1647 2544 1412 2611 1412 2547 1412 2611 1648 2606 1648 2547 1648 2607 1407 2612 1407 2565 1407 2612 1649 2566 1649 2565 1649 2574 1650 2613 1650 2575 1650 2613 1415 2608 1415 2575 1415 2579 1597 2614 1597 2574 1597 2614 1651 2613 1651 2574 1651 2610 1417 2615 1417 2534 1417 2615 1652 2535 1652 2534 1652 2543 1653 2616 1653 2544 1653 2616 1654 2611 1654 2544 1654 2612 746 2617 746 2566 746 2617 1655 2567 1655 2566 1655 2580 1656 2618 1656 2579 1656 2618 1657 2614 1657 2579 1657 2615 1658 2619 1658 2535 1658 2619 1308 2536 1308 2535 1308 2546 1304 2620 1304 2543 1304 2620 1421 2616 1421 2543 1421 2617 1659 2621 1659 2567 1659 2621 1308 2568 1308 2567 1308 2583 1306 2622 1306 2580 1306 2622 1306 2618 1306 2580 1306 2554 1660 2623 1660 2552 1660 2623 1661 2550 1661 2552 1661 2624 2 2524 2 2536 2 2619 1308 2625 1308 2536 1308 2625 406 2624 406 2536 406 2545 119 2626 119 2546 119 2626 119 2620 119 2546 119 2627 2 2569 2 2568 2 2621 1308 2628 1308 2568 1308 2628 406 2627 406 2568 406 2582 119 2629 119 2583 119 2629 119 2622 119 2583 119 2630 2 2524 2 2624 2 2625 406 2631 406 2624 406 2631 1423 2630 1423 2624 1423 2538 1611 2632 1611 2545 1611 2632 1662 2633 1662 2545 1662 2633 1425 2626 1425 2545 1425 2634 2 2569 2 2627 2 2628 406 2635 406 2627 406 2635 1423 2634 1423 2627 1423 2581 1613 2636 1613 2582 1613 2636 1663 2637 1663 2582 1663 2637 1427 2629 1427 2582 1427 2638 1186 2524 1186 2630 1186 2631 1664 2639 1664 2630 1664 2639 812 2638 812 2630 812 2538 1189 2640 1189 2632 1189 2640 1665 2641 1665 2632 1665 2641 815 2633 815 2632 815 2642 2 2569 2 2634 2 2635 1664 2643 1664 2634 1664 2643 830 2642 830 2634 830 2581 1614 2644 1614 2636 1614 2644 1666 2645 1666 2636 1666 2645 829 2637 829 2636 829 2646 2 2524 2 2638 2 2639 1667 2647 1667 2638 1667 2647 837 2646 837 2638 837 2538 1668 2648 1668 2640 1668 2648 1669 2649 1669 2640 1669 2649 840 2641 840 2640 840 2650 2 2569 2 2642 2 2643 1670 2651 1670 2642 1670 2651 845 2650 845 2642 845 2581 1671 2652 1671 2644 1671 2652 1437 2653 1437 2644 1437 2653 1438 2645 1438 2644 1438 2654 2 2655 2 2652 2 2581 2 2654 2 2652 2 2655 1672 2656 1672 2652 1672 2656 1623 2653 1623 2652 1623 2657 2 2524 2 2646 2 2647 1673 2658 1673 2646 1673 2658 1441 2657 1441 2646 1441 2538 1624 2659 1624 2648 1624 2659 1443 2660 1443 2648 1443 2660 1444 2649 1444 2648 1444 2661 1674 2569 1674 2650 1674 2651 1675 2662 1675 2650 1675 2662 1441 2661 1441 2650 1441 2654 2 2663 2 2655 2 2663 1446 2664 1446 2655 1446 2664 1446 2656 1446 2655 1446 2665 1676 2524 1676 2657 1676 2658 1441 2666 1441 2657 1441 2666 1677 2665 1677 2657 1677 2538 1678 2667 1678 2659 1678 2667 1449 2668 1449 2659 1449 2668 1679 2660 1679 2659 1679 2669 1680 2569 1680 2661 1680 2662 1441 2670 1441 2661 1441 2670 1681 2669 1681 2661 1681 2654 1682 2671 1682 2663 1682 2671 1452 2672 1452 2663 1452 2672 1683 2664 1683 2663 1683 2673 2 2524 2 2665 2 2666 1458 2674 1458 2665 1458 2674 1684 2673 1684 2665 1684 2538 1685 2675 1685 2667 1685 2675 1686 2676 1686 2667 1686 2676 1687 2668 1687 2667 1687 2677 2 2569 2 2669 2 2670 1461 2678 1461 2669 1461 2678 1688 2677 1688 2669 1688 2654 1353 2679 1353 2671 1353 2679 1689 2680 1689 2671 1689 2680 1690 2672 1690 2671 1690 2681 2 2524 2 2673 2 2674 1684 2682 1684 2673 1684 2682 1691 2681 1691 2673 1691 2538 2 2683 2 2675 2 2683 1692 2684 1692 2675 1692 2684 1692 2676 1692 2675 1692 2685 2 2569 2 2677 2 2678 1693 2686 1693 2677 1693 2686 1694 2685 1694 2677 1694 2654 2 2687 2 2679 2 2687 1692 2688 1692 2679 1692 2688 1692 2680 1692 2679 1692 2689 2 2524 2 2681 2 2682 1695 2690 1695 2681 1695 2690 1240 2689 1240 2681 1240 2538 1696 2691 1696 2683 1696 2691 954 2692 954 2683 954 2692 954 2684 954 2683 954 2693 1242 2654 1242 2685 1242 2654 2 2569 2 2685 2 2686 1697 2694 1697 2685 1697 2694 1243 2693 1243 2685 1243 2654 2 2695 2 2687 2 2695 954 2696 954 2687 954 2696 954 2688 954 2687 954 2538 1698 2524 1698 2689 1698 2697 2 2538 2 2689 2 2690 973 2698 973 2689 973 2698 1699 2697 1699 2689 1699 2538 1700 2697 1700 2691 1700 2697 1701 2699 1701 2691 1701 2699 1702 2692 1702 2691 1702 2700 2 2654 2 2693 2 2694 981 2701 981 2693 981 2701 1703 2700 1703 2693 1703 2654 1704 2700 1704 2695 1704 2700 1483 2702 1483 2695 1483 2702 1705 2696 1705 2695 1705 2698 1475 2699 1475 2697 1475 2701 1706 2702 1706 2700 1706 2703 2 2704 2 2525 2 2524 2 2703 2 2525 2 2704 119 2705 119 2525 119 2705 119 2526 119 2525 119 2538 1252 2706 1252 2524 1252 2706 2 2707 2 2524 2 2707 2 2708 2 2524 2 2708 2 2709 2 2524 2 2709 2 2710 2 2524 2 2710 1530 2711 1530 2524 1530 2711 2 2712 2 2524 2 2712 2 2713 2 2524 2 2713 2 2703 2 2524 2 2714 1255 2715 1255 2538 1255 2715 1256 2706 1256 2538 1256 2716 2 2717 2 2538 2 2717 2 2718 2 2538 2 2718 2 2719 2 2538 2 2719 2 2714 2 2538 2 2720 2 2721 2 2538 2 2721 2 2722 2 2538 2 2722 1257 2716 1257 2538 1257 2537 2 2723 2 2538 2 2723 2 2720 2 2538 2 2724 2 2723 2 2537 2 2549 406 2725 406 2537 406 2725 406 2724 406 2537 406 2550 1707 2726 1707 2551 1707 2726 1708 2727 1708 2551 1708 2727 1709 2553 1709 2551 1709 2728 2 2726 2 2550 2 2623 1710 2729 1710 2550 1710 2729 1711 2728 1711 2550 1711 2558 2 2730 2 2557 2 2730 1712 2731 1712 2557 1712 2731 1713 2609 1713 2557 1713 2732 1714 2730 1714 2558 1714 2559 1639 2733 1639 2558 1639 2733 1715 2732 1715 2558 1715 2654 1716 2734 1716 2569 1716 2734 2 2735 2 2569 2 2735 2 2736 2 2569 2 2736 2 2737 2 2569 2 2737 1381 2738 1381 2569 1381 2738 1269 2739 1269 2569 1269 2739 2 2740 2 2569 2 2740 119 2741 119 2569 119 2741 119 2570 119 2569 119 2742 2 2743 2 2654 2 2743 2 2744 2 2654 2 2745 2 2746 2 2654 2 2744 2 2734 2 2654 2 2746 1270 2747 1270 2654 1270 2747 1271 2748 1271 2654 1271 2748 2 2742 2 2654 2 2581 1717 2749 1717 2654 1717 2749 2 2750 2 2654 2 2750 2 2745 2 2654 2 2751 2 2752 2 2581 2 2752 2 2749 2 2581 2 2753 406 2751 406 2581 406 2584 406 2753 406 2581 406 2754 2 2755 2 2726 2 2756 2 2754 2 2726 2 2728 2 2757 2 2726 2 2757 2 2756 2 2726 2 2755 2 2758 2 2726 2 2758 1718 2759 1718 2726 1718 2759 1719 2727 1719 2726 1719 2760 2 2761 2 2732 2 2762 2 2730 2 2732 2 2761 2 2763 2 2732 2 2763 1720 2764 1720 2732 1720 2764 1721 2762 1721 2732 1721 2733 1722 2765 1722 2732 1722 2765 1723 2760 1723 2732 1723 2766 2 2723 2 2724 2 2725 406 2767 406 2724 406 2767 1724 2766 1724 2724 1724 2739 2 2768 2 2740 2 2768 1725 2769 1725 2740 1725 2770 1726 2741 1726 2740 1726 2769 1727 2770 1727 2740 1727 2771 1728 2707 1728 2706 1728 2715 667 2772 667 2706 667 2772 1729 2771 1729 2706 1729 2773 1730 2734 1730 2744 1730 2743 672 2774 672 2744 672 2774 1731 2773 1731 2744 1731 2771 666 2775 666 2707 666 2775 1732 2708 1732 2707 1732 2714 1277 2776 1277 2715 1277 2776 1733 2772 1733 2715 1733 2773 675 2777 675 2734 675 2777 1734 2735 1734 2734 1734 2742 1277 2778 1277 2743 1277 2778 1733 2774 1733 2743 1733 2775 1280 2779 1280 2708 1280 2779 1735 2709 1735 2708 1735 2719 683 2780 683 2714 683 2780 1736 2776 1736 2714 1736 2777 1282 2781 1282 2735 1282 2781 1737 2736 1737 2735 1737 2748 683 2782 683 2742 683 2782 1736 2778 1736 2742 1736 2755 2 2783 2 2758 2 2783 1738 2784 1738 2758 1738 2784 1739 2759 1739 2758 1739 2779 692 2785 692 2709 692 2785 1740 2710 1740 2709 1740 2718 694 2786 694 2719 694 2786 1741 2780 1741 2719 1741 2781 708 2787 708 2736 708 2787 1742 2737 1742 2736 1742 2747 709 2788 709 2748 709 2788 1743 2782 1743 2748 1743 2785 693 2789 693 2710 693 2789 711 2711 711 2710 711 2717 712 2790 712 2718 712 2790 713 2786 713 2718 713 2787 714 2791 714 2737 714 2791 723 2738 723 2737 723 2746 721 2792 721 2747 721 2792 722 2788 722 2747 722 2793 2 2723 2 2766 2 2794 1744 2793 1744 2766 1744 2767 1745 2794 1745 2766 1745 2768 1746 2795 1746 2769 1746 2795 1747 2796 1747 2769 1747 2797 1748 2770 1748 2769 1748 2796 1749 2797 1749 2769 1749 2789 728 2798 728 2711 728 2798 1407 2712 1407 2711 1407 2716 1592 2799 1592 2717 1592 2799 1408 2790 1408 2717 1408 2791 738 2800 738 2738 738 2800 1407 2739 1407 2738 1407 2745 1410 2801 1410 2746 1410 2801 1410 2792 1410 2746 1410 2798 1407 2802 1407 2712 1407 2802 1750 2713 1750 2712 1750 2722 1751 2803 1751 2716 1751 2803 1752 2799 1752 2716 1752 2800 1407 2804 1407 2739 1407 2804 1753 2768 1753 2739 1753 2750 753 2805 753 2745 753 2805 1754 2801 1754 2745 1754 2749 1597 2806 1597 2750 1597 2806 1755 2805 1755 2750 1755 2807 2 2723 2 2793 2 2808 1756 2807 1756 2793 1756 2794 1757 2808 1757 2793 1757 2809 1758 2810 1758 2796 1758 2811 2 2812 2 2796 2 2813 2 2811 2 2796 2 2812 2 2814 2 2796 2 2814 1759 2815 1759 2796 1759 2815 1760 2809 1760 2796 1760 2795 2 2816 2 2796 2 2816 2 2813 2 2796 2 2817 1761 2797 1761 2796 1761 2810 1762 2817 1762 2796 1762 2818 1763 2703 1763 2713 1763 2802 1764 2819 1764 2713 1764 2819 1652 2818 1652 2713 1652 2721 1653 2820 1653 2722 1653 2820 1654 2803 1654 2722 1654 2804 1753 2821 1753 2768 1753 2821 1655 2795 1655 2768 1655 2752 1656 2822 1656 2749 1656 2822 1657 2806 1657 2749 1657 2823 2 2703 2 2818 2 2819 1658 2824 1658 2818 1658 2824 1170 2823 1170 2818 1170 2720 1765 2825 1765 2721 1765 2825 1172 2820 1172 2721 1172 2821 1659 2826 1659 2795 1659 2826 1170 2816 1170 2795 1170 2751 1766 2827 1766 2752 1766 2827 1767 2828 1767 2752 1767 2828 1174 2822 1174 2752 1174 2829 2 2723 2 2807 2 2830 1768 2829 1768 2807 1768 2808 1769 2830 1769 2807 1769 2831 1770 2832 1770 2810 1770 2809 2 2833 2 2810 2 2833 2 2831 2 2810 2 2834 1771 2817 1771 2810 1771 2832 1772 2834 1772 2810 1772 2835 2 2703 2 2823 2 2824 1773 2836 1773 2823 1773 2836 406 2835 406 2823 406 2723 2 2837 2 2720 2 2837 119 2838 119 2720 119 2838 119 2825 119 2720 119 2826 1773 2839 1773 2816 1773 2839 406 2813 406 2816 406 2751 2 2840 2 2827 2 2840 119 2841 119 2827 119 2841 119 2828 119 2827 119 2842 2 2703 2 2835 2 2836 406 2843 406 2835 406 2843 1423 2842 1423 2835 1423 2723 1774 2844 1774 2837 1774 2844 1612 2845 1612 2837 1612 2845 1425 2838 1425 2837 1425 2839 406 2846 406 2813 406 2846 1423 2811 1423 2813 1423 2751 1775 2847 1775 2840 1775 2847 1427 2848 1427 2840 1427 2848 1427 2841 1427 2840 1427 2849 2 2723 2 2829 2 2850 1776 2849 1776 2829 1776 2830 1768 2850 1768 2829 1768 2851 1777 2852 1777 2832 1777 2831 1778 2851 1778 2832 1778 2853 1779 2834 1779 2832 1779 2852 1780 2853 1780 2832 1780 2854 1781 2703 1781 2842 1781 2843 1423 2855 1423 2842 1423 2855 1782 2854 1782 2842 1782 2723 1783 2856 1783 2844 1783 2856 1665 2857 1665 2844 1665 2857 1784 2845 1784 2844 1784 2846 1423 2858 1423 2811 1423 2858 1785 2812 1785 2811 1785 2751 1786 2859 1786 2847 1786 2859 1666 2860 1666 2847 1666 2860 1787 2848 1787 2847 1787 2729 1634 2861 1634 2728 1634 2861 1788 2757 1788 2728 1788 2862 1789 2731 1789 2730 1789 2762 1790 2862 1790 2730 1790 2863 2 2723 2 2849 2 2864 1791 2863 1791 2849 1791 2850 1792 2864 1792 2849 1792 2851 1793 2865 1793 2852 1793 2866 1794 2853 1794 2852 1794 2865 1795 2866 1795 2852 1795 2867 2 2703 2 2854 2 2855 1667 2868 1667 2854 1667 2868 1796 2867 1796 2854 1796 2723 1797 2869 1797 2856 1797 2869 1433 2870 1433 2856 1433 2870 1798 2857 1798 2856 1798 2858 1670 2871 1670 2812 1670 2871 1799 2814 1799 2812 1799 2751 1800 2872 1800 2859 1800 2872 1437 2873 1437 2859 1437 2873 1438 2860 1438 2859 1438 2874 2 2875 2 2872 2 2751 2 2874 2 2872 2 2875 1331 2876 1331 2872 1331 2876 1801 2873 1801 2872 1801 2755 1802 2877 1802 2783 1802 2878 1803 2784 1803 2783 1803 2877 1803 2878 1803 2783 1803 2879 2 2761 2 2760 2 2765 1804 2880 1804 2760 1804 2880 1805 2879 1805 2760 1805 2881 2 2703 2 2867 2 2868 1440 2882 1440 2867 1440 2882 1806 2881 1806 2867 1806 2723 1807 2883 1807 2869 1807 2883 1808 2884 1808 2869 1808 2884 1809 2870 1809 2869 1809 2871 1435 2885 1435 2814 1435 2885 1806 2815 1806 2814 1806 2874 2 2886 2 2875 2 2886 1810 2887 1810 2875 1810 2887 1810 2876 1810 2875 1810 2888 1811 2756 1811 2757 1811 2861 1812 2888 1812 2757 1812 2889 1813 2862 1813 2762 1813 2764 1814 2889 1814 2762 1814 2890 1815 2723 1815 2863 1815 2891 1816 2890 1816 2863 1816 2864 1817 2891 1817 2863 1817 2851 1818 2892 1818 2865 1818 2893 1819 2866 1819 2865 1819 2892 1820 2893 1820 2865 1820 2894 1821 2703 1821 2881 1821 2882 1806 2895 1806 2881 1806 2895 1337 2894 1337 2881 1337 2723 1822 2896 1822 2883 1822 2896 1823 2897 1823 2883 1823 2897 1340 2884 1340 2883 1340 2885 1806 2898 1806 2815 1806 2898 1342 2809 1342 2815 1342 2874 1824 2899 1824 2886 1824 2899 1825 2900 1825 2886 1825 2900 1345 2887 1345 2886 1345 2755 1826 2901 1826 2877 1826 2902 1827 2878 1827 2877 1827 2901 1828 2902 1828 2877 1828 2903 2 2761 2 2879 2 2904 1829 2903 1829 2879 1829 2880 1805 2904 1805 2879 1805 2905 1830 2723 1830 2890 1830 2906 1831 2905 1831 2890 1831 2891 1832 2906 1832 2890 1832 2851 1833 2907 1833 2892 1833 2908 1834 2893 1834 2892 1834 2907 1835 2908 1835 2892 1835 2909 2 2703 2 2894 2 2895 1836 2910 1836 2894 1836 2910 1347 2909 1347 2894 1347 2723 1837 2911 1837 2896 1837 2911 1349 2912 1349 2896 1349 2912 1350 2897 1350 2896 1350 2898 1838 2913 1838 2809 1838 2913 1352 2833 1352 2809 1352 2874 1839 2914 1839 2899 1839 2914 1354 2915 1354 2899 1354 2915 1355 2900 1355 2899 1355 2916 1840 2754 1840 2756 1840 2917 1841 2916 1841 2756 1841 2888 1842 2917 1842 2756 1842 2918 1843 2889 1843 2764 1843 2763 1844 2918 1844 2764 1844 2755 1845 2919 1845 2901 1845 2920 1846 2902 1846 2901 1846 2919 1847 2920 1847 2901 1847 2921 2 2761 2 2903 2 2922 1848 2921 1848 2903 1848 2904 1849 2922 1849 2903 1849 2923 2 2723 2 2905 2 2924 1850 2923 1850 2905 1850 2906 1851 2924 1851 2905 1851 2851 1852 2925 1852 2907 1852 2926 1853 2908 1853 2907 1853 2925 1853 2926 1853 2907 1853 2927 2 2703 2 2909 2 2910 1347 2928 1347 2909 1347 2928 1854 2927 1854 2909 1854 2723 2 2929 2 2911 2 2929 1855 2930 1855 2911 1855 2930 1356 2912 1356 2911 1356 2913 1357 2931 1357 2833 1357 2931 1856 2831 1856 2833 1856 2874 2 2932 2 2914 2 2932 1855 2933 1855 2914 1855 2933 1356 2915 1356 2914 1356 2755 1857 2923 1857 2919 1857 2934 1858 2920 1858 2919 1858 2923 1859 2934 1859 2919 1859 2925 1860 2761 1860 2921 1860 2935 1861 2925 1861 2921 1861 2922 1848 2935 1848 2921 1848 2755 2 2723 2 2923 2 2924 1862 2934 1862 2923 1862 2851 2 2761 2 2925 2 2935 1863 2926 1863 2925 1863 2936 2 2703 2 2927 2 2928 1864 2937 1864 2927 1864 2937 1865 2936 1865 2927 1865 2723 1866 2938 1866 2929 1866 2938 1867 2939 1867 2929 1867 2939 1868 2930 1868 2929 1868 2931 1869 2940 1869 2831 1869 2940 1870 2851 1870 2831 1870 2874 1871 2941 1871 2932 1871 2941 1867 2942 1867 2932 1867 2942 1868 2933 1868 2932 1868 2943 2 2944 2 2704 2 2703 2 2943 2 2704 2 2944 119 2945 119 2704 119 2945 119 2705 119 2704 119 2936 2 2943 2 2703 2 2946 2 2943 2 2936 2 2937 1865 2947 1865 2936 1865 2947 1872 2946 1872 2936 1872 2948 1873 2949 1873 2938 1873 2723 2 2948 2 2938 2 2949 1874 2950 1874 2938 1874 2950 1874 2939 1874 2938 1874 2951 2 2948 2 2723 2 2755 2 2951 2 2723 2 2952 2 2951 2 2755 2 2754 2 2952 2 2755 2 2953 1875 2954 1875 2754 1875 2954 2 2955 2 2754 2 2916 2 2953 2 2754 2 2956 2 2952 2 2754 2 2955 2 2956 2 2754 2 2957 1876 2953 1876 2916 1876 2917 1841 2957 1841 2916 1841 2761 1877 2958 1877 2763 1877 2959 1878 2918 1878 2763 1878 2958 1879 2959 1879 2763 1879 2851 2 2960 2 2761 2 2961 2 2962 2 2761 2 2962 2 2958 2 2761 2 2960 2 2963 2 2761 2 2963 2 2964 2 2761 2 2964 2 2961 2 2761 2 2965 2 2960 2 2851 2 2966 2 2965 2 2851 2 2940 1870 2967 1870 2851 1870 2967 1872 2966 1872 2851 1872 2965 2 2968 2 2941 2 2874 2 2965 2 2941 2 2968 1874 2969 1874 2941 1874 2969 1874 2942 1874 2941 1874 2751 2 2970 2 2874 2 2970 2 2965 2 2874 2 2971 406 2970 406 2751 406 2753 406 2971 406 2751 406 2972 2 2948 2 2946 2 2948 1880 2943 1880 2946 1880 2947 1872 2973 1872 2946 1872 2973 974 2972 974 2946 974 2948 1881 2972 1881 2949 1881 2972 1882 2974 1882 2949 1882 2974 977 2950 977 2949 977 2975 2 2965 2 2966 2 2967 1872 2976 1872 2966 1872 2976 979 2975 979 2966 979 2965 1883 2975 1883 2968 1883 2975 1884 2977 1884 2968 1884 2977 1000 2969 1000 2968 1000 2973 1885 2974 1885 2972 1885 2976 1886 2977 1886 2975 1886 2978 1887 2954 1887 2953 1887 2957 1888 2978 1888 2953 1888 2979 1889 2959 1889 2958 1889 2962 1890 2979 1890 2958 1890 2980 1891 2955 1891 2954 1891 2978 1892 2980 1892 2954 1892 2981 1893 2979 1893 2962 1893 2961 1894 2981 1894 2962 1894 2982 1895 2956 1895 2955 1895 2980 1896 2982 1896 2955 1896 2983 1897 2981 1897 2961 1897 2964 1898 2983 1898 2961 1898 2984 1899 2952 1899 2956 1899 2985 1900 2984 1900 2956 1900 2982 1901 2985 1901 2956 1901 2986 1902 2983 1902 2964 1902 2963 1903 2986 1903 2964 1903 2987 1904 2952 1904 2984 1904 2988 1905 2987 1905 2984 1905 2985 1906 2988 1906 2984 1906 2960 1907 2989 1907 2963 1907 2990 1908 2986 1908 2963 1908 2989 1908 2990 1908 2963 1908 2991 2 2952 2 2987 2 2992 1909 2991 1909 2987 1909 2988 1905 2992 1905 2987 1905 2960 1910 2993 1910 2989 1910 2994 1911 2990 1911 2989 1911 2993 1912 2994 1912 2989 1912 2995 2 2952 2 2991 2 2996 1913 2995 1913 2991 1913 2992 1914 2996 1914 2991 1914 2960 1915 2997 1915 2993 1915 2998 1916 2994 1916 2993 1916 2997 1917 2998 1917 2993 1917 2999 1918 2952 1918 2995 1918 3000 1919 2999 1919 2995 1919 2996 1920 3000 1920 2995 1920 2960 1921 3001 1921 2997 1921 3002 1922 2998 1922 2997 1922 3001 1923 3002 1923 2997 1923 3003 1924 2952 1924 2999 1924 3004 1925 3003 1925 2999 1925 3000 1926 3004 1926 2999 1926 2960 1927 3005 1927 3001 1927 3006 1928 3002 1928 3001 1928 3005 1928 3006 1928 3001 1928 3007 2 2952 2 3003 2 3008 1929 3007 1929 3003 1929 3004 1925 3008 1925 3003 1925 2960 1930 3009 1930 3005 1930 3010 1931 3006 1931 3005 1931 3009 1932 3010 1932 3005 1932 3011 2 2952 2 3007 2 3012 1933 3011 1933 3007 1933 3008 1934 3012 1934 3007 1934 2960 1935 3013 1935 3009 1935 3014 1936 3010 1936 3009 1936 3013 1937 3014 1937 3009 1937 3015 2 2952 2 3011 2 3016 1938 3015 1938 3011 1938 3012 1939 3016 1939 3011 1939 2960 1940 3017 1940 3013 1940 3018 1941 3014 1941 3013 1941 3017 1942 3018 1942 3013 1942 3019 1943 2952 1943 3015 1943 3020 2 3019 2 3015 2 3021 36 3020 36 3015 36 3016 1944 3021 1944 3015 1944 3022 2 3019 2 3020 2 3023 2 3022 2 3020 2 3024 36 3023 36 3020 36 3021 36 3024 36 3020 36 3025 2 3022 2 3023 2 3026 2 3025 2 3023 2 3027 36 3026 36 3023 36 3024 36 3027 36 3023 36 3017 2 3025 2 3026 2 3028 36 3017 36 3026 36 3027 36 3028 36 3026 36 2960 1945 3025 1945 3017 1945 3028 36 3018 36 3017 36 3029 2 3030 2 2944 2 2943 2 3029 2 2944 2 3030 119 3031 119 2944 119 3031 119 2945 119 2944 119 2948 1946 3032 1946 2943 1946 3032 2 3033 2 2943 2 3033 2 3034 2 2943 2 3034 2 3035 2 2943 2 3035 2 3036 2 2943 2 3036 1947 3037 1947 2943 1947 3037 2 3038 2 2943 2 3038 2 3039 2 2943 2 3039 1948 3040 1948 2943 1948 3040 2 3041 2 2943 2 3041 2 3029 2 2943 2 2951 2 3042 2 2948 2 3042 1949 3043 1949 2948 1949 3043 2 3044 2 2948 2 3044 1950 3045 1950 2948 1950 3045 2 3046 2 2948 2 3046 2 3047 2 2948 2 3047 1951 3048 1951 2948 1951 3048 2 3049 2 2948 2 3049 1952 3050 1952 2948 1952 3050 2 3051 2 2948 2 3052 2 3053 2 2948 2 3053 2 3054 2 2948 2 3054 1953 3055 1953 2948 1953 3055 1954 3032 1954 2948 1954 3056 2 3057 2 2948 2 3051 2 3058 2 2948 2 3058 2 3059 2 2948 2 3059 2 3056 2 2948 2 3057 1955 3060 1955 2948 1955 3060 2 3061 2 2948 2 3061 2 3052 2 2948 2 3062 2 3063 2 2951 2 2952 2 3062 2 2951 2 3064 2 3042 2 2951 2 3065 2 3066 2 2951 2 3066 2 3067 2 2951 2 3067 2 3068 2 2951 2 3068 2 3064 2 2951 2 3069 2 3070 2 2951 2 3063 2 3071 2 2951 2 3071 2 3072 2 2951 2 3072 2 3069 2 2951 2 3070 2 3073 2 2951 2 3073 2 3074 2 2951 2 3074 2 3065 2 2951 2 3075 2 3076 2 2952 2 3076 2 3077 2 2952 2 3077 2 3078 2 2952 2 3019 1956 3079 1956 2952 1956 3079 2 3080 2 2952 2 3080 1957 3075 1957 2952 1957 3078 2 3081 2 2952 2 3081 2 3082 2 2952 2 3082 1958 3083 1958 2952 1958 3083 2 3084 2 2952 2 3084 1959 3085 1959 2952 1959 3085 2 3062 2 2952 2 3086 2 3087 2 3019 2 3088 2 3089 2 3019 2 3022 1960 3090 1960 3019 1960 3090 1961 3091 1961 3019 1961 3091 1962 3088 1962 3019 1962 3092 2 3093 2 3019 2 3089 1963 3094 1963 3019 1963 3094 2 3095 2 3019 2 3095 2 3092 2 3019 2 3093 2 3096 2 3019 2 3096 2 3097 2 3019 2 3097 2 3098 2 3019 2 3099 2 3086 2 3019 2 3100 2 3101 2 3019 2 3101 1964 3102 1964 3019 1964 3102 2 3099 2 3019 2 3103 1965 3104 1965 3019 1965 3104 2 3079 2 3019 2 3105 2 3106 2 3019 2 3106 2 3107 2 3019 2 3107 2 3100 2 3019 2 3098 2 3108 2 3019 2 3108 2 3109 2 3019 2 3109 1966 3105 1966 3019 1966 3087 2 3110 2 3019 2 3110 2 3111 2 3019 2 3111 2 3103 2 3019 2 3112 2 3113 2 3022 2 3114 2 3115 2 3022 2 3025 1967 3116 1967 3022 1967 3116 1968 3117 1968 3022 1968 3117 2 3114 2 3022 2 3118 2 3119 2 3022 2 3115 2 3120 2 3022 2 3120 1969 3121 1969 3022 1969 3121 2 3118 2 3022 2 3119 2 3122 2 3022 2 3122 2 3123 2 3022 2 3123 2 3124 2 3022 2 3125 2 3112 2 3022 2 3126 2 3090 2 3022 2 3127 2 3128 2 3022 2 3128 2 3129 2 3022 2 3129 2 3125 2 3022 2 3130 2 3131 2 3022 2 3131 2 3132 2 3022 2 3132 2 3127 2 3022 2 3113 1970 3133 1970 3022 1970 3133 2 3134 2 3022 2 3134 2 3126 2 3022 2 3124 2 3135 2 3022 2 3135 2 3136 2 3022 2 3136 1971 3130 1971 3022 1971 2960 1972 3137 1972 3025 1972 3137 2 3138 2 3025 2 3138 2 3139 2 3025 2 3139 2 3140 2 3025 2 3140 2 3141 2 3025 2 3141 2 3142 2 3025 2 3142 1973 3143 1973 3025 1973 3143 2 3144 2 3025 2 3144 1974 3145 1974 3025 1974 3145 2 3146 2 3025 2 3146 2 3147 2 3025 2 3147 2 3148 2 3025 2 3149 2 3150 2 3025 2 3150 2 3116 2 3025 2 3151 2 3152 2 3025 2 3152 2 3153 2 3025 2 3153 1975 3154 1975 3025 1975 3154 2 3155 2 3025 2 3155 2 3156 2 3025 2 3156 2 3149 2 3025 2 3148 2 3157 2 3025 2 3157 2 3158 2 3025 2 3158 2 3151 2 3025 2 3159 2 3160 2 2960 2 3160 2 3161 2 2960 2 3161 2 3162 2 2960 2 2965 1976 3163 1976 2960 1976 3163 2 3164 2 2960 2 3164 2 3159 2 2960 2 3162 2 3165 2 2960 2 3165 2 3166 2 2960 2 3166 2 3167 2 2960 2 3167 2 3168 2 2960 2 3168 2 3169 2 2960 2 3169 2 3170 2 2960 2 3171 1977 3172 1977 2960 1977 3172 1978 3137 1978 2960 1978 3173 1979 3174 1979 2960 1979 3174 2 3175 2 2960 2 3175 2 3176 2 2960 2 3176 2 3171 2 2960 2 3177 2 3178 2 2960 2 3170 2 3179 2 2960 2 3179 2 3180 2 2960 2 3180 2 3177 2 2960 2 3178 1980 3181 1980 2960 1980 3181 2 3182 2 2960 2 3182 2 3173 2 2960 2 3183 2 3184 2 2965 2 3184 2 3185 2 2965 2 3186 2 3187 2 2965 2 3187 2 3188 2 2965 2 3188 1981 3189 1981 2965 1981 3189 1982 3190 1982 2965 1982 3190 2 3183 2 2965 2 3191 1983 3192 1983 2965 1983 3192 2 3163 2 2965 2 3185 2 3193 2 2965 2 3193 1984 3194 1984 2965 1984 3194 1985 3191 1985 2965 1985 2970 1986 3195 1986 2965 1986 3195 2 3186 2 2965 2 3196 2 3195 2 2970 2 3197 2 3198 2 2970 2 3198 2 3199 2 2970 2 3199 2 3196 2 2970 2 3200 406 3197 406 2970 406 2971 406 3200 406 2970 406 3201 1987 3033 1987 3032 1987 3055 1988 3202 1988 3032 1988 3202 1989 3201 1989 3032 1989 3203 1990 3042 1990 3064 1990 3068 1988 3204 1988 3064 1988 3204 1989 3203 1989 3064 1989 3205 1990 3075 1990 3080 1990 3079 1991 3206 1991 3080 1991 3206 1991 3205 1991 3080 1991 3207 1990 3110 1990 3087 1990 3086 1988 3208 1988 3087 1988 3208 1989 3207 1989 3087 1989 3209 1992 3091 1992 3090 1992 3126 1988 3210 1988 3090 1988 3210 1989 3209 1989 3090 1989 3211 1990 3133 1990 3113 1990 3112 1991 3212 1991 3113 1991 3212 1991 3211 1991 3113 1991 3213 1990 3117 1990 3116 1990 3150 1988 3214 1988 3116 1988 3214 1989 3213 1989 3116 1989 3215 1990 3139 1990 3138 1990 3137 1991 3216 1991 3138 1991 3216 1991 3215 1991 3138 1991 3217 1990 3172 1990 3171 1990 3176 1988 3218 1988 3171 1988 3218 1989 3217 1989 3171 1989 3219 1992 3159 1992 3164 1992 3163 1988 3220 1988 3164 1988 3220 1989 3219 1989 3164 1989 3221 1990 3193 1990 3185 1990 3184 1993 3222 1993 3185 1993 3222 1993 3221 1993 3185 1993 3201 1987 3223 1987 3033 1987 3223 1994 3034 1994 3033 1994 3054 1733 3224 1733 3055 1733 3224 1995 3202 1995 3055 1995 3203 1996 3225 1996 3042 1996 3225 1997 3043 1997 3042 1997 3067 1733 3226 1733 3068 1733 3226 1995 3204 1995 3068 1995 3205 1996 3227 1996 3075 1996 3227 1998 3076 1998 3075 1998 3104 1733 3228 1733 3079 1733 3228 1995 3206 1995 3079 1995 3207 1996 3229 1996 3110 1996 3229 1998 3111 1998 3110 1998 3099 1999 3230 1999 3086 1999 3230 2000 3208 2000 3086 2000 3209 1992 3231 1992 3091 1992 3231 1997 3088 1997 3091 1997 3134 2001 3232 2001 3126 2001 3232 2002 3233 2002 3126 2002 3233 1999 3234 1999 3126 1999 3234 2000 3210 2000 3126 2000 3211 1996 3235 1996 3133 1996 3235 1998 3134 1998 3133 1998 3125 1733 3236 1733 3112 1733 3236 1995 3212 1995 3112 1995 3213 1996 3237 1996 3117 1996 3237 1997 3114 1997 3117 1997 3149 1999 3238 1999 3150 1999 3238 2000 3214 2000 3150 2000 3215 1996 3239 1996 3139 1996 3239 1998 3140 1998 3139 1998 3172 2003 3240 2003 3137 2003 3240 2 3241 2 3137 2 3241 2004 3242 2004 3137 2004 3242 1733 3243 1733 3137 1733 3243 1995 3216 1995 3137 1995 3217 1996 3244 1996 3172 1996 3244 1998 3240 1998 3172 1998 3175 1999 3245 1999 3176 1999 3245 2000 3218 2000 3176 2000 3219 1992 3246 1992 3159 1992 3246 1997 3160 1997 3159 1997 3192 1999 3247 1999 3163 1999 3247 2000 3220 2000 3163 2000 3221 1996 3248 1996 3193 1996 3248 1998 3194 1998 3193 1998 3183 1733 3249 1733 3184 1733 3249 1995 3222 1995 3184 1995 3223 2005 3250 2005 3034 2005 3250 2006 3035 2006 3034 2006 3053 1281 3251 1281 3054 1281 3251 2007 3224 2007 3054 2007 3225 2008 3252 2008 3043 2008 3252 2009 3044 2009 3043 2009 3066 1281 3253 1281 3067 1281 3253 2007 3226 2007 3067 2007 3227 2010 3254 2010 3076 2010 3254 2009 3077 2009 3076 2009 3103 1281 3255 1281 3104 1281 3255 2007 3228 2007 3104 2007 3256 2011 3103 2011 3111 2011 3229 2010 3257 2010 3111 2010 3257 2009 3256 2009 3111 2009 3102 1281 3258 1281 3099 1281 3258 2007 3230 2007 3099 2007 3231 2008 3259 2008 3088 2008 3259 2009 3089 2009 3088 2009 3232 2012 3260 2012 3233 2012 3260 1281 3261 1281 3233 1281 3261 2007 3234 2007 3233 2007 3235 2010 3262 2010 3134 2010 3262 2013 3232 2013 3134 2013 3129 1281 3263 1281 3125 1281 3263 2007 3236 2007 3125 2007 3237 2008 3264 2008 3114 2008 3264 2009 3115 2009 3114 2009 3156 1281 3265 1281 3149 1281 3265 2007 3238 2007 3149 2007 3239 2010 3266 2010 3140 2010 3266 2009 3141 2009 3140 2009 3241 2014 3267 2014 3242 2014 3267 1281 3268 1281 3242 1281 3268 2007 3243 2007 3242 2007 3244 2010 3269 2010 3240 2010 3269 2009 3241 2009 3240 2009 3174 2015 3270 2015 3175 2015 3270 2016 3245 2016 3175 2016 3246 2008 3271 2008 3160 2008 3271 2009 3161 2009 3160 2009 3191 1281 3272 1281 3192 1281 3272 2007 3247 2007 3192 2007 3273 2017 3191 2017 3194 2017 3248 2010 3274 2010 3194 2010 3274 2018 3273 2018 3194 2018 3190 1281 3275 1281 3183 1281 3275 2007 3249 2007 3183 2007 3250 1283 3276 1283 3035 1283 3276 2019 3036 2019 3035 2019 3052 1284 3277 1284 3053 1284 3277 2020 3251 2020 3053 2020 3252 2021 3278 2021 3044 2021 3278 2022 3045 2022 3044 2022 3065 2023 3279 2023 3066 2023 3279 2024 3253 2024 3066 2024 3254 2021 3280 2021 3077 2021 3280 2022 3078 2022 3077 2022 3256 2025 3281 2025 3103 2025 3281 1284 3282 1284 3103 1284 3282 2020 3255 2020 3103 2020 3283 2026 3281 2026 3256 2026 3284 2 3283 2 3256 2 3257 2021 3285 2021 3256 2021 3285 2022 3284 2022 3256 2022 3101 1284 3286 1284 3102 1284 3286 2020 3258 2020 3102 2020 3259 2021 3287 2021 3089 2021 3287 2022 3094 2022 3089 2022 3232 2 3288 2 3260 2 3288 2 3289 2 3260 2 3289 2027 3290 2027 3260 2027 3290 1284 3291 1284 3260 1284 3291 2020 3261 2020 3260 2020 3262 2028 3292 2028 3232 2028 3292 2029 3288 2029 3232 2029 3128 2030 3293 2030 3129 2030 3293 2031 3263 2031 3129 2031 3264 2021 3294 2021 3115 2021 3294 2022 3120 2022 3115 2022 3155 2032 3295 2032 3156 2032 3295 2033 3265 2033 3156 2033 3266 2021 3296 2021 3141 2021 3296 2022 3142 2022 3141 2022 3241 2 3297 2 3267 2 3297 2034 3298 2034 3267 2034 3298 2035 3299 2035 3267 2035 3299 1284 3300 1284 3267 1284 3300 2020 3268 2020 3267 2020 3269 2021 3301 2021 3241 2021 3301 2022 3297 2022 3241 2022 3173 2032 3302 2032 3174 2032 3302 2033 3270 2033 3174 2033 3271 2021 3303 2021 3161 2021 3303 2022 3162 2022 3161 2022 3273 2036 3304 2036 3191 2036 3304 1284 3305 1284 3191 1284 3305 2020 3272 2020 3191 2020 3306 2037 3304 2037 3273 2037 3307 2 3306 2 3273 2 3274 1285 3308 1285 3273 1285 3308 2022 3307 2022 3273 2022 3189 1286 3309 1286 3190 1286 3309 2038 3275 2038 3190 2038 3276 1287 3310 1287 3036 1287 3310 2039 3037 2039 3036 2039 3061 1289 3311 1289 3052 1289 3311 2040 3277 2040 3052 2040 3278 1291 3312 1291 3045 1291 3312 2039 3046 2039 3045 2039 3074 1289 3313 1289 3065 1289 3313 2040 3279 2040 3065 2040 3280 1291 3314 1291 3078 1291 3314 2039 3081 2039 3078 2039 3283 1289 3315 1289 3281 1289 3315 2040 3282 2040 3281 2040 3316 2 3283 2 3284 2 3285 1291 3317 1291 3284 1291 3317 2039 3316 2039 3284 2039 3100 1289 3318 1289 3101 1289 3318 2040 3286 2040 3101 2040 3287 1291 3319 1291 3094 1291 3319 2039 3095 2039 3094 2039 3289 2041 3320 2041 3290 2041 3320 1289 3321 1289 3290 1289 3321 2040 3291 2040 3290 2040 3292 2042 3322 2042 3288 2042 3322 2043 3289 2043 3288 2043 3127 1293 3323 1293 3128 1293 3323 2044 3293 2044 3128 2044 3294 1291 3324 1291 3120 1291 3324 2045 3121 2045 3120 2045 3154 1289 3325 1289 3155 1289 3325 2040 3295 2040 3155 2040 3296 1291 3326 1291 3142 1291 3326 2039 3143 2039 3142 2039 3298 2046 3327 2046 3299 2046 3327 1289 3328 1289 3299 1289 3328 2040 3300 2040 3299 2040 3301 1291 3329 1291 3297 1291 3329 2045 3298 2045 3297 2045 3182 1289 3330 1289 3173 1289 3330 2040 3302 2040 3173 2040 3303 1291 3331 1291 3162 1291 3331 2039 3165 2039 3162 2039 3306 1289 3332 1289 3304 1289 3332 2040 3305 2040 3304 2040 3333 2047 3306 2047 3307 2047 3308 1291 3334 1291 3307 1291 3334 2045 3333 2045 3307 2045 3188 1293 3335 1293 3189 1293 3335 2044 3309 2044 3189 2044 3310 1295 3336 1295 3037 1295 3336 2048 3038 2048 3037 2048 3060 2049 3337 2049 3061 2049 3337 2050 3311 2050 3061 2050 3312 1295 3338 1295 3046 1295 3338 2051 3047 2051 3046 2051 3073 2052 3339 2052 3074 2052 3339 2053 3313 2053 3074 2053 3314 1295 3340 1295 3081 1295 3340 2054 3082 2054 3081 2054 3316 2055 3341 2055 3283 2055 3341 2056 3342 2056 3283 2056 3342 2 3343 2 3283 2 3343 2 3344 2 3283 2 3344 2057 3345 2057 3283 2057 3345 2058 3315 2058 3283 2058 3317 1295 3346 1295 3316 1295 3346 2054 3341 2054 3316 2054 3107 2057 3347 2057 3100 2057 3347 2058 3318 2058 3100 2058 3319 1295 3348 1295 3095 1295 3348 2054 3092 2054 3095 2054 3289 2059 3349 2059 3320 2059 3349 2052 3350 2052 3320 2052 3350 2053 3321 2053 3320 2053 3351 2060 3349 2060 3289 2060 3322 2061 3352 2061 3289 2061 3352 2054 3351 2054 3289 2054 3132 2052 3353 2052 3127 2052 3353 2053 3323 2053 3127 2053 3324 1296 3354 1296 3121 1296 3354 2054 3118 2054 3121 2054 3153 2052 3355 2052 3154 2052 3355 2053 3325 2053 3154 2053 3326 1295 3356 1295 3143 1295 3356 2048 3144 2048 3143 2048 3298 2062 3357 2062 3327 2062 3357 2057 3358 2057 3327 2057 3358 2058 3328 2058 3327 2058 3359 2 3360 2 3298 2 3360 2 3361 2 3298 2 3361 2 3357 2 3298 2 3329 1296 3362 1296 3298 1296 3362 2048 3359 2048 3298 2048 3181 2057 3363 2057 3182 2057 3363 2058 3330 2058 3182 2058 3331 1295 3364 1295 3165 1295 3364 2054 3166 2054 3165 2054 3333 2063 3365 2063 3306 2063 3365 2052 3366 2052 3306 2052 3366 2053 3332 2053 3306 2053 3367 2 3365 2 3333 2 3368 2 3369 2 3333 2 3369 2 3370 2 3333 2 3370 2 3367 2 3333 2 3334 1296 3371 1296 3333 1296 3371 2048 3368 2048 3333 2048 3187 2052 3372 2052 3188 2052 3372 2053 3335 2053 3188 2053 3336 2064 3373 2064 3038 2064 3373 2065 3039 2065 3038 2065 3057 2066 3374 2066 3060 2066 3374 2067 3337 2067 3060 2067 3338 2068 3375 2068 3047 2068 3375 2065 3048 2065 3047 2065 3070 2066 3376 2066 3073 2066 3376 2067 3339 2067 3073 2067 3340 2069 3377 2069 3082 2069 3377 2070 3083 2070 3082 2070 3343 2071 3378 2071 3344 2071 3378 2072 3379 2072 3344 2072 3379 2072 3345 2072 3344 2072 3346 2069 3380 2069 3341 2069 3380 2070 3342 2070 3341 2070 3106 2072 3381 2072 3107 2072 3381 2072 3347 2072 3107 2072 3348 2069 3382 2069 3092 2069 3382 2070 3093 2070 3092 2070 3351 2 3383 2 3349 2 3383 2 3384 2 3349 2 3384 2073 3385 2073 3349 2073 3385 2074 3386 2074 3349 2074 3386 2075 3350 2075 3349 2075 3352 2069 3387 2069 3351 2069 3387 2076 3383 2076 3351 2076 3131 2072 3388 2072 3132 2072 3388 2072 3353 2072 3132 2072 3354 2069 3389 2069 3118 2069 3389 2065 3119 2065 3118 2065 3152 2072 3390 2072 3153 2072 3390 2072 3355 2072 3153 2072 3356 2064 3391 2064 3144 2064 3391 2077 3145 2077 3144 2077 3361 2072 3392 2072 3357 2072 3392 2072 3358 2072 3357 2072 3393 2 3360 2 3359 2 3362 2064 3394 2064 3359 2064 3394 2065 3393 2065 3359 2065 3178 2066 3395 2066 3181 2066 3395 2067 3363 2067 3181 2067 3364 2069 3396 2069 3166 2069 3396 2070 3167 2070 3166 2070 3367 2074 3397 2074 3365 2074 3397 2075 3366 2075 3365 2075 3398 2 3369 2 3368 2 3371 2064 3399 2064 3368 2064 3399 2070 3398 2070 3368 2070 3186 2078 3400 2078 3187 2078 3400 1754 3372 1754 3187 1754 3195 1150 3401 1150 3186 1150 3401 2079 3400 2079 3186 2079 3373 2080 3402 2080 3039 2080 3402 1652 3040 1652 3039 1652 3056 2081 3403 2081 3057 2081 3403 1654 3374 1654 3057 1654 3375 2080 3404 2080 3048 2080 3404 2082 3049 2082 3048 2082 3069 2083 3405 2083 3070 2083 3405 2084 3376 2084 3070 2084 3377 2070 3406 2070 3083 2070 3406 2082 3084 2082 3083 2082 3343 2085 3407 2085 3378 2085 3407 2081 3408 2081 3378 2081 3408 1654 3379 1654 3378 1654 3380 2070 3409 2070 3342 2070 3409 2082 3343 2082 3342 2082 3105 2081 3410 2081 3106 2081 3410 1654 3381 1654 3106 1654 3382 2070 3411 2070 3093 2070 3411 2082 3096 2082 3093 2082 3384 765 3412 765 3385 765 3412 2081 3413 2081 3385 2081 3413 1654 3386 1654 3385 1654 3387 2076 3414 2076 3383 2076 3414 2086 3384 2086 3383 2086 3130 2087 3415 2087 3131 2087 3415 1657 3388 1657 3131 1657 3389 2080 3416 2080 3119 2080 3416 1655 3122 1655 3119 1655 3151 2087 3417 2087 3152 2087 3417 1657 3390 1657 3152 1657 3391 2088 3418 2088 3145 2088 3418 2082 3146 2082 3145 2082 3360 2081 3419 2081 3361 2081 3419 1654 3392 1654 3361 1654 3420 2 3360 2 3393 2 3394 2080 3421 2080 3393 2080 3421 1652 3420 1652 3393 1652 3177 2087 3422 2087 3178 2087 3422 1657 3395 1657 3178 1657 3396 2070 3423 2070 3167 2070 3423 2082 3168 2082 3167 2082 3370 2081 3424 2081 3367 2081 3424 1654 3397 1654 3367 1654 3425 772 3369 772 3398 772 3399 2070 3426 2070 3398 2070 3426 1655 3425 1655 3398 1655 3196 2087 3427 2087 3195 2087 3427 1657 3401 1657 3195 1657 3402 2089 3428 2089 3040 2089 3428 2090 3041 2090 3040 2090 3059 1304 3429 1304 3056 1304 3429 2091 3403 2091 3056 2091 3404 2092 3430 2092 3049 2092 3430 2093 3050 2093 3049 2093 3072 1306 3431 1306 3069 1306 3431 2094 3405 2094 3069 2094 3406 2092 3432 2092 3084 2092 3432 2090 3085 2090 3084 2090 3343 2095 3433 2095 3407 2095 3433 2096 3434 2096 3407 2096 3434 2097 3408 2097 3407 2097 3435 2 3433 2 3343 2 3409 2092 3436 2092 3343 2092 3436 2098 3435 2098 3343 2098 3109 2096 3437 2096 3105 2096 3437 2097 3410 2097 3105 2097 3411 2092 3438 2092 3096 2092 3438 2098 3097 2098 3096 2098 3384 2099 3439 2099 3412 2099 3439 1306 3440 1306 3412 1306 3440 2094 3413 2094 3412 2094 3441 2 3439 2 3384 2 3414 2100 3442 2100 3384 2100 3442 2098 3441 2098 3384 2098 3136 1306 3443 1306 3130 1306 3443 2094 3415 2094 3130 2094 3416 2101 3444 2101 3122 2101 3444 2098 3123 2098 3122 2098 3158 1306 3445 1306 3151 1306 3445 2094 3417 2094 3151 2094 3418 2092 3446 2092 3146 2092 3446 2090 3147 2090 3146 2090 3420 2 3447 2 3360 2 3447 2102 3448 2102 3360 2102 3448 2096 3449 2096 3360 2096 3449 2097 3419 2097 3360 2097 3421 2089 3450 2089 3420 2089 3450 2090 3447 2090 3420 2090 3180 2096 3451 2096 3177 2096 3451 2097 3422 2097 3177 2097 3423 2092 3452 2092 3168 2092 3452 2098 3169 2098 3168 2098 3369 1306 3453 1306 3370 1306 3453 2094 3424 2094 3370 2094 3454 2 3369 2 3425 2 3426 2101 3455 2101 3425 2101 3455 2090 3454 2090 3425 2090 3199 1306 3456 1306 3196 1306 3456 2094 3427 2094 3196 2094 3457 2 3029 2 3041 2 3428 1308 3458 1308 3041 1308 3458 406 3457 406 3041 406 3058 119 3459 119 3059 119 3459 119 3429 119 3059 119 3460 2 3051 2 3050 2 3430 2103 3461 2103 3050 2103 3461 406 3460 406 3050 406 3071 119 3462 119 3072 119 3462 119 3431 119 3072 119 3463 2 3062 2 3085 2 3432 1308 3464 1308 3085 1308 3464 406 3463 406 3085 406 3435 2 3465 2 3433 2 3465 119 3466 119 3433 119 3466 119 3434 119 3433 119 3467 2 3465 2 3435 2 3436 2104 3468 2104 3435 2104 3468 406 3467 406 3435 406 3108 119 3469 119 3109 119 3469 119 3437 119 3109 119 3470 2 3098 2 3097 2 3438 2104 3471 2104 3097 2104 3471 406 3470 406 3097 406 3441 2 3472 2 3439 2 3472 119 3473 119 3439 119 3473 119 3440 119 3439 119 3474 2 3472 2 3441 2 3442 2104 3475 2104 3441 2104 3475 406 3474 406 3441 406 3135 119 3476 119 3136 119 3476 119 3443 119 3136 119 3477 2 3124 2 3123 2 3444 2104 3478 2104 3123 2104 3478 406 3477 406 3123 406 3157 119 3479 119 3158 119 3479 119 3445 119 3158 119 3480 2 3148 2 3147 2 3446 1308 3481 1308 3147 1308 3481 406 3480 406 3147 406 3447 2 3482 2 3448 2 3482 119 3483 119 3448 119 3483 119 3449 119 3448 119 3484 2 3482 2 3447 2 3450 1308 3485 1308 3447 1308 3485 406 3484 406 3447 406 3179 119 3486 119 3180 119 3486 119 3451 119 3180 119 3487 2 3170 2 3169 2 3452 2104 3488 2104 3169 2104 3488 406 3487 406 3169 406 3454 2 3489 2 3369 2 3489 119 3490 119 3369 119 3490 119 3453 119 3369 119 3491 2 3489 2 3454 2 3455 1308 3492 1308 3454 1308 3492 406 3491 406 3454 406 3198 119 3493 119 3199 119 3493 119 3456 119 3199 119 3494 2 3029 2 3457 2 3458 406 3495 406 3457 406 3495 1423 3494 1423 3457 1423 3051 2105 3496 2105 3058 2105 3496 1612 3497 1612 3058 1612 3497 1425 3459 1425 3058 1425 3498 2106 3051 2106 3460 2106 3461 406 3499 406 3460 406 3499 2107 3498 2107 3460 2107 3063 2 3500 2 3071 2 3500 1427 3501 1427 3071 1427 3501 1427 3462 1427 3071 1427 3502 2108 3062 2108 3463 2108 3464 406 3503 406 3463 406 3503 1423 3502 1423 3463 1423 3504 2109 3505 2109 3465 2109 3467 2 3504 2 3465 2 3505 2110 3506 2110 3465 2110 3506 2111 3466 2111 3465 2111 3468 406 3507 406 3467 406 3507 2112 3504 2112 3467 2112 3098 2113 3508 2113 3108 2113 3508 2110 3509 2110 3108 2110 3509 2111 3469 2111 3108 2111 3510 2 3098 2 3470 2 3471 406 3511 406 3470 406 3511 2112 3510 2112 3470 2112 3474 2114 3512 2114 3472 2114 3512 1427 3513 1427 3472 1427 3513 1427 3473 1427 3472 1427 3514 2 3512 2 3474 2 3475 406 3515 406 3474 406 3515 2112 3514 2112 3474 2112 3124 2115 3516 2115 3135 2115 3516 1427 3517 1427 3135 1427 3517 1427 3476 1427 3135 1427 3518 2 3124 2 3477 2 3478 406 3519 406 3477 406 3519 2112 3518 2112 3477 2112 3148 2116 3520 2116 3157 2116 3520 1427 3521 1427 3157 1427 3521 1427 3479 1427 3157 1427 3522 2 3148 2 3480 2 3481 406 3523 406 3480 406 3523 1423 3522 1423 3480 1423 3484 2117 3524 2117 3482 2117 3524 2110 3525 2110 3482 2110 3525 2111 3483 2111 3482 2111 3526 2 3524 2 3484 2 3485 406 3527 406 3484 406 3527 1423 3526 1423 3484 1423 3170 2118 3528 2118 3179 2118 3528 2110 3529 2110 3179 2110 3529 2111 3486 2111 3179 2111 3530 2 3170 2 3487 2 3488 406 3531 406 3487 406 3531 2112 3530 2112 3487 2112 3532 2119 3533 2119 3489 2119 3534 2 3532 2 3489 2 3535 809 3534 809 3489 809 3491 2 3535 2 3489 2 3533 1427 3536 1427 3489 1427 3536 1427 3490 1427 3489 1427 3492 406 3537 406 3491 406 3537 1423 3535 1423 3491 1423 3197 2120 3538 2120 3198 2120 3538 1427 3539 1427 3198 1427 3539 1427 3493 1427 3198 1427 3540 2121 3029 2121 3494 2121 3495 1423 3541 1423 3494 1423 3541 1782 3540 1782 3494 1782 3051 2122 3542 2122 3496 2122 3542 2123 3543 2123 3496 2123 3543 1784 3497 1784 3496 1784 3544 2 3051 2 3498 2 3499 2124 3545 2124 3498 2124 3545 2125 3544 2125 3498 2125 3063 2 3546 2 3500 2 3546 2126 3547 2126 3500 2126 3547 2127 3501 2127 3500 2127 3548 2 3062 2 3502 2 3503 1423 3549 1423 3502 1423 3549 2125 3548 2125 3502 2125 3504 2128 3550 2128 3505 2128 3550 2123 3551 2123 3505 2123 3551 1784 3506 1784 3505 1784 3552 2 3553 2 3504 2 3554 2 3552 2 3504 2 3553 2 3550 2 3504 2 3507 2129 3555 2129 3504 2129 3555 2125 3554 2125 3504 2125 3098 823 3556 823 3508 823 3556 2123 3557 2123 3508 2123 3557 1784 3509 1784 3508 1784 3558 2 3098 2 3510 2 3511 2129 3559 2129 3510 2129 3559 2125 3558 2125 3510 2125 3560 2130 3561 2130 3512 2130 3562 2 3560 2 3512 2 3563 825 3562 825 3512 825 3514 2 3563 2 3512 2 3561 2123 3564 2123 3512 2123 3564 1784 3513 1784 3512 1784 3515 2129 3565 2129 3514 2129 3565 2131 3563 2131 3514 2131 3124 2132 3566 2132 3516 2132 3566 2133 3567 2133 3516 2133 3567 1787 3517 1787 3516 1787 3568 2 3124 2 3518 2 3519 2129 3569 2129 3518 2129 3569 1785 3568 1785 3518 1785 3148 831 3570 831 3520 831 3570 2133 3571 2133 3520 2133 3571 1787 3521 1787 3520 1787 3572 2 3148 2 3522 2 3523 1423 3573 1423 3522 1423 3573 2125 3572 2125 3522 2125 3526 2 3574 2 3524 2 3575 2134 3576 2134 3524 2134 3577 2 3575 2 3524 2 3574 2 3577 2 3524 2 3576 2123 3578 2123 3524 2123 3578 1784 3525 1784 3524 1784 3527 1423 3579 1423 3526 1423 3579 1782 3574 1782 3526 1782 3170 833 3580 833 3528 833 3580 2133 3581 2133 3528 2133 3581 1787 3529 1787 3528 1787 3582 2 3170 2 3530 2 3531 2129 3583 2129 3530 2129 3583 2125 3582 2125 3530 2125 3584 834 3585 834 3533 834 3532 2 3584 2 3533 2 3585 2123 3586 2123 3533 2123 3586 1784 3536 1784 3533 1784 3537 1423 3587 1423 3535 1423 3587 1785 3534 1785 3535 1785 3197 835 3588 835 3538 835 3588 2133 3589 2133 3538 2133 3589 1787 3539 1787 3538 1787 3590 2 3029 2 3540 2 3541 2135 3591 2135 3540 2135 3591 2136 3590 2136 3540 2136 3051 2137 3592 2137 3542 2137 3592 839 3593 839 3542 839 3593 2138 3543 2138 3542 2138 3594 2139 3051 2139 3544 2139 3545 2140 3595 2140 3544 2140 3595 2136 3594 2136 3544 2136 3063 843 3596 843 3546 843 3596 839 3597 839 3546 839 3597 2138 3547 2138 3546 2138 3598 2141 3062 2141 3548 2141 3549 2140 3599 2140 3548 2140 3599 2142 3598 2142 3548 2142 3553 846 3600 846 3550 846 3600 2143 3551 2143 3550 2143 3601 2144 3552 2144 3554 2144 3555 2140 3602 2140 3554 2140 3602 2142 3601 2142 3554 2142 3098 2145 3603 2145 3556 2145 3603 846 3604 846 3556 846 3604 2143 3557 2143 3556 2143 3605 2 3098 2 3558 2 3559 2140 3606 2140 3558 2140 3606 2142 3605 2142 3558 2142 3560 2146 3607 2146 3561 2146 3607 849 3608 849 3561 849 3608 2147 3564 2147 3561 2147 3565 2148 3609 2148 3563 2148 3609 2149 3562 2149 3563 2149 3124 2 3610 2 3566 2 3610 846 3611 846 3566 846 3611 2143 3567 2143 3566 2143 3612 2 3124 2 3568 2 3569 2150 3613 2150 3568 2150 3613 2136 3612 2136 3568 2136 3148 854 3614 854 3570 854 3614 846 3615 846 3570 846 3615 2143 3571 2143 3570 2143 3616 2151 3148 2151 3572 2151 3573 2140 3617 2140 3572 2140 3617 2152 3616 2152 3572 2152 3575 2153 3618 2153 3576 2153 3618 846 3619 846 3576 846 3619 2143 3578 2143 3576 2143 3579 2135 3620 2135 3574 2135 3620 2136 3577 2136 3574 2136 3170 2154 3621 2154 3580 2154 3621 839 3622 839 3580 839 3622 2138 3581 2138 3580 2138 3623 2 3170 2 3582 2 3583 2140 3624 2140 3582 2140 3624 2142 3623 2142 3582 2142 3584 2155 3625 2155 3585 2155 3625 849 3626 849 3585 849 3626 2147 3586 2147 3585 2147 3587 2150 3627 2150 3534 2150 3627 2142 3532 2142 3534 2142 3197 860 3628 860 3588 860 3628 2156 3629 2156 3588 2156 3629 2157 3589 2157 3588 2157 3630 2 3631 2 3628 2 3197 2 3630 2 3628 2 3631 2158 3632 2158 3628 2158 3632 864 3629 864 3628 864 3633 2 3029 2 3590 2 3591 865 3634 865 3590 865 3634 2159 3633 2159 3590 2159 3051 2160 3635 2160 3592 2160 3635 2161 3636 2161 3592 2161 3636 2162 3593 2162 3592 2162 3637 2 3051 2 3594 2 3595 865 3638 865 3594 865 3638 2163 3637 2163 3594 2163 3063 2164 3639 2164 3596 2164 3639 2165 3640 2165 3596 2165 3640 2165 3597 2165 3596 2165 3641 2 3062 2 3598 2 3599 845 3642 845 3598 845 3642 2166 3641 2166 3598 2166 3552 2167 3643 2167 3553 2167 3643 2167 3600 2167 3553 2167 3644 2168 3552 2168 3601 2168 3602 845 3645 845 3601 845 3645 2166 3644 2166 3601 2166 3098 2 3646 2 3603 2 3646 2167 3647 2167 3603 2167 3647 2167 3604 2167 3603 2167 3648 2 3098 2 3605 2 3606 845 3649 845 3605 845 3649 2166 3648 2166 3605 2166 3560 2169 3650 2169 3607 2169 3650 2165 3651 2165 3607 2165 3651 2165 3608 2165 3607 2165 3609 852 3652 852 3562 852 3652 2166 3560 2166 3562 2166 3124 2170 3653 2170 3610 2170 3653 2165 3654 2165 3610 2165 3654 2165 3611 2165 3610 2165 3655 2 3124 2 3612 2 3613 865 3656 865 3612 865 3656 2166 3655 2166 3612 2166 3148 2171 3657 2171 3614 2171 3657 2165 3658 2165 3614 2165 3658 2165 3615 2165 3614 2165 3659 2 3148 2 3616 2 3617 880 3660 880 3616 880 3660 2159 3659 2159 3616 2159 3575 2172 3661 2172 3618 2172 3661 2167 3662 2167 3618 2167 3662 2167 3619 2167 3618 2167 3620 865 3663 865 3577 865 3663 2159 3575 2159 3577 2159 3170 2 3664 2 3621 2 3664 2167 3665 2167 3621 2167 3665 2167 3622 2167 3621 2167 3666 2 3170 2 3623 2 3624 845 3667 845 3623 845 3667 2166 3666 2166 3623 2166 3584 2173 3668 2173 3625 2173 3668 2165 3669 2165 3625 2165 3669 2165 3626 2165 3625 2165 3627 845 3670 845 3532 845 3670 2159 3584 2159 3532 2159 3630 2 3671 2 3631 2 3671 2165 3672 2165 3631 2165 3672 2165 3632 2165 3631 2165 3673 2174 3029 2174 3633 2174 3634 2159 3674 2159 3633 2159 3674 2175 3673 2175 3633 2175 3051 2176 3675 2176 3635 2176 3675 1339 3676 1339 3635 1339 3676 2177 3636 2177 3635 2177 3677 2 3051 2 3637 2 3638 2178 3678 2178 3637 2178 3678 2175 3677 2175 3637 2175 3063 2179 3679 2179 3639 2179 3679 1339 3680 1339 3639 1339 3680 2177 3640 2177 3639 2177 3681 2 3062 2 3641 2 3642 2166 3682 2166 3641 2166 3682 2175 3681 2175 3641 2175 3683 2180 3684 2180 3552 2180 3685 2 3683 2 3552 2 3644 2 3685 2 3552 2 3684 1339 3686 1339 3552 1339 3686 2177 3643 2177 3552 2177 3645 2166 3687 2166 3644 2166 3687 2175 3685 2175 3644 2175 3098 2181 3688 2181 3646 2181 3688 1339 3689 1339 3646 1339 3689 2177 3647 2177 3646 2177 3690 2 3098 2 3648 2 3649 2166 3691 2166 3648 2166 3691 2175 3690 2175 3648 2175 3560 2182 3692 2182 3650 2182 3692 1339 3693 1339 3650 1339 3693 2177 3651 2177 3650 2177 3694 2 3695 2 3560 2 3695 2 3692 2 3560 2 3652 2166 3696 2166 3560 2166 3696 2183 3694 2183 3560 2183 3124 2184 3697 2184 3653 2184 3697 1344 3698 1344 3653 1344 3698 2185 3654 2185 3653 2185 3699 2186 3124 2186 3655 2186 3656 2166 3700 2166 3655 2166 3700 2187 3699 2187 3655 2187 3148 2188 3701 2188 3657 2188 3701 1339 3702 1339 3657 1339 3702 2177 3658 2177 3657 2177 3703 2189 3148 2189 3659 2189 3660 2159 3704 2159 3659 2159 3704 2175 3703 2175 3659 2175 3575 2190 3705 2190 3661 2190 3705 1339 3706 1339 3661 1339 3706 2177 3662 2177 3661 2177 3707 2191 3708 2191 3575 2191 3708 2 3705 2 3575 2 3663 2159 3709 2159 3575 2159 3709 2187 3707 2187 3575 2187 3170 2192 3710 2192 3664 2192 3710 1339 3711 1339 3664 1339 3711 2177 3665 2177 3664 2177 3712 2 3170 2 3666 2 3667 2166 3713 2166 3666 2166 3713 2175 3712 2175 3666 2175 3714 2193 3715 2193 3668 2193 3584 2194 3716 2194 3668 2194 3716 2 3714 2 3668 2 3715 1339 3717 1339 3668 1339 3717 2177 3669 2177 3668 2177 3670 2159 3718 2159 3584 2159 3718 2187 3716 2187 3584 2187 3630 2195 3719 2195 3671 2195 3719 1344 3720 1344 3671 1344 3720 2185 3672 2185 3671 2185 3721 2 3029 2 3673 2 3674 1346 3722 1346 3673 1346 3722 2196 3721 2196 3673 2196 3051 2197 3723 2197 3675 2197 3723 1349 3724 1349 3675 1349 3724 2198 3676 2198 3675 2198 3725 2199 3051 2199 3677 2199 3678 1346 3726 1346 3677 1346 3726 2200 3725 2200 3677 2200 3063 2201 3727 2201 3679 2201 3727 2202 3728 2202 3679 2202 3728 2203 3680 2203 3679 2203 3729 2 3062 2 3681 2 3682 1346 3730 1346 3681 1346 3730 2200 3729 2200 3681 2200 3683 2204 3731 2204 3684 2204 3731 1349 3732 1349 3684 1349 3732 2198 3686 2198 3684 2198 3687 1346 3733 1346 3685 1346 3733 2200 3683 2200 3685 2200 3098 2205 3734 2205 3688 2205 3734 1349 3735 1349 3688 1349 3735 2198 3689 2198 3688 2198 3736 2206 3098 2206 3690 2206 3691 1346 3737 1346 3690 1346 3737 2200 3736 2200 3690 2200 3695 1349 3738 1349 3692 1349 3738 2198 3693 2198 3692 2198 3739 2 3695 2 3694 2 3696 2207 3740 2207 3694 2207 3740 2208 3739 2208 3694 2208 3124 2209 3741 2209 3697 2209 3741 2210 3742 2210 3697 2210 3742 2211 3698 2211 3697 2211 3743 2 3124 2 3699 2 3700 1351 3744 1351 3699 1351 3744 2200 3743 2200 3699 2200 3148 2212 3745 2212 3701 2212 3745 2213 3746 2213 3701 2213 3746 2214 3702 2214 3701 2214 3747 2 3148 2 3703 2 3704 1346 3748 1346 3703 1346 3748 2200 3747 2200 3703 2200 3708 1349 3749 1349 3705 1349 3749 2198 3706 2198 3705 2198 3750 2 3708 2 3707 2 3709 1351 3751 1351 3707 1351 3751 2200 3750 2200 3707 2200 3170 2215 3752 2215 3710 2215 3752 2213 3753 2213 3710 2213 3753 2214 3711 2214 3710 2214 3754 2 3170 2 3712 2 3713 1346 3755 1346 3712 1346 3755 2200 3754 2200 3712 2200 3714 2216 3756 2216 3715 2216 3756 1349 3757 1349 3715 1349 3757 2198 3717 2198 3715 2198 3718 1351 3758 1351 3716 1351 3758 2200 3714 2200 3716 2200 3630 2217 3759 2217 3719 2217 3759 1354 3760 1354 3719 1354 3760 2218 3720 2218 3719 2218 3761 2 3029 2 3721 2 3722 1347 3762 1347 3721 1347 3762 2219 3761 2219 3721 2219 3051 2 3763 2 3723 2 3763 1356 3764 1356 3723 1356 3764 2220 3724 2220 3723 2220 3765 2 3051 2 3725 2 3726 1357 3766 1357 3725 1357 3766 2221 3765 2221 3725 2221 3063 2 3767 2 3727 2 3767 1356 3768 1356 3727 1356 3768 2220 3728 2220 3727 2220 3769 2 3062 2 3729 2 3730 1357 3770 1357 3729 1357 3770 2221 3769 2221 3729 2221 3098 2222 3771 2222 3731 2222 3772 2 3098 2 3731 2 3683 2223 3772 2223 3731 2223 3771 1356 3773 1356 3731 1356 3773 2220 3732 2220 3731 2220 3733 1357 3774 1357 3683 1357 3774 2221 3772 2221 3683 2221 3098 2 3775 2 3734 2 3775 1356 3776 1356 3734 1356 3776 2220 3735 2220 3734 2220 3777 2 3098 2 3736 2 3737 1357 3778 1357 3736 1357 3778 2221 3777 2221 3736 2221 3739 2224 3779 2224 3695 2224 3779 1356 3780 1356 3695 1356 3780 2220 3738 2220 3695 2220 3781 2 3779 2 3739 2 3782 2225 3781 2225 3739 2225 3740 2226 3783 2226 3739 2226 3783 2227 3782 2227 3739 2227 3124 2 3784 2 3741 2 3784 1356 3785 1356 3741 1356 3785 2220 3742 2220 3741 2220 3786 2 3124 2 3743 2 3744 1357 3787 1357 3743 1357 3787 2221 3786 2221 3743 2221 3148 2 3788 2 3745 2 3788 1356 3789 1356 3745 1356 3789 2220 3746 2220 3745 2220 3790 2 3148 2 3747 2 3748 1357 3791 1357 3747 1357 3791 2221 3790 2221 3747 2221 3792 2228 3793 2228 3708 2228 3794 2 3792 2 3708 2 3750 2229 3794 2229 3708 2229 3793 1356 3795 1356 3708 1356 3795 2220 3749 2220 3708 2220 3751 1357 3796 1357 3750 1357 3796 2221 3794 2221 3750 2221 3170 2230 3797 2230 3752 2230 3797 2231 3798 2231 3752 2231 3798 2232 3753 2232 3752 2232 3799 2 3170 2 3754 2 3755 1357 3800 1357 3754 1357 3800 2221 3799 2221 3754 2221 3630 2233 3801 2233 3756 2233 3714 2 3630 2 3756 2 3801 1356 3802 1356 3756 1356 3802 2220 3757 2220 3756 2220 3803 2234 3630 2234 3714 2234 3758 1357 3804 1357 3714 1357 3804 2235 3803 2235 3714 2235 3630 2 3805 2 3759 2 3805 1356 3806 1356 3759 1356 3806 2220 3760 2220 3759 2220 3807 2 3029 2 3761 2 3762 1358 3808 1358 3761 1358 3808 2236 3807 2236 3761 2236 3051 2237 3809 2237 3763 2237 3809 955 3810 955 3763 955 3810 2238 3764 2238 3763 2238 3063 2239 3051 2239 3765 2239 3811 2 3063 2 3765 2 3766 2240 3812 2240 3765 2240 3812 2241 3811 2241 3765 2241 3063 2 3813 2 3767 2 3813 955 3814 955 3767 955 3814 2238 3768 2238 3767 2238 3815 2 3062 2 3769 2 3770 2240 3816 2240 3769 2240 3816 2242 3815 2242 3769 2242 3098 2243 3817 2243 3771 2243 3817 955 3818 955 3771 955 3818 2238 3773 2238 3771 2238 3819 2 3098 2 3772 2 3774 2240 3820 2240 3772 2240 3820 2242 3819 2242 3772 2242 3098 2244 3821 2244 3775 2244 3821 2245 3822 2245 3775 2245 3822 2246 3776 2246 3775 2246 3823 2247 3098 2247 3777 2247 3778 2240 3824 2240 3777 2240 3824 2241 3823 2241 3777 2241 3781 2245 3825 2245 3779 2245 3825 2246 3780 2246 3779 2246 3826 2 3124 2 3782 2 3124 2 3781 2 3782 2 3783 2248 3827 2248 3782 2248 3827 2242 3826 2242 3782 2242 3124 2 3828 2 3784 2 3828 955 3829 955 3784 955 3829 2238 3785 2238 3784 2238 3830 2 3124 2 3786 2 3787 2240 3831 2240 3786 2240 3831 2241 3830 2241 3786 2241 3148 2249 3832 2249 3788 2249 3832 2245 3833 2245 3788 2245 3833 2246 3789 2246 3788 2246 3834 2 3148 2 3790 2 3791 2240 3835 2240 3790 2240 3835 2242 3834 2242 3790 2242 3792 2250 3836 2250 3793 2250 3836 955 3837 955 3793 955 3837 2238 3795 2238 3793 2238 3796 2240 3838 2240 3794 2240 3838 2242 3792 2242 3794 2242 3170 2251 3839 2251 3797 2251 3839 2245 3840 2245 3797 2245 3840 2246 3798 2246 3797 2246 3841 2 3170 2 3799 2 3800 2240 3842 2240 3799 2240 3842 2241 3841 2241 3799 2241 3630 2252 3843 2252 3801 2252 3843 2245 3844 2245 3801 2245 3844 2246 3802 2246 3801 2246 3845 970 3630 970 3803 970 3804 1360 3846 1360 3803 1360 3846 2242 3845 2242 3803 2242 3630 2 3847 2 3805 2 3847 955 3848 955 3805 955 3848 2238 3806 2238 3805 2238 3051 2253 3029 2253 3807 2253 3849 2 3051 2 3807 2 3808 2254 3850 2254 3807 2254 3850 974 3849 974 3807 974 3051 975 3849 975 3809 975 3849 2255 3851 2255 3809 2255 3851 977 3810 977 3809 977 3852 2 3063 2 3811 2 3812 957 3853 957 3811 957 3853 979 3852 979 3811 979 3063 2 3852 2 3813 2 3852 2255 3854 2255 3813 2255 3854 977 3814 977 3813 977 3855 2256 3062 2256 3815 2256 3816 2257 3856 2257 3815 2257 3856 979 3855 979 3815 979 3062 982 3855 982 3817 982 3098 2258 3062 2258 3817 2258 3855 2259 3857 2259 3817 2259 3857 983 3818 983 3817 983 3858 2 3098 2 3819 2 3820 2257 3859 2257 3819 2257 3859 979 3858 979 3819 979 3098 985 3858 985 3821 985 3858 2255 3860 2255 3821 2255 3860 977 3822 977 3821 977 3861 986 3098 986 3823 986 3824 957 3862 957 3823 957 3862 987 3861 987 3823 987 3124 2260 3861 2260 3781 2260 3861 2255 3863 2255 3781 2255 3863 977 3825 977 3781 977 3864 2261 3124 2261 3826 2261 3827 2257 3865 2257 3826 2257 3865 979 3864 979 3826 979 3124 2262 3864 2262 3828 2262 3864 2259 3866 2259 3828 2259 3866 983 3829 983 3828 983 3867 2263 3124 2263 3830 2263 3831 957 3868 957 3830 957 3868 979 3867 979 3830 979 3148 2264 3867 2264 3832 2264 3867 2255 3869 2255 3832 2255 3869 977 3833 977 3832 977 3870 2 3148 2 3834 2 3835 2257 3871 2257 3834 2257 3871 979 3870 979 3834 979 3148 993 3870 993 3836 993 3792 2265 3148 2265 3836 2265 3870 2259 3872 2259 3836 2259 3872 983 3837 983 3836 983 3873 2 3148 2 3792 2 3838 2257 3874 2257 3792 2257 3874 979 3873 979 3792 979 3170 996 3873 996 3839 996 3873 2255 3875 2255 3839 2255 3875 977 3840 977 3839 977 3876 2 3170 2 3841 2 3842 957 3877 957 3841 957 3877 987 3876 987 3841 987 3170 2266 3876 2266 3843 2266 3630 2267 3170 2267 3843 2267 3876 2255 3878 2255 3843 2255 3878 977 3844 977 3843 977 3879 2 3630 2 3845 2 3846 2257 3880 2257 3845 2257 3880 979 3879 979 3845 979 3630 999 3879 999 3847 999 3879 2268 3881 2268 3847 2268 3881 1000 3848 1000 3847 1000 3850 2269 3851 2269 3849 2269 3853 2270 3854 2270 3852 2270 3856 2270 3857 2270 3855 2270 3859 2270 3860 2270 3858 2270 3124 2271 3098 2271 3861 2271 3862 2272 3863 2272 3861 2272 3865 2270 3866 2270 3864 2270 3148 2273 3124 2273 3867 2273 3868 2270 3869 2270 3867 2270 3871 2270 3872 2270 3870 2270 3170 2274 3148 2274 3873 2274 3874 2270 3875 2270 3873 2270 3877 2272 3878 2272 3876 2272 3880 2270 3881 2270 3879 2270 3882 2 3883 2 3030 2 3029 2 3882 2 3030 2 3883 119 3884 119 3030 119 3884 119 3031 119 3030 119 3051 2275 3885 2275 3029 2275 3885 2 3886 2 3029 2 3886 2 3887 2 3029 2 3887 2 3888 2 3029 2 3888 2 3889 2 3029 2 3889 2276 3890 2276 3029 2276 3890 2 3891 2 3029 2 3891 2 3892 2 3029 2 3892 1006 3893 1006 3029 1006 3893 2 3894 2 3029 2 3894 2 3895 2 3029 2 3896 2 3897 2 3029 2 3897 2 3898 2 3029 2 3898 2277 3899 2277 3029 2277 3899 2 3900 2 3029 2 3900 2 3901 2 3029 2 3902 2 3896 2 3029 2 3895 2 3902 2 3029 2 3901 2278 3903 2278 3029 2278 3903 2 3904 2 3029 2 3904 2 3882 2 3029 2 3905 2 3906 2 3051 2 3906 2 3907 2 3051 2 3907 1010 3908 1010 3051 1010 3908 2279 3885 2279 3051 2279 3909 2 3910 2 3051 2 3911 2 3912 2 3051 2 3912 2 3913 2 3051 2 3913 2 3909 2 3051 2 3910 2280 3914 2280 3051 2280 3914 2 3915 2 3051 2 3915 2 3905 2 3051 2 3916 2 3911 2 3051 2 3063 2 3916 2 3051 2 3917 2 3916 2 3063 2 3062 2 3917 2 3063 2 3918 2 3919 2 3062 2 3919 2 3920 2 3062 2 3920 2281 3921 2281 3062 2281 3921 2282 3922 2282 3062 2282 3922 2 3923 2 3062 2 3923 2 3924 2 3062 2 3924 2283 3925 2283 3062 2283 3925 1015 3926 1015 3062 1015 3926 2 3917 2 3062 2 3098 2 3927 2 3062 2 3927 2284 3928 2284 3062 2284 3928 2 3918 2 3062 2 3124 2 3929 2 3098 2 3929 2 3927 2 3098 2 3148 2 3930 2 3124 2 3930 2 3929 2 3124 2 3170 2285 3931 2285 3148 2285 3931 2 3930 2 3148 2 3630 2286 3932 2286 3170 2286 3932 2 3933 2 3170 2 3933 2 3934 2 3170 2 3934 2 3935 2 3170 2 3935 2 3936 2 3170 2 3936 2 3937 2 3170 2 3937 2 3938 2 3170 2 3938 2 3939 2 3170 2 3939 2 3940 2 3170 2 3940 2287 3941 2287 3170 2287 3941 2 3942 2 3170 2 3942 2 3943 2 3170 2 3943 2 3944 2 3170 2 3944 2 3945 2 3170 2 3945 2 3946 2 3170 2 3947 2 3948 2 3170 2 3949 2 3950 2 3170 2 3950 2288 3951 2288 3170 2288 3951 2 3947 2 3170 2 3952 2 3953 2 3170 2 3953 2 3954 2 3170 2 3954 2 3949 2 3170 2 3946 2 3955 2 3170 2 3955 2 3956 2 3170 2 3956 2 3952 2 3170 2 3948 2 3957 2 3170 2 3957 2 3931 2 3170 2 3958 2 3959 2 3630 2 3959 2 3960 2 3630 2 3961 2 3962 2 3630 2 3962 1022 3963 1022 3630 1022 3963 1023 3964 1023 3630 1023 3964 2 3958 2 3630 2 3960 2 3965 2 3630 2 3965 1024 3932 1024 3630 1024 3197 2289 3966 2289 3630 2289 3966 2 3967 2 3630 2 3967 2 3961 2 3630 2 3968 2 3969 2 3197 2 3970 2 3968 2 3197 2 3969 2 3971 2 3197 2 3971 2 3972 2 3197 2 3972 2 3973 2 3197 2 3973 2 3974 2 3197 2 3974 2 3966 2 3197 2 3975 406 3970 406 3197 406 3200 406 3975 406 3197 406 3927 129 3976 129 3928 129 3976 129 3977 129 3928 129 3977 2290 3918 2290 3928 2290 3929 129 3978 129 3927 129 3978 129 3976 129 3927 129 3930 129 3979 129 3929 129 3979 129 3978 129 3929 129 3931 129 3980 129 3930 129 3980 129 3979 129 3930 129 3981 2291 3980 2291 3931 2291 3957 2292 3981 2292 3931 2292 3982 2293 3919 2293 3918 2293 3977 2294 3982 2294 3918 2294 3983 2295 3981 2295 3957 2295 3948 2296 3983 2296 3957 2296 3984 2297 3920 2297 3919 2297 3982 2298 3984 2298 3919 2298 3985 2299 3983 2299 3948 2299 3947 2300 3985 2300 3948 2300 3986 2301 3921 2301 3920 2301 3984 2302 3986 2302 3920 2302 3987 2303 3985 2303 3947 2303 3951 2304 3987 2304 3947 2304 3988 2305 3922 2305 3921 2305 3986 2306 3988 2306 3921 2306 3989 2307 3987 2307 3951 2307 3950 2308 3989 2308 3951 2308 3990 2309 3923 2309 3922 2309 3988 2310 3990 2310 3922 2310 3991 2311 3989 2311 3950 2311 3949 2312 3991 2312 3950 2312 3992 2313 3924 2313 3923 2313 3990 2314 3992 2314 3923 2314 3993 2315 3991 2315 3949 2315 3954 2316 3993 2316 3949 2316 3994 2317 3925 2317 3924 2317 3992 2318 3994 2318 3924 2318 3995 2319 3993 2319 3954 2319 3953 2319 3995 2319 3954 2319 3996 2320 3926 2320 3925 2320 3994 2317 3996 2317 3925 2317 3997 2321 3995 2321 3953 2321 3952 2322 3997 2322 3953 2322 3998 2 3917 2 3926 2 3999 2323 3998 2323 3926 2323 3996 2324 3999 2324 3926 2324 4000 2325 3997 2325 3952 2325 3956 2326 4000 2326 3952 2326 4001 2 3917 2 3998 2 4002 2327 4001 2327 3998 2327 3999 2328 4002 2328 3998 2328 4003 2329 4000 2329 3956 2329 3955 2330 4003 2330 3956 2330 4004 2331 3917 2331 4001 2331 4005 2332 4004 2332 4001 2332 4002 2333 4005 2333 4001 2333 3946 2334 4006 2334 3955 2334 4007 2335 4003 2335 3955 2335 4006 2336 4007 2336 3955 2336 4008 2337 3917 2337 4004 2337 4009 2338 4008 2338 4004 2338 4005 2339 4009 2339 4004 2339 3946 2340 4010 2340 4006 2340 4011 2341 4007 2341 4006 2341 4010 2341 4011 2341 4006 2341 4012 2342 3886 2342 3885 2342 3908 2343 4013 2343 3885 2343 4013 2344 4012 2344 3885 2344 4014 2345 3965 2345 3960 2345 3959 2346 4015 2346 3960 2346 4015 2347 4014 2347 3960 2347 4012 2348 4016 2348 3886 2348 4016 1393 3887 1393 3886 1393 3907 1394 4017 1394 3908 1394 4017 1394 4013 1394 3908 1394 4014 2349 4018 2349 3965 2349 4018 1396 3932 1396 3965 1396 3958 1394 4019 1394 3959 1394 4019 1394 4015 1394 3959 1394 4016 1397 4020 1397 3887 1397 4020 2350 3888 2350 3887 2350 3906 2351 4021 2351 3907 2351 4021 2352 4017 2352 3907 2352 4018 1399 4022 1399 3932 1399 4022 2353 3933 2353 3932 2353 3964 2351 4023 2351 3958 2351 4023 2352 4019 2352 3958 2352 4020 2354 4024 2354 3888 2354 4024 2355 3889 2355 3888 2355 3905 2356 4025 2356 3906 2356 4025 2357 4021 2357 3906 2357 4022 2358 4026 2358 3933 2358 4026 2359 3934 2359 3933 2359 3963 2360 4027 2360 3964 2360 4027 2361 4023 2361 3964 2361 4028 2 3917 2 4008 2 4029 2362 4028 2362 4008 2362 4009 2338 4029 2338 4008 2338 3946 2363 4030 2363 4010 2363 4031 2364 4011 2364 4010 2364 4030 2365 4031 2365 4010 2365 4024 2366 4032 2366 3889 2366 4032 2367 3890 2367 3889 2367 3915 2368 4033 2368 3905 2368 4033 2369 4025 2369 3905 2369 4026 2370 4034 2370 3934 2370 4034 2371 3935 2371 3934 2371 3962 2372 4035 2372 3963 2372 4035 2373 4027 2373 3963 2373 4032 2374 4036 2374 3890 2374 4036 2375 3891 2375 3890 2375 3914 2376 4037 2376 3915 2376 4037 2377 4033 2377 3915 2377 4034 2378 4038 2378 3935 2378 4038 2375 3936 2375 3935 2375 3961 2379 4039 2379 3962 2379 4039 2380 4035 2380 3962 2380 4040 2 3917 2 4028 2 4041 2381 4040 2381 4028 2381 4029 2382 4041 2382 4028 2382 3946 2383 4042 2383 4030 2383 4043 2384 4031 2384 4030 2384 4042 2385 4043 2385 4030 2385 4036 2386 4044 2386 3891 2386 4044 2387 3892 2387 3891 2387 3910 2388 4045 2388 3914 2388 4045 2389 4037 2389 3914 2389 4038 2386 4046 2386 3936 2386 4046 2390 3937 2390 3936 2390 3967 2391 4047 2391 3961 2391 4047 2392 4039 2392 3961 2392 3966 2393 4048 2393 3967 2393 4048 2394 4047 2394 3967 2394 4044 2395 4049 2395 3892 2395 4049 2396 3893 2396 3892 2396 3909 2397 4050 2397 3910 2397 4050 2398 4045 2398 3910 2398 4046 2390 4051 2390 3937 2390 4051 2399 3938 2399 3937 2399 3974 2400 4052 2400 3966 2400 4052 2401 4048 2401 3966 2401 4053 2 4054 2 4040 2 4054 2402 3917 2402 4040 2402 4055 2403 4053 2403 4040 2403 4041 2404 4055 2404 4040 2404 3946 2 4056 2 4042 2 4057 1263 4043 1263 4042 1263 4056 2405 4057 2405 4042 2405 4049 2406 4058 2406 3893 2406 4058 2407 3894 2407 3893 2407 3913 2408 4059 2408 3909 2408 4059 2409 4050 2409 3909 2409 4051 2410 4060 2410 3938 2410 4060 2407 3939 2407 3938 2407 3973 2411 4061 2411 3974 2411 4061 2412 4052 2412 3974 2412 4058 2413 4062 2413 3894 2413 4062 406 3895 406 3894 406 3912 119 4063 119 3913 119 4063 119 4059 119 3913 119 4060 2413 4064 2413 3939 2413 4064 406 3940 406 3939 406 3972 119 4065 119 3973 119 4065 119 4061 119 3973 119 4066 2 3902 2 3895 2 4067 2 4066 2 3895 2 4062 406 4068 406 3895 406 4068 2414 4067 2414 3895 2414 3911 2415 4069 2415 3912 2415 4069 2416 4070 2416 3912 2416 4070 2417 4063 2417 3912 2417 4071 2 4072 2 3940 2 4072 2418 4073 2418 3940 2418 4073 2419 3941 2419 3940 2419 4064 406 4074 406 3940 406 4074 2414 4071 2414 3940 2414 3971 2420 4075 2420 3972 2420 4075 2421 4065 2421 3972 2421 4076 2422 4066 2422 4067 2422 4068 2423 4077 2423 4067 2423 4077 2424 4076 2424 4067 2424 3911 2425 4078 2425 4069 2425 4078 2426 4079 2426 4069 2426 4079 2427 4070 2427 4069 2427 4080 2 4072 2 4071 2 4081 2 4080 2 4071 2 4082 2 4081 2 4071 2 4074 2423 4083 2423 4071 2423 4083 2428 4082 2428 4071 2428 3969 2 4084 2 3971 2 4084 2 4085 2 3971 2 4085 2429 4086 2429 3971 2429 4086 2430 4075 2430 3971 2430 4087 2 4066 2 4076 2 4077 2431 4088 2431 4076 2431 4088 2432 4087 2432 4076 2432 3911 2433 4089 2433 4078 2433 4089 2434 4090 2434 4078 2434 4090 2435 4079 2435 4078 2435 4091 2 4081 2 4082 2 4083 2436 4092 2436 4082 2436 4092 2437 4091 2437 4082 2437 4084 2 4093 2 4085 2 4093 2438 4094 2438 4085 2438 4094 2439 4086 2439 4085 2439 4095 2 4096 2 4093 2 4084 2 4095 2 4093 2 4096 2440 4097 2440 4093 2440 4097 2441 4094 2441 4093 2441 4098 2 4066 2 4087 2 4088 2442 4099 2442 4087 2442 4099 2443 4098 2443 4087 2443 3911 2444 4100 2444 4089 2444 4100 2445 4101 2445 4089 2445 4101 2446 4090 2446 4089 2446 4102 2 4081 2 4091 2 4092 2447 4103 2447 4091 2447 4103 2443 4102 2443 4091 2443 4095 2 4104 2 4096 2 4104 2448 4105 2448 4096 2448 4105 2448 4097 2448 4096 2448 4106 2 4066 2 4098 2 4099 2443 4107 2443 4098 2443 4107 2449 4106 2449 4098 2449 3911 2450 4108 2450 4100 2450 4108 2451 4109 2451 4100 2451 4109 2452 4101 2452 4100 2452 4110 2 4081 2 4102 2 4103 2443 4111 2443 4102 2443 4111 2453 4110 2453 4102 2453 4095 2454 4112 2454 4104 2454 4112 2455 4113 2455 4104 2455 4113 2456 4105 2456 4104 2456 4114 2457 4066 2457 4106 2457 4107 2458 4115 2458 4106 2458 4115 2459 4114 2459 4106 2459 3911 2460 4116 2460 4108 2460 4116 2461 4117 2461 4108 2461 4117 2462 4109 2462 4108 2462 4118 2 4081 2 4110 2 4111 2463 4119 2463 4110 2463 4119 2464 4118 2464 4110 2464 4095 2465 4120 2465 4112 2465 4120 2466 4121 2466 4112 2466 4121 2467 4113 2467 4112 2467 4122 2468 4066 2468 4114 2468 4115 2469 4123 2469 4114 2469 4123 2470 4122 2470 4114 2470 3911 2 4124 2 4116 2 4124 2471 4125 2471 4116 2471 4125 2472 4117 2472 4116 2472 4126 2 4081 2 4118 2 4119 2473 4127 2473 4118 2473 4127 2474 4126 2474 4118 2474 4095 2 4128 2 4120 2 4128 2471 4129 2471 4120 2471 4129 2472 4121 2472 4120 2472 4130 2 4066 2 4122 2 4123 2475 4131 2475 4122 2475 4131 2476 4130 2476 4122 2476 3911 2477 4132 2477 4124 2477 4132 2478 4133 2478 4124 2478 4133 2478 4125 2478 4124 2478 4134 2 4081 2 4126 2 4127 2479 4135 2479 4126 2479 4135 2480 4134 2480 4126 2480 4095 2 4136 2 4128 2 4136 2478 4137 2478 4128 2478 4137 2478 4129 2478 4128 2478 4138 2 4066 2 4130 2 4131 2481 4139 2481 4130 2481 4139 2482 4138 2482 4130 2482 4140 2 4138 2 4132 2 4141 2 4140 2 4132 2 4142 2 4143 2 4132 2 4143 2 4144 2 4132 2 4144 2 4145 2 4132 2 4145 2 4141 2 4132 2 3911 2 4146 2 4132 2 4146 2483 4147 2483 4132 2483 4147 2 4142 2 4132 2 4138 2484 4148 2484 4132 2484 4148 2485 4133 2485 4132 2485 4149 2 4081 2 4134 2 4135 2486 4150 2486 4134 2486 4150 2487 4149 2487 4134 2487 4095 2 4151 2 4136 2 4151 2 4152 2 4136 2 4152 2 4153 2 4136 2 4154 2488 4149 2488 4136 2488 4155 2 4154 2 4136 2 4153 2 4155 2 4136 2 4149 2489 4156 2489 4136 2489 4156 2489 4137 2489 4136 2489 4140 2 4066 2 4138 2 4139 2482 4148 2482 4138 2482 4154 2490 4081 2490 4149 2490 4150 2491 4156 2491 4149 2491 4157 2492 3902 2492 4066 2492 4140 2493 4158 2493 4066 2493 4158 2494 4157 2494 4066 2494 4159 2495 4072 2495 4080 2495 4081 2496 4160 2496 4080 2496 4160 2496 4159 2496 4080 2496 4157 2492 4161 2492 3902 2492 4161 1732 3896 1732 3902 1732 4141 2497 4162 2497 4140 2497 4162 1733 4158 1733 4140 1733 4159 2498 4163 2498 4072 2498 4163 1734 4073 1734 4072 1734 4154 2497 4164 2497 4081 2497 4164 1733 4160 1733 4081 1733 4161 2499 4165 2499 3896 2499 4165 1398 3897 1398 3896 1398 4145 2007 4166 2007 4141 2007 4166 1281 4162 1281 4141 1281 4163 2500 4167 2500 4073 2500 4167 1400 3941 1400 4073 1400 4155 2007 4168 2007 4154 2007 4168 1281 4164 1281 4154 1281 4165 2501 4169 2501 3897 2501 4169 1287 3898 1287 3897 1287 4144 2502 4170 2502 4145 2502 4170 1401 4166 1401 4145 1401 4167 2503 4171 2503 3941 2503 4171 1402 3942 1402 3941 1402 4153 2504 4172 2504 4155 2504 4172 1403 4168 1403 4155 1403 4169 2019 4173 2019 3898 2019 4173 2039 3899 2039 3898 2039 4143 1289 4174 1289 4144 1289 4174 2040 4170 2040 4144 2040 4171 2505 4175 2505 3942 2505 4175 2045 3943 2045 3942 2045 4152 1293 4176 1293 4153 1293 4176 2044 4172 2044 4153 2044 4173 1295 4177 1295 3899 1295 4177 2506 3900 2506 3899 2506 4142 730 4178 730 4143 730 4178 2507 4174 2507 4143 2507 4175 1296 4179 1296 3943 1296 4179 2506 3944 2506 3943 2506 4151 733 4180 733 4152 733 4180 2508 4176 2508 4152 2508 4177 740 4181 740 3900 740 4181 741 3901 741 3900 741 4147 2066 4182 2066 4142 2066 4182 743 4178 743 4142 743 4179 740 4183 740 3944 740 4183 746 3945 746 3944 746 4095 2078 4184 2078 4151 2078 4184 2509 4180 2509 4151 2509 4084 1150 4185 1150 4095 1150 4185 2079 4184 2079 4095 2079 4181 2080 4186 2080 3901 2080 4186 1652 3903 1652 3901 1652 4146 2081 4187 2081 4147 2081 4187 1654 4182 1654 4147 1654 4188 2 3946 2 3945 2 4183 2070 4189 2070 3945 2070 4189 1655 4188 1655 3945 1655 3969 2087 4190 2087 4084 2087 4190 1657 4185 1657 4084 1657 4186 2089 4191 2089 3903 2089 4191 1308 3904 1308 3903 1308 3911 2510 4192 2510 4146 2510 4192 2511 4193 2511 4146 2511 4193 1421 4187 1421 4146 1421 4194 2 3946 2 4188 2 4189 2101 4195 2101 4188 2101 4195 1308 4194 1308 4188 1308 3968 2094 4196 2094 3969 2094 4196 1306 4190 1306 3969 1306 4197 2 3882 2 3904 2 4191 2090 4198 2090 3904 2090 4198 406 4197 406 3904 406 3911 2 4199 2 4192 2 4199 119 4200 119 4192 119 4200 119 4193 119 4192 119 4201 2 3946 2 4194 2 4195 2090 4202 2090 4194 2090 4202 406 4201 406 4194 406 3970 2 4203 2 3968 2 4203 119 4204 119 3968 119 4204 119 4196 119 3968 119 4205 2 3882 2 4197 2 4198 406 4206 406 4197 406 4206 1423 4205 1423 4197 1423 3911 2512 4207 2512 4199 2512 4207 1612 4208 1612 4199 1612 4208 1425 4200 1425 4199 1425 4209 2 3946 2 4201 2 4202 406 4210 406 4201 406 4210 1423 4209 1423 4201 1423 3970 1613 4211 1613 4203 1613 4211 1427 4212 1427 4203 1427 4212 1427 4204 1427 4203 1427 4213 2 4054 2 4053 2 4055 2403 4214 2403 4053 2403 4214 2513 4213 2513 4053 2513 4215 1186 3882 1186 4205 1186 4206 1423 4216 1423 4205 1423 4216 2514 4215 2514 4205 2514 3911 2515 4217 2515 4207 2515 4217 2516 4218 2516 4207 2516 4218 2517 4208 2517 4207 2517 4219 2 3946 2 4209 2 4210 1423 4220 1423 4209 1423 4220 2518 4219 2518 4209 2518 3970 1323 4221 1323 4211 1323 4221 2519 4222 2519 4211 2519 4222 2520 4212 2520 4211 2520 4223 2 3882 2 4215 2 4216 2521 4224 2521 4215 2521 4224 2522 4223 2522 4215 2522 3911 2523 4225 2523 4217 2523 4225 2524 4226 2524 4217 2524 4226 2525 4218 2525 4217 2525 4227 2 3946 2 4219 2 4220 2526 4228 2526 4219 2526 4228 2527 4227 2527 4219 2527 3970 2528 4229 2528 4221 2528 4229 2156 4230 2156 4221 2156 4230 2157 4222 2157 4221 2157 4231 2 4232 2 4229 2 3970 2 4231 2 4229 2 4232 2529 4233 2529 4229 2529 4233 2530 4230 2530 4229 2530 4234 2 3882 2 4223 2 4224 2531 4235 2531 4223 2531 4235 866 4234 866 4223 866 3911 1205 4236 1205 4225 1205 4236 2532 4237 2532 4225 2532 4237 869 4226 869 4225 869 4238 2 3946 2 4227 2 4228 2527 4239 2527 4227 2527 4239 866 4238 866 4227 866 4231 2 4240 2 4232 2 4240 2533 4241 2533 4232 2533 4241 873 4233 873 4232 873 4242 2 4243 2 4056 2 3946 2 4242 2 4056 2 4244 1334 4057 1334 4056 1334 4243 1633 4244 1633 4056 1633 4245 1336 3882 1336 4234 1336 4235 2534 4246 2534 4234 2534 4246 1337 4245 1337 4234 1337 3911 1338 4247 1338 4236 1338 4247 2535 4248 2535 4236 2535 4248 1340 4237 1340 4236 1340 4249 2 3946 2 4238 2 4239 2534 4250 2534 4238 2534 4250 1342 4249 1342 4238 1342 4231 1343 4251 1343 4240 1343 4251 2185 4252 2185 4240 2185 4252 1345 4241 1345 4240 1345 4253 2 3882 2 4245 2 4246 2536 4254 2536 4245 2536 4254 2196 4253 2196 4245 2196 3911 1348 4255 1348 4247 1348 4255 1349 4256 1349 4247 1349 4256 2198 4248 2198 4247 2198 4257 2 3946 2 4249 2 4250 2187 4258 2187 4249 2187 4258 2200 4257 2200 4249 2200 4231 1353 4259 1353 4251 1353 4259 1354 4260 1354 4251 1354 4260 2218 4252 2218 4251 2218 4261 2 3882 2 4253 2 4254 1347 4262 1347 4253 1347 4262 1854 4261 1854 4253 1854 3911 2 4263 2 4255 2 4263 2220 4264 2220 4255 2220 4264 1356 4256 1356 4255 1356 4231 2537 3946 2537 4257 2537 4265 2538 4231 2538 4257 2538 4258 1357 4266 1357 4257 1357 4266 1856 4265 1856 4257 1856 4231 2 4267 2 4259 2 4267 2220 4268 2220 4259 2220 4268 1356 4260 1356 4259 1356 4269 2 3882 2 4261 2 4262 2539 4270 2539 4261 2539 4270 2540 4269 2540 4261 2540 3911 1241 4271 1241 4263 1241 4271 2541 4272 2541 4263 2541 4272 2542 4264 2542 4263 2542 4273 1242 4231 1242 4265 1242 4266 2543 4274 2543 4265 2543 4274 2544 4273 2544 4265 2544 4231 2 4275 2 4267 2 4275 2541 4276 2541 4267 2541 4276 2542 4268 2542 4267 2542 3911 1244 3882 1244 4269 1244 4277 2 3911 2 4269 2 4270 2545 4278 2545 4269 2545 4278 2269 4277 2269 4269 2269 3911 1245 4277 1245 4271 1245 4277 2255 4279 2255 4271 2255 4279 2546 4272 2546 4271 2546 4280 2 4231 2 4273 2 4274 2547 4281 2547 4273 2547 4281 2548 4280 2548 4273 2548 4231 1246 4280 1246 4275 1246 4280 2268 4282 2268 4275 2268 4282 2268 4276 2268 4275 2268 4278 2269 4279 2269 4277 2269 4281 2270 4282 2270 4280 2270 4283 2 4284 2 3883 2 3882 2 4283 2 3883 2 4284 119 4285 119 3883 119 4285 119 3884 119 3883 119 4286 2 4287 2 3882 2 4287 2 4288 2 3882 2 4288 2 4289 2 3882 2 4289 2 4290 2 3882 2 4290 1253 4291 1253 3882 1253 4291 2 4292 2 3882 2 4292 2 4293 2 3882 2 4293 1254 4294 1254 3882 1254 4294 2 4283 2 3882 2 3911 1529 4286 1529 3882 1529 4295 2 4296 2 3911 2 4296 2 4297 2 3911 2 4297 1255 4298 1255 3911 1255 4298 2549 4286 2549 3911 2549 4299 1257 4300 1257 3911 1257 4300 2 4301 2 3911 2 4301 2 4295 2 3911 2 4302 2 4303 2 3911 2 4303 2 4304 2 3911 2 4304 2 4299 2 3911 2 4305 2 4302 2 3911 2 3916 2 4305 2 3911 2 4306 2 4305 2 3916 2 3917 2 4306 2 3916 2 4054 2 4307 2 3917 2 4307 2 4306 2 3917 2 4213 2 4307 2 4054 2 4308 2550 4307 2550 4213 2550 4214 2551 4309 2551 4213 2551 4309 2552 4308 2552 4213 2552 4242 2 4310 2 4243 2 4310 2553 4311 2553 4243 2553 4312 2554 4244 2554 4243 2554 4311 2555 4312 2555 4243 2555 3946 2 4313 2 4242 2 4313 2 4310 2 4242 2 4314 2 4315 2 3946 2 4231 2556 4314 2556 3946 2556 4315 2 4316 2 3946 2 4316 2 4317 2 3946 2 4317 2 4318 2 3946 2 4319 2 4313 2 3946 2 4320 2 4319 2 3946 2 4318 2 4320 2 3946 2 4321 2 4322 2 4231 2 4322 2 4323 2 4231 2 4324 2 4325 2 4231 2 4325 2 4326 2 4231 2 4326 1270 4327 1270 4231 1270 4327 1271 4328 1271 4231 1271 4328 2 4321 2 4231 2 4329 2557 4314 2557 4231 2557 4323 2 4329 2 4231 2 3970 2558 4330 2558 4231 2558 4330 2 4324 2 4231 2 4331 2 4332 2 3970 2 4332 2 4333 2 3970 2 4333 2 4330 2 3970 2 4334 406 4331 406 3970 406 3975 406 4334 406 3970 406 4335 2559 4287 2559 4286 2559 4298 2560 4336 2560 4286 2560 4336 2561 4335 2561 4286 2561 4337 2562 4329 2562 4323 2562 4322 2563 4338 2563 4323 2563 4338 2563 4337 2563 4323 2563 4335 2559 4339 2559 4287 2559 4339 1393 4288 1393 4287 1393 4297 1394 4340 1394 4298 1394 4340 1394 4336 1394 4298 1394 4337 2564 4341 2564 4329 2564 4341 1396 4314 1396 4329 1396 4321 1394 4342 1394 4322 1394 4342 1394 4338 1394 4322 1394 4339 1397 4343 1397 4288 1397 4343 1398 4289 1398 4288 1398 4296 1281 4344 1281 4297 1281 4344 1281 4340 1281 4297 1281 4341 1399 4345 1399 4314 1399 4345 1400 4315 1400 4314 1400 4328 1281 4346 1281 4321 1281 4346 1281 4342 1281 4321 1281 4343 1283 4347 1283 4289 1283 4347 2565 4290 2565 4289 2565 4295 1284 4348 1284 4296 1284 4348 2566 4344 2566 4296 2566 4345 1285 4349 1285 4315 1285 4349 2567 4316 2567 4315 2567 4327 1286 4350 1286 4328 1286 4350 2568 4346 2568 4328 2568 4347 1287 4351 1287 4290 1287 4351 2569 4291 2569 4290 2569 4301 1404 4352 1404 4295 1404 4352 2570 4348 2570 4295 2570 4349 1291 4353 1291 4316 1291 4353 2571 4317 2571 4316 2571 4326 1405 4354 1405 4327 1405 4354 2572 4350 2572 4327 2572 4351 1406 4355 1406 4291 1406 4355 2573 4292 2573 4291 2573 4300 730 4356 730 4301 730 4356 2574 4352 2574 4301 2574 4353 1409 4357 1409 4317 1409 4357 2573 4318 2573 4317 2573 4325 733 4358 733 4326 733 4358 2575 4354 2575 4326 2575 4355 740 4359 740 4292 740 4359 741 4293 741 4292 741 4299 2576 4360 2576 4300 2576 4360 743 4356 743 4300 743 4357 740 4361 740 4318 740 4361 746 4320 746 4318 746 4324 753 4362 753 4325 753 4362 1754 4358 1754 4325 1754 4330 1150 4363 1150 4324 1150 4363 756 4362 756 4324 756 4359 2577 4364 2577 4293 2577 4364 1652 4294 1652 4293 1652 4304 1653 4365 1653 4299 1653 4365 1654 4360 1654 4299 1654 4361 1649 4366 1649 4320 1649 4366 1655 4319 1655 4320 1655 4333 1656 4367 1656 4330 1656 4367 1657 4363 1657 4330 1657 4368 2 4283 2 4294 2 4364 1658 4369 1658 4294 1658 4369 1308 4368 1308 4294 1308 4303 1304 4370 1304 4304 1304 4370 1421 4365 1421 4304 1421 4371 2 4313 2 4319 2 4366 1659 4372 1659 4319 1659 4372 1308 4371 1308 4319 1308 4332 1306 4373 1306 4333 1306 4373 1306 4367 1306 4333 1306 4374 2 4283 2 4368 2 4369 1308 4375 1308 4368 1308 4375 406 4374 406 4368 406 4302 2 4376 2 4303 2 4376 119 4377 119 4303 119 4377 119 4370 119 4303 119 4378 2 4313 2 4371 2 4372 1308 4379 1308 4371 1308 4379 406 4378 406 4371 406 4331 2 4380 2 4332 2 4380 119 4381 119 4332 119 4381 119 4373 119 4332 119 4382 2 4283 2 4374 2 4375 406 4383 406 4374 406 4383 1423 4382 1423 4374 1423 4302 2578 4384 2578 4376 2578 4384 1612 4385 1612 4376 1612 4385 1425 4377 1425 4376 1425 4386 2 4313 2 4378 2 4379 406 4387 406 4378 406 4387 1423 4386 1423 4378 1423 4331 2579 4388 2579 4380 2579 4388 1427 4389 1427 4380 1427 4389 1427 4381 1427 4380 1427 4390 1428 4283 1428 4382 1428 4383 1423 4391 1423 4382 1423 4391 1782 4390 1782 4382 1782 4302 1429 4392 1429 4384 1429 4392 814 4393 814 4384 814 4393 1784 4385 1784 4384 1784 4394 2 4313 2 4386 2 4387 1423 4395 1423 4386 1423 4395 1785 4394 1785 4386 1785 4331 1430 4396 1430 4388 1430 4396 828 4397 828 4388 828 4397 1787 4389 1787 4388 1787 4398 2 4283 2 4390 2 4391 836 4399 836 4390 836 4399 837 4398 837 4390 837 4302 2580 4400 2580 4392 2580 4400 839 4401 839 4392 839 4401 840 4393 840 4392 840 4402 2 4313 2 4394 2 4395 853 4403 853 4394 853 4403 845 4402 845 4394 845 4331 2581 4404 2581 4396 2581 4404 2582 4405 2582 4396 2582 4405 862 4397 862 4396 862 4406 2 4407 2 4404 2 4331 2 4406 2 4404 2 4407 1672 4408 1672 4404 1672 4408 864 4405 864 4404 864 4409 2 4410 2 4311 2 4310 2 4409 2 4311 2 4411 2583 4312 2583 4311 2583 4410 2584 4411 2584 4311 2584 4412 2 4283 2 4398 2 4399 865 4413 865 4398 865 4413 2585 4412 2585 4398 2585 4302 2586 4414 2586 4400 2586 4414 868 4415 868 4400 868 4415 2587 4401 2587 4400 2587 4416 2 4313 2 4402 2 4403 845 4417 845 4402 845 4417 2585 4416 2585 4402 2585 4406 2 4418 2 4407 2 4418 872 4419 872 4407 872 4419 2588 4408 2588 4407 2588 4420 2589 4283 2589 4412 2589 4413 884 4421 884 4412 884 4421 2590 4420 2590 4412 2590 4302 2591 4422 2591 4414 2591 4422 2592 4423 2592 4414 2592 4423 2593 4415 2593 4414 2593 4424 2 4313 2 4416 2 4417 884 4425 884 4416 884 4425 2594 4424 2594 4416 2594 4406 1451 4426 1451 4418 1451 4426 2595 4427 2595 4418 2595 4427 2596 4419 2596 4418 2596 4428 2 4307 2 4308 2 4309 1628 4429 1628 4308 1628 4429 2597 4428 2597 4308 2597 4409 1455 4430 1455 4410 1455 4431 2598 4411 2598 4410 2598 4430 2598 4431 2598 4410 2598 4432 2 4283 2 4420 2 4421 2599 4433 2599 4420 2599 4433 1347 4432 1347 4420 1347 4302 2600 4434 2600 4422 2600 4434 2601 4435 2601 4422 2601 4435 1350 4423 1350 4422 1350 4436 2 4313 2 4424 2 4425 2602 4437 2602 4424 2602 4437 1352 4436 1352 4424 1352 4406 2603 4438 2603 4426 2603 4438 2604 4439 2604 4426 2604 4439 1355 4427 1355 4426 1355 4440 2 4283 2 4432 2 4433 2605 4441 2605 4432 2605 4441 1691 4440 1691 4432 1691 4302 2 4442 2 4434 2 4442 1692 4443 1692 4434 1692 4443 1692 4435 1692 4434 1692 4444 2 4313 2 4436 2 4437 2606 4445 2606 4436 2606 4445 1694 4444 1694 4436 1694 4406 2 4446 2 4438 2 4446 1692 4447 1692 4438 1692 4447 1692 4439 1692 4438 1692 4448 2607 4307 2607 4428 2607 4449 2608 4448 2608 4428 2608 4429 2609 4449 2609 4428 2609 4409 2610 4450 2610 4430 2610 4451 2611 4431 2611 4430 2611 4450 2611 4451 2611 4430 2611 4452 2 4283 2 4440 2 4441 1695 4453 1695 4440 1695 4453 1470 4452 1470 4440 1470 4302 2612 4454 2612 4442 2612 4454 1472 4455 1472 4442 1472 4455 1472 4443 1472 4442 1472 4456 2 4313 2 4444 2 4445 1697 4457 1697 4444 1697 4457 1473 4456 1473 4444 1473 4406 2 4458 2 4446 2 4458 1472 4459 1472 4446 1472 4459 1472 4447 1472 4446 1472 4460 2 4283 2 4452 2 4453 1474 4461 1474 4452 1474 4461 1699 4460 1699 4452 1699 4302 2613 4460 2613 4454 2613 4460 2614 4462 2614 4454 2614 4462 1702 4455 1702 4454 1702 4463 2 4313 2 4456 2 4457 1479 4464 1479 4456 1479 4464 1703 4463 1703 4456 1703 4406 2615 4463 2615 4458 2615 4463 1705 4465 1705 4458 1705 4465 1705 4459 1705 4458 1705 4302 2616 4283 2616 4460 2616 4461 1699 4462 1699 4460 1699 4406 2 4313 2 4463 2 4464 2617 4465 2617 4463 2617 4466 2 4307 2 4448 2 4467 2618 4466 2618 4448 2618 4449 2608 4467 2608 4448 2608 4409 2619 4468 2619 4450 2619 4469 2620 4451 2620 4450 2620 4468 2621 4469 2621 4450 2621 4470 2 4471 2 4284 2 4283 2 4470 2 4284 2 4471 119 4472 119 4284 119 4472 119 4285 119 4284 119 4473 2 4470 2 4283 2 4302 2 4473 2 4283 2 4474 2 4473 2 4302 2 4305 2 4474 2 4302 2 4475 2 4474 2 4305 2 4306 2 4475 2 4305 2 4307 2 4476 2 4306 2 4476 2 4475 2 4306 2 4477 2 4476 2 4307 2 4466 2 4477 2 4307 2 4478 2 4477 2 4466 2 4479 2622 4478 2622 4466 2622 4467 2623 4479 2623 4466 2623 4409 2 4477 2 4468 2 4477 2624 4480 2624 4468 2624 4481 2625 4469 2625 4468 2625 4480 2626 4481 2626 4468 2626 4310 2 4482 2 4409 2 4482 2 4477 2 4409 2 4313 2 4483 2 4310 2 4483 2 4482 2 4310 2 4406 2 4484 2 4313 2 4484 2 4483 2 4313 2 4331 2 4485 2 4406 2 4485 2 4484 2 4406 2 4486 406 4485 406 4331 406 4334 406 4486 406 4331 406 4480 2 4477 2 4478 2 4487 36 4480 36 4478 36 4479 2627 4487 2627 4478 2627 4487 36 4481 36 4480 36 4488 2 4489 2 4471 2 4470 2 4488 2 4471 2 4489 119 4490 119 4471 119 4490 119 4472 119 4471 119 4491 2 4492 2 4470 2 4492 2 4493 2 4470 2 4493 2 4494 2 4470 2 4494 2 4495 2 4470 2 4495 2628 4496 2628 4470 2628 4496 2 4497 2 4470 2 4497 2 4498 2 4470 2 4499 2 4488 2 4470 2 4500 2 4499 2 4470 2 4498 2629 4500 2629 4470 2629 4473 2630 4491 2630 4470 2630 4501 2 4502 2 4473 2 4502 2 4503 2 4473 2 4503 2631 4504 2631 4473 2631 4504 2632 4491 2632 4473 2632 4505 2 4506 2 4473 2 4506 2 4507 2 4473 2 4507 2 4508 2 4473 2 4508 2633 4509 2633 4473 2633 4509 2 4510 2 4473 2 4510 2 4501 2 4473 2 4511 2 4505 2 4473 2 4474 2 4511 2 4473 2 4512 2 4511 2 4474 2 4475 2 4512 2 4474 2 4476 2 4513 2 4475 2 4513 2 4512 2 4475 2 4514 2 4513 2 4476 2 4515 2 4516 2 4476 2 4516 2634 4517 2634 4476 2634 4517 2 4518 2 4476 2 4518 2 4519 2 4476 2 4519 2 4520 2 4476 2 4520 2 4521 2 4476 2 4521 2 4514 2 4476 2 4522 2 4523 2 4476 2 4523 2635 4524 2635 4476 2635 4524 2 4515 2 4476 2 4477 2 4525 2 4476 2 4525 2636 4522 2636 4476 2636 4482 2 4526 2 4477 2 4526 2 4525 2 4477 2 4527 2637 4528 2637 4482 2637 4529 2 4527 2 4482 2 4528 2 4530 2 4482 2 4530 2 4531 2 4482 2 4531 2 4532 2 4482 2 4532 2 4533 2 4482 2 4533 2 4534 2 4482 2 4534 2 4526 2 4482 2 4535 2 4536 2 4482 2 4536 2 4537 2 4482 2 4537 2 4529 2 4482 2 4483 2 4538 2 4482 2 4538 2 4535 2 4482 2 4539 2 4540 2 4483 2 4540 2 4541 2 4483 2 4541 2 4542 2 4483 2 4543 2 4538 2 4483 2 4544 2 4543 2 4483 2 4542 2 4544 2 4483 2 4484 2638 4545 2638 4483 2638 4545 2 4539 2 4483 2 4546 2 4547 2 4484 2 4548 2 4549 2 4484 2 4549 2 4550 2 4484 2 4547 2 4551 2 4484 2 4551 2 4552 2 4484 2 4552 2639 4545 2639 4484 2639 4550 2640 4553 2640 4484 2640 4553 2641 4554 2641 4484 2641 4554 2 4546 2 4484 2 4485 2642 4555 2642 4484 2642 4555 2 4548 2 4484 2 4556 2 4557 2 4485 2 4557 2 4558 2 4485 2 4558 2 4555 2 4485 2 4559 406 4556 406 4485 406 4486 406 4559 406 4485 406 4560 2643 4523 2643 4522 2643 4561 129 4560 129 4522 129 4525 129 4561 129 4522 129 4562 129 4561 129 4525 129 4526 129 4562 129 4525 129 4534 2644 4563 2644 4526 2644 4563 2645 4562 2645 4526 2645 4560 2646 4564 2646 4523 2646 4564 2647 4524 2647 4523 2647 4533 2648 4565 2648 4534 2648 4565 2649 4563 2649 4534 2649 4564 2650 4566 2650 4524 2650 4566 2651 4515 2651 4524 2651 4532 2652 4567 2652 4533 2652 4567 2652 4565 2652 4533 2652 4566 2651 4568 2651 4515 2651 4568 2653 4516 2653 4515 2653 4531 2654 4569 2654 4532 2654 4569 2655 4567 2655 4532 2655 4568 2656 4570 2656 4516 2656 4570 2657 4517 2657 4516 2657 4530 2658 4571 2658 4531 2658 4571 2659 4569 2659 4531 2659 4570 2660 4572 2660 4517 2660 4572 2661 4518 2661 4517 2661 4528 2662 4573 2662 4530 2662 4573 2663 4571 2663 4530 2663 4572 2661 4574 2661 4518 2661 4574 2664 4519 2664 4518 2664 4527 2665 4575 2665 4528 2665 4575 2666 4573 2666 4528 2666 4574 2667 4576 2667 4519 2667 4576 2668 4520 2668 4519 2668 4529 2669 4577 2669 4527 2669 4577 2670 4575 2670 4527 2670 4576 2671 4578 2671 4520 2671 4578 2672 4521 2672 4520 2672 4537 2673 4579 2673 4529 2673 4579 2674 4577 2674 4529 2674 4578 2675 4580 2675 4521 2675 4580 2676 4514 2676 4521 2676 4536 2677 4581 2677 4537 2677 4581 2677 4579 2677 4537 2677 4582 2 4513 2 4514 2 4583 406 4582 406 4514 406 4580 2676 4583 2676 4514 2676 4535 2 4584 2 4536 2 4585 119 4581 119 4536 119 4584 119 4585 119 4536 119 4586 2559 4492 2559 4491 2559 4504 2678 4587 2678 4491 2678 4587 2561 4586 2561 4491 2561 4588 2562 4552 2562 4551 2562 4547 1391 4589 1391 4551 1391 4589 2563 4588 2563 4551 2563 4586 1386 4590 1386 4492 1386 4590 1276 4493 1276 4492 1276 4503 1733 4591 1733 4504 1733 4591 1277 4587 1277 4504 1277 4588 2679 4592 2679 4552 2679 4592 1279 4545 1279 4552 1279 4546 1733 4593 1733 4547 1733 4593 1277 4589 1277 4547 1277 4590 2005 4594 2005 4493 2005 4594 1398 4494 1398 4493 1398 4502 1281 4595 1281 4503 1281 4595 1281 4591 1281 4503 1281 4592 2010 4596 2010 4545 2010 4596 1400 4539 1400 4545 1400 4554 1281 4597 1281 4546 1281 4597 1281 4593 1281 4546 1281 4594 1283 4598 1283 4494 1283 4598 2680 4495 2680 4494 2680 4501 2681 4599 2681 4502 2681 4599 2682 4595 2682 4502 2682 4596 1285 4600 1285 4539 1285 4600 2683 4540 2683 4539 2683 4553 2684 4601 2684 4554 2684 4601 2685 4597 2685 4554 2685 4598 2686 4602 2686 4495 2686 4602 1584 4496 1584 4495 1584 4510 2687 4603 2687 4501 2687 4603 1585 4599 1585 4501 1585 4600 2688 4604 2688 4540 2688 4604 1586 4541 1586 4540 1586 4550 2689 4605 2689 4553 2689 4605 1587 4601 1587 4553 1587 4602 2690 4606 2690 4496 2690 4606 2691 4497 2691 4496 2691 4509 2692 4607 2692 4510 2692 4607 2693 4603 2693 4510 2693 4604 2694 4608 2694 4541 2694 4608 2691 4542 2691 4541 2691 4549 2695 4609 2695 4550 2695 4609 2695 4605 2695 4550 2695 4606 2691 4610 2691 4497 2691 4610 741 4498 741 4497 741 4508 2576 4611 2576 4509 2576 4611 743 4607 743 4509 743 4608 2691 4612 2691 4542 2691 4612 746 4544 746 4542 746 4548 1297 4613 1297 4549 1297 4613 1140 4609 1140 4549 1140 4555 2696 4614 2696 4548 2696 4614 1298 4613 1298 4548 1298 4610 2577 4615 2577 4498 2577 4615 1599 4500 1599 4498 1599 4507 2697 4616 2697 4508 2697 4616 1601 4611 1601 4508 1601 4612 1649 4617 1649 4544 1649 4617 1603 4543 1603 4544 1603 4558 2698 4618 2698 4555 2698 4618 1605 4614 1605 4555 1605 4615 2699 4619 2699 4500 2699 4619 1607 4499 1607 4500 1607 4506 2700 4620 2700 4507 2700 4620 1608 4616 1608 4507 1608 4621 2 4538 2 4543 2 4617 2701 4622 2701 4543 2701 4622 1607 4621 1607 4543 1607 4557 2702 4623 2702 4558 2702 4623 1610 4618 1610 4558 1610 4624 2 4488 2 4499 2 4619 2703 4625 2703 4499 2703 4625 406 4624 406 4499 406 4505 2 4626 2 4506 2 4626 119 4627 119 4506 119 4627 119 4620 119 4506 119 4628 2 4538 2 4621 2 4622 2703 4629 2703 4621 2703 4629 406 4628 406 4621 406 4556 2 4630 2 4557 2 4630 119 4631 119 4557 119 4631 119 4623 119 4557 119 4632 2 4488 2 4624 2 4625 406 4633 406 4624 406 4633 1664 4632 1664 4624 1664 4505 2704 4634 2704 4626 2704 4634 1612 4635 1612 4626 1612 4635 2705 4627 2705 4626 2705 4636 2 4538 2 4628 2 4629 406 4637 406 4628 406 4637 1664 4636 1664 4628 1664 4556 2706 4638 2706 4630 2706 4638 1427 4639 1427 4630 1427 4639 1663 4631 1663 4630 1663 4640 2707 4488 2707 4632 2707 4633 1423 4641 1423 4632 1423 4641 2708 4640 2708 4632 2708 4505 2709 4642 2709 4634 2709 4642 2710 4643 2710 4634 2710 4643 2711 4635 2711 4634 2711 4644 2 4538 2 4636 2 4637 1423 4645 1423 4636 1423 4645 2712 4644 2712 4636 2712 4556 2713 4646 2713 4638 2713 4646 2714 4647 2714 4638 2714 4647 2715 4639 2715 4638 2715 4648 2 4488 2 4640 2 4641 2716 4649 2716 4640 2716 4649 2717 4648 2717 4640 2717 4505 2718 4650 2718 4642 2718 4650 839 4651 839 4642 839 4651 2719 4643 2719 4642 2719 4652 2 4538 2 4644 2 4645 2720 4653 2720 4644 2720 4653 1675 4652 1675 4644 1675 4556 2721 4654 2721 4646 2721 4654 861 4655 861 4646 861 4655 2722 4647 2722 4646 2722 4656 2 4657 2 4654 2 4556 2 4656 2 4654 2 4657 863 4658 863 4654 863 4658 864 4655 864 4654 864 4659 2 4488 2 4648 2 4649 865 4660 865 4648 865 4660 884 4659 884 4648 884 4505 2723 4661 2723 4650 2723 4661 2724 4662 2724 4650 2724 4662 1207 4651 1207 4650 1207 4663 2 4538 2 4652 2 4653 845 4664 845 4652 845 4664 884 4663 884 4652 884 4656 2 4665 2 4657 2 4665 2588 4666 2588 4657 2588 4666 872 4658 872 4657 872 4667 2725 4488 2725 4659 2725 4660 2585 4668 2585 4659 2585 4668 1677 4667 1677 4659 1677 4505 2726 4669 2726 4661 2726 4669 1449 4670 1449 4661 1449 4670 1679 4662 1679 4661 1679 4671 2 4538 2 4663 2 4664 2585 4672 2585 4663 2585 4672 1681 4671 1681 4663 1681 4656 2727 4673 2727 4665 2727 4673 1452 4674 1452 4665 1452 4674 1683 4666 1683 4665 1683 4675 2 4488 2 4667 2 4668 1458 4676 1458 4667 1458 4676 1347 4675 1347 4667 1347 4505 2728 4677 2728 4669 2728 4677 1349 4678 1349 4669 1349 4678 1350 4670 1350 4669 1350 4679 2 4538 2 4671 2 4672 1461 4680 1461 4671 1461 4680 1352 4679 1352 4671 1352 4656 2729 4681 2729 4673 2729 4681 1354 4682 1354 4673 1354 4682 1355 4674 1355 4673 1355 4683 2 4488 2 4675 2 4676 1347 4684 1347 4675 1347 4684 1854 4683 1854 4675 1854 4505 2 4685 2 4677 2 4685 1855 4686 1855 4677 1855 4686 1356 4678 1356 4677 1356 4687 2730 4656 2730 4679 2730 4656 2731 4538 2731 4679 2731 4680 1357 4688 1357 4679 1357 4688 1856 4687 1856 4679 1856 4656 2 4689 2 4681 2 4689 1855 4690 1855 4681 1855 4690 1356 4682 1356 4681 1356 4691 2 4488 2 4683 2 4684 1864 4692 1864 4683 1864 4692 2540 4691 2540 4683 2540 4505 2732 4693 2732 4685 2732 4693 2542 4694 2542 4685 2542 4694 2542 4686 2542 4685 2542 4695 2733 4656 2733 4687 2733 4688 1869 4696 1869 4687 1869 4696 2544 4695 2544 4687 2544 4656 2 4697 2 4689 2 4697 2542 4698 2542 4689 2542 4698 2542 4690 2542 4689 2542 4505 2734 4488 2734 4691 2734 4699 2 4505 2 4691 2 4692 2735 4700 2735 4691 2735 4700 974 4699 974 4691 974 4505 2736 4699 2736 4693 2736 4699 1882 4701 1882 4693 1882 4701 977 4694 977 4693 977 4702 2 4656 2 4695 2 4696 2737 4703 2737 4695 2737 4703 979 4702 979 4695 979 4656 2738 4702 2738 4697 2738 4702 1884 4704 1884 4697 1884 4704 1000 4698 1000 4697 1000 4700 1885 4701 1885 4699 1885 4703 1886 4704 1886 4702 1886 4705 2 4706 2 4489 2 4488 2 4705 2 4489 2 4706 119 4707 119 4489 119 4707 119 4490 119 4489 119 4505 2739 4708 2739 4488 2739 4708 2 4709 2 4488 2 4709 2 4710 2 4488 2 4711 2 4712 2 4488 2 4713 2 4705 2 4488 2 4710 2 4714 2 4488 2 4714 2 4715 2 4488 2 4715 2740 4711 2740 4488 2740 4712 2 4716 2 4488 2 4716 2741 4717 2741 4488 2741 4717 2 4713 2 4488 2 4718 2742 4708 2742 4505 2742 4719 2 4720 2 4505 2 4720 2 4721 2 4505 2 4721 2743 4718 2743 4505 2743 4722 2 4723 2 4505 2 4723 2 4724 2 4505 2 4724 2 4725 2 4505 2 4725 2744 4726 2744 4505 2744 4726 2 4727 2 4505 2 4727 2 4719 2 4505 2 4728 2 4722 2 4505 2 4511 2 4728 2 4505 2 4729 2 4728 2 4511 2 4512 2 4729 2 4511 2 4730 2 4731 2 4512 2 4731 2745 4732 2745 4512 2745 4732 2 4733 2 4512 2 4733 2 4734 2 4512 2 4734 2 4735 2 4512 2 4735 2 4736 2 4512 2 4736 2 4737 2 4512 2 4737 2 4729 2 4512 2 4513 2746 4738 2746 4512 2746 4738 2 4730 2 4512 2 4582 2 4739 2 4513 2 4739 2 4740 2 4513 2 4741 2 4742 2 4513 2 4742 2 4743 2 4513 2 4743 2747 4744 2747 4513 2747 4744 2 4745 2 4513 2 4745 2748 4746 2748 4513 2748 4746 2 4747 2 4513 2 4747 2 4748 2 4513 2 4748 2 4738 2 4513 2 4740 2 4749 2 4513 2 4749 2 4750 2 4513 2 4750 2 4741 2 4513 2 4751 406 4739 406 4582 406 4583 406 4751 406 4582 406 4752 2 4753 2 4584 2 4535 2 4752 2 4584 2 4754 119 4585 119 4584 119 4753 119 4754 119 4584 119 4755 2 4756 2 4535 2 4757 2 4755 2 4535 2 4758 2 4759 2 4535 2 4756 2 4760 2 4535 2 4760 2 4761 2 4535 2 4761 2 4758 2 4535 2 4759 2 4762 2 4535 2 4762 2 4763 2 4535 2 4763 2 4752 2 4535 2 4538 2749 4764 2749 4535 2749 4764 2750 4757 2750 4535 2750 4765 2751 4766 2751 4538 2751 4767 2 4768 2 4538 2 4768 2752 4769 2752 4538 2752 4769 2 4770 2 4538 2 4770 2 4771 2 4538 2 4771 2 4772 2 4538 2 4772 2 4765 2 4538 2 4766 2 4773 2 4538 2 4773 2753 4774 2753 4538 2753 4774 2754 4764 2754 4538 2754 4656 2755 4775 2755 4538 2755 4775 2 4776 2 4538 2 4776 2 4777 2 4538 2 4777 2 4778 2 4538 2 4778 2 4779 2 4538 2 4780 2 4767 2 4538 2 4781 2 4780 2 4538 2 4779 2 4781 2 4538 2 4782 2 4783 2 4656 2 4784 2 4785 2 4656 2 4785 2 4786 2 4656 2 4786 2756 4787 2756 4656 2756 4787 2757 4788 2757 4656 2757 4788 2 4789 2 4656 2 4789 2 4782 2 4656 2 4783 2 4790 2 4656 2 4790 2758 4775 2758 4656 2758 4556 2759 4791 2759 4656 2759 4791 2 4784 2 4656 2 4792 2 4793 2 4556 2 4793 2 4794 2 4556 2 4794 2 4791 2 4556 2 4795 406 4792 406 4556 406 4559 406 4795 406 4556 406 4796 2760 4730 2760 4738 2760 4748 129 4796 129 4738 129 4797 129 4796 129 4748 129 4747 2761 4798 2761 4748 2761 4798 2762 4797 2762 4748 2762 4799 2763 4755 2763 4757 2763 4800 129 4799 129 4757 129 4764 129 4800 129 4757 129 4774 2761 4801 2761 4764 2761 4801 2762 4800 2762 4764 2762 4796 2764 4802 2764 4730 2764 4802 2765 4731 2765 4730 2765 4746 2766 4803 2766 4747 2766 4803 2766 4798 2766 4747 2766 4799 2767 4804 2767 4755 2767 4804 2768 4756 2768 4755 2768 4773 2769 4805 2769 4774 2769 4805 2769 4801 2769 4774 2769 4802 2765 4806 2765 4731 2765 4806 2770 4732 2770 4731 2770 4745 2771 4807 2771 4746 2771 4807 2772 4803 2772 4746 2772 4804 2768 4808 2768 4756 2768 4808 2773 4760 2773 4756 2773 4766 2771 4809 2771 4773 2771 4809 2772 4805 2772 4773 2772 4806 2774 4810 2774 4732 2774 4810 2775 4733 2775 4732 2775 4744 2776 4811 2776 4745 2776 4811 2777 4807 2777 4745 2777 4808 2778 4812 2778 4760 2778 4812 2775 4761 2775 4760 2775 4765 2776 4813 2776 4766 2776 4813 2777 4809 2777 4766 2777 4810 2779 4814 2779 4733 2779 4814 2780 4734 2780 4733 2780 4743 2781 4815 2781 4744 2781 4815 2782 4811 2782 4744 2782 4812 2779 4816 2779 4761 2779 4816 2780 4758 2780 4761 2780 4772 2781 4817 2781 4765 2781 4817 2782 4813 2782 4765 2782 4814 2783 4818 2783 4734 2783 4818 2784 4735 2784 4734 2784 4742 2785 4819 2785 4743 2785 4819 2786 4815 2786 4743 2786 4816 2783 4820 2783 4758 2783 4820 2784 4759 2784 4758 2784 4771 2785 4821 2785 4772 2785 4821 2786 4817 2786 4772 2786 4818 2787 4822 2787 4735 2787 4822 2788 4736 2788 4735 2788 4741 2789 4823 2789 4742 2789 4823 2790 4819 2790 4742 2790 4820 2787 4824 2787 4759 2787 4824 2788 4762 2788 4759 2788 4770 2791 4825 2791 4771 2791 4825 2792 4821 2792 4771 2792 4826 1275 4709 1275 4708 1275 4718 667 4827 667 4708 667 4827 2793 4826 2793 4708 2793 4828 2794 4790 2794 4783 2794 4782 672 4829 672 4783 672 4829 1274 4828 1274 4783 1274 4826 666 4830 666 4709 666 4830 1276 4710 1276 4709 1276 4721 674 4831 674 4718 674 4831 1277 4827 1277 4718 1277 4828 675 4832 675 4790 675 4832 1279 4775 1279 4790 1279 4789 674 4833 674 4782 674 4833 1277 4829 1277 4782 1277 4830 681 4834 681 4710 681 4834 2795 4714 2795 4710 2795 4720 2796 4835 2796 4721 2796 4835 2796 4831 2796 4721 2796 4832 685 4836 685 4775 685 4836 2797 4776 2797 4775 2797 4788 2796 4837 2796 4789 2796 4837 2796 4833 2796 4789 2796 4834 2798 4838 2798 4714 2798 4838 2799 4715 2799 4714 2799 4719 694 4839 694 4720 694 4839 2800 4835 2800 4720 2800 4836 2801 4840 2801 4776 2801 4840 2802 4777 2802 4776 2802 4787 709 4841 709 4788 709 4841 2803 4837 2803 4788 2803 4838 693 4842 693 4715 693 4842 1288 4711 1288 4715 1288 4727 712 4843 712 4719 712 4843 1290 4839 1290 4719 1290 4840 714 4844 714 4777 714 4844 1292 4778 1292 4777 1292 4786 721 4845 721 4787 721 4845 1294 4841 1294 4787 1294 4842 728 4846 728 4711 728 4846 1407 4712 1407 4711 1407 4726 1128 4847 1128 4727 1128 4847 1408 4843 1408 4727 1408 4844 738 4848 738 4778 738 4848 1407 4779 1407 4778 1407 4785 734 4849 734 4786 734 4849 1410 4845 1410 4786 1410 4822 2804 4850 2804 4736 2804 4850 2805 4737 2805 4736 2805 4750 2806 4851 2806 4741 2806 4851 2807 4823 2807 4741 2807 4824 2804 4852 2804 4762 2804 4852 2808 4763 2808 4762 2808 4769 2809 4853 2809 4770 2809 4853 2809 4825 2809 4770 2809 4846 729 4854 729 4712 729 4854 741 4716 741 4712 741 4725 1412 4855 1412 4726 1412 4855 743 4847 743 4726 743 4848 729 4856 729 4779 729 4856 746 4781 746 4779 746 4784 1297 4857 1297 4785 1297 4857 1140 4849 1140 4785 1140 4791 1416 4858 1416 4784 1416 4858 1298 4857 1298 4784 1298 4854 1417 4859 1417 4716 1417 4859 1152 4717 1152 4716 1152 4724 1418 4860 1418 4725 1418 4860 1154 4855 1154 4725 1154 4856 746 4861 746 4781 746 4861 1156 4780 1156 4781 1156 4794 1419 4862 1419 4791 1419 4862 1158 4858 1158 4791 1158 4859 1420 4863 1420 4717 1420 4863 1303 4713 1303 4717 1303 4723 2810 4864 2810 4724 2810 4864 1305 4860 1305 4724 1305 4865 2 4767 2 4780 2 4861 1422 4866 1422 4780 1422 4866 1303 4865 1303 4780 1303 4793 1174 4867 1174 4794 1174 4867 1307 4862 1307 4794 1307 4868 2 4705 2 4713 2 4863 1170 4869 1170 4713 1170 4869 406 4868 406 4713 406 4722 2 4870 2 4723 2 4870 119 4871 119 4723 119 4871 119 4864 119 4723 119 4872 2 4767 2 4865 2 4866 1170 4873 1170 4865 1170 4873 406 4872 406 4865 406 4792 2 4874 2 4793 2 4874 119 4875 119 4793 119 4875 119 4867 119 4793 119 4876 2 4729 2 4737 2 4850 2811 4877 2811 4737 2811 4877 2812 4876 2812 4737 2812 4749 2813 4878 2813 4750 2813 4878 2814 4851 2814 4750 2814 4879 2815 4752 2815 4763 2815 4852 2808 4880 2808 4763 2808 4880 2816 4879 2816 4763 2816 4768 2813 4881 2813 4769 2813 4881 2814 4853 2814 4769 2814 4882 2 4705 2 4868 2 4869 406 4883 406 4868 406 4883 1309 4882 1309 4868 1309 4722 2817 4884 2817 4870 2817 4884 1311 4885 1311 4870 1311 4885 1312 4871 1312 4870 1312 4886 2 4767 2 4872 2 4873 406 4887 406 4872 406 4887 1309 4886 1309 4872 1309 4792 2818 4888 2818 4874 2818 4888 1314 4889 1314 4874 1314 4889 1315 4875 1315 4874 1315 4890 2819 4705 2819 4882 2819 4883 1317 4891 1317 4882 1317 4891 1318 4890 1318 4882 1318 4722 2820 4892 2820 4884 2820 4892 2710 4893 2710 4884 2710 4893 1321 4885 1321 4884 1321 4894 2 4767 2 4886 2 4887 1317 4895 1317 4886 1317 4895 1322 4894 1322 4886 1322 4792 2821 4896 2821 4888 2821 4896 2714 4897 2714 4888 2714 4897 1325 4889 1325 4888 1325 4898 2 4705 2 4890 2 4891 2716 4899 2716 4890 2716 4899 1431 4898 1431 4890 1431 4722 2822 4900 2822 4892 2822 4900 1327 4901 1327 4892 1327 4901 1434 4893 1434 4892 1434 4902 2 4767 2 4894 2 4895 2720 4903 2720 4894 2720 4903 1435 4902 1435 4894 1435 4792 2823 4904 2823 4896 2823 4904 861 4905 861 4896 861 4905 1438 4897 1438 4896 1438 4906 2 4907 2 4904 2 4792 2 4906 2 4904 2 4907 1331 4908 1331 4904 1331 4908 1332 4905 1332 4904 1332 4909 2 4729 2 4876 2 4877 2824 4910 2824 4876 2824 4910 406 4909 406 4876 406 4740 2 4911 2 4749 2 4911 119 4912 119 4749 119 4912 119 4878 119 4749 119 4913 2 4752 2 4879 2 4880 2825 4914 2825 4879 2825 4914 406 4913 406 4879 406 4767 2 4915 2 4768 2 4915 119 4916 119 4768 119 4916 119 4881 119 4768 119 4917 2 4705 2 4898 2 4899 1333 4918 1333 4898 1333 4918 866 4917 866 4898 866 4722 2826 4919 2826 4900 2826 4919 1206 4920 1206 4900 1206 4920 869 4901 869 4900 869 4921 2 4767 2 4902 2 4903 1199 4922 1199 4902 1199 4922 866 4921 866 4902 866 4906 2 4923 2 4907 2 4923 873 4924 873 4907 873 4924 873 4908 873 4907 873 4925 2827 4705 2827 4917 2827 4918 866 4926 866 4917 866 4926 2590 4925 2590 4917 2590 4722 2828 4927 2828 4919 2828 4927 1449 4928 1449 4919 1449 4928 2593 4920 2593 4919 2593 4929 2 4767 2 4921 2 4922 866 4930 866 4921 866 4930 2594 4929 2594 4921 2594 4906 2829 4931 2829 4923 2829 4931 1452 4932 1452 4923 1452 4932 2596 4924 2596 4923 2596 4933 2 4705 2 4925 2 4926 1458 4934 1458 4925 1458 4934 1347 4933 1347 4925 1347 4722 2830 4935 2830 4927 2830 4935 1349 4936 1349 4927 1349 4936 1350 4928 1350 4927 1350 4937 2 4767 2 4929 2 4930 1461 4938 1461 4929 1461 4938 1352 4937 1352 4929 1352 4906 2831 4939 2831 4931 2831 4939 1354 4940 1354 4931 1354 4940 1355 4932 1355 4931 1355 4941 2 4705 2 4933 2 4934 1347 4942 1347 4933 1347 4942 1854 4941 1854 4933 1854 4722 2 4943 2 4935 2 4943 1356 4944 1356 4935 1356 4944 1356 4936 1356 4935 1356 4945 2832 4906 2832 4937 2832 4906 2833 4767 2833 4937 2833 4938 1357 4946 1357 4937 1357 4946 1856 4945 1856 4937 1856 4906 2 4947 2 4939 2 4947 1356 4948 1356 4939 1356 4948 1356 4940 1356 4939 1356 4949 2 4705 2 4941 2 4942 1358 4950 1358 4941 1358 4950 1470 4949 1470 4941 1470 4722 2834 4951 2834 4943 2834 4951 1472 4952 1472 4943 1472 4952 1472 4944 1472 4943 1472 4953 2835 4906 2835 4945 2835 4946 1360 4954 1360 4945 1360 4954 1473 4953 1473 4945 1473 4906 2 4955 2 4947 2 4955 1472 4956 1472 4947 1472 4956 1472 4948 1472 4947 1472 4722 2836 4705 2836 4949 2836 4957 2 4722 2 4949 2 4950 1474 4958 1474 4949 1474 4958 1475 4957 1475 4949 1475 4722 2837 4957 2837 4951 2837 4957 1477 4959 1477 4951 1477 4959 1478 4952 1478 4951 1478 4960 2 4906 2 4953 2 4954 1479 4961 1479 4953 1479 4961 1480 4960 1480 4953 1480 4906 2838 4960 2838 4955 2838 4960 1482 4962 1482 4955 1482 4962 1483 4956 1483 4955 1483 4958 1485 4959 1485 4957 1485 4961 1487 4962 1487 4960 1487 4963 2 4729 2 4909 2 4910 406 4964 406 4909 406 4964 2839 4963 2839 4909 2839 4740 2840 4965 2840 4911 2840 4965 2841 4966 2841 4911 2841 4966 2842 4912 2842 4911 2842 4967 2843 4752 2843 4913 2843 4914 406 4968 406 4913 406 4968 2844 4967 2844 4913 2844 4767 2845 4969 2845 4915 2845 4969 2841 4970 2841 4915 2841 4970 2842 4916 2842 4915 2842 4971 2 4729 2 4963 2 4964 2839 4972 2839 4963 2839 4972 2846 4971 2846 4963 2846 4740 2847 4973 2847 4965 2847 4973 2848 4974 2848 4965 2848 4974 2849 4966 2849 4965 2849 4975 2 4752 2 4967 2 4968 2844 4976 2844 4967 2844 4976 2850 4975 2850 4967 2850 4767 2851 4977 2851 4969 2851 4977 2852 4978 2852 4969 2852 4978 2853 4970 2853 4969 2853 4979 2 4729 2 4971 2 4972 2854 4980 2854 4971 2854 4980 2855 4979 2855 4971 2855 4740 2856 4981 2856 4973 2856 4981 2857 4982 2857 4973 2857 4982 2857 4974 2857 4973 2857 4983 2 4752 2 4975 2 4976 2858 4984 2858 4975 2858 4984 2855 4983 2855 4975 2855 4767 2859 4985 2859 4977 2859 4985 2860 4986 2860 4977 2860 4986 2860 4978 2860 4977 2860 4987 2 4988 2 4706 2 4705 2 4987 2 4706 2 4988 119 4989 119 4706 119 4989 119 4707 119 4706 119 4990 2 4987 2 4705 2 4722 2 4990 2 4705 2 4991 2 4990 2 4722 2 4728 2 4991 2 4722 2 4992 2 4991 2 4728 2 4729 2 4992 2 4728 2 4979 2 4992 2 4729 2 4993 2861 4992 2861 4979 2861 4980 2855 4994 2855 4979 2855 4994 2862 4993 2862 4979 2862 4740 2863 4995 2863 4981 2863 4995 2864 4996 2864 4981 2864 4996 2865 4982 2865 4981 2865 4739 2 4997 2 4740 2 4997 2 4998 2 4740 2 4998 2 4995 2 4740 2 4999 406 4997 406 4739 406 4751 406 4999 406 4739 406 5000 2 5001 2 4753 2 4752 2 5000 2 4753 2 5002 119 4754 119 4753 119 5001 119 5002 119 4753 119 4983 2 5000 2 4752 2 5003 2 5000 2 4983 2 4984 2855 5004 2855 4983 2855 5004 2862 5003 2862 4983 2862 4767 2866 5005 2866 4985 2866 5005 2864 5006 2864 4985 2864 5006 2865 4986 2865 4985 2865 5007 2 5005 2 4767 2 5008 2 5007 2 4767 2 4906 2 5008 2 4767 2 5009 2 5008 2 4906 2 4792 2 5009 2 4906 2 5010 406 5009 406 4792 406 4795 406 5010 406 4792 406 5011 2 4992 2 4993 2 4994 2867 5012 2867 4993 2867 5012 2868 5011 2868 4993 2868 4998 2869 5013 2869 4995 2869 5013 2870 5014 2870 4995 2870 5014 2870 4996 2870 4995 2870 5015 2 5000 2 5003 2 5004 2867 5016 2867 5003 2867 5016 2868 5015 2868 5003 2868 5007 2871 5017 2871 5005 2871 5017 2870 5018 2870 5005 2870 5018 2870 5006 2870 5005 2870 5019 2 4992 2 5011 2 5012 2868 5020 2868 5011 2868 5020 2872 5019 2872 5011 2872 4998 2873 5021 2873 5013 2873 5021 2874 5022 2874 5013 2874 5022 2875 5014 2875 5013 2875 5023 2 5000 2 5015 2 5016 2868 5024 2868 5015 2868 5024 2872 5023 2872 5015 2872 5007 2876 5025 2876 5017 2876 5025 2874 5026 2874 5017 2874 5026 2875 5018 2875 5017 2875 5027 2 4992 2 5019 2 5020 2877 5028 2877 5019 2877 5028 2878 5027 2878 5019 2878 4998 2879 5029 2879 5021 2879 5029 2880 5030 2880 5021 2880 5030 2881 5022 2881 5021 2881 5031 2 5000 2 5023 2 5024 2877 5032 2877 5023 2877 5032 2878 5031 2878 5023 2878 5007 2882 5033 2882 5025 2882 5033 2880 5034 2880 5025 2880 5034 2881 5026 2881 5025 2881 5035 2883 4992 2883 5027 2883 5028 2884 5036 2884 5027 2884 5036 2885 5035 2885 5027 2885 4998 2886 5037 2886 5029 2886 5037 2887 5038 2887 5029 2887 5038 2888 5030 2888 5029 2888 5039 2 5000 2 5031 2 5032 2884 5040 2884 5031 2884 5040 2889 5039 2889 5031 2889 5007 2890 5041 2890 5033 2890 5041 2887 5042 2887 5033 2887 5042 2888 5034 2888 5033 2888 5043 2 4992 2 5035 2 5036 2891 5044 2891 5035 2891 5044 2892 5043 2892 5035 2892 4998 2893 5045 2893 5037 2893 5045 2894 5046 2894 5037 2894 5046 2895 5038 2895 5037 2895 5047 2 5000 2 5039 2 5040 2896 5048 2896 5039 2896 5048 2897 5047 2897 5039 2897 5007 2898 5049 2898 5041 2898 5049 2899 5050 2899 5041 2899 5050 2900 5042 2900 5041 2900 5051 2 4992 2 5043 2 5044 2901 5052 2901 5043 2901 5052 2902 5051 2902 5043 2902 4998 2903 5053 2903 5045 2903 5053 2904 5054 2904 5045 2904 5054 2905 5046 2905 5045 2905 5055 2 5000 2 5047 2 5048 2906 5056 2906 5047 2906 5056 2907 5055 2907 5047 2907 5007 2908 5057 2908 5049 2908 5057 2904 5058 2904 5049 2904 5058 2905 5050 2905 5049 2905 5053 2 4998 2 5051 2 4998 2909 4992 2909 5051 2909 5059 36 5053 36 5051 36 5052 2910 5059 2910 5051 2910 5059 36 5054 36 5053 36 5057 2911 5000 2911 5055 2911 5056 2912 5060 2912 5055 2912 5060 36 5058 36 5055 36 5058 36 5057 36 5055 36 5007 2913 5000 2913 5057 2913 5061 2 5062 2 4988 2 4987 2 5061 2 4988 2 5062 119 5063 119 4988 119 5063 119 4989 119 4988 119 5064 2 5065 2 4987 2 5066 2 5064 2 4987 2 5065 2 5067 2 4987 2 5067 2 5068 2 4987 2 5068 2914 5069 2914 4987 2914 5069 2 5070 2 4987 2 5070 2 5071 2 4987 2 5071 2915 5072 2915 4987 2915 5072 2 5073 2 4987 2 5073 2 5074 2 4987 2 5074 2 5061 2 4987 2 4990 2916 5066 2916 4987 2916 5075 2917 5066 2917 4990 2917 5076 2 5077 2 4990 2 5077 2 5078 2 4990 2 5078 2918 5075 2918 4990 2918 5079 2 5080 2 4990 2 5081 2 5079 2 4990 2 5080 2 5082 2 4990 2 5082 2 5083 2 4990 2 5083 2 5084 2 4990 2 5084 2919 5085 2919 4990 2919 5085 2 5086 2 4990 2 5086 2 5076 2 4990 2 5087 2 5081 2 4990 2 4991 2 5087 2 4990 2 5088 2 5087 2 4991 2 4992 2 5088 2 4991 2 4998 2 5089 2 4992 2 5089 2 5088 2 4992 2 4997 2 5090 2 4998 2 5090 2 5089 2 4998 2 5091 406 5090 406 4997 406 4999 406 5091 406 4997 406 5000 2 5092 2 5001 2 5093 119 5002 119 5001 119 5092 119 5093 119 5001 119 5094 2 5092 2 5000 2 5095 2 5094 2 5000 2 5007 2 5095 2 5000 2 5008 2 5096 2 5007 2 5096 2 5097 2 5007 2 5097 2 5098 2 5007 2 5098 2 5099 2 5007 2 5099 2 5100 2 5007 2 5100 2 5101 2 5007 2 5101 2 5102 2 5007 2 5102 2 5103 2 5007 2 5103 2 5104 2 5007 2 5105 2 5095 2 5007 2 5104 2 5105 2 5007 2 5106 2 5107 2 5008 2 5107 2920 5108 2920 5008 2920 5108 2921 5109 2921 5008 2921 5109 2 5110 2 5008 2 5110 2 5111 2 5008 2 5111 2 5112 2 5008 2 5112 2 5096 2 5008 2 5009 2922 5113 2922 5008 2922 5113 2 5114 2 5008 2 5114 2 5106 2 5008 2 5115 2 5116 2 5009 2 5116 2 5117 2 5009 2 5117 2 5118 2 5009 2 5118 2 5119 2 5009 2 5119 2 5113 2 5009 2 5120 406 5115 406 5009 406 5010 406 5120 406 5009 406 5121 666 5064 666 5066 666 5075 667 5122 667 5066 667 5122 668 5121 668 5066 668 5123 669 5096 669 5112 669 5111 672 5124 672 5112 672 5124 672 5123 672 5112 672 5121 666 5125 666 5064 666 5125 1276 5065 1276 5064 1276 5078 674 5126 674 5075 674 5126 1277 5122 1277 5075 1277 5123 675 5127 675 5096 675 5127 1279 5097 1279 5096 1279 5110 674 5128 674 5111 674 5128 1277 5124 1277 5111 1277 5125 681 5129 681 5065 681 5129 1398 5067 1398 5065 1398 5077 1281 5130 1281 5078 1281 5130 1281 5126 1281 5078 1281 5127 685 5131 685 5097 685 5131 1400 5098 1400 5097 1400 5109 1281 5132 1281 5110 1281 5132 1281 5128 1281 5110 1281 5129 1283 5133 1283 5067 1283 5133 1287 5068 1287 5067 1287 5076 2923 5134 2923 5077 2923 5134 1401 5130 1401 5077 1401 5131 1285 5135 1285 5098 1285 5135 1402 5099 1402 5098 1402 5108 2924 5136 2924 5109 2924 5136 1403 5132 1403 5109 1403 5133 1088 5137 1088 5068 1088 5137 1584 5069 1584 5068 1584 5086 1289 5138 1289 5076 1289 5138 1585 5134 1585 5076 1585 5135 2925 5139 2925 5099 2925 5139 1586 5100 1586 5099 1586 5107 1293 5140 1293 5108 1293 5140 1587 5136 1587 5108 1587 5137 1295 5141 1295 5069 1295 5141 740 5070 740 5069 740 5085 730 5142 730 5086 730 5142 1129 5138 1129 5086 1129 5139 1296 5143 1296 5100 1296 5143 740 5101 740 5100 740 5106 733 5144 733 5107 733 5144 733 5140 733 5107 733 5141 740 5145 740 5070 740 5145 741 5071 741 5070 741 5084 1412 5146 1412 5085 1412 5146 743 5142 743 5085 743 5143 740 5147 740 5101 740 5147 746 5102 746 5101 746 5114 753 5148 753 5106 753 5148 754 5144 754 5106 754 5113 1150 5149 1150 5114 1150 5149 756 5148 756 5114 756 5145 1417 5150 1417 5071 1417 5150 1299 5072 1299 5071 1299 5083 759 5151 759 5084 759 5151 1300 5146 1300 5084 1300 5147 746 5152 746 5102 746 5152 1301 5103 1301 5102 1301 5119 768 5153 768 5113 768 5153 1302 5149 1302 5113 1302 5150 773 5154 773 5072 773 5154 1308 5073 1308 5072 1308 5082 1304 5155 1304 5083 1304 5155 1421 5151 1421 5083 1421 5152 786 5156 786 5103 786 5156 1308 5104 1308 5103 1308 5118 1306 5157 1306 5119 1306 5157 1306 5153 1306 5119 1306 5154 1308 5158 1308 5073 1308 5158 406 5074 406 5073 406 5080 119 5159 119 5082 119 5159 119 5155 119 5082 119 5156 1308 5160 1308 5104 1308 5160 406 5105 406 5104 406 5117 119 5161 119 5118 119 5161 119 5157 119 5118 119 5162 2 5061 2 5074 2 5158 406 5163 406 5074 406 5163 1423 5162 1423 5074 1423 5079 1612 5164 1612 5080 1612 5164 1425 5159 1425 5080 1425 5165 2 5095 2 5105 2 5160 406 5166 406 5105 406 5166 1423 5165 1423 5105 1423 5116 1427 5167 1427 5117 1427 5167 1427 5161 1427 5117 1427 5168 2926 5061 2926 5162 2926 5163 1423 5169 1423 5162 1423 5169 1318 5168 1318 5162 1318 5081 2927 5170 2927 5079 2927 5170 2710 5171 2710 5079 2710 5171 1321 5164 1321 5079 1321 5172 2 5095 2 5165 2 5166 1423 5173 1423 5165 1423 5173 1322 5172 1322 5165 1322 5115 2928 5174 2928 5116 2928 5174 2714 5175 2714 5116 2714 5175 1325 5167 1325 5116 1325 5176 2 5061 2 5168 2 5169 2716 5177 2716 5168 2716 5177 1431 5176 1431 5168 1431 5081 2929 5178 2929 5170 2929 5178 1327 5179 1327 5170 1327 5179 1434 5171 1434 5170 1434 5180 2 5095 2 5172 2 5173 2720 5181 2720 5172 2720 5181 1435 5180 1435 5172 1435 5115 2930 5182 2930 5174 2930 5182 1437 5183 1437 5174 1437 5183 862 5175 862 5174 862 5184 2 5185 2 5182 2 5115 2 5184 2 5182 2 5185 1331 5186 1331 5182 1331 5186 1332 5183 1332 5182 1332 5187 2 5061 2 5176 2 5177 1333 5188 1333 5176 1333 5188 866 5187 866 5176 866 5081 2931 5189 2931 5178 2931 5189 1206 5190 1206 5178 1206 5190 869 5179 869 5178 869 5191 2 5095 2 5180 2 5181 1199 5192 1199 5180 1199 5192 866 5191 866 5180 866 5184 2 5193 2 5185 2 5193 873 5194 873 5185 873 5194 873 5186 873 5185 873 5195 2932 5061 2932 5187 2932 5188 866 5196 866 5187 866 5196 2590 5195 2590 5187 2590 5081 2933 5197 2933 5189 2933 5197 2934 5198 2934 5189 2934 5198 2593 5190 2593 5189 2593 5199 2 5095 2 5191 2 5192 866 5200 866 5191 866 5200 2594 5199 2594 5191 2594 5184 2935 5201 2935 5193 2935 5201 2936 5202 2936 5193 2936 5202 2596 5194 2596 5193 2596 5203 2 5061 2 5195 2 5196 2937 5204 2937 5195 2937 5204 1464 5203 1464 5195 1464 5081 2938 5205 2938 5197 2938 5205 2939 5206 2939 5197 2939 5206 2940 5198 2940 5197 2940 5207 2 5095 2 5199 2 5200 2941 5208 2941 5199 2941 5208 2942 5207 2942 5199 2942 5184 2943 5209 2943 5201 2943 5209 2944 5210 2944 5201 2944 5210 2945 5202 2945 5201 2945 5211 2 5061 2 5203 2 5204 2946 5212 2946 5203 2946 5212 2947 5211 2947 5203 2947 5081 2 5213 2 5205 2 5213 2948 5214 2948 5205 2948 5214 2948 5206 2948 5205 2948 5184 2949 5095 2949 5207 2949 5215 2950 5184 2950 5207 2950 5208 2951 5216 2951 5207 2951 5216 2952 5215 2952 5207 2952 5184 2 5217 2 5209 2 5217 2948 5218 2948 5209 2948 5218 2948 5210 2948 5209 2948 5219 2 5061 2 5211 2 5212 2953 5220 2953 5211 2953 5220 1470 5219 1470 5211 1470 5081 2954 5221 2954 5213 2954 5221 1472 5222 1472 5213 1472 5222 1472 5214 1472 5213 1472 5223 2955 5184 2955 5215 2955 5216 2956 5224 2956 5215 2956 5224 1473 5223 1473 5215 1473 5184 2 5225 2 5217 2 5225 1472 5226 1472 5217 1472 5226 1472 5218 1472 5217 1472 5081 2957 5061 2957 5219 2957 5227 2 5081 2 5219 2 5220 1474 5228 1474 5219 1474 5228 1475 5227 1475 5219 1475 5081 2958 5227 2958 5221 2958 5227 1477 5229 1477 5221 1477 5229 1478 5222 1478 5221 1478 5230 2 5184 2 5223 2 5224 1479 5231 1479 5223 1479 5231 1480 5230 1480 5223 1480 5184 2959 5230 2959 5225 2959 5230 1482 5232 1482 5225 1482 5232 1483 5226 1483 5225 1483 5228 1485 5229 1485 5227 1485 5231 1487 5232 1487 5230 1487 5233 2 5089 2 5090 2 5091 406 5234 406 5090 406 5234 2960 5233 2960 5090 2960 5094 2961 5235 2961 5092 2961 5235 2962 5236 2962 5092 2962 5236 2963 5093 2963 5092 2963 5237 2 5089 2 5233 2 5234 2964 5238 2964 5233 2964 5238 2965 5237 2965 5233 2965 5094 2 5239 2 5235 2 5239 2966 5240 2966 5235 2966 5240 2967 5236 2967 5235 2967 5241 2 5089 2 5237 2 5238 2968 5242 2968 5237 2968 5242 2969 5241 2969 5237 2969 5094 2970 5243 2970 5239 2970 5243 2971 5244 2971 5239 2971 5244 2972 5240 2972 5239 2972 5245 2 5089 2 5241 2 5242 2973 5246 2973 5241 2973 5246 2974 5245 2974 5241 2974 5094 2975 5247 2975 5243 2975 5247 2976 5248 2976 5243 2976 5248 2977 5244 2977 5243 2977 5249 2 5089 2 5245 2 5246 2978 5250 2978 5245 2978 5250 2979 5249 2979 5245 2979 5094 2980 5251 2980 5247 2980 5251 2981 5252 2981 5247 2981 5252 2982 5248 2982 5247 2982 5253 2983 5089 2983 5249 2983 5250 2979 5254 2979 5249 2979 5254 2984 5253 2984 5249 2984 5094 2985 5255 2985 5251 2985 5255 2986 5256 2986 5251 2986 5256 2987 5252 2987 5251 2987 5257 2 5089 2 5253 2 5254 2988 5258 2988 5253 2988 5258 2989 5257 2989 5253 2989 5094 2 5259 2 5255 2 5259 2990 5260 2990 5255 2990 5260 2990 5256 2990 5255 2990 5261 2 5089 2 5257 2 5258 2989 5262 2989 5257 2989 5262 2991 5261 2991 5257 2991 5094 2992 5263 2992 5259 2992 5263 2993 5264 2993 5259 2993 5264 2994 5260 2994 5259 2994 5265 2995 5089 2995 5261 2995 5262 2996 5266 2996 5261 2996 5266 2997 5265 2997 5261 2997 5094 2998 5267 2998 5263 2998 5267 2999 5268 2999 5263 2999 5268 2999 5264 2999 5263 2999 5269 2 5089 2 5265 2 5266 3000 5270 3000 5265 3000 5270 3001 5269 3001 5265 3001 5094 2 5271 2 5267 2 5271 3002 5272 3002 5267 3002 5272 3003 5268 3003 5267 3003 5273 3004 5089 3004 5269 3004 5274 2 5273 2 5269 2 5275 36 5274 36 5269 36 5270 3005 5275 3005 5269 3005 5271 2 5273 2 5274 2 5276 36 5271 36 5274 36 5275 36 5276 36 5274 36 5094 2 5273 2 5271 2 5276 36 5272 36 5271 36 5061 2 5277 2 5062 2 5277 119 5278 119 5062 119 5278 119 5063 119 5062 119 5279 2 5280 2 5061 2 5280 2 5281 2 5061 2 5281 2 5277 2 5061 2 5282 2 5283 2 5061 2 5081 3006 5282 3006 5061 3006 5283 2 5284 2 5061 2 5284 2 5285 2 5061 2 5285 2 5286 2 5061 2 5286 3007 5287 3007 5061 3007 5287 2 5288 2 5061 2 5288 2 5289 2 5061 2 5289 3008 5290 3008 5061 3008 5290 2 5291 2 5061 2 5291 2 5279 2 5061 2 5292 3009 5293 3009 5081 3009 5293 2 5294 2 5081 2 5294 3010 5295 3010 5081 3010 5295 2 5296 2 5081 2 5296 2 5297 2 5081 2 5297 3011 5298 3011 5081 3011 5298 2 5299 2 5081 2 5299 3012 5300 3012 5081 3012 5300 2 5301 2 5081 2 5302 3013 5282 3013 5081 3013 5303 2 5304 2 5081 2 5304 2 5305 2 5081 2 5305 3014 5302 3014 5081 3014 5306 2 5307 2 5081 2 5301 2 5308 2 5081 2 5308 2 5309 2 5081 2 5309 2 5306 2 5081 2 5307 3015 5310 3015 5081 3015 5310 2 5311 2 5081 2 5311 2 5303 2 5081 2 5087 2 5292 2 5081 2 5312 2 5313 2 5087 2 5313 2 5292 2 5087 2 5314 2 5315 2 5087 2 5316 2 5317 2 5087 2 5317 2 5318 2 5087 2 5318 2 5312 2 5087 2 5319 2 5320 2 5087 2 5320 2 5321 2 5087 2 5321 2 5314 2 5087 2 5315 2 5322 2 5087 2 5322 2 5323 2 5087 2 5323 2 5316 2 5087 2 5324 2 5319 2 5087 2 5088 2 5324 2 5087 2 5325 3016 5326 3016 5088 3016 5326 2 5327 2 5088 2 5327 2 5328 2 5088 2 5328 2 5329 2 5088 2 5329 2 5330 2 5088 2 5330 2 5331 2 5088 2 5331 3017 5332 3017 5088 3017 5332 2 5333 2 5088 2 5333 3018 5334 3018 5088 3018 5334 2 5324 2 5088 2 5089 3019 5335 3019 5088 3019 5335 2 5325 2 5088 2 5336 3020 5337 3020 5089 3020 5337 3021 5338 3021 5089 3021 5338 2 5339 2 5089 2 5339 3022 5340 3022 5089 3022 5273 3023 5341 3023 5089 3023 5341 2 5342 2 5089 2 5342 2 5336 2 5089 2 5340 2 5343 2 5089 2 5343 2 5344 2 5089 2 5344 2 5345 2 5089 2 5345 2 5346 2 5089 2 5346 2 5347 2 5089 2 5347 2 5348 2 5089 2 5349 2 5350 2 5089 2 5350 2 5351 2 5089 2 5351 3024 5352 3024 5089 3024 5352 2 5335 2 5089 2 5353 2 5354 2 5089 2 5354 2 5355 2 5089 2 5355 2 5349 2 5089 2 5356 2 5357 2 5089 2 5348 2 5358 2 5089 2 5358 2 5359 2 5089 2 5359 3025 5360 3025 5089 3025 5360 2 5361 2 5089 2 5361 2 5362 2 5089 2 5362 2 5356 2 5089 2 5357 3026 5363 3026 5089 3026 5363 2 5364 2 5089 2 5364 2 5353 2 5089 2 5094 3027 5365 3027 5273 3027 5365 3028 5366 3028 5273 3028 5366 2 5367 2 5273 2 5367 2 5368 2 5273 2 5368 2 5369 2 5273 2 5369 3029 5370 3029 5273 3029 5370 2 5371 2 5273 2 5371 2 5372 2 5273 2 5372 2 5373 2 5273 2 5373 2 5374 2 5273 2 5374 2 5375 2 5273 2 5376 2 5377 2 5273 2 5377 3030 5341 3030 5273 3030 5378 2 5379 2 5273 2 5380 2 5381 2 5273 2 5381 2 5382 2 5273 2 5382 2 5376 2 5273 2 5379 2 5383 2 5273 2 5383 2 5384 2 5273 2 5384 2 5380 2 5273 2 5375 2 5385 2 5273 2 5385 2 5386 2 5273 2 5386 3031 5378 3031 5273 3031 5387 2 5365 2 5094 2 5095 3032 5388 3032 5094 3032 5388 2 5389 2 5094 2 5389 2 5390 2 5094 2 5390 2 5391 2 5094 2 5391 2 5392 2 5094 2 5392 2 5393 2 5094 2 5393 3033 5394 3033 5094 3033 5394 2 5395 2 5094 2 5395 3034 5396 3034 5094 3034 5396 2 5397 2 5094 2 5397 2 5398 2 5094 2 5398 2 5399 2 5094 2 5400 2 5401 2 5094 2 5402 2 5403 2 5094 2 5403 2 5404 2 5094 2 5404 2 5387 2 5094 2 5401 2 5405 2 5094 2 5405 3035 5406 3035 5094 3035 5406 2 5402 2 5094 2 5399 2 5407 2 5094 2 5407 2 5408 2 5094 2 5408 2 5400 2 5094 2 5184 3036 5409 3036 5095 3036 5409 2 5410 2 5095 2 5410 2 5411 2 5095 2 5411 2 5412 2 5095 2 5412 2 5413 2 5095 2 5413 2 5414 2 5095 2 5414 2 5415 2 5095 2 5415 2 5416 2 5095 2 5416 2 5417 2 5095 2 5417 2 5418 2 5095 2 5418 2 5419 2 5095 2 5419 2 5420 2 5095 2 5421 2 5422 2 5095 2 5423 3037 5424 3037 5095 3037 5424 2 5425 2 5095 2 5425 2 5426 2 5095 2 5427 2 5428 2 5095 2 5420 2 5429 2 5095 2 5429 2 5430 2 5095 2 5430 2 5421 2 5095 2 5422 3038 5431 3038 5095 3038 5431 2 5432 2 5095 2 5432 2 5423 2 5095 2 5433 2 5434 2 5095 2 5434 2 5435 2 5095 2 5435 3039 5427 3039 5095 3039 5428 2 5436 2 5095 2 5436 2 5437 2 5095 2 5437 3040 5388 3040 5095 3040 5426 2 5438 2 5095 2 5438 3041 5439 3041 5095 3041 5439 2 5433 2 5095 2 5440 2 5441 2 5184 2 5115 3042 5442 3042 5184 3042 5442 2 5443 2 5184 2 5443 2 5440 2 5184 2 5441 3043 5444 3043 5184 3043 5444 3044 5445 3044 5184 3044 5445 2 5446 2 5184 2 5447 2 5448 2 5184 2 5448 3045 5449 3045 5184 3045 5449 3046 5450 3046 5184 3046 5450 3047 5451 3047 5184 3047 5451 2 5409 2 5184 2 5446 2 5452 2 5184 2 5452 2 5453 2 5184 2 5453 2 5454 2 5184 2 5454 2 5455 2 5184 2 5455 3048 5456 3048 5184 3048 5456 2 5447 2 5184 2 5457 2 5458 2 5115 2 5458 2 5459 2 5115 2 5459 2 5442 2 5115 2 5460 406 5457 406 5115 406 5120 406 5460 406 5115 406 5461 1392 5283 1392 5282 1392 5302 2678 5462 2678 5282 2678 5462 3049 5461 3049 5282 3049 5463 3050 5292 3050 5313 3050 5312 2678 5464 2678 5313 2678 5464 3049 5463 3049 5313 3049 5465 3050 5326 3050 5325 3050 5335 3051 5466 3051 5325 3051 5466 3052 5465 3052 5325 3052 5467 3050 5355 3050 5354 3050 5353 2678 5468 2678 5354 2678 5468 3049 5467 3049 5354 3049 5342 3053 5469 3053 5336 3053 5470 3054 5337 3054 5336 3054 5469 2678 5471 2678 5336 2678 5471 3049 5470 3049 5336 3049 5472 3050 5341 3050 5377 3050 5376 3051 5473 3051 5377 3051 5473 3052 5472 3052 5377 3052 5474 3050 5366 3050 5365 3050 5387 2678 5475 2678 5365 2678 5475 3049 5474 3049 5365 3049 5476 3050 5390 3050 5389 3050 5388 3051 5477 3051 5389 3051 5477 3052 5476 3052 5389 3052 5478 3050 5439 3050 5438 3050 5426 2678 5479 2678 5438 2678 5479 3049 5478 3049 5438 3049 5480 3054 5411 3054 5410 3054 5409 2678 5481 2678 5410 2678 5481 3049 5480 3049 5410 3049 5482 3050 5454 3050 5453 3050 5452 1391 5483 1391 5453 1391 5483 1390 5482 1390 5453 1390 5461 1386 5484 1386 5283 1386 5484 1276 5284 1276 5283 1276 5305 674 5485 674 5302 674 5485 1277 5462 1277 5302 1277 5463 2679 5486 2679 5292 2679 5486 3055 5293 3055 5292 3055 5318 674 5487 674 5312 674 5487 1277 5464 1277 5312 1277 5465 2679 5488 2679 5326 2679 5488 1279 5327 1279 5326 1279 5352 674 5489 674 5335 674 5489 1277 5466 1277 5335 1277 5490 2 5349 2 5355 2 5467 2679 5491 2679 5355 2679 5491 1279 5490 1279 5355 1279 5364 679 5492 679 5353 679 5492 3056 5468 3056 5353 3056 5470 3057 5493 3057 5337 3057 5493 3055 5338 3055 5337 3055 5342 3058 5494 3058 5469 3058 5494 679 5495 679 5469 679 5495 3056 5471 3056 5469 3056 5472 2679 5496 2679 5341 2679 5496 1279 5342 1279 5341 1279 5382 674 5497 674 5376 674 5497 1277 5473 1277 5376 1277 5474 2679 5498 2679 5366 2679 5498 3055 5367 3055 5366 3055 5404 679 5499 679 5387 679 5499 3056 5475 3056 5387 3056 5476 2679 5500 2679 5390 2679 5500 1279 5391 1279 5390 1279 5437 674 5501 674 5388 674 5501 1277 5477 1277 5388 1277 5502 3059 5503 3059 5439 3059 5503 3060 5504 3060 5439 3060 5504 2 5505 2 5439 2 5505 2 5506 2 5439 2 5506 2 5507 2 5439 2 5507 2 5508 2 5439 2 5508 2 5433 2 5439 2 5478 2679 5509 2679 5439 2679 5509 1279 5502 1279 5439 1279 5425 679 5510 679 5426 679 5510 3056 5479 3056 5426 3056 5480 3057 5511 3057 5411 3057 5511 3055 5412 3055 5411 3055 5451 679 5512 679 5409 679 5512 3056 5481 3056 5409 3056 5513 3059 5514 3059 5454 3059 5514 2 5515 2 5454 2 5515 3061 5516 3061 5454 3061 5516 2 5517 2 5454 2 5517 2 5518 2 5454 2 5518 2 5519 2 5454 2 5519 2 5455 2 5454 2 5482 2679 5520 2679 5454 2679 5520 1279 5513 1279 5454 1279 5446 674 5521 674 5452 674 5521 1277 5483 1277 5452 1277 5484 681 5522 681 5284 681 5522 682 5285 682 5284 682 5304 1281 5523 1281 5305 1281 5523 683 5485 683 5305 683 5486 676 5524 676 5293 676 5524 684 5294 684 5293 684 5317 1281 5525 1281 5318 1281 5525 683 5487 683 5318 683 5488 685 5526 685 5327 685 5526 684 5328 684 5327 684 5351 1281 5527 1281 5352 1281 5527 683 5489 683 5352 683 5528 2 5349 2 5490 2 5491 685 5529 685 5490 685 5529 684 5528 684 5490 684 5363 1281 5530 1281 5364 1281 5530 683 5492 683 5364 683 5493 676 5531 676 5338 676 5531 684 5339 684 5338 684 5342 2 5532 2 5494 2 5532 2 5533 2 5494 2 5533 3062 5534 3062 5494 3062 5534 3063 5535 3063 5494 3063 5535 1281 5536 1281 5494 1281 5536 683 5495 683 5494 683 5496 685 5537 685 5342 685 5537 687 5532 687 5342 687 5381 1281 5538 1281 5382 1281 5538 683 5497 683 5382 683 5498 676 5539 676 5367 676 5539 684 5368 684 5367 684 5403 1281 5540 1281 5404 1281 5540 683 5499 683 5404 683 5500 685 5541 685 5391 685 5541 684 5392 684 5391 684 5436 1281 5542 1281 5437 1281 5542 683 5501 683 5437 683 5543 2 5544 2 5502 2 5544 3064 5545 3064 5502 3064 5545 2 5546 2 5502 2 5546 3065 5503 3065 5502 3065 5509 685 5547 685 5502 685 5547 684 5543 684 5502 684 5424 2015 5548 2015 5425 2015 5548 690 5510 690 5425 690 5511 676 5549 676 5412 676 5549 684 5413 684 5412 684 5450 1281 5550 1281 5451 1281 5550 683 5512 683 5451 683 5551 3066 5552 3066 5513 3066 5553 2 5551 2 5513 2 5552 2 5554 2 5513 2 5554 3065 5514 3065 5513 3065 5520 685 5555 685 5513 685 5555 691 5553 691 5513 691 5445 1281 5556 1281 5446 1281 5556 683 5521 683 5446 683 5522 1283 5557 1283 5285 1283 5557 1088 5286 1088 5285 1088 5303 3067 5558 3067 5304 3067 5558 1090 5523 1090 5304 1090 5524 2021 5559 2021 5294 2021 5559 1091 5295 1091 5294 1091 5316 3068 5560 3068 5317 3068 5560 3069 5525 3069 5317 3069 5526 2021 5561 2021 5328 2021 5561 1091 5329 1091 5328 1091 5350 3067 5562 3067 5351 3067 5562 1090 5527 1090 5351 1090 5563 2 5349 2 5528 2 5529 2021 5564 2021 5528 2021 5564 1091 5563 1091 5528 1091 5357 3067 5565 3067 5363 3067 5565 1090 5530 1090 5363 1090 5531 2021 5566 2021 5339 2021 5566 1091 5340 1091 5339 1091 5534 3070 5567 3070 5535 3070 5567 3067 5568 3067 5535 3067 5568 1090 5536 1090 5535 1090 5537 2028 5569 2028 5532 2028 5569 3071 5533 3071 5532 3071 5380 3072 5570 3072 5381 3072 5570 3073 5538 3073 5381 3073 5539 2021 5571 2021 5368 2021 5571 1091 5369 1091 5368 1091 5402 3074 5572 3074 5403 3074 5572 3075 5540 3075 5403 3075 5541 2021 5573 2021 5392 2021 5573 1091 5393 1091 5392 1091 5428 3067 5574 3067 5436 3067 5574 1090 5542 1090 5436 1090 5575 2 5544 2 5543 2 5547 2021 5576 2021 5543 2021 5576 1091 5575 1091 5543 1091 5423 3074 5577 3074 5424 3074 5577 3075 5548 3075 5424 3075 5549 2021 5578 2021 5413 2021 5578 1091 5414 1091 5413 1091 5449 3067 5579 3067 5450 3067 5579 1090 5550 1090 5450 1090 5580 2 5551 2 5553 2 5555 1285 5581 1285 5553 1285 5581 1091 5580 1091 5553 1091 5444 3076 5582 3076 5445 3076 5582 1093 5556 1093 5445 1093 5557 2680 5583 2680 5286 2680 5583 1584 5287 1584 5286 1584 5311 1289 5584 1289 5303 1289 5584 1585 5558 1585 5303 1585 5559 3077 5585 3077 5295 3077 5585 1584 5296 1584 5295 1584 5323 1289 5586 1289 5316 1289 5586 1585 5560 1585 5316 1585 5561 3077 5587 3077 5329 3077 5587 1584 5330 1584 5329 1584 5349 1289 5588 1289 5350 1289 5588 1585 5562 1585 5350 1585 5589 2 5349 2 5563 2 5564 3077 5590 3077 5563 3077 5590 1584 5589 1584 5563 1584 5356 1289 5591 1289 5357 1289 5591 1585 5565 1585 5357 1585 5566 3077 5592 3077 5340 3077 5592 1584 5343 1584 5340 1584 5534 2041 5593 2041 5567 2041 5593 1289 5594 1289 5567 1289 5594 1585 5568 1585 5567 1585 5569 3078 5595 3078 5533 3078 5595 2061 5534 2061 5533 2061 5384 1293 5596 1293 5380 1293 5596 1587 5570 1587 5380 1587 5571 3077 5597 3077 5369 3077 5597 1586 5370 1586 5369 1586 5406 1289 5598 1289 5402 1289 5598 1585 5572 1585 5402 1585 5573 3077 5599 3077 5393 3077 5599 1584 5394 1584 5393 1584 5427 1289 5600 1289 5428 1289 5600 1585 5574 1585 5428 1585 5601 2 5544 2 5575 2 5576 3077 5602 3077 5575 3077 5602 1586 5601 1586 5575 1586 5432 1289 5603 1289 5423 1289 5603 1585 5577 1585 5423 1585 5578 3077 5604 3077 5414 3077 5604 1584 5415 1584 5414 1584 5448 1289 5605 1289 5449 1289 5605 1585 5579 1585 5449 1585 5606 2 5551 2 5580 2 5581 3077 5607 3077 5580 3077 5607 1586 5606 1586 5580 1586 5441 1293 5608 1293 5444 1293 5608 1587 5582 1587 5444 1587 5583 1295 5609 1295 5287 1295 5609 1407 5288 1407 5287 1407 5310 1128 5610 1128 5311 1128 5610 1408 5584 1408 5311 1408 5585 1295 5611 1295 5296 1295 5611 3079 5297 3079 5296 3079 5322 734 5612 734 5323 734 5612 1410 5586 1410 5323 1410 5587 1295 5613 1295 5330 1295 5613 3080 5331 3080 5330 3080 5589 3081 5614 3081 5349 3081 5614 3082 5615 3082 5349 3082 5615 2 5616 2 5349 2 5616 2 5617 2 5349 2 5617 737 5618 737 5349 737 5618 3083 5588 3083 5349 3083 5590 1295 5619 1295 5589 1295 5619 3080 5614 3080 5589 3080 5362 737 5620 737 5356 737 5620 3083 5591 3083 5356 3083 5592 1295 5621 1295 5343 1295 5621 3080 5344 3080 5343 3080 5534 3084 5622 3084 5593 3084 5622 734 5623 734 5593 734 5623 1410 5594 1410 5593 1410 5624 2 5625 2 5534 2 5625 2 5622 2 5534 2 5595 2061 5626 2061 5534 2061 5626 3080 5624 3080 5534 3080 5383 734 5627 734 5384 734 5627 1410 5596 1410 5384 1410 5597 1296 5628 1296 5370 1296 5628 3080 5371 3080 5370 3080 5405 734 5629 734 5406 734 5629 1410 5598 1410 5406 1410 5599 1295 5630 1295 5394 1295 5630 1407 5395 1407 5394 1407 5435 737 5631 737 5427 737 5631 3083 5600 3083 5427 3083 5632 2 5544 2 5601 2 5633 2 5632 2 5601 2 5602 1296 5634 1296 5601 1296 5634 1407 5633 1407 5601 1407 5431 737 5635 737 5432 737 5635 3083 5603 3083 5432 3083 5604 1295 5636 1295 5415 1295 5636 3080 5416 3080 5415 3080 5447 734 5637 734 5448 734 5637 1410 5605 1410 5448 1410 5638 3085 5551 3085 5606 3085 5639 2 5638 2 5606 2 5607 1296 5640 1296 5606 1296 5640 1407 5639 1407 5606 1407 5440 734 5641 734 5441 734 5641 1410 5608 1410 5441 1410 5609 729 5642 729 5288 729 5642 1136 5289 1136 5288 1136 5307 1593 5643 1593 5310 1593 5643 1138 5610 1138 5310 1138 5611 3086 5644 3086 5297 3086 5644 1136 5298 1136 5297 1136 5315 1593 5645 1593 5322 1593 5645 1138 5612 1138 5322 1138 5613 735 5646 735 5331 735 5646 764 5332 764 5331 764 5616 3087 5647 3087 5617 3087 5647 3088 5648 3088 5617 3088 5648 747 5618 747 5617 747 5619 735 5649 735 5614 735 5649 764 5615 764 5614 764 5361 3088 5650 3088 5362 3088 5650 747 5620 747 5362 747 5621 735 5651 735 5344 735 5651 764 5345 764 5344 764 5625 3089 5652 3089 5622 3089 5652 3090 5623 3090 5622 3090 5653 2 5625 2 5624 2 5626 735 5654 735 5624 735 5654 766 5653 766 5624 766 5379 3088 5655 3088 5383 3088 5655 747 5627 747 5383 747 5628 735 5656 735 5371 735 5656 1136 5372 1136 5371 1136 5401 3088 5657 3088 5405 3088 5657 747 5629 747 5405 747 5630 729 5658 729 5395 729 5658 3091 5396 3091 5395 3091 5434 3088 5659 3088 5435 3088 5659 747 5631 747 5435 747 5660 2 5632 2 5633 2 5634 729 5661 729 5633 729 5661 1136 5660 1136 5633 1136 5422 1593 5662 1593 5431 1593 5662 1138 5635 1138 5431 1138 5636 735 5663 735 5416 735 5663 764 5417 764 5416 764 5456 3089 5664 3089 5447 3089 5664 3090 5637 3090 5447 3090 5665 2 5638 2 5639 2 5640 729 5666 729 5639 729 5666 764 5665 764 5639 764 5443 1297 5667 1297 5440 1297 5667 1140 5641 1140 5440 1140 5442 1150 5668 1150 5443 1150 5668 1651 5667 1651 5443 1651 5642 1598 5669 1598 5289 1598 5669 758 5290 758 5289 758 5306 1153 5670 1153 5307 1153 5670 760 5643 760 5307 760 5644 1598 5671 1598 5298 1598 5671 761 5299 761 5298 761 5314 3092 5672 3092 5315 3092 5672 763 5645 763 5315 763 5646 1602 5673 1602 5332 1602 5673 761 5333 761 5332 761 5616 3093 5674 3093 5647 3093 5674 1153 5675 1153 5647 1153 5675 760 5648 760 5647 760 5649 1602 5676 1602 5615 1602 5676 761 5616 761 5615 761 5360 1153 5677 1153 5361 1153 5677 760 5650 760 5361 760 5651 1602 5678 1602 5345 1602 5678 761 5346 761 5345 761 5653 2 5679 2 5625 2 5679 3094 5680 3094 5625 3094 5680 1153 5681 1153 5625 1153 5681 760 5652 760 5625 760 5654 3095 5682 3095 5653 3095 5682 767 5679 767 5653 767 5378 1157 5683 1157 5379 1157 5683 769 5655 769 5379 769 5656 1598 5684 1598 5372 1598 5684 770 5373 770 5372 770 5400 1157 5685 1157 5401 1157 5685 769 5657 769 5401 769 5658 3096 5686 3096 5396 3096 5686 761 5397 761 5396 761 5433 1153 5687 1153 5434 1153 5687 760 5659 760 5434 760 5688 2 5632 2 5660 2 5661 1598 5689 1598 5660 1598 5689 758 5688 758 5660 758 5421 1157 5690 1157 5422 1157 5690 769 5662 769 5422 769 5663 1602 5691 1602 5417 1602 5691 761 5418 761 5417 761 5455 1153 5692 1153 5456 1153 5692 760 5664 760 5456 760 5693 2 5638 2 5665 2 5666 1602 5694 1602 5665 1602 5694 770 5693 770 5665 770 5459 1157 5695 1157 5442 1157 5695 769 5668 769 5442 769 5281 3097 5278 3097 5277 3097 5696 3098 5697 3098 5457 3098 5697 2 5698 2 5457 2 5698 2 5458 2 5457 2 5460 406 5699 406 5457 406 5700 3099 5696 3099 5457 3099 5699 3099 5700 3099 5457 3099 5669 1169 5701 1169 5290 1169 5701 1303 5291 1303 5290 1303 5309 3100 5702 3100 5306 3100 5702 1305 5670 1305 5306 1305 5671 3101 5703 3101 5299 3101 5703 3102 5300 3102 5299 3102 5321 1307 5704 1307 5314 1307 5704 1307 5672 1307 5314 1307 5673 3101 5705 3101 5333 3101 5705 1303 5334 1303 5333 1303 5616 3103 5706 3103 5674 3103 5706 3104 5707 3104 5674 3104 5707 3105 5675 3105 5674 3105 5708 2 5706 2 5616 2 5676 3101 5709 3101 5616 3101 5709 3106 5708 3106 5616 3106 5359 3104 5710 3104 5360 3104 5710 3105 5677 3105 5360 3105 5678 3101 5711 3101 5346 3101 5711 3106 5347 3106 5346 3106 5679 3107 5712 3107 5680 3107 5712 1307 5713 1307 5680 1307 5713 1307 5681 1307 5680 1307 5714 2 5712 2 5679 2 5682 3108 5715 3108 5679 3108 5715 3106 5714 3106 5679 3106 5386 1307 5716 1307 5378 1307 5716 1307 5683 1307 5378 1307 5684 1173 5717 1173 5373 1173 5717 3106 5374 3106 5373 3106 5408 1307 5718 1307 5400 1307 5718 1307 5685 1307 5400 1307 5686 3101 5719 3101 5397 3101 5719 1303 5398 1303 5397 1303 5508 3104 5720 3104 5433 3104 5720 3105 5687 3105 5433 3105 5721 3109 5632 3109 5688 3109 5689 1169 5722 1169 5688 1169 5722 1303 5721 1303 5688 1303 5430 3104 5723 3104 5421 3104 5723 3105 5690 3105 5421 3105 5691 3101 5724 3101 5418 3101 5724 3106 5419 3106 5418 3106 5519 1307 5725 1307 5455 1307 5725 1307 5692 1307 5455 1307 5726 2 5638 2 5693 2 5694 1173 5727 1173 5693 1173 5727 1303 5726 1303 5693 1303 5458 1307 5728 1307 5459 1307 5728 1307 5695 1307 5459 1307 5729 2 5279 2 5291 2 5701 1303 5730 1303 5291 1303 5730 406 5729 406 5291 406 5308 119 5731 119 5309 119 5731 119 5702 119 5309 119 5732 2 5301 2 5300 2 5703 3110 5733 3110 5300 3110 5733 406 5732 406 5300 406 5320 119 5734 119 5321 119 5734 119 5704 119 5321 119 5735 2 5324 2 5334 2 5705 1303 5736 1303 5334 1303 5736 406 5735 406 5334 406 5708 2 5737 2 5706 2 5737 119 5738 119 5706 119 5738 119 5707 119 5706 119 5739 2 5737 2 5708 2 5709 3111 5740 3111 5708 3111 5740 406 5739 406 5708 406 5358 119 5741 119 5359 119 5741 119 5710 119 5359 119 5742 2 5348 2 5347 2 5711 3111 5743 3111 5347 3111 5743 406 5742 406 5347 406 5714 2 5744 2 5712 2 5744 119 5745 119 5712 119 5745 119 5713 119 5712 119 5746 2 5744 2 5714 2 5715 3111 5747 3111 5714 3111 5747 406 5746 406 5714 406 5385 119 5748 119 5386 119 5748 119 5716 119 5386 119 5749 2 5375 2 5374 2 5717 3111 5750 3111 5374 3111 5750 406 5749 406 5374 406 5407 119 5751 119 5408 119 5751 119 5718 119 5408 119 5752 2 5399 2 5398 2 5719 1303 5753 1303 5398 1303 5753 406 5752 406 5398 406 5507 119 5754 119 5508 119 5754 119 5720 119 5508 119 5755 2 5632 2 5721 2 5722 1303 5756 1303 5721 1303 5756 406 5755 406 5721 406 5429 119 5757 119 5430 119 5757 119 5723 119 5430 119 5758 2 5420 2 5419 2 5724 3111 5759 3111 5419 3111 5759 406 5758 406 5419 406 5518 119 5760 119 5519 119 5760 119 5725 119 5519 119 5761 2 5638 2 5726 2 5727 1303 5762 1303 5726 1303 5762 406 5761 406 5726 406 5698 119 5763 119 5458 119 5763 119 5728 119 5458 119 5764 2 5279 2 5729 2 5730 406 5765 406 5729 406 5765 1309 5764 1309 5729 1309 5301 3112 5766 3112 5308 3112 5766 1311 5767 1311 5308 1311 5767 1312 5731 1312 5308 1312 5768 3113 5301 3113 5732 3113 5733 406 5769 406 5732 406 5769 3114 5768 3114 5732 3114 5319 2 5770 2 5320 2 5770 1314 5771 1314 5320 1314 5771 1315 5734 1315 5320 1315 5772 3115 5324 3115 5735 3115 5736 406 5773 406 5735 406 5773 1309 5772 1309 5735 1309 5774 3116 5775 3116 5737 3116 5739 2 5774 2 5737 2 5775 3117 5776 3117 5737 3117 5776 3118 5738 3118 5737 3118 5740 406 5777 406 5739 406 5777 3119 5774 3119 5739 3119 5348 3120 5778 3120 5358 3120 5778 3117 5779 3117 5358 3117 5779 3118 5741 3118 5358 3118 5780 2 5348 2 5742 2 5743 406 5781 406 5742 406 5781 3119 5780 3119 5742 3119 5746 3121 5782 3121 5744 3121 5782 1314 5783 1314 5744 1314 5783 1315 5745 1315 5744 1315 5784 2 5782 2 5746 2 5747 406 5785 406 5746 406 5785 3119 5784 3119 5746 3119 5375 3122 5786 3122 5385 3122 5786 1314 5787 1314 5385 1314 5787 1315 5748 1315 5385 1315 5788 2 5375 2 5749 2 5750 406 5789 406 5749 406 5789 3119 5788 3119 5749 3119 5399 3123 5790 3123 5407 3123 5790 1314 5791 1314 5407 1314 5791 1315 5751 1315 5407 1315 5792 2 5399 2 5752 2 5753 406 5793 406 5752 406 5793 1309 5792 1309 5752 1309 5506 3117 5794 3117 5507 3117 5794 3118 5754 3118 5507 3118 5795 3124 5632 3124 5755 3124 5756 406 5796 406 5755 406 5796 1309 5795 1309 5755 1309 5420 3125 5797 3125 5429 3125 5797 3117 5798 3117 5429 3117 5798 3118 5757 3118 5429 3118 5799 2 5420 2 5758 2 5759 406 5800 406 5758 406 5800 3119 5799 3119 5758 3119 5517 1314 5801 1314 5518 1314 5801 1315 5760 1315 5518 1315 5802 2 5638 2 5761 2 5762 406 5803 406 5761 406 5803 1309 5802 1309 5761 1309 5697 1314 5804 1314 5698 1314 5804 1315 5763 1315 5698 1315 5805 3126 5279 3126 5764 3126 5765 1317 5806 1317 5764 1317 5806 1318 5805 1318 5764 1318 5301 3127 5807 3127 5766 3127 5807 2710 5808 2710 5766 2710 5808 1321 5767 1321 5766 1321 5809 2 5301 2 5768 2 5769 3128 5810 3128 5768 3128 5810 3129 5809 3129 5768 3129 5319 2 5811 2 5770 2 5811 3130 5812 3130 5770 3130 5812 3131 5771 3131 5770 3131 5813 2 5324 2 5772 2 5773 1317 5814 1317 5772 1317 5814 3129 5813 3129 5772 3129 5774 3132 5815 3132 5775 3132 5815 2710 5816 2710 5775 2710 5816 1321 5776 1321 5775 1321 5817 2 5818 2 5774 2 5819 2 5817 2 5774 2 5818 2 5815 2 5774 2 5777 3133 5820 3133 5774 3133 5820 3129 5819 3129 5774 3129 5348 3134 5821 3134 5778 3134 5821 2710 5822 2710 5778 2710 5822 1321 5779 1321 5778 1321 5823 2 5348 2 5780 2 5781 3133 5824 3133 5780 3133 5824 3129 5823 3129 5780 3129 5825 3135 5826 3135 5782 3135 5826 3136 5827 3136 5782 3136 5828 3137 5829 3137 5782 3137 5829 2 5830 2 5782 2 5830 2 5831 2 5782 2 5831 2 5825 2 5782 2 5784 2 5828 2 5782 2 5827 2710 5832 2710 5782 2710 5832 1321 5783 1321 5782 1321 5785 3133 5833 3133 5784 3133 5833 3138 5828 3138 5784 3138 5375 3139 5834 3139 5786 3139 5834 2714 5835 2714 5786 2714 5835 1325 5787 1325 5786 1325 5836 2 5375 2 5788 2 5789 3133 5837 3133 5788 3133 5837 1322 5836 1322 5788 1322 5399 3140 5838 3140 5790 3140 5838 2714 5839 2714 5790 2714 5839 1325 5791 1325 5790 1325 5840 2 5399 2 5792 2 5793 1317 5841 1317 5792 1317 5841 3129 5840 3129 5792 3129 5505 2710 5842 2710 5506 2710 5842 1321 5794 1321 5506 1321 5399 2 5632 2 5795 2 5843 2 5399 2 5795 2 5796 1317 5844 1317 5795 1317 5844 1318 5843 1318 5795 1318 5420 3141 5845 3141 5797 3141 5845 2714 5846 2714 5797 2714 5846 1325 5798 1325 5797 1325 5847 2 5420 2 5799 2 5800 3133 5848 3133 5799 3133 5848 3129 5847 3129 5799 3129 5516 2710 5849 2710 5517 2710 5849 1321 5801 1321 5517 1321 5420 2 5638 2 5802 2 5850 2 5420 2 5802 2 5803 1317 5851 1317 5802 1317 5851 1322 5850 1322 5802 1322 5696 3142 5852 3142 5697 3142 5852 2714 5853 2714 5697 2714 5853 1325 5804 1325 5697 1325 5854 2 5279 2 5805 2 5806 2716 5855 2716 5805 2716 5855 1431 5854 1431 5805 1431 5301 3143 5856 3143 5807 3143 5856 1433 5857 1433 5807 1433 5857 1434 5808 1434 5807 1434 5858 3144 5301 3144 5809 3144 5810 3145 5859 3145 5809 3145 5859 1431 5858 1431 5809 1431 5319 3146 5860 3146 5811 3146 5860 1433 5861 1433 5811 1433 5861 1434 5812 1434 5811 1434 5862 2141 5324 2141 5813 2141 5814 3145 5863 3145 5813 3145 5863 1435 5862 1435 5813 1435 5818 3147 5864 3147 5815 3147 5864 3147 5816 3147 5815 3147 5865 3148 5817 3148 5819 3148 5820 3145 5866 3145 5819 3145 5866 1435 5865 1435 5819 1435 5348 3149 5867 3149 5821 3149 5867 3147 5868 3147 5821 3147 5868 3147 5822 3147 5821 3147 5869 2 5348 2 5823 2 5824 3145 5870 3145 5823 3145 5870 1435 5869 1435 5823 1435 5826 3150 5871 3150 5827 3150 5871 3151 5872 3151 5827 3151 5872 3152 5832 3152 5827 3152 5833 3153 5873 3153 5828 3153 5873 3154 5829 3154 5828 3154 5375 2 5874 2 5834 2 5874 3147 5875 3147 5834 3147 5875 3147 5835 3147 5834 3147 5876 2 5375 2 5836 2 5837 2720 5877 2720 5836 2720 5877 1431 5876 1431 5836 1431 5399 3155 5878 3155 5838 3155 5878 3147 5879 3147 5838 3147 5879 3147 5839 3147 5838 3147 5880 3156 5399 3156 5840 3156 5841 3145 5881 3145 5840 3145 5881 3157 5880 3157 5840 3157 5504 3147 5882 3147 5505 3147 5882 3147 5842 3147 5505 3147 5883 2 5399 2 5843 2 5844 2716 5884 2716 5843 2716 5884 1431 5883 1431 5843 1431 5420 3158 5885 3158 5845 3158 5885 1433 5886 1433 5845 1433 5886 1434 5846 1434 5845 1434 5887 2 5420 2 5847 2 5848 3145 5888 3145 5847 3145 5888 1435 5887 1435 5847 1435 5515 3151 5889 3151 5516 3151 5889 3152 5849 3152 5516 3152 5890 2 5420 2 5850 2 5851 2720 5891 2720 5850 2720 5891 1435 5890 1435 5850 1435 5892 3159 5893 3159 5852 3159 5696 2 5892 2 5852 2 5893 1330 5894 1330 5852 1330 5894 1621 5853 1621 5852 1621 5892 3160 5895 3160 5893 3160 5895 2 5896 2 5893 2 5896 2 5897 2 5893 2 5897 3161 5898 3161 5893 3161 5898 3162 5894 3162 5893 3162 5899 2 5279 2 5854 2 5855 1440 5900 1440 5854 1440 5900 3163 5899 3163 5854 3163 5301 3164 5901 3164 5856 3164 5901 3165 5902 3165 5856 3165 5902 3166 5857 3166 5856 3166 5903 2 5301 2 5858 2 5859 1440 5904 1440 5858 1440 5904 3167 5903 3167 5858 3167 5319 3168 5905 3168 5860 3168 5905 3169 5906 3169 5860 3169 5906 3169 5861 3169 5860 3169 5907 2 5324 2 5862 2 5863 1435 5908 1435 5862 1435 5908 3170 5907 3170 5862 3170 5817 3171 5909 3171 5818 3171 5909 3171 5864 3171 5818 3171 5910 3172 5817 3172 5865 3172 5866 1435 5911 1435 5865 1435 5911 3170 5910 3170 5865 3170 5348 2 5912 2 5867 2 5912 3171 5913 3171 5867 3171 5913 3171 5868 3171 5867 3171 5914 2 5348 2 5869 2 5870 1435 5915 1435 5869 1435 5915 3170 5914 3170 5869 3170 5826 3173 5916 3173 5871 3173 5916 3169 5917 3169 5871 3169 5917 3169 5872 3169 5871 3169 5873 3154 5918 3154 5829 3154 5918 3170 5830 3170 5829 3170 5375 3174 5919 3174 5874 3174 5919 3169 5920 3169 5874 3169 5920 3169 5875 3169 5874 3169 5921 2 5375 2 5876 2 5877 1440 5922 1440 5876 1440 5922 3170 5921 3170 5876 3170 5399 3175 5923 3175 5878 3175 5923 3169 5924 3169 5878 3169 5924 3169 5879 3169 5878 3169 5925 2 5399 2 5880 2 5881 3176 5926 3176 5880 3176 5926 3163 5925 3163 5880 3163 5503 3171 5927 3171 5504 3171 5927 3171 5882 3171 5504 3171 5928 2 5399 2 5883 2 5884 1440 5929 1440 5883 1440 5929 3163 5928 3163 5883 3163 5420 2 5930 2 5885 2 5930 3171 5931 3171 5885 3171 5931 3171 5886 3171 5885 3171 5932 2 5420 2 5887 2 5888 1435 5933 1435 5887 1435 5933 3170 5932 3170 5887 3170 5514 3169 5934 3169 5515 3169 5934 3169 5889 3169 5515 3169 5935 2 5420 2 5890 2 5891 1435 5936 1435 5890 1435 5936 3163 5935 3163 5890 3163 5896 2 5937 2 5897 2 5937 3169 5938 3169 5897 3169 5938 3169 5898 3169 5897 3169 5939 2174 5279 2174 5899 2174 5900 3163 5940 3163 5899 3163 5940 1337 5939 1337 5899 1337 5301 2176 5941 2176 5901 2176 5941 2934 5942 2934 5901 2934 5942 1340 5902 1340 5901 1340 5943 2 5301 2 5903 2 5904 3177 5944 3177 5903 3177 5944 1337 5943 1337 5903 1337 5319 2179 5945 2179 5905 2179 5945 2934 5946 2934 5905 2934 5946 1340 5906 1340 5905 1340 5947 2 5324 2 5907 2 5908 3170 5948 3170 5907 3170 5948 1337 5947 1337 5907 1337 5348 3178 5949 3178 5817 3178 5950 2 5951 2 5817 2 5951 2 5348 2 5817 2 5910 2 5952 2 5817 2 5952 2 5950 2 5817 2 5949 2934 5953 2934 5817 2934 5953 1340 5909 1340 5817 1340 5911 3170 5954 3170 5910 3170 5954 1337 5952 1337 5910 1337 5348 2181 5955 2181 5912 2181 5955 2934 5956 2934 5912 2934 5956 1340 5913 1340 5912 1340 5957 2 5348 2 5914 2 5915 3170 5958 3170 5914 3170 5958 1337 5957 1337 5914 1337 5826 3179 5959 3179 5916 3179 5959 2934 5960 2934 5916 2934 5960 1340 5917 1340 5916 1340 5918 3170 5961 3170 5830 3170 5961 2207 5831 2207 5830 2207 5375 2184 5962 2184 5919 2184 5962 2936 5963 2936 5919 2936 5963 1345 5920 1345 5919 1345 5964 2186 5375 2186 5921 2186 5922 3170 5965 3170 5921 3170 5965 1342 5964 1342 5921 1342 5399 2188 5966 2188 5923 2188 5966 2934 5967 2934 5923 2934 5967 1340 5924 1340 5923 1340 5968 2189 5399 2189 5925 2189 5926 3163 5969 3163 5925 3163 5969 1337 5968 1337 5925 1337 5546 2934 5970 2934 5503 2934 5970 1340 5927 1340 5503 1340 5971 2 5399 2 5928 2 5929 3163 5972 3163 5928 3163 5972 1342 5971 1342 5928 1342 5420 2192 5973 2192 5930 2192 5973 2934 5974 2934 5930 2934 5974 1340 5931 1340 5930 1340 5975 2 5420 2 5932 2 5933 3170 5976 3170 5932 3170 5976 1337 5975 1337 5932 1337 5554 2934 5977 2934 5514 2934 5977 1340 5934 1340 5514 1340 5978 2 5420 2 5935 2 5936 3163 5979 3163 5935 3163 5979 1342 5978 1342 5935 1342 5896 2195 5980 2195 5937 2195 5980 2936 5981 2936 5937 2936 5981 1345 5938 1345 5937 1345 5982 2 5279 2 5939 2 5940 2937 5983 2937 5939 2937 5983 2946 5982 2946 5939 2946 5301 3180 5984 3180 5941 3180 5984 1460 5985 1460 5941 1460 5985 3181 5942 3181 5941 3181 5986 3182 5301 3182 5943 3182 5944 2937 5987 2937 5943 2937 5987 3183 5986 3183 5943 3183 5319 3184 5988 3184 5945 3184 5988 3185 5989 3185 5945 3185 5989 3186 5946 3186 5945 3186 5990 2 5324 2 5947 2 5948 2937 5991 2937 5947 2937 5991 3183 5990 3183 5947 3183 5348 3187 5992 3187 5949 3187 5992 1460 5993 1460 5949 1460 5993 3181 5953 3181 5949 3181 5954 2937 5994 2937 5952 2937 5994 3183 5950 3183 5952 3183 5348 3188 5995 3188 5955 3188 5995 1460 5996 1460 5955 1460 5996 3181 5956 3181 5955 3181 5997 3189 5348 3189 5957 3189 5958 2937 5998 2937 5957 2937 5998 3183 5997 3183 5957 3183 5826 3190 5999 3190 5959 3190 5999 1460 6000 1460 5959 1460 6000 3181 5960 3181 5959 3181 5961 3191 6001 3191 5831 3191 6001 3192 5825 3192 5831 3192 5375 3193 6002 3193 5962 3193 6002 3194 6003 3194 5962 3194 6003 3195 5963 3195 5962 3195 6004 2 5375 2 5964 2 5965 2941 6005 2941 5964 2941 6005 3183 6004 3183 5964 3183 5399 3196 6006 3196 5966 3196 6006 3197 6007 3197 5966 3197 6007 3198 5967 3198 5966 3198 6008 2 5399 2 5968 2 5969 2937 6009 2937 5968 2937 6009 3183 6008 3183 5968 3183 5545 1460 6010 1460 5546 1460 6010 3181 5970 3181 5546 3181 6011 3199 5399 3199 5971 3199 5972 2941 6012 2941 5971 2941 6012 3183 6011 3183 5971 3183 5420 3200 6013 3200 5973 3200 6013 3197 6014 3197 5973 3197 6014 3198 5974 3198 5973 3198 6015 2 5420 2 5975 2 5976 2937 6016 2937 5975 2937 6016 3183 6015 3183 5975 3183 5552 1460 6017 1460 5554 1460 6017 3181 5977 3181 5554 3181 6018 2 5420 2 5978 2 5979 2941 6019 2941 5978 2941 6019 3183 6018 3183 5978 3183 5896 2217 6020 2217 5980 2217 6020 1463 6021 1463 5980 1463 6021 3201 5981 3201 5980 3201 6022 2 5279 2 5982 2 5983 1464 6023 1464 5982 1464 6023 3202 6022 3202 5982 3202 5301 2 6024 2 5984 2 6024 3203 6025 3203 5984 3203 6025 3203 5985 3203 5984 3203 6026 2 5301 2 5986 2 5987 1465 6027 1465 5986 1465 6027 3204 6026 3204 5986 3204 5319 2 6028 2 5988 2 6028 3203 6029 3203 5988 3203 6029 3203 5989 3203 5988 3203 6030 2 5324 2 5990 2 5991 1465 6031 1465 5990 1465 6031 3204 6030 3204 5990 3204 5348 3205 6032 3205 5992 3205 6032 3203 6033 3203 5992 3203 6033 3203 5993 3203 5992 3203 5994 1465 6034 1465 5950 1465 6034 3204 5951 3204 5950 3204 5348 2 6035 2 5995 2 6035 3203 6036 3203 5995 3203 6036 3203 5996 3203 5995 3203 6037 2 5348 2 5997 2 5998 1465 6038 1465 5997 1465 6038 3204 6037 3204 5997 3204 5826 3206 6039 3206 5999 3206 6039 3203 6040 3203 5999 3203 6040 3203 6000 3203 5999 3203 6001 3207 6041 3207 5825 3207 6041 3208 5826 3208 5825 3208 5375 2 6042 2 6002 2 6042 3203 6043 3203 6002 3203 6043 3203 6003 3203 6002 3203 6044 2 5375 2 6004 2 6005 1465 6045 1465 6004 1465 6045 3204 6044 3204 6004 3204 5399 2 6046 2 6006 2 6046 3203 6047 3203 6006 3203 6047 3203 6007 3203 6006 3203 6048 2 5399 2 6008 2 6009 1465 6049 1465 6008 1465 6049 3204 6048 3204 6008 3204 5544 3203 6050 3203 5545 3203 6050 3203 6010 3203 5545 3203 6051 2 5399 2 6011 2 6012 1465 6052 1465 6011 1465 6052 3204 6051 3204 6011 3204 5420 3209 6053 3209 6013 3209 6053 3210 6054 3210 6013 3210 6054 3211 6014 3211 6013 3211 6055 2 5420 2 6015 2 6016 1465 6056 1465 6015 1465 6056 3204 6055 3204 6015 3204 5551 3203 6057 3203 5552 3203 6057 3203 6017 3203 5552 3203 5896 3212 5420 3212 6018 3212 6058 3213 5896 3213 6018 3213 6019 1465 6059 1465 6018 1465 6059 3214 6058 3214 6018 3214 5896 2 6060 2 6020 2 6060 3203 6061 3203 6020 3203 6061 3203 6021 3203 6020 3203 6062 2 5279 2 6022 2 6023 3215 6063 3215 6022 3215 6063 3216 6062 3216 6022 3216 5301 3217 6064 3217 6024 3217 6064 3218 6065 3218 6024 3218 6065 3219 6025 3219 6024 3219 5319 3220 5301 3220 6026 3220 6066 2 5319 2 6026 2 6027 3204 6067 3204 6026 3204 6067 3221 6066 3221 6026 3221 5319 2 6068 2 6028 2 6068 3218 6069 3218 6028 3218 6069 3219 6029 3219 6028 3219 6070 2 5324 2 6030 2 6031 3204 6071 3204 6030 3204 6071 3222 6070 3222 6030 3222 5348 3223 6072 3223 6032 3223 6072 3218 6073 3218 6032 3218 6073 3219 6033 3219 6032 3219 6074 2 5348 2 5951 2 6034 3204 6075 3204 5951 3204 6075 3222 6074 3222 5951 3222 5348 3224 6076 3224 6035 3224 6076 3225 6077 3225 6035 3225 6077 3226 6036 3226 6035 3226 6078 3227 5348 3227 6037 3227 6038 3204 6079 3204 6037 3204 6079 3221 6078 3221 6037 3221 5826 3228 6080 3228 6039 3228 6080 3225 6081 3225 6039 3225 6081 3226 6040 3226 6039 3226 5375 2 5348 2 5826 2 6082 2 5375 2 5826 2 5348 3229 6080 3229 5826 3229 6041 3230 6083 3230 5826 3230 6083 3222 6082 3222 5826 3222 5375 2 6084 2 6042 2 6084 3218 6085 3218 6042 3218 6085 3219 6043 3219 6042 3219 6086 2 5375 2 6044 2 6045 3204 6087 3204 6044 3204 6087 3221 6086 3221 6044 3221 5399 3231 6088 3231 6046 3231 6088 3225 6089 3225 6046 3225 6089 3226 6047 3226 6046 3226 6090 2 5399 2 6048 2 6049 3204 6091 3204 6048 3204 6091 3222 6090 3222 6048 3222 5632 3218 6092 3218 5544 3218 6092 3219 6050 3219 5544 3219 6093 2 5399 2 6051 2 6052 3204 6094 3204 6051 3204 6094 3222 6093 3222 6051 3222 5420 3232 6095 3232 6053 3232 6095 3225 6096 3225 6053 3225 6096 3226 6054 3226 6053 3226 6097 2 5420 2 6055 2 6056 3204 6098 3204 6055 3204 6098 3221 6097 3221 6055 3221 5638 3225 6099 3225 5551 3225 6099 3226 6057 3226 5551 3226 6100 3233 5896 3233 6058 3233 6059 3234 6101 3234 6058 3234 6101 3222 6100 3222 6058 3222 5896 2 6102 2 6060 2 6102 3218 6103 3218 6060 3218 6103 3219 6061 3219 6060 3219 6104 3097 5278 3097 5281 3097 5280 3235 6104 3235 5281 3235 6105 3236 5892 3236 5696 3236 5700 3236 6105 3236 5696 3236 5301 3237 5279 3237 6062 3237 6106 2 5301 2 6062 2 6063 3238 6107 3238 6062 3238 6107 1485 6106 1485 6062 1485 5301 3239 6106 3239 6064 3239 6106 1701 6108 1701 6064 1701 6108 3240 6065 3240 6064 3240 6109 2 5319 2 6066 2 6067 3241 6110 3241 6066 3241 6110 3242 6109 3242 6066 3242 5319 2 6109 2 6068 2 6109 1701 6111 1701 6068 1701 6111 3240 6069 3240 6068 3240 6112 3243 5324 3243 6070 3243 6071 3244 6113 3244 6070 3244 6113 3242 6112 3242 6070 3242 5324 3245 6112 3245 6072 3245 5348 3246 5324 3246 6072 3246 6112 3247 6114 3247 6072 3247 6114 3248 6073 3248 6072 3248 6115 2 5348 2 6074 2 6075 3244 6116 3244 6074 3244 6116 3242 6115 3242 6074 3242 5348 3249 6115 3249 6076 3249 6115 1701 6117 1701 6076 1701 6117 3240 6077 3240 6076 3240 6118 3250 5348 3250 6078 3250 6079 3241 6119 3241 6078 3241 6119 3251 6118 3251 6078 3251 5348 3252 6118 3252 6080 3252 6118 1701 6120 1701 6080 1701 6120 3240 6081 3240 6080 3240 6121 3253 5375 3253 6082 3253 6083 3244 6122 3244 6082 3244 6122 3242 6121 3242 6082 3242 5375 3254 6121 3254 6084 3254 6121 3247 6123 3247 6084 3247 6123 3248 6085 3248 6084 3248 6124 3255 5375 3255 6086 3255 6087 3241 6125 3241 6086 3241 6125 3242 6124 3242 6086 3242 5399 3256 6124 3256 6088 3256 6124 1701 6126 1701 6088 1701 6126 3240 6089 3240 6088 3240 6127 2 5399 2 6090 2 6091 3244 6128 3244 6090 3244 6128 3242 6127 3242 6090 3242 5399 3257 6127 3257 5632 3257 6127 3247 6129 3247 5632 3247 6129 3248 6092 3248 5632 3248 6130 2 5399 2 6093 2 6094 3244 6131 3244 6093 3244 6131 3242 6130 3242 6093 3242 5420 3258 6130 3258 6095 3258 6130 1701 6132 1701 6095 1701 6132 3240 6096 3240 6095 3240 6133 2 5420 2 6097 2 6098 3241 6134 3241 6097 3241 6134 3251 6133 3251 6097 3251 5420 3259 6133 3259 5638 3259 6133 1701 6135 1701 5638 1701 6135 3240 6099 3240 5638 3240 6136 2 5896 2 6100 2 6101 3244 6137 3244 6100 3244 6137 3242 6136 3242 6100 3242 5896 3260 6136 3260 6102 3260 6136 1483 6138 1483 6102 1483 6138 1482 6103 1482 6102 1482 6107 1475 6108 1475 6106 1475 6110 1706 6111 1706 6109 1706 6113 1706 6114 1706 6112 1706 6116 1706 6117 1706 6115 1706 6119 3261 6120 3261 6118 3261 6122 1706 6123 1706 6121 1706 5399 3262 5375 3262 6124 3262 6125 1706 6126 1706 6124 1706 6128 1706 6129 1706 6127 1706 5420 3263 5399 3263 6130 3263 6131 1706 6132 1706 6130 1706 6134 3261 6135 3261 6133 3261 6137 1706 6138 1706 6136 1706 5279 3264 6139 3264 5280 3264 6140 3235 6104 3235 5280 3235 6141 3265 6140 3265 5280 3265 6139 3266 6141 3266 5280 3266 6105 3267 5895 3267 5892 3267 5279 2 6142 2 6139 2 6143 3268 6141 3268 6139 3268 6142 3269 6143 3269 6139 3269 6144 2 6142 2 5279 2 6145 2 6144 2 5279 2 5301 3270 6145 3270 5279 3270 6146 2 6145 2 5301 2 6147 2 6146 2 5301 2 5319 2 6147 2 5301 2 6148 2 6149 2 5319 2 6149 3271 6150 3271 5319 3271 6150 2 6151 2 5319 2 6151 2 6152 2 5319 2 6152 2 6153 2 5319 2 6153 2 6154 2 5319 2 6154 2 6155 2 5319 2 6155 3272 6156 3272 5319 3272 6156 2 6157 2 5319 2 6158 2 6147 2 5319 2 6157 2 6158 2 5319 2 5324 2 6148 2 5319 2 6159 3273 6148 3273 5324 3273 5348 2 6160 2 5324 2 6160 2 6161 2 5324 2 6161 2 6159 2 5324 2 5375 2 6162 2 5348 2 6162 2 6160 2 5348 2 6163 2 6162 2 5375 2 5399 2 6163 2 5375 2 5420 3274 6164 3274 5399 3274 6164 2 6163 2 5399 2 6165 2 6166 2 5420 2 6166 2 6167 2 5420 2 6168 2 6169 2 5420 2 6169 2 6170 2 5420 2 6170 2 6171 2 5420 2 6171 2 6165 2 5420 2 6172 2 6173 2 5420 2 6173 3275 6174 3275 5420 3275 6174 2 6168 2 5420 2 6175 2 6172 2 5420 2 5896 2 6175 2 5420 2 6167 2 6164 2 5420 2 34 2 33 2 5896 2 33 2 6175 2 5896 2 5895 2 6176 2 5896 2 6176 2 6177 2 5896 2 6177 3276 34 3276 5896 3276 6178 3277 6176 3277 5895 3277 6105 3278 6178 3278 5895 3278 6179 3279 6143 3279 6142 3279 6144 3280 6179 3280 6142 3280 6180 3281 6177 3281 6176 3281 6181 3282 6180 3282 6176 3282 6178 3283 6181 3283 6176 3283 6161 129 6182 129 6159 129 6182 129 6183 129 6159 129 6183 3284 6148 3284 6159 3284 6160 129 6184 129 6161 129 6184 129 6182 129 6161 129 6162 129 6185 129 6160 129 6185 129 6184 129 6160 129 6163 129 6186 129 6162 129 6186 129 6185 129 6162 129 6164 129 6187 129 6163 129 6187 129 6186 129 6163 129 6188 3285 6187 3285 6164 3285 6167 3286 6188 3286 6164 3286 6189 3287 6149 3287 6148 3287 6183 3288 6189 3288 6148 3288 6190 3289 6188 3289 6167 3289 6166 3290 6190 3290 6167 3290 6191 3291 6150 3291 6149 3291 6189 3287 6191 3287 6149 3287 6192 3292 6190 3292 6166 3292 6165 3293 6192 3293 6166 3293 6193 3294 6151 3294 6150 3294 6191 3295 6193 3295 6150 3295 6194 3296 6192 3296 6165 3296 6171 3297 6194 3297 6165 3297 6195 3298 6179 3298 6144 3298 6145 3298 6195 3298 6144 3298 6196 3299 6152 3299 6151 3299 6193 3294 6196 3294 6151 3294 6197 3300 6194 3300 6171 3300 6170 3300 6197 3300 6171 3300 6146 3301 6195 3301 6145 3301 32 3302 34 3302 6177 3302 6180 3303 32 3303 6177 3303 6198 3304 6153 3304 6152 3304 6196 3299 6198 3299 6152 3299 6199 3305 6197 3305 6170 3305 6169 3306 6199 3306 6170 3306 6200 3307 6154 3307 6153 3307 6198 3308 6200 3308 6153 3308 6201 3309 6199 3309 6169 3309 6168 3310 6201 3310 6169 3310 6202 3311 6155 3311 6154 3311 6200 3312 6202 3312 6154 3312 6203 3313 6201 3313 6168 3313 6174 3314 6203 3314 6168 3314 6147 3315 6204 3315 6146 3315 6204 3316 6205 3316 6146 3316 6205 3317 6195 3317 6146 3317 6206 3318 6156 3318 6155 3318 6202 3319 6206 3319 6155 3319 6207 3320 6203 3320 6174 3320 6173 3320 6207 3320 6174 3320 6208 3321 6157 3321 6156 3321 6206 3318 6208 3318 6156 3318 6209 3322 6207 3322 6173 3322 6172 3323 6209 3323 6173 3323 32 32 6210 32 33 32 6210 3324 6175 3324 33 3324 6211 2 6158 2 6157 2 6212 3325 6211 3325 6157 3325 6208 3326 6212 3326 6157 3326 6175 3327 6213 3327 6172 3327 6214 3328 6209 3328 6172 3328 6213 3329 6214 3329 6172 3329 6215 2 6158 2 6211 2 6216 3330 6215 3330 6211 3330 6212 3331 6216 3331 6211 3331 6175 3332 6217 3332 6213 3332 6218 3333 6214 3333 6213 3333 6217 3334 6218 3334 6213 3334 6219 2 6158 2 6215 2 6220 3335 6219 3335 6215 3335 6216 3330 6220 3330 6215 3330 6175 3336 6221 3336 6217 3336 6222 3337 6218 3337 6217 3337 6221 3337 6222 3337 6217 3337 6223 3338 6158 3338 6219 3338 6224 3339 6223 3339 6219 3339 6220 3335 6224 3335 6219 3335 6175 3340 6225 3340 6221 3340 6226 3341 6222 3341 6221 3341 6225 3342 6226 3342 6221 3342 6227 2 6158 2 6223 2 6228 3343 6227 3343 6223 3343 6224 3344 6228 3344 6223 3344 6175 3345 6229 3345 6225 3345 6229 3346 6230 3346 6225 3346 6230 3346 6226 3346 6225 3346 6231 2 6232 2 6227 2 6232 2 6233 2 6227 2 6233 2 6158 2 6227 2 6228 3347 6234 3347 6227 3347 6234 3348 6231 3348 6227 3348 6158 3349 6235 3349 6147 3349 6235 3350 6204 3350 6147 3350 6236 3351 6237 3351 6238 3351 6239 2 6240 2 6238 2 6240 2 6241 2 6238 2 6241 3352 6236 3352 6238 3352 6242 2 6243 2 6238 2 6243 2 6244 2 6238 2 6244 2 6245 2 6238 2 6245 2 6246 2 6238 2 6237 2 6247 2 6238 2 6247 3353 6248 3353 6238 3353 6248 3354 6242 3354 6238 3354 6246 3355 6249 3355 6238 3355 6249 36 6250 36 6238 36 6250 36 6239 36 6238 36 6251 2 6240 2 6239 2 6252 3356 6253 3356 6239 3356 6253 2 6254 2 6239 2 6254 2 6251 2 6239 2 6250 3357 6252 3357 6239 3357 6255 2 6256 2 6252 2 6257 2 6255 2 6252 2 6256 2 6258 2 6252 2 6258 2 6253 2 6252 2 6259 2 6260 2 6252 2 6260 3358 6261 3358 6252 3358 6261 2 6257 2 6252 2 6262 3359 6263 3359 6252 3359 6264 2 6262 2 6252 2 6265 2 6266 2 6252 2 6266 2 6267 2 6252 2 6267 2 6264 2 6252 2 6263 2 6268 2 6252 2 6268 3360 6269 3360 6252 3360 6269 2 6259 2 6252 2 6250 3361 6270 3361 6252 3361 6270 3362 6265 3362 6252 3362 6271 2 6272 2 6246 2 6272 2 6273 2 6246 2 6273 3363 6274 3363 6246 3363 6245 2 6275 2 6246 2 6275 2 6271 2 6246 2 6274 3364 6276 3364 6246 3364 6276 3365 6249 3365 6246 3365 6277 3366 6278 3366 6265 3366 6278 2 6266 2 6265 2 6279 3367 6280 3367 6265 3367 6280 2 6281 2 6265 2 6281 2 6277 2 6265 2 6282 3368 6279 3368 6265 3368 6283 3368 6282 3368 6265 3368 6270 3369 6283 3369 6265 3369 6273 2 6284 2 6274 2 6284 3370 6285 3370 6274 3370 6285 2 6286 2 6274 2 6286 3371 6287 3371 6274 3371 6287 3364 6276 3364 6274 3364 6288 2 6289 2 6279 2 6289 3372 6290 3372 6279 3372 6290 2 6280 2 6279 2 6291 3373 6288 3373 6279 3373 6282 3374 6291 3374 6279 3374 6233 3375 6292 3375 6158 3375 6292 3376 6235 3376 6158 3376 6293 669 6241 669 6240 669 6251 3052 6294 3052 6240 3052 6294 670 6293 670 6240 670 6293 1395 6295 1395 6241 1395 6295 677 6236 677 6241 677 6254 1077 6296 1077 6251 1077 6296 674 6294 674 6251 674 6295 3377 6297 3377 6236 3377 6297 3378 6237 3378 6236 3378 6253 683 6298 683 6254 683 6298 1080 6296 1080 6254 1080 6297 701 6299 701 6237 701 6299 702 6247 702 6237 702 6258 3379 6300 3379 6253 3379 6300 704 6298 704 6253 704 6299 3380 6301 3380 6247 3380 6301 3381 6248 3381 6247 3381 6256 3382 6302 3382 6258 3382 6302 3383 6300 3383 6258 3383 6285 3384 6303 3384 6286 3384 6303 2 6304 2 6286 2 6304 3385 6305 3385 6286 3385 6305 3386 6287 3386 6286 3386 6306 3387 6289 3387 6288 3387 6291 3388 6307 3388 6288 3388 6307 3389 6306 3389 6288 3389 6308 2 6242 2 6248 2 6301 3390 6309 3390 6248 3390 6309 735 6308 735 6248 735 6255 734 6310 734 6256 734 6310 734 6302 734 6256 734 6311 3391 6242 3391 6308 3391 6309 735 6312 735 6308 735 6312 3392 6311 3392 6308 3392 6257 3393 6313 3393 6255 3393 6313 3393 6310 3393 6255 3393 6271 3394 6314 3394 6272 3394 6314 3395 6315 3395 6272 3395 6315 3396 6273 3396 6272 3396 6281 3397 6316 3397 6277 3397 6316 3397 6317 3397 6277 3397 6317 3398 6278 3398 6277 3398 6275 3399 6318 3399 6271 3399 6318 3400 6314 3400 6271 3400 6317 3401 6319 3401 6278 3401 6319 3402 6266 3402 6278 3402 6315 3403 6320 3403 6273 3403 6320 3404 6284 3404 6273 3404 6280 3405 6321 3405 6281 3405 6321 3406 6316 3406 6281 3406 6245 3407 6322 3407 6275 3407 6322 3408 6318 3408 6275 3408 6319 3409 6323 3409 6266 3409 6323 3410 6267 3410 6266 3410 6320 3411 6324 3411 6284 3411 6324 3412 6285 3412 6284 3412 6290 3413 6325 3413 6280 3413 6325 3414 6321 3414 6280 3414 6326 3415 6242 3415 6311 3415 6312 3392 6327 3392 6311 3392 6327 3416 6326 3416 6311 3416 6261 3417 6328 3417 6257 3417 6328 3418 6313 3418 6257 3418 6244 3419 6329 3419 6245 3419 6329 3420 6322 3420 6245 3420 6323 3421 6330 3421 6267 3421 6330 3422 6264 3422 6267 3422 6243 3423 6331 3423 6244 3423 6331 3424 6329 3424 6244 3424 6330 3425 6332 3425 6264 3425 6332 3426 6262 3426 6264 3426 6333 3427 6242 3427 6326 3427 6327 3428 6334 3428 6326 3428 6334 3429 6333 3429 6326 3429 6260 780 6335 780 6261 780 6335 779 6328 779 6261 779 6242 3430 6336 3430 6243 3430 6336 3431 6331 3431 6243 3431 6332 3432 6337 3432 6262 3432 6337 3433 6263 3433 6262 3433 6338 2 6229 2 6175 2 6210 3434 6339 3434 6175 3434 6339 3435 6338 3435 6175 3435 6340 2 6341 2 6333 2 6341 3436 6342 3436 6333 3436 6342 3437 6242 3437 6333 3437 6334 3438 6343 3438 6333 3438 6343 406 6340 406 6333 406 6259 2 6344 2 6260 2 6344 119 6345 119 6260 119 6345 119 6335 119 6260 119 6342 3439 6346 3439 6242 3439 6346 3440 6336 3440 6242 3440 6337 3441 6347 3441 6263 3441 6347 3442 6268 3442 6263 3442 6348 2 6349 2 6340 2 6349 2 6341 2 6340 2 6343 406 6350 406 6340 406 6350 3443 6348 3443 6340 3443 6259 3444 6351 3444 6344 3444 6351 797 6352 797 6344 797 6352 1182 6345 1182 6344 1182 6341 3445 6353 3445 6342 3445 6353 3446 6346 3446 6342 3446 6347 3447 6354 3447 6268 3447 6354 3448 6269 3448 6268 3448 6355 3449 6356 3449 6348 3449 6357 3450 6355 3450 6348 3450 6356 2 6358 2 6348 2 6358 2 6349 2 6348 2 6350 822 6359 822 6348 822 6359 3451 6357 3451 6348 3451 6259 3452 6360 3452 6351 3452 6360 3453 6361 3453 6351 3453 6361 1194 6352 1194 6351 1194 6324 3454 6362 3454 6285 3454 6362 3455 6303 3455 6285 3455 6289 3456 6363 3456 6290 3456 6363 3456 6325 3456 6290 3456 6349 3457 6364 3457 6341 3457 6364 3458 6353 3458 6341 3458 6365 3459 6259 3459 6269 3459 6354 3460 6366 3460 6269 3460 6366 3461 6365 3461 6269 3461 6367 3462 6368 3462 6357 3462 6369 3463 6355 3463 6357 3463 6368 2 6369 2 6357 2 6359 3464 6370 3464 6357 3464 6370 3465 6367 3465 6357 3465 6259 2 6371 2 6360 2 6371 3466 6372 3466 6360 3466 6372 3466 6361 3466 6360 3466 6358 3467 6373 3467 6349 3467 6373 3468 6364 3468 6349 3468 6374 2 6259 2 6365 2 6366 3469 6375 3469 6365 3469 6375 3470 6374 3470 6365 3470 6376 2 6368 2 6367 2 6370 3465 6377 3465 6367 3465 6377 891 6376 891 6367 891 6259 3471 6378 3471 6371 3471 6378 872 6379 872 6371 872 6379 872 6372 872 6371 872 6356 3472 6380 3472 6358 3472 6380 3473 6373 3473 6358 3473 6381 2 6259 2 6374 2 6375 3474 6382 3474 6374 3474 6382 3475 6381 3475 6374 3475 6383 3476 6368 3476 6376 3476 6377 891 6384 891 6376 891 6384 895 6383 895 6376 895 6259 3477 6385 3477 6378 3477 6385 897 6386 897 6378 897 6386 898 6379 898 6378 898 6303 2 6387 2 6304 2 6387 2 6388 2 6304 2 6388 3478 6389 3478 6304 3478 6389 3478 6390 3478 6304 3478 6390 3479 6305 3479 6304 3479 6391 2 6392 2 6306 2 6392 2 6289 2 6306 2 6307 3480 6391 3480 6306 3480 6355 3481 6393 3481 6356 3481 6393 3482 6380 3482 6356 3482 6394 2 6259 2 6381 2 6382 3483 6395 3483 6381 3483 6395 3484 6394 3484 6381 3484 6396 2 6368 2 6383 2 6384 895 6397 895 6383 895 6397 3485 6396 3485 6383 3485 6259 3486 6398 3486 6385 3486 6398 3194 6399 3194 6385 3194 6399 3487 6386 3487 6385 3487 6400 3488 6368 3488 6396 3488 6397 3207 6401 3207 6396 3207 6401 3489 6400 3489 6396 3489 6259 2 6402 2 6398 2 6402 938 6403 938 6398 938 6403 1235 6399 1235 6398 1235 6369 3490 6404 3490 6355 3490 6404 3491 6393 3491 6355 3491 6405 2 6259 2 6394 2 6395 3492 6406 3492 6394 3492 6406 3493 6405 3493 6394 3493 6259 3494 6368 3494 6400 3494 6407 2 6259 2 6400 2 6401 965 6408 965 6400 965 6408 1243 6407 1243 6400 1243 6259 2 6409 2 6402 2 6409 954 6410 954 6402 954 6410 954 6403 954 6402 954 6411 3495 6259 3495 6407 3495 6408 981 6412 981 6407 981 6412 3242 6411 3242 6407 3242 6259 3496 6411 3496 6409 3496 6411 3248 6413 3248 6409 3248 6413 3248 6410 3248 6409 3248 6412 1487 6413 1487 6411 1487 6368 3497 6414 3497 6369 3497 6414 3498 6404 3498 6369 3498 6415 2 6259 2 6405 2 6406 3499 6416 3499 6405 3499 6416 3500 6415 3500 6405 3500 6362 3455 6417 3455 6303 3455 6417 3501 6387 3501 6303 3501 6392 3502 6418 3502 6289 3502 6418 3503 6363 3503 6289 3503 6259 3504 6419 3504 6368 3504 6419 3505 6420 3505 6368 3505 6420 3505 6414 3505 6368 3505 6421 2 6259 2 6415 2 6416 3506 6422 3506 6415 3506 6422 3507 6421 3507 6415 3507 6259 3508 6423 3508 6419 3508 6423 3509 6424 3509 6419 3509 6424 3510 6420 3510 6419 3510 6425 2 6259 2 6421 2 6422 3507 6426 3507 6421 3507 6426 3511 6425 3511 6421 3511 6259 2 6427 2 6423 2 6427 3512 6428 3512 6423 3512 6428 3513 6424 3513 6423 3513 6429 2 6259 2 6425 2 6426 3511 6430 3511 6425 3511 6430 3514 6429 3514 6425 3514 6259 3515 6431 3515 6427 3515 6431 3516 6428 3516 6427 3516 6432 3517 6259 3517 6429 3517 6430 3518 6433 3518 6429 3518 6433 3519 6434 3519 6429 3519 6434 3520 6432 3520 6429 3520 6259 3521 6435 3521 6431 3521 6435 3522 6436 3522 6431 3522 6436 3522 6437 3522 6431 3522 6437 3523 6428 3523 6431 3523 6438 2 6259 2 6432 2 6434 3524 6438 3524 6432 3524 6232 2 6439 2 6233 2 6439 3525 6440 3525 6233 3525 6440 3525 6292 3525 6233 3525 6441 2 6439 2 6232 2 6231 3526 6441 3526 6232 3526 6442 3527 6441 3527 6231 3527 6234 3528 6443 3528 6231 3528 6443 3529 6442 3529 6231 3529 6444 2 6445 2 6388 2 6445 2 6446 2 6388 2 6446 3530 6447 3530 6388 3530 6387 3531 6448 3531 6388 3531 6448 2 6444 2 6388 2 6447 3532 6449 3532 6388 3532 6449 3533 6389 3533 6388 3533 6417 3534 6450 3534 6387 3534 6450 3535 6448 3535 6387 3535 6259 3536 6451 3536 6435 3536 6451 3537 6452 3537 6435 3537 6452 3538 6436 3538 6435 3538 6453 2 6451 2 6259 2 6438 2 6453 2 6259 2 6454 2 6453 2 6438 2 6455 3539 6454 3539 6438 3539 6434 3540 6455 3540 6438 3540 6391 3541 6456 3541 6392 3541 6456 3542 6457 3542 6392 3542 6457 3543 6418 3543 6392 3543 6458 3544 6459 3544 6391 3544 6459 3545 6460 3545 6391 3545 6461 2 6458 2 6391 2 6462 2 6461 2 6391 2 6460 2 6456 2 6391 2 6463 3546 6462 3546 6391 3546 6307 3480 6463 3480 6391 3480 6338 3547 6464 3547 6229 3547 6464 3548 6465 3548 6229 3548 6465 3549 6230 3549 6229 3549 6466 2 6464 2 6338 2 6339 3550 6467 3550 6338 3550 6467 3551 6466 3551 6338 3551 6468 3552 6444 3552 6448 3552 6450 3553 6468 3553 6448 3553 6460 3554 6469 3554 6456 3554 6469 3554 6457 3554 6456 3554 6468 3552 6470 3552 6444 3552 6470 3555 6445 3555 6444 3555 6459 3556 6471 3556 6460 3556 6471 3557 6469 3557 6460 3557 6470 3558 6472 3558 6445 3558 6472 3559 6446 3559 6445 3559 6458 3560 6473 3560 6459 3560 6473 3561 6471 3561 6459 3561 6446 3562 6474 3562 6447 3562 6474 2 6475 2 6447 2 6475 3563 6476 3563 6447 3563 6476 3564 6449 3564 6447 3564 6477 2 6461 2 6462 2 6478 2 6477 2 6462 2 6463 3546 6479 3546 6462 3546 6479 3565 6478 3565 6462 3565 6472 3566 6480 3566 6446 3566 6480 3567 6474 3567 6446 3567 6461 3568 6481 3568 6458 3568 6481 3569 6473 3569 6458 3569 6482 2 6441 2 6442 2 6443 3570 6483 3570 6442 3570 6483 3571 6482 3571 6442 3571 6466 3572 6484 3572 6464 3572 6484 3573 6485 3573 6464 3573 6485 3573 6465 3573 6464 3573 6441 3574 6486 3574 6439 3574 6486 3575 6440 3575 6439 3575 6474 2 6487 2 6475 2 6487 3576 6488 3576 6475 3576 6488 3577 6489 3577 6475 3577 6489 3578 6476 3578 6475 3578 6490 2 6477 2 6478 2 6479 3579 6491 3579 6478 3579 6491 3580 6490 3580 6478 3580 6453 3581 6492 3581 6451 3581 6492 3582 6493 3582 6451 3582 6493 3583 6452 3583 6451 3583 6494 2 6453 2 6454 2 6495 3584 6494 3584 6454 3584 6455 3585 6495 3585 6454 3585 6480 3586 6496 3586 6474 3586 6496 3587 6487 3587 6474 3587 6477 3588 6497 3588 6461 3588 6497 3589 6481 3589 6461 3589 6498 3590 6441 3590 6482 3590 6483 3571 6499 3571 6482 3571 6499 3591 6498 3591 6482 3591 6466 3592 6500 3592 6484 3592 6500 3593 6501 3593 6484 3593 6501 3594 6485 3594 6484 3594 6487 2 6502 2 6488 2 6502 3595 6503 3595 6488 3595 6503 3596 6489 3596 6488 3596 6504 2 6477 2 6490 2 6491 3597 6505 3597 6490 3597 6505 3598 6504 3598 6490 3598 6506 2 6507 2 6504 2 6507 2 6508 2 6504 2 6508 3599 6477 3599 6504 3599 6505 3600 6509 3600 6504 3600 6509 3601 6506 3601 6504 3601 6510 2 6502 2 6487 2 6496 3602 6511 3602 6487 3602 6511 3603 6510 3603 6487 3603 6508 3604 6512 3604 6477 3604 6512 3605 6497 3605 6477 3605 6513 2 6441 2 6498 2 6499 3606 6514 3606 6498 3606 6514 3607 6513 3607 6498 3607 6466 3608 6515 3608 6500 3608 6515 3609 6516 3609 6500 3609 6516 3610 6501 3610 6500 3610 6517 2 6518 2 6502 2 6510 3611 6517 3611 6502 3611 6518 3612 6519 3612 6502 3612 6519 3612 6503 3612 6502 3612 6520 3613 6507 3613 6506 3613 6509 3614 6521 3614 6506 3614 6521 3615 6520 3615 6506 3615 6517 2 6441 2 6513 2 6522 2 6517 2 6513 2 6514 3616 6523 3616 6513 3616 6523 3617 6522 3617 6513 3617 6466 3618 6524 3618 6515 3618 6524 3619 6525 3619 6515 3619 6525 3620 6516 3620 6515 3620 6526 2 6517 2 6510 2 6511 3621 6527 3621 6510 3621 6527 3622 6526 3622 6510 3622 6507 3623 6528 3623 6508 3623 6528 3624 6529 3624 6508 3624 6529 3625 6512 3625 6508 3625 6517 2 6530 2 6518 2 6530 3626 6531 3626 6518 3626 6531 3627 6519 3627 6518 3627 6532 3628 6507 3628 6520 3628 6521 3629 6533 3629 6520 3629 6533 3630 6532 3630 6520 3630 6517 2 6534 2 6530 2 6534 3631 6535 3631 6530 3631 6535 3632 6531 3632 6530 3632 6536 2 6517 2 6522 2 6523 3633 6537 3633 6522 3633 6537 3634 6536 3634 6522 3634 6507 2 6538 2 6524 2 6466 3635 6507 3635 6524 3635 6538 3636 6539 3636 6524 3636 6539 3637 6525 3637 6524 3637 6517 3638 6536 3638 6534 3638 6536 3639 6540 3639 6534 3639 6540 3639 6535 3639 6534 3639 6538 2 6507 2 6532 2 6533 3640 6541 3640 6532 3640 6541 3641 6538 3641 6532 3641 6537 3642 6540 3642 6536 3642 6541 3641 6539 3641 6538 3641 6542 3643 6517 3643 6526 3643 6527 3644 6543 3644 6526 3644 6543 3645 6542 3645 6526 3645 6507 3646 6544 3646 6528 3646 6544 3647 6545 3647 6528 3647 6545 3648 6529 3648 6528 3648 6546 3649 6517 3649 6542 3649 6543 3650 6547 3650 6542 3650 6547 3651 6546 3651 6542 3651 6507 3652 6548 3652 6544 3652 6548 3653 6549 3653 6544 3653 6549 3654 6545 3654 6544 3654 6550 3655 6551 3655 6441 3655 6517 2 6550 2 6441 2 6551 3656 6552 3656 6441 3656 6552 3656 6486 3656 6441 3656 6546 2 6550 2 6517 2 6553 3657 6550 3657 6546 3657 6547 3658 6554 3658 6546 3658 6554 3659 6553 3659 6546 3659 6453 3660 6555 3660 6492 3660 6555 3661 6556 3661 6492 3661 6556 3662 6493 3662 6492 3662 6494 2 6557 2 6453 2 6557 2 6555 2 6453 2 6558 2 6557 2 6494 2 6559 3663 6558 3663 6494 3663 6495 3664 6559 3664 6494 3664 6507 3665 6560 3665 6548 3665 6560 3666 6561 3666 6548 3666 6561 3667 6549 3667 6548 3667 35 2 6562 2 6507 2 6466 3668 35 3668 6507 3668 6562 2 6560 2 6507 2 6467 3669 6563 3669 6466 3669 6563 3670 35 3670 6466 3670 6564 3671 6550 3671 6553 3671 6554 3659 6565 3659 6553 3659 6565 3672 6564 3672 6553 3672 6562 3673 6566 3673 6560 3673 6566 3674 6567 3674 6560 3674 6567 3675 6561 3675 6560 3675 6557 3676 6568 3676 6555 3676 6568 3677 6569 3677 6555 3677 6569 3678 6556 3678 6555 3678 6570 2 6557 2 6558 2 6571 3679 6570 3679 6558 3679 6559 3663 6571 3663 6558 3663 6572 2 6550 2 6564 2 6565 3680 6573 3680 6564 3680 6573 3681 6572 3681 6564 3681 6562 3682 6574 3682 6566 3682 6574 3683 6575 3683 6566 3683 6575 3684 6567 3684 6566 3684 6557 3685 6576 3685 6568 3685 6576 3686 6577 3686 6568 3686 6577 3687 6569 3687 6568 3687 6578 3688 6557 3688 6570 3688 6571 3679 6579 3679 6570 3679 6579 3689 6578 3689 6570 3689 6580 2 6550 2 6572 2 6573 3681 6581 3681 6572 3681 6581 3690 6580 3690 6572 3690 6562 3691 6582 3691 6574 3691 6582 3692 6583 3692 6574 3692 6583 3693 6575 3693 6574 3693 6557 3694 6584 3694 6576 3694 6584 3695 6585 3695 6576 3695 6585 3696 6577 3696 6576 3696 6586 2 6557 2 6578 2 6579 3697 6587 3697 6578 3697 6587 3698 6586 3698 6578 3698 6588 2 6550 2 6580 2 6581 3699 6589 3699 6580 3699 6589 3700 6588 3700 6580 3700 6562 3701 6590 3701 6582 3701 6590 3702 6591 3702 6582 3702 6591 3702 6583 3702 6582 3702 6557 3703 6592 3703 6584 3703 6592 3704 6593 3704 6584 3704 6593 3705 6585 3705 6584 3705 6594 3706 6557 3706 6586 3706 6587 3707 6595 3707 6586 3707 6595 3708 6594 3708 6586 3708 6596 2 6550 2 6588 2 6589 3700 6597 3700 6588 3700 6597 3709 6596 3709 6588 3709 6562 3710 6598 3710 6590 3710 6598 3711 6599 3711 6590 3711 6599 3712 6591 3712 6590 3712 6557 3713 6596 3713 6592 3713 6596 3714 6600 3714 6592 3714 6600 3714 6593 3714 6592 3714 6562 2 6557 2 6594 2 6598 2 6562 2 6594 2 6595 3715 6601 3715 6594 3715 6601 3716 6598 3716 6594 3716 6557 3717 6550 3717 6596 3717 6597 3718 6600 3718 6596 3718 6601 3716 6599 3716 6598 3716 6550 3719 6602 3719 6551 3719 6602 3720 6603 3720 6551 3720 6603 3721 6552 3721 6551 3721 6604 2 6602 2 6550 2 6605 2 6606 2 6550 2 6606 2 6607 2 6550 2 6607 3722 6604 3722 6550 3722 6557 3723 6608 3723 6550 3723 6608 3724 6609 3724 6550 3724 6609 3725 6610 3725 6550 3725 6610 3726 6611 3726 6550 3726 6611 2 6612 2 6550 2 6612 3727 6613 3727 6550 3727 6613 2 6614 2 6550 2 6614 2 6615 2 6550 2 6615 2 6616 2 6550 2 6616 2 6617 2 6550 2 6617 2 6605 2 6550 2 6618 2 6608 2 6557 2 6619 2 6620 2 6557 2 6620 2 6621 2 6557 2 6621 2 6618 2 6557 2 6622 2 6623 2 6557 2 6623 2 6624 2 6557 2 6624 3728 6625 3728 6557 3728 6625 2 6626 2 6557 2 6626 2 6627 2 6557 2 6627 3729 6628 3729 6557 3729 6628 2 6629 2 6557 2 6629 2 6630 2 6557 2 6630 2 6631 2 6557 2 6631 3730 6619 3730 6557 3730 6562 3731 6632 3731 6557 3731 6632 3732 6633 3732 6557 3732 6633 2 6634 2 6557 2 6634 2 6635 2 6557 2 6635 2 6636 2 6557 2 6636 3733 6637 3733 6557 3733 6637 2 6638 2 6557 2 6638 2 6622 2 6557 2 37 2 6639 2 6562 2 6639 2 6640 2 6562 2 6640 2 6641 2 6562 2 35 3734 37 3734 6562 3734 6642 2 6643 2 6562 2 6643 2 6644 2 6562 2 6644 2 6632 2 6562 2 6641 2 6645 2 6562 2 6645 2 6646 2 6562 2 6646 2 6647 2 6562 2 6647 3735 6648 3735 6562 3735 6648 2 6649 2 6562 2 6649 2 6642 2 6562 2 6563 3670 36 3670 35 3670 6604 3736 6650 3736 6602 3736 6650 3736 6603 3736 6602 3736 38 3302 6639 3302 37 3302 6651 3737 6628 3737 6627 3737 6626 3738 6652 3738 6627 3738 6652 3738 6651 3738 6627 3738 6651 3737 6653 3737 6628 3737 6653 3739 6629 3739 6628 3739 6625 3740 6654 3740 6626 3740 6654 3740 6652 3740 6626 3740 6655 2 6656 2 6629 2 6656 3741 6657 3741 6629 3741 6657 2 6658 2 6629 2 6658 3742 6659 3742 6629 3742 6659 3743 6660 3743 6629 3743 6660 2 6661 2 6629 2 6662 2 6655 2 6629 2 6663 2 6662 2 6629 2 6661 3744 6664 3744 6629 3744 6664 2 6630 2 6629 2 6653 3739 6665 3739 6629 3739 6665 3745 6663 3745 6629 3745 6624 3746 6666 3746 6625 3746 6666 3747 6654 3747 6625 3747 6667 2 6662 2 6663 2 6668 2 6667 2 6663 2 6665 3748 6669 3748 6663 3748 6669 3749 6668 3749 6663 3749 6623 3750 6670 3750 6624 3750 6670 3750 6666 3750 6624 3750 6671 2 6667 2 6668 2 6669 3749 6672 3749 6668 3749 6672 3751 6671 3751 6668 3751 6622 3752 6673 3752 6623 3752 6673 3753 6670 3753 6623 3753 6638 2 6674 2 6622 2 6674 3754 6675 3754 6622 3754 6675 3755 6676 3755 6622 3755 6676 3755 6673 3755 6622 3755 6677 2 6667 2 6671 2 6672 3756 6678 3756 6671 3756 6678 3757 6677 3757 6671 3757 6674 3758 6679 3758 6675 3758 6679 3759 6680 3759 6675 3759 6680 3760 6676 3760 6675 3760 6607 1177 6681 1177 6604 1177 6681 1177 6650 1177 6604 1177 38 3303 6682 3303 6639 3303 6682 3281 6640 3281 6639 3281 6683 2 6667 2 6677 2 6678 3761 6684 3761 6677 3761 6684 3762 6683 3762 6677 3762 6674 3763 6685 3763 6679 3763 6685 3764 6686 3764 6679 3764 6686 3765 6680 3765 6679 3765 6687 3766 6610 3766 6609 3766 6608 3767 6688 3767 6609 3767 6688 3768 6687 3768 6609 3768 6689 3769 6633 3769 6632 3769 6644 3767 6690 3767 6632 3767 6690 3768 6689 3768 6632 3768 6687 3766 6691 3766 6610 3766 6691 676 6611 676 6610 676 6618 3770 6692 3770 6608 3770 6692 680 6688 680 6608 680 6689 3771 6693 3771 6633 3771 6693 676 6634 676 6633 676 6643 3770 6694 3770 6644 3770 6694 680 6690 680 6644 680 6691 3772 6695 3772 6611 3772 6695 3773 6612 3773 6611 3773 6621 3774 6696 3774 6618 3774 6696 3774 6692 3774 6618 3774 6693 3772 6697 3772 6634 3772 6697 3773 6635 3773 6634 3773 6642 3774 6698 3774 6643 3774 6698 3774 6694 3774 6643 3774 6695 3773 6699 3773 6612 3773 6699 696 6613 696 6612 696 6620 694 6700 694 6621 694 6700 695 6696 695 6621 695 6697 3773 6701 3773 6635 3773 6701 696 6636 696 6635 696 6649 705 6702 705 6642 705 6702 706 6698 706 6642 706 6703 2 6667 2 6683 2 6684 3775 6704 3775 6683 3775 6704 3776 6703 3776 6683 3776 6674 3777 6705 3777 6685 3777 6705 3778 6706 3778 6685 3778 6706 3778 6686 3778 6685 3778 6699 714 6707 714 6613 714 6707 1112 6614 1112 6613 1112 6619 712 6708 712 6620 712 6708 1114 6700 1114 6620 1114 6701 714 6709 714 6636 714 6709 1116 6637 1116 6636 1116 6648 712 6710 712 6649 712 6710 1114 6702 1114 6649 1114 6707 728 6711 728 6614 728 6711 745 6615 745 6614 745 6631 3779 6712 3779 6619 3779 6712 733 6708 733 6619 733 6709 738 6713 738 6637 738 6713 745 6638 745 6637 745 6647 3779 6714 3779 6648 3779 6714 733 6710 733 6648 733 6711 3780 6715 3780 6615 3780 6715 3781 6616 3781 6615 3781 6630 3782 6716 3782 6631 3782 6716 3783 6712 3783 6631 3783 6713 3780 6717 3780 6638 3780 6717 3784 6674 3784 6638 3784 6646 748 6718 748 6647 748 6718 3393 6714 3393 6647 3393 6719 2 6667 2 6703 2 6704 3785 6720 3785 6703 3785 6720 3786 6719 3786 6703 3786 6674 3787 6721 3787 6705 3787 6721 3788 6722 3788 6705 3788 6722 3789 6706 3789 6705 3789 6715 746 6723 746 6616 746 6723 3790 6617 3790 6616 3790 6664 3791 6724 3791 6630 3791 6724 1154 6716 1154 6630 1154 6725 2 6721 2 6674 2 6717 1417 6726 1417 6674 1417 6726 1156 6725 1156 6674 1156 6645 3417 6727 3417 6646 3417 6727 1158 6718 1158 6646 1158 6606 3792 6728 3792 6607 3792 6728 3793 6681 3793 6607 3793 6729 2 6641 2 6640 2 6682 3281 6730 3281 6640 3281 6730 3794 6729 3794 6640 3794 6731 2 6605 2 6617 2 6723 3795 6732 3795 6617 3795 6732 783 6731 783 6617 783 6661 779 6733 779 6664 779 6733 780 6724 780 6664 780 6734 2 6721 2 6725 2 6726 3796 6735 3796 6725 3796 6735 783 6734 783 6725 783 6641 3797 6736 3797 6645 3797 6736 779 6737 779 6645 779 6737 780 6727 780 6645 780 6738 2 6667 2 6719 2 6720 3786 6739 3786 6719 3786 6739 406 6738 406 6719 406 6734 2 6740 2 6721 2 6740 119 6741 119 6721 119 6741 119 6722 119 6721 119 6742 2 6605 2 6731 2 6732 790 6743 790 6731 790 6743 406 6742 406 6731 406 6660 119 6744 119 6661 119 6744 119 6733 119 6661 119 6745 2 6740 2 6734 2 6735 790 6746 790 6734 790 6746 406 6745 406 6734 406 6641 2 6747 2 6736 2 6747 119 6748 119 6736 119 6748 119 6737 119 6736 119 6749 2 6605 2 6742 2 6743 406 6750 406 6742 406 6750 801 6749 801 6742 801 6659 797 6751 797 6660 797 6751 797 6744 797 6660 797 6752 2 6740 2 6745 2 6746 406 6753 406 6745 406 6753 801 6752 801 6745 801 6641 3798 6754 3798 6747 3798 6754 797 6755 797 6747 797 6755 797 6748 797 6747 797 6756 2 6667 2 6738 2 6739 406 6757 406 6738 406 6757 3799 6756 3799 6738 3799 6752 3800 6758 3800 6740 3800 6758 3801 6759 3801 6740 3801 6759 3802 6741 3802 6740 3802 6760 2 6605 2 6749 2 6750 822 6761 822 6749 822 6761 3803 6760 3803 6749 3803 6658 3804 6762 3804 6659 3804 6762 1190 6751 1190 6659 1190 6763 2 6764 2 6752 2 6765 2 6766 2 6752 2 6764 2 6765 2 6752 2 6766 2 6767 2 6752 2 6767 2 6758 2 6752 2 6753 822 6768 822 6752 822 6768 1192 6763 1192 6752 1192 6641 3805 6769 3805 6754 3805 6769 3453 6770 3453 6754 3453 6770 1194 6755 1194 6754 1194 6771 2 6605 2 6760 2 6761 3806 6772 3806 6760 3806 6772 1209 6771 1209 6760 1209 6657 3807 6773 3807 6658 3807 6773 3808 6762 3808 6658 3808 6774 2 6764 2 6763 2 6768 3809 6775 3809 6763 3809 6775 3810 6774 3810 6763 3810 6641 3811 6776 3811 6769 3811 6776 3466 6777 3466 6769 3466 6777 3466 6770 3466 6769 3466 6778 2 6667 2 6756 2 6779 2 6778 2 6756 2 6757 3812 6780 3812 6756 3812 6780 3813 6779 3813 6756 3813 6767 3814 6781 3814 6758 3814 6781 3814 6759 3814 6758 3814 6782 2 6605 2 6771 2 6772 1209 6783 1209 6771 1209 6783 891 6782 891 6771 891 6656 872 6784 872 6657 872 6784 872 6773 872 6657 872 6785 2 6764 2 6774 2 6775 1204 6786 1204 6774 1204 6786 891 6785 891 6774 891 6641 3815 6787 3815 6776 3815 6787 872 6788 872 6776 872 6788 872 6777 872 6776 872 6789 2 6605 2 6782 2 6783 891 6790 891 6782 891 6790 3816 6789 3816 6782 3816 6655 1213 6791 1213 6656 1213 6791 3817 6784 3817 6656 3817 6792 3818 6764 3818 6785 3818 6786 891 6793 891 6785 891 6793 3819 6792 3819 6785 3819 6641 3820 6794 3820 6787 3820 6794 1213 6795 1213 6787 1213 6795 3817 6788 3817 6787 3817 6796 3821 6605 3821 6789 3821 6790 1223 6797 1223 6789 1223 6797 3822 6796 3822 6789 3822 6662 3823 6798 3823 6655 3823 6798 3824 6791 3824 6655 3824 6799 2 6764 2 6792 2 6793 1228 6800 1228 6792 1228 6800 3822 6799 3822 6792 3822 6641 3825 6801 3825 6794 3825 6801 3826 6802 3826 6794 3826 6802 3827 6795 3827 6794 3827 6605 3828 6803 3828 6606 3828 6803 3829 6804 3829 6606 3829 6804 3829 6728 3829 6606 3829 6805 2 6641 2 6729 2 6730 3830 6806 3830 6729 3830 6806 3831 6805 3831 6729 3831 6807 2 6778 2 6779 2 6780 3832 6808 3832 6779 3832 6808 3833 6807 3833 6779 3833 6766 3834 6809 3834 6767 3834 6809 3835 6781 3835 6767 3835 6810 2 6605 2 6796 2 6797 3836 6811 3836 6796 3836 6811 940 6810 940 6796 940 6667 1235 6812 1235 6662 1235 6812 938 6798 938 6662 938 6813 2 6764 2 6799 2 6800 3836 6814 3836 6799 3836 6814 940 6813 940 6799 940 6641 2 6815 2 6801 2 6815 1235 6816 1235 6801 1235 6816 938 6802 938 6801 938 6817 3837 6605 3837 6810 3837 6811 3838 6818 3838 6810 3838 6818 978 6817 978 6810 978 6778 2245 6819 2245 6667 2245 6819 3839 6812 3839 6667 3839 6820 2 6764 2 6813 2 6814 3838 6821 3838 6813 3838 6821 978 6820 978 6813 978 6641 3840 6822 3840 6815 3840 6822 2245 6823 2245 6815 2245 6823 3839 6816 3839 6815 3839 6824 3841 6605 3841 6817 3841 6818 957 6825 957 6817 957 6825 3842 6824 3842 6817 3842 6826 3843 6824 3843 6778 3843 6827 2 6826 2 6778 2 6807 2 6827 2 6778 2 6824 3844 6828 3844 6778 3844 6828 3845 6819 3845 6778 3845 6829 3846 6764 3846 6820 3846 6821 957 6830 957 6820 957 6830 3847 6829 3847 6820 3847 6641 3848 6829 3848 6822 3848 6829 3844 6831 3844 6822 3844 6831 3845 6823 3845 6822 3845 6826 2 6605 2 6824 2 6825 3842 6828 3842 6824 3842 6641 3849 6764 3849 6829 3849 6830 3850 6831 3850 6829 3850 6808 3851 6832 3851 6807 3851 6832 3852 6827 3852 6807 3852 6765 3853 6833 3853 6766 3853 6833 3854 6809 3854 6766 3854 6832 3855 6834 3855 6827 3855 6834 3856 6826 3856 6827 3856 6764 2 6835 2 6765 2 6835 3857 6836 3857 6765 3857 6836 3858 6833 3858 6765 3858 6764 2 6837 2 6835 2 6837 3859 6838 3859 6835 3859 6838 3860 6836 3860 6835 3860 6605 3861 6839 3861 6803 3861 6839 3862 6840 3862 6803 3862 6840 3862 6804 3862 6803 3862 6841 2 6839 2 6605 2 6826 2 6842 2 6605 2 6842 2 6843 2 6605 2 6843 2 6841 2 6605 2 6844 2 6842 2 6826 2 6834 3856 6845 3856 6826 3856 6845 3863 6844 3863 6826 3863 6764 2 6846 2 6837 2 6846 3864 6847 3864 6837 3864 6847 3865 6838 3865 6837 3865 6848 2 6846 2 6764 2 6849 2 6848 2 6764 2 6641 2 6849 2 6764 2 6805 3866 6850 3866 6641 3866 6851 2 6849 2 6641 2 6850 2 6851 2 6641 2 6806 3831 6852 3831 6805 3831 6852 3867 6850 3867 6805 3867 6853 2 6842 2 6844 2 6845 3868 6854 3868 6844 3868 6854 3869 6853 3869 6844 3869 6848 2 6855 2 6846 2 6855 3870 6856 3870 6846 3870 6856 3870 6847 3870 6846 3870 6848 3871 6842 3871 6853 3871 6857 2 6848 2 6853 2 6854 3869 6858 3869 6853 3869 6858 3872 6857 3872 6853 3872 6848 3873 6859 3873 6855 3873 6859 3874 6860 3874 6855 3874 6860 3875 6856 3875 6855 3875 6861 2 6848 2 6857 2 6858 3876 6862 3876 6857 3876 6862 3877 6861 3877 6857 3877 6848 3878 6863 3878 6859 3878 6863 3879 6864 3879 6859 3879 6864 3879 6860 3879 6859 3879 6841 3880 6865 3880 6839 3880 6865 3881 6840 3881 6839 3881 6852 3867 6866 3867 6850 3867 6866 3882 6851 3882 6850 3882 6867 3883 6848 3883 6861 3883 6862 3877 6868 3877 6861 3877 6868 3884 6867 3884 6861 3884 6848 3885 6867 3885 6863 3885 6867 3886 6869 3886 6863 3886 6869 3886 6864 3886 6863 3886 6868 3884 6869 3884 6867 3884 6870 119 6865 119 6841 119 6843 119 6870 119 6841 119 6871 2 6849 2 6851 2 6872 406 6871 406 6851 406 6866 3887 6872 3887 6851 3887 6842 2 6873 2 6843 2 6874 119 6870 119 6843 119 6873 119 6874 119 6843 119 6875 2 6873 2 6842 2 6876 2 6875 2 6842 2 6848 3888 6877 3888 6842 3888 6877 3889 6878 3889 6842 3889 6878 3890 6876 3890 6842 3890 6879 2 6880 2 6848 2 6881 2 6879 2 6848 2 6849 3891 6881 3891 6848 3891 6882 2 6883 2 6848 2 6883 2 6877 2 6848 2 6880 2 6884 2 6848 2 6884 2 6885 2 6848 2 6885 2 6886 2 6848 2 6886 2 6887 2 6848 2 6887 2 6888 2 6848 2 6888 2 6889 2 6848 2 6889 2 6890 2 6848 2 6890 2 6891 2 6848 2 6891 2 6892 2 6848 2 6892 2 6893 2 6848 2 6893 2 6882 2 6848 2 6894 2 6881 2 6849 2 6895 2 6894 2 6849 2 6871 2 6895 2 6849 2 6896 2 6895 2 6871 2 6872 406 6897 406 6871 406 6897 406 6896 406 6871 406 6898 406 6880 406 6879 406 6899 406 6898 406 6879 406 6881 129 6899 129 6879 129 6900 129 6899 129 6881 129 6894 119 6900 119 6881 119 6901 3892 6876 3892 6878 3892 6902 3893 6901 3893 6878 3893 6877 129 6902 129 6878 129 6903 129 6902 129 6877 129 6883 3894 6903 3894 6877 3894 6882 3895 6904 3895 6883 3895 6904 3896 6903 3896 6883 3896 6893 3897 6905 3897 6882 3897 6905 3898 6904 3898 6882 3898 6892 3899 6906 3899 6893 3899 6906 3900 6905 3900 6893 3900 6891 3901 6907 3901 6892 3901 6907 3899 6906 3899 6892 3899 6908 3902 6907 3902 6891 3902 6890 3903 6908 3903 6891 3903 6889 3904 6909 3904 6890 3904 6909 3905 6908 3905 6890 3905 6888 3906 6910 3906 6889 3906 6910 3907 6909 3907 6889 3907 6887 3908 6911 3908 6888 3908 6911 3909 6910 3909 6888 3909 6886 3910 6912 3910 6887 3910 6912 3911 6911 3911 6887 3911 6885 3912 6913 3912 6886 3912 6913 3913 6912 3913 6886 3913 6884 3914 6914 3914 6885 3914 6914 3915 6915 3915 6885 3915 6915 3916 6913 3916 6885 3916 6916 3917 6875 3917 6876 3917 6917 36 6916 36 6876 36 6901 36 6917 36 6876 36 6918 2 6875 2 6916 2 6919 3918 6918 3918 6916 3918 6917 3919 6919 3919 6916 3919 6884 3920 6920 3920 6914 3920 6920 3921 6921 3921 6914 3921 6921 3922 6915 3922 6914 3922 6884 3923 6922 3923 6920 3923 6923 3924 6921 3924 6920 3924 6922 3925 6923 3925 6920 3925 6924 3926 6925 3926 6880 3926 6925 3927 6884 3927 6880 3927 6926 36 6924 36 6880 36 6898 36 6926 36 6880 36 6926 3928 6925 3928 6924 3928 6895 3929 6927 3929 6894 3929 6928 119 6900 119 6894 119 6927 3930 6929 3930 6894 3930 6929 3931 6928 3931 6894 3931 6930 2 6895 2 6896 2 6931 3932 6930 3932 6896 3932 6932 3933 6931 3933 6896 3933 6875 3934 6933 3934 6873 3934 6897 406 6932 406 6896 406 6933 3935 6874 3935 6873 3935 6875 3936 6934 3936 6933 3936 6935 3937 6874 3937 6933 3937 6936 3938 6935 3938 6933 3938 6934 3939 6936 3939 6933 3939 6937 2 6895 2 6930 2 6931 3940 6937 3940 6930 3940 6922 2 6875 2 6918 2 6938 36 6922 36 6918 36 6919 36 6938 36 6918 36 6884 3941 6875 3941 6922 3941 6938 3942 6923 3942 6922 3942 6875 3943 6939 3943 6934 3943 6940 3944 6936 3944 6934 3944 6939 3945 6940 3945 6934 3945 6941 2 6939 2 6875 2 6884 3946 6942 3946 6875 3946 6942 2 6943 2 6875 2 6943 2 6941 2 6875 2 6925 3947 6944 3947 6884 3947 6944 2 6945 2 6884 2 6945 2 6946 2 6884 2 6946 2 6947 2 6884 2 6947 2 6948 2 6884 2 6948 2 6949 2 6884 2 6949 2 6950 2 6884 2 6950 2 6951 2 6884 2 6951 3948 6942 3948 6884 3948 6926 3949 6952 3949 6925 3949 6952 3950 6944 3950 6925 3950 6895 2 6953 2 6927 2 6953 3951 6954 3951 6927 3951 6954 3952 6955 3952 6927 3952 6955 3953 6929 3953 6927 3953 6937 2 6956 2 6895 2 6956 2 6957 2 6895 2 6957 2 6953 2 6895 2 6958 3954 6956 3954 6937 3954 6931 3955 6958 3955 6937 3955 6954 2 6959 2 6944 2 6959 3956 6960 3956 6944 3956 6960 2 6961 2 6944 2 6961 3957 6962 3957 6944 3957 6962 2 6945 2 6944 2 6952 3958 6963 3958 6944 3958 6955 36 6954 36 6944 36 6963 36 6955 36 6944 36 6953 2 6964 2 6954 2 6964 2 6959 2 6954 2 6941 3959 6940 3959 6939 3959 6965 3960 6957 3960 6956 3960 6966 3961 6965 3961 6956 3961 6958 3962 6966 3962 6956 3962 6967 3963 6940 3963 6941 3963 6968 3964 6967 3964 6941 3964 6943 3965 6968 3965 6941 3965 6965 3966 6953 3966 6957 3966 6969 3967 6968 3967 6943 3967 6942 3968 6969 3968 6943 3968 6970 3969 6964 3969 6953 3969 6965 3966 6970 3966 6953 3966 6951 3970 6969 3970 6942 3970 6971 3971 6959 3971 6964 3971 6972 3971 6971 3971 6964 3971 6970 3969 6972 3969 6964 3969 6973 3970 6969 3970 6951 3970 6950 3972 6973 3972 6951 3972 6974 3973 6960 3973 6959 3973 6971 3974 6974 3974 6959 3974 6975 3975 6973 3975 6950 3975 6949 3976 6975 3976 6950 3976 6976 3977 6961 3977 6960 3977 6974 3977 6976 3977 6960 3977 6977 3976 6975 3976 6949 3976 6948 3978 6977 3978 6949 3978 6978 3979 6962 3979 6961 3979 6976 3980 6978 3980 6961 3980 6979 3981 6977 3981 6948 3981 6947 3982 6979 3982 6948 3982 6978 3983 6945 3983 6962 3983 6980 3984 6946 3984 6945 3984 6978 3983 6980 3983 6945 3983 6981 3985 6979 3985 6947 3985 6946 129 6981 129 6947 129 6982 129 6981 129 6946 129 6980 3986 6982 3986 6946 3986 188 3987 48 3987 44 3987 82 3988 188 3988 44 3988 188 3989 190 3989 48 3989 190 17 6983 17 48 17 6983 17 6984 17 48 17 6984 17 51 17 48 17 6984 17 6985 17 51 17 6985 17 59 17 51 17 125 17 70 17 59 17 120 17 125 17 59 17 108 3990 120 3990 59 3990 168 3991 108 3991 59 3991 6985 17 179 17 59 17 179 17 168 17 59 17 135 17 137 17 70 17 130 3992 135 3992 70 3992 118 17 130 17 70 17 137 17 140 17 70 17 140 17 142 17 70 17 142 17 148 17 70 17 148 17 75 17 70 17 6986 17 111 17 70 17 111 17 122 17 70 17 122 17 118 17 70 17 125 17 131 17 70 17 131 17 6986 17 70 17 148 3993 80 3993 75 3993 6987 17 203 17 80 17 203 17 196 17 80 17 196 17 87 17 80 17 181 17 6987 17 80 17 163 17 181 17 80 17 148 3994 163 3994 80 3994 83 17 188 17 82 17 196 17 86 17 87 17 254 17 188 17 83 17 6988 17 254 17 83 17 186 17 6988 17 83 17 91 3995 186 3995 83 3995 183 17 186 17 91 17 97 3996 183 3996 91 3996 197 17 94 17 86 17 196 17 197 17 86 17 247 17 183 17 97 17 103 3997 247 3997 97 3997 228 17 100 17 94 17 197 17 228 17 94 17 6989 17 247 17 103 17 104 17 6989 17 103 17 228 3998 106 3998 100 3998 168 17 107 17 108 17 6986 3999 110 3999 111 3999 122 17 132 17 118 17 132 4000 117 4000 118 4000 166 17 124 17 120 17 124 17 125 17 120 17 154 17 127 17 122 17 127 4001 128 4001 122 4001 128 4002 132 4002 122 4002 153 17 135 17 130 17 224 17 6986 17 131 17 213 17 150 17 132 17 150 17 117 17 132 17 173 17 134 17 135 17 153 4003 173 4003 135 4003 167 17 139 17 137 17 139 17 140 17 137 17 216 17 215 17 142 17 227 17 216 17 142 17 147 17 148 17 142 17 176 4004 147 4004 142 4004 175 17 176 17 142 17 215 17 175 17 142 17 145 17 6989 17 104 17 195 17 173 17 153 17 226 17 195 17 153 17 165 17 158 17 159 17 165 17 212 17 158 17 212 4005 162 4005 158 4005 213 17 225 17 150 17 225 4006 210 4006 150 4006 210 17 165 17 150 17 210 4007 212 4007 165 4007 176 17 172 17 147 17 177 4008 172 4008 176 4008 232 17 6987 17 181 17 238 4009 6989 4009 145 4009 185 4010 6988 4010 186 4010 191 4011 6983 4011 190 4011 228 4012 235 4012 106 4012 215 17 201 17 175 17 6985 17 205 17 179 17 6986 17 207 17 110 17 225 4013 209 4013 210 4013 221 17 162 17 212 17 220 17 201 17 215 17 226 4014 236 4014 195 4014 236 4015 219 4015 195 4015 225 4016 223 4016 209 4016 6985 17 6986 17 205 17 6986 17 224 17 205 17 6986 4017 225 4017 207 4017 6986 4018 223 4018 225 4018 6987 4019 227 4019 219 4019 236 4020 6987 4020 219 4020 6987 17 231 17 227 17 231 4021 216 4021 227 4021 229 4022 235 4022 228 4022 231 17 6987 17 232 17 229 17 6990 17 235 17 6990 17 241 17 235 17 6986 4023 236 4023 223 4023 6986 17 6987 17 236 17 239 4024 6989 4024 238 4024 6990 17 284 17 241 17 6987 4025 276 4025 203 4025 6991 17 6989 17 239 17 244 4026 6991 4026 239 4026 320 17 247 17 6989 17 365 17 320 17 6989 17 6991 17 365 17 6989 17 250 4027 6988 4027 185 4027 322 17 6992 17 6988 17 250 4028 322 4028 6988 4028 6992 17 327 17 6988 17 327 17 325 17 6988 17 325 17 324 17 6988 17 324 17 254 17 6988 17 257 4029 6983 4029 191 4029 257 4030 329 4030 6983 4030 329 17 6993 17 6983 17 6993 17 6994 17 6983 17 6994 17 6984 17 6983 17 338 17 307 17 6984 17 292 17 6985 17 6984 17 307 4031 299 4031 6984 4031 299 17 295 17 6984 17 295 17 292 17 6984 17 6994 17 373 17 6984 17 373 17 338 17 6984 17 292 4032 290 4032 6985 4032 290 4033 291 4033 6985 4033 291 17 293 17 6985 17 293 17 294 17 6985 17 294 17 6986 17 6985 17 294 17 296 17 6986 17 296 4034 300 4034 6986 4034 300 17 308 17 6986 17 308 17 6995 17 6986 17 6995 17 6996 17 6986 17 6996 17 6987 17 6986 17 6996 17 289 17 6987 17 289 17 276 17 6987 17 288 4035 6990 4035 229 4035 287 17 288 17 229 17 279 4036 287 4036 229 4036 298 17 306 17 6990 17 288 17 298 17 6990 17 306 17 6997 17 6990 17 6997 17 304 17 6990 17 304 4037 284 4037 6990 4037 6996 17 279 17 289 17 305 4038 306 4038 298 4038 302 17 6998 17 244 17 6998 17 6991 17 244 17 6997 4039 389 4039 304 4039 6996 4040 287 4040 279 4040 313 4041 6997 4041 306 4041 311 17 6998 17 302 17 314 17 6997 17 313 17 330 4042 381 4042 318 4042 323 17 6992 17 322 17 358 4043 6993 4043 329 4043 6996 4044 330 4044 287 4044 6992 4045 332 4045 327 4045 6992 4046 334 4046 332 4046 6992 4047 336 4047 334 4047 339 17 6995 17 308 17 6992 4048 341 4048 336 4048 6992 4049 343 4049 341 4049 6996 4050 381 4050 330 4050 6992 4051 345 4051 343 4051 6992 4052 347 4052 345 4052 6992 4053 349 4053 347 4053 6992 4054 351 4054 349 4054 6992 4055 353 4055 351 4055 6992 4056 355 4056 353 4056 6992 17 357 17 355 17 6993 17 358 17 357 17 6992 17 6993 17 357 17 360 17 6998 17 311 17 360 17 6999 17 6998 17 7000 17 6991 17 6998 17 6999 17 7000 17 6998 17 390 17 365 17 6991 17 7000 17 390 17 6991 17 367 17 7001 17 323 17 7001 17 6992 17 323 17 7001 17 7002 17 6992 17 7002 17 6993 17 6992 17 7002 17 7003 17 6993 17 7003 17 6994 17 6993 17 392 17 373 17 6994 17 403 17 392 17 6994 17 7003 17 479 17 6994 17 479 17 403 17 6994 17 375 17 6995 17 339 17 393 17 7004 17 6995 17 375 17 393 17 6995 17 7004 17 7005 17 6995 17 7005 17 6996 17 6995 17 391 4057 381 4057 6996 4057 7005 17 391 17 6996 17 399 17 6997 17 314 17 398 4058 399 4058 314 4058 384 4059 398 4059 314 4059 401 17 7006 17 6997 17 7006 17 396 17 6997 17 396 17 389 17 6997 17 399 17 401 17 6997 17 7000 4060 367 4060 390 4060 7000 4061 7001 4061 367 4061 7005 17 384 17 391 17 394 17 6999 17 360 17 7006 4062 478 4062 396 4062 468 17 398 17 384 17 7005 4063 468 4063 384 4063 413 17 7006 17 401 17 404 17 7004 17 393 17 411 4064 409 4064 410 4064 411 4065 471 4065 409 4065 414 17 7006 17 413 17 416 17 6999 17 394 17 416 17 7007 17 6999 17 7008 17 7000 17 6999 17 7007 17 7008 17 6999 17 506 17 502 17 7000 17 502 17 496 17 7000 17 496 17 7001 17 7000 17 529 17 525 17 7000 17 525 17 514 17 7000 17 514 4066 510 4066 7000 4066 510 17 506 17 7000 17 7008 17 548 17 7000 17 548 4067 538 4067 7000 4067 538 17 529 17 7000 17 490 17 492 17 7001 17 496 4068 491 4068 7001 4068 491 17 490 17 7001 17 492 17 497 17 7001 17 497 4069 503 4069 7001 4069 503 4070 507 4070 7001 4070 507 4071 511 4071 7001 4071 511 17 515 17 7001 17 515 17 7002 17 7001 17 515 17 520 17 7002 17 520 17 526 17 7002 17 526 17 530 17 7002 17 530 17 7009 17 7002 17 508 17 504 17 7002 17 504 17 498 17 7002 17 498 17 7003 17 7002 17 531 17 527 17 7002 17 527 17 516 17 7002 17 516 17 512 17 7002 17 512 17 508 17 7002 17 7009 17 552 17 7002 17 552 17 541 17 7002 17 541 4072 531 4072 7002 4072 7010 17 522 17 7003 17 522 17 488 17 7003 17 488 17 479 17 7003 17 498 17 494 17 7003 17 494 17 493 17 7003 17 493 17 495 17 7003 17 495 17 499 17 7003 17 499 17 505 17 7003 17 505 4073 509 4073 7003 4073 509 17 513 17 7003 17 513 17 517 17 7003 17 517 17 528 17 7003 17 528 17 532 17 7003 17 532 17 7010 17 7003 17 404 17 480 17 7004 17 480 17 7011 17 7004 17 7011 17 7012 17 7004 17 7012 17 7005 17 7004 17 469 4074 468 4074 7005 4074 595 17 469 17 7005 17 656 17 595 17 7005 17 7012 17 656 17 7005 17 486 4075 471 4075 411 4075 469 17 486 17 411 17 473 17 519 17 414 17 519 17 7006 17 414 17 483 17 478 17 7006 17 7013 17 483 17 7006 17 546 17 7013 17 7006 17 519 4076 546 4076 7006 4076 595 17 486 17 469 17 535 17 7007 17 416 17 7013 4077 482 4077 483 4077 485 4078 518 4078 473 4078 518 17 519 17 473 17 595 4079 485 4079 486 4079 489 17 7011 17 480 17 595 17 543 17 485 17 543 4080 518 4080 485 4080 7010 4081 558 4081 522 4081 524 17 7011 17 489 17 534 17 7007 17 535 17 7013 17 660 17 482 17 539 17 7009 17 530 17 542 4082 7010 4082 532 4082 556 17 574 17 546 17 574 4083 575 4083 546 4083 575 17 7013 17 546 17 7008 4084 562 4084 548 4084 550 4085 7009 4085 539 4085 7009 4086 566 4086 552 4086 554 17 7010 17 542 17 7010 4087 622 4087 558 4087 560 17 7011 17 524 17 7008 4088 577 4088 562 4088 564 17 7009 17 550 17 7009 4089 581 4089 566 4089 568 17 7010 17 554 17 595 4090 571 4090 572 4090 543 17 595 17 572 17 626 17 7013 17 575 17 7008 4091 585 4091 577 4091 579 17 7009 17 564 17 7009 4092 589 4092 581 4092 583 17 7010 17 568 17 7008 4093 597 4093 585 4093 7014 17 7009 17 579 17 587 17 7014 17 579 17 7009 4094 601 4094 589 4094 591 4095 7010 4095 583 4095 594 17 7014 17 587 17 7008 4096 605 4096 597 4096 599 17 7014 17 594 17 7009 4097 609 4097 601 4097 603 17 7010 17 591 17 7008 4098 614 4098 605 4098 607 17 7014 17 599 17 7009 4099 618 4099 609 4099 611 4100 7010 4100 603 4100 7008 4101 629 4101 614 4101 616 17 7014 17 607 17 7009 4102 633 4102 618 4102 620 17 7010 17 611 17 7010 4103 650 4103 622 4103 624 17 7011 17 560 17 627 4104 7013 4104 626 4104 7008 4105 637 4105 629 4105 631 4106 7014 4106 616 4106 7009 4107 640 4107 633 4107 635 4108 7010 4108 620 4108 7014 4109 638 4109 637 4109 7008 4110 7014 4110 637 4110 638 4111 7014 4111 631 4111 7009 4112 641 4112 640 4112 641 4113 7010 4113 635 4113 7009 17 7010 17 641 17 7015 17 7007 17 534 17 644 17 7015 17 534 17 7016 17 7008 17 7007 17 7015 17 7016 17 7007 17 7016 17 7017 17 7008 17 7017 17 7014 17 7008 17 7018 17 7009 17 7014 17 7017 17 7018 17 7014 17 7019 17 7010 17 7009 17 7018 17 7019 17 7009 17 7019 17 662 17 7010 17 662 17 650 17 7010 17 7020 17 7011 17 624 17 652 17 7020 17 624 17 7020 17 7021 17 7011 17 7021 17 7012 17 7011 17 658 17 656 17 7012 17 7021 17 658 17 7012 17 658 4114 7022 4114 627 4114 7022 17 7013 17 627 17 7022 17 685 17 7013 17 685 17 660 17 7013 17 7021 4115 7022 4115 658 4115 7019 4116 673 4116 662 4116 664 17 7020 17 652 17 7023 17 7015 17 644 17 667 17 7023 17 644 17 7024 17 7016 17 7015 17 7023 17 7024 17 7015 17 7024 17 7025 17 7016 17 7025 17 7017 17 7016 17 7025 17 7026 17 7017 17 7026 17 7018 17 7017 17 7027 17 7019 17 7018 17 7026 17 7027 17 7018 17 687 17 673 17 7019 17 7027 17 687 17 7019 17 7028 17 7020 17 664 17 675 17 7028 17 664 17 7028 17 7029 17 7020 17 7029 17 7021 17 7020 17 691 17 692 17 7021 17 7029 17 691 17 7021 17 692 17 7022 17 7021 17 692 17 693 17 7022 17 693 17 698 17 7022 17 698 4117 699 4117 7022 4117 699 17 711 17 7022 17 711 17 7030 17 7022 17 7030 17 897 17 7022 17 897 17 685 17 7022 17 7027 4118 695 4118 687 4118 689 17 7028 17 675 17 7027 4119 701 4119 695 4119 697 4120 7028 4120 689 4120 7027 17 706 17 701 17 7031 4121 7028 4121 697 4121 703 17 7031 17 697 17 7027 4122 716 4122 706 4122 708 17 7031 17 703 17 718 17 711 17 712 17 718 4123 7030 4123 711 4123 714 17 7031 17 708 17 7031 4124 717 4124 716 4124 7027 4125 7031 4125 716 4125 717 4126 7031 4126 714 4126 7030 4127 718 4127 691 4127 7029 17 7030 17 691 17 7032 17 7023 17 667 17 721 17 7032 17 667 17 974 17 944 17 7023 17 944 17 920 17 7023 17 920 17 7024 17 7023 17 1100 17 1073 17 7023 17 1127 4128 1100 4128 7023 4128 1073 4129 1043 4129 7023 4129 1043 17 1001 17 7023 17 1001 17 974 17 7023 17 7032 17 1192 17 7023 17 1192 17 1156 17 7023 17 1156 17 1127 17 7023 17 1129 17 1102 17 7024 17 1003 17 976 17 7024 17 976 17 946 17 7024 17 946 17 7025 17 7024 17 7033 17 1196 17 7024 17 1196 17 1159 17 7024 17 1159 4130 1129 4130 7024 4130 1102 4131 1075 4131 7024 4131 1075 17 1045 17 7024 17 1045 17 1003 17 7024 17 899 17 921 17 7024 17 921 17 945 17 7024 17 945 17 975 17 7024 17 920 4132 898 4132 7024 4132 898 4133 899 4133 7024 4133 975 17 1002 17 7024 17 1002 17 1044 17 7024 17 1044 4134 1074 4134 7024 4134 1074 17 1101 17 7024 17 1101 4135 1128 4135 7024 4135 1128 17 7033 17 7024 17 947 4136 977 4136 7025 4136 900 4137 901 4137 7025 4137 901 17 923 17 7025 17 923 17 947 17 7025 17 977 17 1004 17 7025 17 1004 17 1046 17 7025 17 1046 17 1076 17 7025 17 1076 17 1103 17 7025 17 1103 17 1130 17 7025 17 1130 17 1160 17 7025 17 946 4138 922 4138 7025 4138 922 17 900 17 7025 17 7034 17 7026 17 7025 17 7035 17 7034 17 7025 17 1160 17 7035 17 7025 17 982 17 955 17 7026 17 955 17 927 17 7026 17 1005 17 978 17 7026 17 978 17 948 17 7026 17 948 17 924 17 7026 17 927 17 7027 17 7026 17 1200 17 1162 17 7026 17 1162 17 1131 17 7026 17 1131 17 1104 17 7026 17 1104 17 1077 17 7026 17 1077 4139 1047 4139 7026 4139 1047 17 1005 17 7026 17 1080 4140 1050 4140 7026 4140 1050 17 1016 17 7026 17 1016 17 982 17 7026 17 924 4141 902 4141 7026 4141 902 17 903 17 7026 17 903 17 925 17 7026 17 925 17 1134 17 7026 17 1134 17 1107 17 7026 17 1107 17 1080 17 7026 17 7034 17 1200 17 7026 17 1136 4142 1109 4142 7027 4142 984 17 957 17 7027 17 1018 17 984 17 7027 17 1109 17 1082 17 7027 17 1082 17 1052 17 7027 17 1052 4143 1018 4143 7027 4143 7036 17 1207 17 7027 17 1207 17 1168 17 7027 17 1168 4144 1136 4144 7027 4144 957 17 929 17 7027 17 929 17 906 17 7027 17 906 17 7031 17 7027 17 956 17 983 17 7027 17 983 17 1017 17 7027 17 1017 4145 1051 4145 7027 4145 1051 4146 1081 4146 7027 4146 904 4147 905 4147 7027 4147 905 17 928 17 7027 17 928 17 956 17 7027 17 1081 4148 1108 4148 7027 4148 1108 17 1135 17 7027 17 1135 17 7036 17 7027 17 927 17 904 17 7027 17 1142 17 1115 17 7031 17 989 4149 962 4149 7031 4149 1026 4150 989 4150 7031 4150 1115 4151 1087 4151 7031 4151 1087 4152 1057 4152 7031 4152 1057 17 1026 17 7031 17 7037 17 1215 17 7031 17 1215 17 1175 17 7031 17 1175 17 1142 17 7031 17 962 17 933 17 7031 17 933 4153 910 4153 7031 4153 910 4154 7028 4154 7031 4154 961 4155 988 4155 7031 4155 988 17 1025 17 7031 17 958 4156 985 4156 7031 4156 930 4157 958 4157 7031 4157 1025 17 1056 17 7031 17 1056 17 1086 17 7031 17 1086 17 1114 17 7031 17 906 17 907 17 7031 17 907 17 930 17 7031 17 908 17 909 17 7031 17 909 17 932 17 7031 17 932 4158 961 4158 7031 4158 1114 17 1141 17 7031 17 1141 17 1173 17 7031 17 1173 17 7037 17 7031 17 985 4159 960 4159 7031 4159 960 4160 931 4160 7031 4160 931 4161 908 4161 7031 4161 1144 17 1117 17 7028 17 1028 17 991 17 7028 17 7038 17 1219 17 7028 17 1219 17 1178 17 7028 17 1178 4162 1144 4162 7028 4162 1117 17 1089 17 7028 17 1089 17 1059 17 7028 17 1059 17 1028 17 7028 17 991 17 964 17 7028 17 964 17 935 17 7028 17 935 17 912 17 7028 17 912 17 913 17 7028 17 913 17 7029 17 7028 17 963 17 990 17 7028 17 934 17 963 17 7028 17 990 17 1027 17 7028 17 1027 17 1058 17 7028 17 1058 17 1088 17 7028 17 1088 17 1116 17 7028 17 1116 17 1143 17 7028 17 1143 17 7038 17 7028 17 910 17 911 17 7028 17 911 17 934 17 7028 17 996 17 969 17 7029 17 1037 17 996 17 7029 17 1150 17 1122 17 7029 17 7039 17 1227 17 7029 17 1227 17 1185 17 7029 17 1185 4163 1150 4163 7029 4163 1122 17 1094 17 7029 17 1094 4164 1064 4164 7029 4164 1064 17 1037 17 7029 17 969 4165 940 4165 7029 4165 940 17 916 17 7029 17 916 17 917 17 7029 17 917 4166 7030 4166 7029 4166 913 4167 936 4167 7029 4167 936 4168 965 4168 7029 4168 965 17 992 17 7029 17 915 4169 939 4169 7029 4169 939 17 968 17 7029 17 968 17 995 17 7029 17 992 4170 938 4170 7029 4170 938 17 914 17 7029 17 914 4171 915 4171 7029 4171 995 4172 1036 4172 7029 4172 1036 17 1063 17 7029 17 1063 17 1093 17 7029 17 1093 4173 1121 4173 7029 4173 1121 4174 1149 4174 7029 4174 1149 17 7039 17 7029 17 943 17 973 17 7030 17 973 17 1000 17 7030 17 1000 4175 1042 4175 7030 4175 942 17 918 17 7030 17 918 4176 919 4176 7030 4176 919 4177 943 4177 7030 4177 970 17 997 17 7030 17 941 17 970 17 7030 17 997 4178 999 4178 7030 4178 999 17 972 17 7030 17 972 17 942 17 7030 17 1042 4179 1072 4179 7030 4179 1072 17 1098 17 7030 17 1098 17 897 17 7030 17 917 17 941 17 7030 17 1098 4180 1099 4180 897 4180 1099 17 1126 17 897 17 1126 17 1154 17 897 17 1154 17 1666 17 897 17 992 4181 967 4181 938 4181 1340 17 1297 17 925 17 1297 4182 1248 4182 925 4182 1248 17 1203 17 925 17 949 17 1421 17 925 17 1421 17 1380 17 925 17 1380 17 1340 17 925 17 1203 17 1165 17 925 17 1165 17 1134 17 925 17 985 4183 987 4183 960 4183 992 4184 994 4184 967 4184 979 17 1421 17 949 17 985 17 1024 17 987 17 992 4185 1035 4185 994 4185 997 4186 1041 4186 999 4186 1006 17 1421 17 979 17 1020 4187 1024 4187 985 4187 1020 17 1053 17 1024 17 1053 17 1083 17 1024 17 1083 4188 1055 4188 1024 4188 1030 17 1035 17 992 17 1030 4189 1060 4189 1035 4189 1060 17 1090 17 1035 17 1090 17 1118 17 1035 17 1118 4190 1062 4190 1035 4190 1039 17 1041 17 997 17 1039 4191 1071 4191 1041 4191 1048 17 1421 17 1006 17 1083 4192 1085 4192 1055 4192 1118 4193 1092 4193 1062 4193 1066 17 1071 17 1039 17 1066 4194 1095 4194 1071 4194 1095 4195 1123 4195 1071 4195 1123 4193 1097 4193 1071 4193 1078 17 1421 17 1048 17 1083 4196 1113 4196 1085 4196 1118 4197 1120 4197 1092 4197 1123 17 1151 17 1097 17 1151 4198 1125 4198 1097 4198 1105 4199 1421 4199 1078 4199 1140 17 1113 17 1083 17 1112 4200 1140 4200 1083 4200 1118 4201 1148 4201 1120 4201 1151 4202 1153 4202 1125 4202 1132 17 1421 17 1105 17 1138 17 1140 17 1112 17 1138 4203 1172 4203 1140 4203 1182 17 1148 17 1118 17 1147 17 1182 17 1118 17 1151 4204 1189 4204 1153 4204 1157 17 7033 17 1128 17 1163 17 1421 17 1132 17 1166 17 7036 17 1135 17 1211 17 1172 17 1138 17 1170 17 1211 17 1138 17 1176 17 7038 17 1143 17 1223 17 1182 17 1147 17 1180 17 1223 17 1147 17 1183 17 7039 17 1149 17 1187 17 1233 17 1151 17 1233 17 1189 17 1151 17 1190 17 1666 17 1154 17 7032 4205 1237 4205 1192 4205 1194 4206 7033 4206 1157 4206 7033 4207 1241 4207 1196 4207 1198 17 7035 17 1160 17 7034 4208 1245 4208 1200 4208 1467 17 1421 17 1163 17 1201 17 1467 17 1163 17 1205 17 7036 17 1166 17 7036 4209 1252 4209 1207 4209 1209 17 1211 17 1170 17 1209 4210 1259 4210 1211 4210 1213 17 7037 17 1173 17 7037 4211 1263 4211 1215 4211 1217 17 7038 17 1176 17 7038 4212 1267 4212 1219 4212 1221 17 1223 17 1180 17 1221 4213 1274 4213 1223 4213 1225 4214 7039 4214 1183 4214 7039 4215 1278 4215 1227 4215 1365 17 1322 17 1187 17 1406 17 1365 17 1187 17 1232 17 1406 17 1187 17 1322 17 1282 17 1187 17 1282 17 1233 17 1187 17 1235 17 1666 17 1190 17 7032 4216 1286 4216 1237 4216 1239 17 7033 17 1194 17 7033 4217 1290 4217 1241 4217 1243 17 7035 17 1198 17 7034 4218 1294 4218 1245 4218 1509 17 1467 17 1201 17 1246 4219 1509 4219 1201 4219 1250 4220 7036 4220 1205 4220 7036 4221 1301 4221 1252 4221 1258 17 1430 17 1209 17 1430 4222 1387 4222 1209 4222 1387 17 1347 17 1209 17 1347 4223 1304 4223 1209 4223 1304 17 1259 17 1209 17 1261 17 7037 17 1213 17 7037 4224 1308 4224 1263 4224 1265 17 7038 17 1217 17 7038 4225 1312 4225 1267 4225 1273 17 1444 17 1221 17 1444 17 1398 17 1221 17 1398 17 1358 17 1221 17 1358 4226 1315 4226 1221 4226 1315 4227 1274 4227 1221 4227 1276 4228 7039 4228 1225 4228 7039 4229 1319 4229 1278 4229 1281 4230 1406 4230 1232 4230 1284 17 1666 17 1235 17 7032 4231 1329 4231 1286 4231 1288 4232 7033 4232 1239 4232 7033 4233 1333 4233 1290 4233 1292 17 7035 17 1243 17 7034 4234 1337 4234 1294 4234 1295 17 1509 17 1246 17 1299 4235 7036 4235 1250 4235 7036 4236 1344 4236 1301 4236 1303 17 1430 17 1258 17 1306 17 7037 17 1261 17 7037 4237 1351 4237 1308 4237 1310 17 7038 17 1265 17 7038 4238 1355 4238 1312 4238 1314 17 1444 17 1273 17 1317 17 7039 17 1276 17 7039 4239 1362 4239 1319 4239 1321 4240 1406 4240 1281 4240 1324 17 7040 17 1284 17 7040 4241 1666 4241 1284 4241 1327 17 7040 17 1324 17 7032 4242 1369 4242 1329 4242 1331 17 7033 17 1288 17 7033 4243 1373 4243 1333 4243 1335 17 7035 17 1292 17 7034 4244 1377 4244 1337 4244 1338 17 1509 17 1295 17 1342 4245 7036 4245 1299 4245 7036 4246 1384 4246 1344 4246 1346 17 1430 17 1303 17 1349 17 7037 17 1306 17 7037 4247 1391 4247 1351 4247 1353 17 7038 17 1310 17 7038 4248 1395 4248 1355 4248 1357 4249 1444 4249 1314 4249 1360 17 7039 17 1317 17 7039 4250 1402 4250 1362 4250 1364 17 1406 17 1321 17 1367 4251 7040 4251 1327 4251 7032 4252 1410 4252 1369 4252 1371 17 7033 17 1331 17 7033 4253 1414 4253 1373 4253 1375 17 7035 17 1335 17 7034 4254 1418 4254 1377 4254 1378 17 1509 17 1338 17 1382 17 7036 17 1342 17 7036 4255 1425 4255 1384 4255 1386 4256 1430 4256 1346 4256 1389 17 7037 17 1349 17 7037 4257 1434 4257 1391 4257 1393 17 7038 17 1353 17 7038 4258 1438 4258 1395 4258 1397 17 1444 17 1357 17 1400 4259 7039 4259 1360 4259 7039 4260 1448 4260 1402 4260 1405 17 1452 17 1364 17 1452 17 1406 17 1364 17 1408 4261 7040 4261 1367 4261 7032 4262 1456 4262 1410 4262 1412 17 7033 17 1371 17 7033 4263 1460 4263 1414 4263 1416 4264 7035 4264 1375 4264 7034 4265 1464 4265 1418 4265 1419 17 1509 17 1378 17 1423 17 7036 17 1382 17 7036 4266 1471 4266 1425 4266 1429 4267 7037 4267 1386 4267 7037 17 1517 17 1386 17 1517 17 1474 17 1386 17 1474 17 1430 17 1386 17 1432 4268 7037 4268 1389 4268 7037 4269 1478 4269 1434 4269 1436 17 7038 17 1393 17 7038 4270 1482 4270 1438 4270 1443 17 7039 17 1397 17 7039 17 1564 17 1397 17 1564 17 1528 17 1397 17 1528 17 1485 17 1397 17 1485 17 1444 17 1397 17 1446 17 7039 17 1400 17 7039 4271 1489 4271 1448 4271 7040 17 1536 17 1405 17 1451 17 7040 17 1405 17 1536 17 1493 17 1405 17 1493 17 1452 17 1405 17 1454 17 7040 17 1408 17 7032 4272 1497 4272 1456 4272 1458 17 7033 17 1412 17 7033 4273 1501 4273 1460 4273 1462 17 7035 17 1416 17 7034 4274 1505 4274 1464 4274 1465 17 1509 17 1419 17 1469 17 7036 17 1423 17 7036 4275 1513 4275 1471 4275 1473 4276 7037 4276 1429 4276 1476 4277 7037 4277 1432 4277 7037 4278 1521 4278 1478 4278 1480 17 7038 17 1436 17 7038 4279 1525 4279 1482 4279 1484 4280 7039 4280 1443 4280 1487 17 7039 17 1446 17 7039 4281 1532 4281 1489 4281 1491 17 7040 17 1451 17 1495 17 7040 17 1454 17 7032 4282 1540 4282 1497 4282 1499 17 7033 17 1458 17 7033 4283 1543 4283 1501 4283 1503 17 7035 17 1462 17 7034 4284 1546 4284 1505 4284 1507 17 7034 17 1465 17 7034 17 1509 17 1465 17 7034 4285 1549 4285 1509 4285 1511 17 7036 17 1469 17 7036 4286 1552 4286 1513 4286 1515 17 7037 17 1473 17 7037 4287 1555 4287 1517 4287 1519 17 7037 17 1476 17 7037 4288 1558 4288 1521 4288 1523 17 7038 17 1480 17 7038 4289 1561 4289 1525 4289 1527 4290 7039 4290 1484 4290 1530 4291 7039 4291 1487 4291 7039 4292 1567 4292 1532 4292 1534 17 7040 17 1491 17 7040 4293 1570 4293 1536 4293 1538 4294 7040 4294 1495 4294 7032 4295 1541 4295 1540 4295 1541 4296 7033 4296 1499 4296 7035 4297 1544 4297 1543 4297 7033 4298 7035 4298 1543 4298 1544 4299 7035 4299 1503 4299 7034 4300 1547 4300 1546 4300 1547 17 7034 17 1507 17 7034 17 7036 17 1549 17 7036 4301 1550 4301 1549 4301 1550 4302 7036 4302 1511 4302 7036 4303 1553 4303 1552 4303 1553 17 7037 17 1515 17 7037 4304 1556 4304 1555 4304 1556 17 7037 17 1519 17 7037 4305 1559 4305 1558 4305 1559 17 7038 17 1523 17 7038 4306 1562 4306 1561 4306 7038 17 7039 17 1527 17 1562 17 7038 17 1527 17 7039 4307 1565 4307 1564 4307 1565 4308 7039 4308 1530 4308 7039 4309 1568 4309 1567 4309 7039 17 7040 17 1534 17 1568 17 7039 17 1534 17 7040 4310 1571 4310 1570 4310 1571 4311 7040 4311 1538 4311 7032 17 7033 17 1541 17 7036 17 7037 17 1553 17 7037 4312 7038 4312 1559 4312 7041 17 7032 17 721 17 1574 17 7041 17 721 17 1720 17 1712 17 7032 17 1712 17 1708 17 7032 17 1708 17 7033 17 7032 17 1763 17 1753 17 7032 17 1753 4313 1745 4313 7032 4313 1745 17 1736 17 7032 17 1736 17 1720 17 7032 17 7041 17 1783 17 7032 17 1783 17 1775 17 7032 17 1775 4314 1763 4314 7032 4314 1759 17 1742 17 7033 17 1742 17 1734 17 7033 17 1734 17 1726 17 7033 17 1726 4315 7035 4315 7033 4315 7042 17 1875 17 7033 17 1875 4316 1841 4316 7033 4316 1841 17 1822 17 7033 17 1822 17 1799 17 7033 17 1799 17 1779 17 7033 17 1779 17 1772 17 7033 17 1772 17 1759 17 7033 17 1705 17 1709 17 7033 17 1709 17 1713 17 7033 17 1713 17 1721 17 7033 17 1708 4317 1704 4317 7033 4317 1704 4318 1705 4318 7033 4318 1721 17 1737 17 7033 17 1737 17 1746 17 7033 17 1746 4319 1754 4319 7033 4319 1754 17 1764 17 7033 17 1764 4320 1776 4320 7033 4320 1776 17 7042 17 7033 17 1726 17 1717 17 7035 17 1717 17 1716 17 7035 17 1716 17 1724 17 7035 17 1724 17 1732 17 7035 17 1732 17 1740 17 7035 17 1740 17 1757 17 7035 17 1757 17 1859 17 7035 17 1859 17 7034 17 7035 17 1677 17 1675 17 7034 17 1675 17 1673 17 7034 17 1673 4321 1668 4321 7034 4321 1668 17 7036 17 7034 17 1685 17 1683 17 7034 17 1687 4322 1685 4322 7034 4322 1683 17 1681 17 7034 17 1681 17 1679 17 7034 17 1679 17 1677 17 7034 17 1859 17 1690 17 7034 17 1690 17 1687 17 7034 17 1668 17 1667 17 7036 17 1667 17 1669 17 7036 17 1669 17 7037 17 7036 17 1669 17 1670 17 7037 17 1670 17 7038 17 7037 17 1670 17 1671 17 7038 17 1671 17 7039 17 7038 17 1747 17 1738 17 7039 17 1738 4323 1722 4323 7039 4323 1722 4324 7040 4324 7039 4324 1719 17 1718 17 7039 17 1718 17 1765 17 7039 17 1765 17 1755 17 7039 17 1755 17 1747 17 7039 17 1758 4325 1741 4325 7039 4325 1878 17 1758 17 7039 17 1741 17 1733 17 7039 17 1733 4326 1725 4326 7039 4326 1725 17 1719 17 7039 17 1674 17 1676 17 7039 17 1676 17 1678 17 7039 17 1678 17 1680 17 7039 17 1680 17 1682 17 7039 17 1682 17 1684 17 7039 17 1684 4327 1686 4327 7039 4327 1686 17 1688 17 7039 17 1688 17 1878 17 7039 17 1671 17 1672 17 7039 17 1672 17 1674 17 7039 17 1711 17 1715 17 7040 17 1715 17 1723 17 7040 17 1723 4328 1739 4328 7040 4328 1710 17 1706 17 7040 17 1706 4329 1707 4329 7040 4329 1707 4330 1711 4330 7040 4330 1722 17 1714 17 7040 17 1714 17 1710 17 7040 17 1739 4331 1748 4331 7040 4331 1748 17 1756 17 7040 17 1756 17 1666 17 7040 17 1756 4332 1762 4332 1666 4332 1762 17 1766 17 1666 17 1766 17 1778 17 1666 17 1778 17 1939 17 1666 17 1859 4333 1693 4333 1690 4333 1691 17 1878 17 1688 17 1859 4334 1697 4334 1693 4334 1695 17 1878 17 1691 17 1859 4335 1701 4335 1697 4335 1699 4336 1878 4336 1695 4336 1859 4337 1729 4337 1701 4337 1703 17 1878 17 1699 17 1727 4338 1788 4338 1718 4338 1788 17 1777 17 1718 17 1777 17 1765 17 1718 17 1859 17 1750 17 1729 17 1731 17 1878 17 1703 17 1735 17 1788 17 1727 17 1744 17 1788 17 1735 17 1859 17 1769 17 1750 17 1752 4339 1878 4339 1731 4339 1761 4340 1788 4340 1744 4340 1859 4341 1910 4341 1769 4341 1914 17 1878 17 1752 17 1771 4342 1914 4342 1752 4342 1774 17 1788 17 1761 17 1781 17 1788 17 1774 17 7041 17 1791 17 1783 17 1785 17 7042 17 1776 17 1781 17 1796 17 1788 17 1789 17 1939 17 1778 17 7041 4343 1802 4343 1791 4343 1793 4344 7042 4344 1785 4344 1781 4345 1800 4345 1796 4345 1800 4346 1807 4346 1796 4346 1798 17 1939 17 1789 17 7041 4347 1811 4347 1802 4347 1804 17 7042 17 1793 17 1842 4348 1816 4348 1807 4348 1800 17 1823 17 1807 17 1823 17 1842 17 1807 17 1809 17 1939 17 1798 17 7041 4349 1825 4349 1811 4349 1813 4350 7042 4350 1804 4350 1842 4351 1829 4351 1816 4351 1818 17 7043 17 1809 17 7043 4352 1939 4352 1809 4352 1821 17 7043 17 1818 17 7041 4353 1833 4353 1825 4353 1827 17 7042 17 1813 17 1876 4354 1837 4354 1829 4354 1842 17 1876 17 1829 17 1831 4355 7043 4355 1821 4355 7041 4356 1844 4356 1833 4356 1835 17 7042 17 1827 17 1876 4357 1848 4357 1837 4357 1839 4358 7043 4358 1831 4358 7041 4359 1852 4359 1844 4359 1846 17 7042 17 1835 17 1876 4360 1856 4360 1848 4360 1850 17 7043 17 1839 17 7041 4361 1861 4361 1852 4361 1854 17 7042 17 1846 17 1876 17 1865 17 1856 17 1858 17 7043 17 1850 17 7041 4362 1869 4362 1861 4362 1863 17 7042 17 1854 17 1876 4363 1872 4363 1865 4363 1867 4364 7043 4364 1858 4364 7041 4365 1870 4365 1869 4365 1870 4366 7042 4366 1863 4366 7043 4367 1873 4367 1872 4367 1876 4368 7043 4368 1872 4368 1873 4369 7043 4369 1867 4369 7041 17 7042 17 1870 17 7042 17 1905 17 1875 17 1879 17 1910 17 1859 17 7044 17 7041 17 1574 17 1882 17 7044 17 1574 17 1948 17 1944 17 7041 17 1944 17 7042 17 7041 17 1960 17 1956 17 7041 17 1956 17 1952 17 7041 17 1952 17 1948 17 7041 17 1973 4370 1969 4370 7041 4370 1969 17 1964 17 7041 17 1964 4371 1960 4371 7041 4371 7044 17 1984 17 7041 17 1984 17 1978 17 7041 17 1978 17 1973 17 7041 17 7045 17 2084 17 7042 17 2084 17 1905 17 7042 17 1944 4372 1940 4372 7042 4372 1940 4373 1941 4373 7042 4373 1941 17 1945 17 7042 17 1945 17 1949 17 7042 17 1949 17 1953 17 7042 17 1953 17 1957 17 7042 17 1957 17 1961 17 7042 17 1961 4374 1965 4374 7042 4374 1965 17 1970 17 7042 17 1970 4375 1974 4375 7042 4375 1974 17 7045 17 7042 17 1907 17 1910 17 1879 17 1907 4376 1992 4376 1910 4376 1913 17 7046 17 1771 17 2094 17 1914 17 1771 17 7046 4377 2094 4377 1771 4377 1958 4378 1954 4378 1876 4378 1954 17 1950 17 1876 17 1950 17 7043 17 1876 17 1975 17 1971 17 1876 17 1925 17 1988 17 1876 17 1988 17 1981 17 1876 17 1981 17 1975 17 1876 17 1971 17 1966 17 1876 17 1966 17 1962 17 1876 17 1962 17 1958 17 1876 17 1942 4379 1943 4379 7043 4379 1943 4380 1947 4380 7043 4380 1947 17 1951 17 7043 17 1951 17 1955 17 7043 17 1955 4381 1959 4381 7043 4381 1950 17 1946 17 7043 17 1946 17 1942 17 7043 17 1959 4382 1963 4382 7043 4382 1963 17 1967 17 7043 17 1967 17 1939 17 7043 17 1967 4383 1968 4383 1939 4383 1968 17 1972 17 1939 17 1972 17 1976 17 1939 17 1976 17 2117 17 1939 17 1979 17 7045 17 1974 17 1982 17 2117 17 1976 17 7044 4384 1994 4384 1984 4384 1986 4344 7045 4344 1979 4344 1925 4385 1998 4385 1988 4385 1990 17 2117 17 1982 17 1907 17 7047 17 1992 17 7047 17 2089 17 1992 17 7044 4386 2002 4386 1994 4386 1996 17 7045 17 1986 17 1925 4387 2006 4387 1998 4387 2000 17 2117 17 1990 17 7044 4349 2013 4349 2002 4349 2004 4350 7045 4350 1996 4350 1925 4388 2017 4388 2006 4388 2008 17 7048 17 2000 17 7048 4352 2117 4352 2000 4352 2011 17 7048 17 2008 17 7044 4353 2024 4353 2013 4353 2015 17 7045 17 2004 17 1925 4354 2028 4354 2017 4354 2019 4355 7048 4355 2011 4355 2022 17 7046 17 1913 17 7044 4389 2032 4389 2024 4389 2026 17 7045 17 2015 17 1925 4390 2036 4390 2028 4390 2030 4358 7048 4358 2019 4358 7044 4391 2040 4391 2032 4391 2034 17 7045 17 2026 17 1925 4392 2044 4392 2036 4392 2038 17 7048 17 2030 17 7044 4361 2048 4361 2040 4361 2042 17 7045 17 2034 17 1925 17 2052 17 2044 17 2046 17 7048 17 2038 17 7044 4362 2056 4362 2048 4362 2050 17 7045 17 2042 17 1925 4363 2059 4363 2052 4363 2054 4364 7048 4364 2046 4364 7044 4365 2057 4365 2056 4365 2057 4366 7045 4366 2050 4366 7048 4367 2060 4367 2059 4367 1925 4368 7048 4368 2059 4368 2060 4369 7048 4369 2054 4369 7044 17 7045 17 2057 17 7049 17 7044 17 1882 17 2063 17 7049 17 1882 17 2128 17 2124 17 7044 17 2124 17 7045 17 7044 17 2149 17 2144 17 7044 17 2144 4393 2140 4393 7044 4393 2140 17 2136 17 7044 17 2136 17 2132 17 7044 17 2132 17 2128 17 7044 17 7049 17 2160 17 7044 17 2160 17 2154 17 7044 17 2154 4370 2149 4370 7044 4370 7050 17 2260 17 7045 17 2260 17 2084 17 7045 17 2125 17 2129 17 7045 17 2121 17 2125 17 7045 17 2124 4394 2120 4394 7045 4394 2120 4395 2121 4395 7045 4395 2129 17 2133 17 7045 17 2133 17 2137 17 7045 17 2137 17 2141 17 7045 17 2150 17 7050 17 7045 17 2145 17 2150 17 7045 17 2141 4396 2145 4396 7045 4396 2086 17 7047 17 1907 17 2214 17 2089 17 7047 17 2234 17 2214 17 7047 17 2086 17 2234 17 7047 17 2277 17 7046 17 2022 17 7051 4397 2277 4397 2022 4397 2093 17 7051 17 2022 17 2119 17 2094 17 7046 17 2277 17 2119 17 7046 17 2138 4398 2134 4398 1925 4398 2134 17 2130 17 1925 17 2130 17 7048 17 1925 17 2151 17 2146 17 1925 17 2146 17 2142 17 1925 17 2142 17 2138 17 1925 17 2104 17 2164 17 1925 17 2164 17 2157 17 1925 17 2157 17 2151 17 1925 17 2122 4399 2123 4399 7048 4399 2123 4380 2127 4380 7048 4380 2127 17 2131 17 7048 17 2131 17 2135 17 7048 17 2135 4381 2139 4381 7048 4381 2139 4382 2143 4382 7048 4382 2130 17 2126 17 7048 17 2126 17 2122 17 7048 17 2143 17 2147 17 7048 17 2147 17 2117 17 7048 17 2147 4383 2148 4383 2117 4383 2148 17 2152 17 2117 17 2152 17 2282 17 2117 17 2252 4400 2234 4400 2086 4400 2118 17 2252 17 2086 17 2155 4401 7050 4401 2150 4401 2158 17 2282 17 2152 17 7049 17 2168 17 2160 17 2162 17 7050 17 2155 17 2104 17 2172 17 2164 17 2166 17 2282 17 2158 17 7049 4402 2176 4402 2168 4402 2170 4403 7050 4403 2162 4403 2104 4404 2180 4404 2172 4404 2174 17 2282 17 2166 17 7049 4405 2184 4405 2176 4405 2178 17 7050 17 2170 17 2104 4406 2188 4406 2180 4406 2182 17 2282 17 2174 17 7049 4407 2198 4407 2184 4407 2186 4408 7050 4408 2178 4408 2104 4409 2202 4409 2188 4409 2190 17 7052 17 2182 17 7052 4410 2282 4410 2182 4410 2193 17 7052 17 2190 17 2196 17 7051 17 2093 17 7049 4411 2206 4411 2198 4411 2200 17 7050 17 2186 17 2104 4412 2210 4412 2202 4412 2204 4413 7052 4413 2193 4413 7049 4414 2218 4414 2206 4414 2208 17 7050 17 2200 17 2104 4415 2222 4415 2210 4415 2212 4416 7052 4416 2204 4416 2216 4417 7051 4417 2196 4417 7049 4418 2226 4418 2218 4418 2220 17 7050 17 2208 17 2104 4419 2230 4419 2222 4419 2224 17 7052 17 2212 17 7049 4420 2238 4420 2226 4420 2228 17 7050 17 2220 17 2104 17 2242 17 2230 17 2232 17 7052 17 2224 17 2236 17 7051 17 2216 17 7049 4421 2246 4421 2238 4421 2240 17 7050 17 2228 17 2104 4422 2249 4422 2242 4422 2244 4423 7052 4423 2232 4423 7049 4424 2247 4424 2246 4424 2247 4425 7050 4425 2240 4425 2104 4426 2250 4426 2249 4426 2250 4427 7052 4427 2244 4427 7049 17 7050 17 2247 17 2104 17 7052 17 2250 17 2118 4428 2268 4428 2252 4428 2254 17 7051 17 2236 17 7053 17 7049 17 2063 17 2257 17 7053 17 2063 17 7054 17 7050 17 7049 17 7053 17 7054 17 7049 17 7054 17 2325 17 7050 17 2325 17 2260 17 7050 17 2262 17 2268 17 2118 17 2262 4429 2285 4429 2268 4429 2285 17 2287 17 2268 17 2287 17 2289 17 2268 17 2289 4430 2284 4430 2268 4430 7055 17 7051 17 2254 17 2271 17 7055 17 2254 17 2292 4431 2290 4431 7051 4431 2290 17 2288 17 7051 17 2288 17 2286 17 7051 17 2286 17 2277 17 7051 17 7055 17 2299 17 7051 17 2299 17 2295 17 7051 17 2295 4432 2292 4432 7051 4432 7056 17 7052 17 2104 17 2280 17 7056 17 2104 17 2357 17 2282 17 7052 17 7056 17 2357 17 7052 17 2289 17 2291 17 2284 17 2291 17 7055 17 2284 17 7055 17 2271 17 2284 17 2293 17 7055 17 2291 17 2297 17 7055 17 2293 17 7055 4433 2332 4433 2299 4433 7057 17 7053 17 2257 17 2302 17 7057 17 2257 17 2406 17 2402 17 7053 17 2402 17 7054 17 7053 17 2422 17 2416 17 7053 17 2416 17 2412 17 7053 17 2412 17 2406 17 7053 17 2436 4370 2432 4370 7053 4370 2432 17 2426 17 7053 17 2426 4393 2422 4393 7053 4393 7057 17 2447 17 7053 17 2447 17 2441 17 7053 17 2441 17 2436 17 7053 17 7058 17 2549 17 7054 17 2549 17 2325 17 7054 17 2402 4394 2396 4394 7054 4394 2396 4373 2397 4373 7054 4373 2397 17 2403 17 7054 17 2403 17 2407 17 7054 17 2407 17 2413 17 7054 17 2413 17 2417 17 7054 17 2417 17 2423 17 7054 17 2423 4396 2427 4396 7054 4396 2427 17 2433 17 7054 17 2433 4434 2437 4434 7054 4434 2437 17 7058 17 7054 17 2327 17 7055 17 2297 17 2370 17 2361 17 7055 17 2361 17 2332 17 7055 17 2327 17 2359 17 7055 17 2359 4435 2401 4435 7055 4435 2421 17 2370 17 7055 17 2411 17 2421 17 7055 17 2401 4436 2411 4436 7055 4436 2418 4398 2414 4398 2280 4398 2438 17 2434 17 2280 17 2343 17 2451 17 2280 17 2451 17 2444 17 2280 17 2444 17 2438 17 2280 17 2434 17 2428 17 2280 17 2428 17 2424 17 2280 17 2424 17 2418 17 2280 17 2408 17 7056 17 2280 17 2414 17 2408 17 2280 17 2405 17 2409 17 7056 17 2408 17 2404 17 7056 17 2404 17 2398 17 7056 17 2398 4379 2399 4379 7056 4379 2399 4437 2405 4437 7056 4437 2409 17 2415 17 7056 17 2415 4381 2419 4381 7056 4381 2419 4382 2425 4382 7056 4382 2429 17 2357 17 7056 17 2425 17 2429 17 7056 17 2429 4438 2431 4438 2357 4438 2431 17 2435 17 2357 17 2435 17 2439 17 2357 17 2439 17 2584 17 2357 17 2394 4439 2392 4439 2359 4439 2368 17 2410 17 2359 17 2410 17 2400 17 2359 17 2400 17 2394 17 2359 17 2392 17 2393 17 2359 17 2393 17 2395 17 2359 17 2395 17 2401 17 2359 17 2421 4440 2375 4440 2370 4440 2373 4441 2420 4441 2368 4441 2420 17 2410 17 2368 17 2421 4442 2380 4442 2375 4442 2378 17 2420 17 2373 17 2421 4443 2384 4443 2380 4443 2382 17 2420 17 2378 17 2421 4444 2391 4444 2384 4444 2554 17 2420 17 2382 17 7059 4445 2554 4445 2382 4445 2387 17 7059 17 2382 17 2421 4446 2430 4446 2391 4446 2430 17 2520 17 2391 17 2442 17 7058 17 2437 17 2445 17 2584 17 2439 17 7057 4447 2455 4447 2447 4447 2449 4344 7058 4344 2442 4344 2343 4448 2459 4448 2451 4448 2453 17 2584 17 2445 17 7057 4347 2463 4347 2455 4347 2457 17 7058 17 2449 17 2343 4449 2467 4449 2459 4449 2461 17 2584 17 2453 17 7057 4450 2474 4450 2463 4450 2465 4350 7058 4350 2457 4350 2343 4451 2478 4451 2467 4451 2469 17 7060 17 2461 17 7060 4452 2584 4452 2461 4452 2472 17 7060 17 2469 17 7057 4453 2482 4453 2474 4453 2476 17 7058 17 2465 17 2343 4454 2486 4454 2478 4454 2480 4355 7060 4355 2472 4355 7057 4389 2490 4389 2482 4389 2484 17 7058 17 2476 17 2343 4390 2494 4390 2486 4390 2488 4358 7060 4358 2480 4358 7057 4391 2498 4391 2490 4391 2492 17 7058 17 2484 17 2343 4455 2502 4455 2494 4455 2496 17 7060 17 2488 17 7057 4456 2506 4456 2498 4456 2500 17 7058 17 2492 17 2343 17 2510 17 2502 17 2504 17 7060 17 2496 17 7057 4362 2514 4362 2506 4362 2508 17 7058 17 2500 17 2343 4363 2517 4363 2510 4363 2512 4364 7060 4364 2504 4364 7057 4365 2515 4365 2514 4365 2515 4366 7058 4366 2508 4366 7060 4367 2518 4367 2517 4367 2343 4368 7060 4368 2517 4368 2518 4369 7060 4369 2512 4369 7057 17 7058 17 2515 17 2430 17 7061 17 2520 17 7061 17 2559 17 2520 17 2523 17 7059 17 2387 17 7062 17 7057 17 2302 17 2526 17 7062 17 2302 17 2593 17 2589 17 7057 17 2589 17 7058 17 7057 17 2605 17 2601 17 7057 17 2601 17 2597 17 7057 17 2597 17 2593 17 7057 17 2619 4370 2615 4370 7057 4370 2615 17 2610 17 7057 17 2610 4371 2605 4371 7057 4371 7062 17 2631 17 7057 17 2631 17 2625 17 7057 17 2625 17 2619 17 7057 17 7063 17 2725 17 7058 17 2725 17 2549 17 7058 17 2589 4394 2585 4394 7058 4394 2585 4373 2586 4373 7058 4373 2586 17 2590 17 7058 17 2590 17 2594 17 7058 17 2594 17 2598 17 7058 17 2598 17 2602 17 7058 17 2602 17 2606 17 7058 17 2606 4396 2611 4396 7058 4396 2611 17 2616 17 7058 17 2616 4434 2620 4434 7058 4434 2620 17 7063 17 7058 17 2729 4457 7059 4457 2523 4457 2553 17 2729 17 2523 17 2623 17 2554 17 7059 17 2729 17 2623 17 7059 17 2556 17 7061 17 2430 17 2556 17 2559 17 7061 17 2556 17 2733 17 2559 17 2603 4398 2599 4398 2343 4398 2599 17 2595 17 2343 17 2595 17 7060 17 2343 17 2621 17 2617 17 2343 17 2570 17 2635 17 2343 17 2635 17 2628 17 2343 17 2628 17 2621 17 2343 17 2617 17 2612 17 2343 17 2612 17 2607 17 2343 17 2607 17 2603 17 2343 17 2587 4379 2588 4379 7060 4379 2588 4380 2592 4380 7060 4380 2592 17 2596 17 7060 17 2596 17 2600 17 7060 17 2600 4381 2604 4381 7060 4381 2595 17 2591 17 7060 17 2591 17 2587 17 7060 17 2604 4382 2608 4382 7060 4382 2608 17 2613 17 7060 17 2613 17 2584 17 7060 17 2613 4383 2614 4383 2584 4383 2614 17 2618 17 2584 17 2618 17 2622 17 2584 17 2622 17 2753 17 2584 17 2609 17 2733 17 2556 17 2626 17 7063 17 2620 17 2629 17 2753 17 2622 17 7062 4447 2639 4447 2631 4447 2633 4344 7063 4344 2626 4344 2570 4458 2643 4458 2635 4458 2637 17 2753 17 2629 17 7062 4347 2647 4347 2639 4347 2641 17 7063 17 2633 17 2570 4459 2651 4459 2643 4459 2645 17 2753 17 2637 17 7062 4460 2658 4460 2647 4460 2649 4461 7063 4461 2641 4461 2570 4462 2662 4462 2651 4462 2653 17 7064 17 2645 17 7064 4463 2753 4463 2645 4463 2656 17 7064 17 2653 17 7062 4453 2666 4453 2658 4453 2660 17 7063 17 2649 17 2570 4464 2670 4464 2662 4464 2664 4355 7064 4355 2656 4355 7062 4465 2674 4465 2666 4465 2668 17 7063 17 2660 17 2570 4466 2678 4466 2670 4466 2672 4358 7064 4358 2664 4358 7062 4467 2682 4467 2674 4467 2676 17 7063 17 2668 17 2570 4468 2686 4468 2678 4468 2680 17 7064 17 2672 17 7062 4469 2690 4469 2682 4469 2684 17 7063 17 2676 17 2570 17 2694 17 2686 17 2688 17 7064 17 2680 17 7062 4470 2698 4470 2690 4470 2692 17 7063 17 2684 17 2570 4471 2701 4471 2694 4471 2696 4364 7064 4364 2688 4364 7062 4472 2699 4472 2698 4472 2699 4473 7063 4473 2692 4473 7064 4474 2702 4474 2701 4474 2570 4475 7064 4475 2701 4475 2702 4476 7064 4476 2696 4476 7062 17 7063 17 2699 17 7065 17 7062 17 2526 17 2705 17 7065 17 2526 17 2779 17 2775 17 7062 17 2802 4393 2798 4393 7062 4393 2798 17 2789 17 7062 17 2789 17 2785 17 7062 17 2785 17 2779 17 7062 17 7065 17 2824 17 7062 17 2824 4370 2819 4370 7062 4370 2819 17 2802 17 7062 17 2775 17 7063 17 7062 17 2776 17 2780 17 7063 17 2775 4372 2771 4372 7063 4372 2771 4373 2772 4373 7063 4373 2772 17 2776 17 7063 17 2780 17 2786 17 7063 17 2786 17 2790 17 7063 17 2790 17 2799 17 7063 17 2820 17 7066 17 7063 17 2803 17 2820 17 7063 17 2799 4374 2803 4374 7063 4374 7066 17 2767 17 7063 17 2767 17 2725 17 7063 17 2861 17 2729 17 2553 17 2727 17 2861 17 2553 17 2765 4477 2733 4477 2609 4477 2731 4478 2765 4478 2609 4478 2800 17 2791 17 2570 17 2781 17 7064 17 2570 17 2787 17 2781 17 2570 17 2791 4378 2787 4378 2570 4378 2741 17 2821 17 2570 17 2821 17 2804 17 2570 17 2804 17 2800 17 2570 17 2781 17 2777 17 7064 17 2777 17 2773 17 7064 17 2773 4379 2774 4379 7064 4379 2774 4380 2778 4380 7064 4380 2778 17 2782 17 7064 17 2782 17 2788 17 7064 17 2788 4381 2792 4381 7064 4381 2805 17 2753 17 7064 17 2801 17 2805 17 7064 17 2792 4382 2801 4382 7064 4382 2806 17 2971 17 2753 17 2805 4383 2806 4383 2753 4383 2888 17 2861 17 2727 17 7067 17 2957 17 2727 17 2957 17 2917 17 2727 17 2917 17 2888 17 2727 17 2759 17 7067 17 2727 17 2862 17 2889 17 2765 17 2889 17 7068 17 2765 17 7068 17 2880 17 2765 17 2731 4479 2862 4479 2765 4479 7066 4480 2794 4480 2767 4480 2770 4481 2826 4481 2741 4481 2826 17 2821 17 2741 17 2784 17 7069 17 2759 17 7069 17 7067 17 2759 17 7066 4482 2808 4482 2794 4482 2797 17 2839 17 2770 17 2839 4483 2826 4483 2770 4483 7066 4484 2830 4484 2808 4484 2817 17 2913 17 2797 17 2913 17 2898 17 2797 17 2898 17 2885 17 2797 17 2885 17 2871 17 2797 17 2871 17 2858 17 2797 17 2858 4485 2846 4485 2797 4485 2846 17 2839 17 2797 17 2822 17 2971 17 2806 17 7065 4486 2836 4486 2824 4486 2825 4487 7066 4487 2820 4487 2828 17 2971 17 2822 17 7066 4488 2850 4488 2830 4488 2834 17 2940 17 2817 17 2940 17 2931 17 2817 17 2931 17 2913 17 2817 17 7065 17 2843 17 2836 17 2838 17 7066 17 2825 17 2841 17 2971 17 2828 17 7065 4489 2855 4489 2843 4489 2845 4490 7066 4490 2838 4490 2848 17 2971 17 2841 17 7066 4491 2864 4491 2850 4491 2853 17 2967 17 2834 17 2967 17 2940 17 2834 17 7065 4492 2868 4492 2855 4492 2857 17 7066 17 2845 17 2860 17 2971 17 2848 17 7066 4493 2891 4493 2864 4493 2866 17 2967 17 2853 17 7065 4494 2882 4494 2868 4494 2870 4495 7066 4495 2857 4495 2873 17 7070 17 2860 17 7070 4496 2971 4496 2860 4496 2876 17 7070 17 2873 17 2878 17 7069 17 2784 17 7068 4497 2904 4497 2880 4497 7065 4498 2895 4498 2882 4498 2884 17 7066 17 2870 17 2887 4499 7070 4499 2876 4499 7066 17 2906 17 2891 17 2893 4500 2967 4500 2866 4500 7065 4501 2910 4501 2895 4501 2897 17 7066 17 2884 17 2900 4502 7070 4502 2887 4502 2902 4503 7069 4503 2878 4503 7068 4504 2922 4504 2904 4504 7066 4505 2924 4505 2906 4505 2908 4506 2967 4506 2893 4506 7065 4507 2928 4507 2910 4507 2912 17 7066 17 2897 17 2915 17 7070 17 2900 17 2918 17 7068 17 2889 17 2920 17 7069 17 2902 17 7068 4508 2935 4508 2922 4508 7066 4509 2934 4509 2924 4509 2926 17 2967 17 2908 17 7065 4510 2937 4510 2928 4510 2930 17 7066 17 2912 17 2933 17 7070 17 2915 17 2934 17 7069 17 2920 17 7068 4511 2926 4511 2935 4511 7066 4512 7069 4512 2934 4512 7068 4513 2967 4513 2926 4513 7065 4514 2947 4514 2937 4514 2939 17 7066 17 2930 17 2942 17 7070 17 2933 17 7071 17 7065 17 2705 17 2945 17 7071 17 2705 17 7071 17 2947 17 7065 17 7071 4515 2973 4515 2947 4515 7072 17 7066 17 2939 17 2950 17 7072 17 2939 17 7072 17 7073 17 7066 17 7073 17 7069 17 7066 17 7074 17 7067 17 7069 17 7073 17 7074 17 7069 17 2980 4516 2978 4516 7067 4516 2978 17 2957 17 7067 17 7074 17 2985 17 7067 17 2985 17 2982 17 7067 17 2982 17 2980 17 7067 17 2959 4517 7068 4517 2918 4517 2959 4518 2979 4518 7068 4518 2979 17 2981 17 7068 17 2981 17 2983 17 7068 17 2983 17 7075 17 7068 17 7075 17 2967 17 7068 17 7075 4519 7076 4519 2967 4519 7076 4520 2976 4520 2967 4520 7076 17 7070 17 2942 17 2969 4521 7076 4521 2942 4521 3200 17 2971 17 7070 17 7076 17 3200 17 7070 17 7071 4522 2974 4522 2973 4522 2974 4523 7072 4523 2950 4523 7076 4524 2977 4524 2976 4524 2977 4525 7076 4525 2969 4525 7071 17 7072 17 2974 17 7074 4526 2988 4526 2985 4526 2986 17 7075 17 2983 17 7074 4527 2992 4527 2988 4527 2990 4528 7075 4528 2986 4528 7074 17 2996 17 2992 17 2994 17 7075 17 2990 17 7074 17 3000 17 2996 17 2998 17 7075 17 2994 17 7074 4529 3004 4529 3000 4529 3002 17 7075 17 2998 17 7074 4530 3008 4530 3004 4530 3006 17 7075 17 3002 17 7074 4531 3012 4531 3008 4531 3010 17 7075 17 3006 17 7074 4532 3016 4532 3012 4532 3014 17 7075 17 3010 17 7074 4533 3021 4533 3016 4533 3018 17 7075 17 3014 17 7074 4534 3024 4534 3021 4534 7074 17 7077 17 3024 17 7077 17 7078 17 3024 17 7078 17 3027 17 3024 17 7078 17 7079 17 3027 17 7079 17 3028 17 3027 17 7079 17 3018 17 3028 17 7079 4535 7075 4535 3018 4535 7080 17 7071 17 2945 17 3031 17 7080 17 2945 17 3250 17 3223 17 7071 17 3223 17 7072 17 7071 17 3336 17 3310 17 7071 17 3310 17 3276 17 7071 17 3276 17 3250 17 7071 17 3428 4536 3402 4536 7071 4536 3402 17 3373 17 7071 17 3373 4537 3336 4537 7071 4537 7080 17 3495 17 7071 17 3495 17 3458 17 7071 17 3458 17 3428 17 7071 17 3312 17 3278 17 7072 17 3278 17 3252 17 7072 17 3252 17 7073 17 7072 17 3430 17 3404 17 7072 17 7081 17 3499 17 7072 17 3499 17 3461 17 7072 17 3461 4538 3430 4538 7072 4538 3404 4539 3375 4539 7072 4539 3375 17 3338 17 7072 17 3338 17 3312 17 7072 17 3223 4540 3201 4540 7072 4540 3201 4541 3202 4541 7072 4541 3202 17 3224 17 7072 17 3224 17 3251 17 7072 17 3251 17 3277 17 7072 17 3277 17 3311 17 7072 17 3311 17 3337 17 7072 17 3337 4542 3374 4542 7072 4542 3374 17 3403 17 7072 17 3403 4543 3429 4543 7072 4543 3429 17 7081 17 7072 17 3252 4544 3225 4544 7073 4544 3225 17 3203 17 7073 17 3203 4545 3204 4545 7073 4545 3204 17 3226 17 7073 17 3226 17 3253 17 7073 17 3253 4546 3279 4546 7073 4546 3279 17 3313 17 7073 17 3313 17 3339 17 7073 17 3339 17 3376 17 7073 17 3376 17 3405 17 7073 17 3405 17 3431 17 7073 17 3431 17 3462 17 7073 17 3462 17 7082 17 7073 17 7083 17 7074 17 7073 17 7082 17 7083 17 7073 17 3314 17 3280 17 7074 17 3280 17 3254 17 7074 17 3254 17 3227 17 7074 17 3227 4547 3205 4547 7074 4547 3205 17 3206 17 7074 17 3206 17 7077 17 7074 17 3432 17 3406 17 7074 17 7083 17 3503 17 7074 17 3503 17 3464 17 7074 17 3464 17 3432 17 7074 17 3406 17 3377 17 7074 17 3377 4548 3340 4548 7074 4548 3340 17 3314 17 7074 17 3209 17 7078 17 7077 17 3231 17 3209 17 7077 17 3259 17 3231 17 7077 17 3438 4549 3411 4549 7077 4549 3411 17 3382 17 7077 17 3382 17 3348 17 7077 17 3348 4550 3319 4550 7077 4550 3319 17 3287 17 7077 17 3287 17 3259 17 7077 17 7084 17 3511 17 7077 17 3511 17 3471 17 7077 17 3471 4551 3438 4551 7077 4551 3228 17 3255 17 7077 17 3207 4552 3208 4552 7077 4552 3229 17 3207 17 7077 17 3208 17 3230 17 7077 17 3230 17 3258 17 7077 17 3258 17 3286 17 7077 17 3206 17 3228 17 7077 17 3286 17 3318 17 7077 17 3318 4553 3347 4553 7077 4553 3347 4554 3381 4554 7077 4554 3381 4555 3410 4555 7077 4555 3410 17 3437 17 7077 17 3437 17 7084 17 7077 17 3257 17 3229 17 7077 17 3255 4556 3257 4556 7077 4556 3264 17 3237 17 7078 17 3237 4557 3213 4557 7078 4557 3213 4558 7079 4558 7078 4558 3444 17 3416 17 7078 17 3416 4559 3389 4559 7078 4559 3389 4560 3354 4560 7078 4560 3354 17 3324 17 7078 17 3324 4561 3294 4561 7078 4561 3294 4562 3264 4562 7078 4562 7085 17 3519 17 7078 17 3519 17 3478 17 7078 17 3478 17 3444 17 7078 17 3209 17 3210 17 7078 17 3235 4563 3211 4563 7078 4563 3211 17 3212 17 7078 17 3212 17 3236 17 7078 17 3236 4564 3263 4564 7078 4564 3263 4565 3293 4565 7078 4565 3293 17 3323 17 7078 17 3323 17 3353 17 7078 17 3353 17 3388 17 7078 17 3388 17 3415 17 7078 17 3262 4566 3235 4566 7078 4566 3210 4567 3262 4567 7078 4567 3415 17 3443 17 7078 17 3443 17 3476 17 7078 17 3476 17 7085 17 7078 17 3326 17 3296 17 7079 17 3216 17 7075 17 7079 17 3215 17 3216 17 7079 17 3296 17 3266 17 7079 17 3266 17 3239 17 7079 17 3239 17 3215 17 7079 17 3446 17 3418 17 7079 17 7086 17 3523 17 7079 17 3523 17 3481 17 7079 17 3481 4568 3446 4568 7079 4568 3418 17 3391 17 7079 17 3391 17 3356 17 7079 17 3356 17 3326 17 7079 17 3238 17 3265 17 7079 17 3213 17 3214 17 7079 17 3214 17 3238 17 7079 17 3355 17 3390 17 7079 17 3265 17 3295 17 7079 17 3295 17 3325 17 7079 17 3325 17 3355 17 7079 17 3390 17 3417 17 7079 17 3417 17 3445 17 7079 17 3445 17 7086 17 7079 17 3331 17 3303 17 7075 17 3303 17 3271 17 7075 17 3271 4569 3246 4569 7075 4569 3246 17 3219 17 7075 17 3219 17 3220 17 7075 17 3220 4570 7076 4570 7075 4570 3452 17 3423 17 7075 17 7087 17 3531 17 7075 17 3531 17 3488 17 7075 17 3488 4571 3452 4571 7075 4571 3423 17 3396 17 7075 17 3396 4572 3364 4572 7075 4572 3364 17 3331 17 7075 17 3217 4573 3218 4573 7075 4573 3244 17 3217 17 7075 17 3216 4574 3244 4574 7075 4574 3218 4575 3245 4575 7075 4575 3245 17 3270 17 7075 17 3270 17 3302 17 7075 17 3302 4576 3330 4576 7075 4576 3330 17 3363 17 7075 17 3363 17 3395 17 7075 17 3395 4577 3422 4577 7075 4577 3422 4578 3451 4578 7075 4578 3451 17 7087 17 7075 17 3249 17 3275 17 7076 17 3275 17 3309 17 7076 17 3309 4579 3335 4579 7076 4579 3335 4580 3372 4580 7076 4580 3248 17 3221 17 7076 17 3221 4581 3222 4581 7076 4581 3222 4582 3249 4582 7076 4582 3220 17 3247 17 7076 17 3247 17 3272 17 7076 17 3272 4583 3308 4583 7076 4583 3308 17 3274 17 7076 17 3274 17 3248 17 7076 17 3400 17 3200 17 7076 17 3372 17 3400 17 7076 17 3400 4584 3401 4584 3200 4584 3401 17 3427 17 3200 17 3427 17 3456 17 3200 17 3456 17 3975 17 3200 17 3292 17 3262 17 3210 17 3234 17 3292 17 3210 17 3269 17 3244 17 3216 17 3301 4585 3269 4585 3216 4585 3243 4586 3301 4586 3216 4586 3255 4587 3285 4587 3257 4587 3261 4588 3292 4588 3234 4588 3268 4589 3301 4589 3243 4589 3282 17 3285 17 3255 17 3282 17 3315 17 3285 17 3315 4590 3317 4590 3285 4590 3291 17 3352 17 3261 17 3352 17 3322 17 3261 17 3322 17 3292 17 3261 17 3329 4591 3301 4591 3268 4591 3362 17 3329 17 3268 17 3300 17 3362 17 3268 17 3305 4592 3308 4592 3272 4592 3305 4593 3332 4593 3308 4593 3332 4594 3334 4594 3308 4594 3315 4595 3346 4595 3317 4595 3321 17 3352 17 3291 17 3328 17 3362 17 3300 17 3332 4596 3371 4596 3334 4596 3380 4597 3346 4597 3315 4597 3345 17 3436 17 3315 17 3436 4598 3409 4598 3315 4598 3409 17 3380 17 3315 17 3350 17 3352 17 3321 17 3350 4599 3387 4599 3352 4599 3358 17 3362 17 3328 17 3358 4600 3392 4600 3362 4600 3392 17 3419 17 3362 17 3419 4601 3394 4601 3362 4601 3366 17 3371 17 3332 17 3366 4194 3397 4194 3371 4194 3397 4602 3424 4602 3371 4602 3424 4603 3399 4603 3371 4603 3379 4604 3436 4604 3345 4604 3386 4605 3387 4605 3350 4605 3386 4196 3414 4196 3387 4196 3419 4197 3421 4197 3394 4197 3424 17 3453 17 3399 17 3453 4198 3426 4198 3399 4198 3408 4606 3436 4606 3379 4606 3442 17 3414 17 3386 17 3413 4200 3442 4200 3386 4200 3419 4201 3450 4201 3421 4201 3453 4202 3455 4202 3426 4202 3434 17 3436 17 3408 17 3434 4607 3468 4607 3436 4607 3440 17 3442 17 3413 17 3440 4608 3475 4608 3442 4608 3485 17 3450 17 3419 17 3449 17 3485 17 3419 17 3453 4609 3492 4609 3455 4609 3459 17 7081 17 3429 17 3466 17 3507 17 3434 17 3507 17 3468 17 3434 17 3469 17 7084 17 3437 17 3515 17 3475 17 3440 17 3473 17 3515 17 3440 17 3479 17 7086 17 3445 17 3527 17 3485 17 3449 17 3483 17 3527 17 3449 17 3486 17 7087 17 3451 17 3490 17 3537 17 3453 17 3537 17 3492 17 3453 17 3493 17 3975 17 3456 17 7080 4610 3541 4610 3495 4610 3497 4611 7081 4611 3459 4611 7081 4612 3545 4612 3499 4612 3501 17 7082 17 3462 17 7083 4613 3549 4613 3503 4613 3506 17 3555 17 3466 17 3555 17 3507 17 3466 17 3509 17 7084 17 3469 17 7084 4614 3559 4614 3511 4614 3513 17 3515 17 3473 17 3513 4615 3565 4615 3515 4615 3517 17 7085 17 3476 17 7085 4616 3569 4616 3519 4616 3521 17 7086 17 3479 17 7086 4617 3573 4617 3523 4617 3525 17 3527 17 3483 17 3525 4618 3579 4618 3527 4618 3529 4619 7087 4619 3486 4619 7087 4620 3583 4620 3531 4620 3670 17 3627 17 3490 17 3718 17 3670 17 3490 17 3536 17 3718 17 3490 17 3627 17 3587 17 3490 17 3587 17 3537 17 3490 17 3539 17 3975 17 3493 17 7080 4621 3591 4621 3541 4621 3543 17 7081 17 3497 17 7081 4217 3595 4217 3545 4217 3547 17 7082 17 3501 17 7083 4218 3599 4218 3549 4218 3551 4622 3555 4622 3506 4622 3643 4623 3602 4623 3555 4623 3600 17 3643 17 3555 17 3551 4624 3600 4624 3555 4624 3557 4220 7084 4220 3509 4220 7084 4625 3606 4625 3559 4625 3696 17 3652 17 3513 17 3564 4626 3696 4626 3513 4626 3652 4223 3609 4223 3513 4223 3609 17 3565 17 3513 17 3567 17 7085 17 3517 17 7085 4224 3613 4224 3569 4224 3571 17 7086 17 3521 17 7086 4225 3617 4225 3573 4225 3709 17 3663 17 3525 17 3578 17 3709 17 3525 17 3663 4226 3620 4226 3525 4226 3620 4227 3579 4227 3525 4227 3581 4228 7087 4228 3529 4228 7087 4627 3624 4627 3583 4627 3586 4230 3718 4230 3536 4230 3589 17 3975 17 3539 17 7080 4628 3634 4628 3591 4628 3593 4629 7081 4629 3543 4629 7081 4630 3638 4630 3595 4630 3597 17 7082 17 3547 17 7083 4631 3642 4631 3599 4631 3643 4632 3645 4632 3602 4632 3604 4633 7084 4633 3557 4633 7084 4236 3649 4236 3606 4236 3608 4634 3696 4634 3564 4634 3611 17 7085 17 3567 17 7085 4237 3656 4237 3613 4237 3615 17 7086 17 3571 17 7086 4238 3660 4238 3617 4238 3619 4635 3709 4635 3578 4635 3622 17 7087 17 3581 17 7087 4636 3667 4636 3624 4636 3626 4637 3718 4637 3586 4637 3629 17 7088 17 3589 17 7088 4638 3975 4638 3589 4638 3632 17 7088 17 3629 17 7080 4639 3674 4639 3634 4639 3636 17 7081 17 3593 17 7081 4640 3678 4640 3638 4640 3640 17 7082 17 3597 17 7083 4641 3682 4641 3642 4641 3643 4642 3687 4642 3645 4642 3647 4643 7084 4643 3604 4643 7084 4644 3691 4644 3649 4644 3651 17 3696 17 3608 17 3654 17 7085 17 3611 17 7085 4645 3700 4645 3656 4645 3658 17 7086 17 3615 17 7086 4646 3704 4646 3660 4646 3662 17 3709 17 3619 17 3665 17 7087 17 3622 17 7087 4647 3713 4647 3667 4647 3669 17 3718 17 3626 17 3672 4648 7088 4648 3632 4648 7080 4649 3722 4649 3674 4649 3676 17 7081 17 3636 17 7081 4650 3726 4650 3678 4650 3680 17 7082 17 3640 17 7083 4651 3730 4651 3682 4651 3686 17 3774 17 3643 17 3774 17 3733 17 3643 17 3733 17 3687 17 3643 17 3689 17 7084 17 3647 17 7084 4652 3737 4652 3691 4652 3693 17 3696 17 3651 17 3738 4653 3740 4653 3696 4653 3693 17 3738 17 3696 17 3698 17 7085 17 3654 17 7085 4654 3744 4654 3700 4654 3702 17 7086 17 3658 17 7086 4655 3748 4655 3704 4655 3706 17 3709 17 3662 17 3749 4656 3751 4656 3709 4656 3706 17 3749 17 3709 17 3711 4657 7087 4657 3665 4657 7087 4658 3755 4658 3713 4658 3717 4659 3804 4659 3669 4659 3804 4660 3758 4660 3669 4660 3758 17 3718 17 3669 17 3720 4661 7088 4661 3672 4661 7080 4662 3762 4662 3722 4662 3724 17 7081 17 3676 17 7081 4663 3766 4663 3726 4663 3728 4664 7082 4664 3680 4664 7083 4665 3770 4665 3730 4665 3732 17 3774 17 3686 17 3735 17 7084 17 3689 17 7084 4666 3778 4666 3737 4666 3738 17 3783 17 3740 17 3742 4667 7085 4667 3698 4667 7085 4668 3787 4668 3744 4668 3746 17 7086 17 3702 17 7086 4669 3791 4669 3748 4669 3749 4670 3796 4670 3751 4670 3753 17 7087 17 3711 17 7087 4671 3800 4671 3755 4671 3757 4672 3804 4672 3717 4672 3760 17 7088 17 3720 17 7080 4673 3808 4673 3762 4673 3764 17 7081 17 3724 17 7081 4674 3812 4674 3766 4674 3768 17 7082 17 3728 17 7083 4675 3816 4675 3770 4675 3773 17 7084 17 3732 17 7084 17 3820 17 3732 17 3820 17 3774 17 3732 17 3776 17 7084 17 3735 17 7084 4676 3824 4676 3778 4676 3780 4677 3783 4677 3738 4677 3825 4678 3827 4678 3783 4678 3780 17 3825 17 3783 17 3785 4679 7085 4679 3742 4679 7085 4680 3831 4680 3787 4680 3789 17 7086 17 3746 17 7086 4681 3835 4681 3791 4681 3795 17 3874 17 3749 17 3874 17 3838 17 3749 17 3838 4682 3796 4682 3749 4682 3798 17 7087 17 3753 17 7087 4683 3842 4683 3800 4683 3802 17 7088 17 3757 17 7088 4684 3846 4684 3757 4684 3846 17 3804 17 3757 17 3806 17 7088 17 3760 17 7080 4685 3850 4685 3808 4685 3810 17 7081 17 3764 17 7081 4686 3853 4686 3812 4686 3814 17 7082 17 3768 17 7083 4687 3856 4687 3816 4687 3818 17 7084 17 3773 17 7084 4688 3859 4688 3820 4688 3822 17 7084 17 3776 17 7084 4689 3862 4689 3824 4689 7085 4690 3865 4690 3827 4690 3825 4691 7085 4691 3827 4691 3829 17 7085 17 3785 17 7085 4692 3868 4692 3831 4692 3833 17 7086 17 3789 17 7086 4693 3871 4693 3835 4693 3837 17 3874 17 3795 17 3840 4694 7087 4694 3798 4694 7087 4695 3877 4695 3842 4695 3844 17 7088 17 3802 17 7088 4696 3880 4696 3846 4696 3848 4697 7088 4697 3806 4697 7080 4295 3851 4295 3850 4295 3851 4296 7081 4296 3810 4296 7082 4698 3854 4698 3853 4698 7081 4699 7082 4699 3853 4699 3854 4299 7082 4299 3814 4299 7083 4700 3857 4700 3856 4700 7083 17 7084 17 3818 17 3857 17 7083 17 3818 17 7084 4701 3860 4701 3859 4701 3860 4302 7084 4302 3822 4302 7084 4303 3863 4303 3862 4303 3863 17 7085 17 3825 17 7085 4702 3866 4702 3865 4702 3866 17 7085 17 3829 17 7085 4703 3869 4703 3868 4703 3869 17 7086 17 3833 17 7086 4704 3872 4704 3871 4704 3872 17 7086 17 3837 17 7086 17 3874 17 3837 17 7086 4705 3875 4705 3874 4705 3875 4308 7087 4308 3840 4308 7087 4309 3878 4309 3877 4309 7087 17 7088 17 3844 17 3878 17 7087 17 3844 17 7088 4310 3881 4310 3880 4310 3881 4311 7088 4311 3848 4311 7080 17 7081 17 3851 17 7084 17 7085 17 3863 17 7085 4706 7086 4706 3869 4706 7086 4707 7087 4707 3875 4707 7089 17 7080 17 3031 17 3884 17 7089 17 3031 17 4165 17 4161 17 7080 17 4020 17 4016 17 7080 17 4016 17 7081 17 7080 17 4186 17 4181 17 7080 17 4181 4708 4177 4708 7080 4708 4177 17 4173 17 7080 17 4173 17 4169 17 7080 17 4169 17 4165 17 7080 17 4062 17 4058 17 7080 17 4036 17 4032 17 7080 17 4032 17 4024 17 7080 17 4024 17 4020 17 7080 17 7089 17 4198 17 7080 17 4198 17 4191 17 7080 17 4191 4709 4186 4709 7080 4709 4058 4314 4049 4314 7080 4314 4049 17 4044 17 7080 17 4044 4313 4036 4313 7080 4313 4161 17 4077 17 7080 17 4077 17 4068 17 7080 17 4068 17 4062 17 7080 17 4013 17 4017 17 7081 17 4017 17 4021 17 7081 17 4021 17 4025 17 7081 17 4025 17 4033 17 7081 17 4016 4710 4012 4710 7081 4710 4012 4711 4013 4711 7081 4711 4033 17 4037 17 7081 17 4037 4712 4045 4712 7081 4712 4045 17 4050 17 7081 17 4050 4320 4059 4320 7081 4320 4059 17 4063 17 7081 17 4063 17 7090 17 7081 17 7091 17 7082 17 7081 17 7090 17 7091 17 7081 17 7092 17 7083 17 7082 17 7091 17 7092 17 7082 17 3977 17 7084 17 7083 17 3986 17 3984 17 7083 17 3984 17 3982 17 7083 17 3982 4713 3977 4713 7083 4713 3994 17 3992 17 7083 17 3992 17 3990 17 7083 17 3990 17 3988 17 7083 17 3988 17 3986 17 7083 17 7092 17 3999 17 7083 17 3999 17 3996 17 7083 17 3996 4714 3994 4714 7083 4714 3977 17 3976 17 7084 17 3976 17 3978 17 7084 17 3978 17 7085 17 7084 17 3979 17 7086 17 7085 17 3978 17 3979 17 7085 17 3980 17 7087 17 7086 17 3979 17 3980 17 7086 17 4034 4715 4026 4715 7087 4715 4183 17 4179 17 7087 17 4179 17 4175 17 7087 17 4026 4324 7088 4324 7087 4324 4074 17 4064 17 7087 17 4064 17 4060 17 7087 17 4060 4716 4051 4716 7087 4716 4051 17 4046 17 7087 17 4046 17 4038 17 7087 17 4038 17 4034 17 7087 17 4167 17 4074 17 7087 17 4171 17 4167 17 7087 17 4175 4717 4171 4717 7087 4717 7093 17 4195 17 7087 17 4195 4718 4189 4718 7087 4718 4189 17 4183 17 7087 17 3981 17 3983 17 7087 17 3983 17 3985 17 7087 17 3985 17 3987 17 7087 17 3987 17 3989 17 7087 17 3989 17 3991 17 7087 17 3991 17 3993 17 7087 17 3993 4719 3995 4719 7087 4719 3995 17 3997 17 7087 17 3997 17 4000 17 7087 17 4000 17 7093 17 7087 17 3980 17 3981 17 7087 17 4019 17 4023 17 7088 17 4023 17 4027 17 7088 17 4027 4328 4035 4328 7088 4328 4035 4720 4039 4720 7088 4720 4018 17 4014 17 7088 17 4014 4721 4015 4721 7088 4721 4015 4330 4019 4330 7088 4330 4026 17 4022 17 7088 17 4022 17 4018 17 7088 17 4039 17 4047 17 7088 17 4047 17 3975 17 7088 17 4190 17 4334 17 3975 17 4047 4332 4048 4332 3975 4332 4048 17 4052 17 3975 17 4052 17 4061 17 3975 17 4061 17 4065 17 3975 17 4065 17 4075 17 3975 17 4075 17 4190 17 3975 17 7092 4722 4002 4722 3999 4722 7092 4723 4005 4723 4002 4723 4003 17 7093 17 4000 17 7092 4724 4009 4724 4005 4724 4007 4725 7093 4725 4003 4725 7092 4726 4029 4726 4009 4726 4011 17 7093 17 4007 17 7092 17 4041 17 4029 17 4031 17 7093 17 4011 17 7092 17 4055 17 4041 17 4043 4727 7093 4727 4031 4727 7092 17 4214 17 4055 17 4057 17 7094 17 4043 17 7094 4728 7093 4728 4043 4728 4070 4729 7090 4729 4063 4729 4163 4730 4083 4730 4074 4730 4167 17 4163 17 4074 17 4161 4731 4088 4731 4077 4731 4079 17 7090 17 4070 17 4163 4732 4092 4732 4083 4732 4086 17 4190 17 4075 17 4161 4733 4099 4733 4088 4733 4090 4734 7090 4734 4079 4734 4163 4735 4103 4735 4092 4735 4094 17 4184 17 4086 17 4185 17 4190 17 4086 17 4184 17 4185 17 4086 17 4160 4736 4164 4736 4094 4736 4097 17 4160 17 4094 17 4164 17 4168 17 4094 17 4168 17 4172 17 4094 17 4172 4737 4176 4737 4094 4737 4176 4738 4180 4738 4094 4738 4180 17 4184 17 4094 17 4161 4739 4107 4739 4099 4739 4101 17 7090 17 4090 17 4163 4740 4111 4740 4103 4740 4105 17 4160 17 4097 17 4161 4741 4115 4741 4107 4741 4109 17 7090 17 4101 17 4163 4742 4119 4742 4111 4742 4113 4743 4160 4743 4105 4743 4161 4744 4123 4744 4115 4744 4117 17 7090 17 4109 17 4163 4745 4127 4745 4119 4745 4121 4746 4160 4746 4113 4746 4161 17 4131 17 4123 17 4125 17 7090 17 4117 17 4163 17 4135 17 4127 17 4129 17 4160 17 4121 17 4161 17 4139 17 4131 17 4133 17 7090 17 4125 17 4163 17 4150 17 4135 17 4137 17 4160 17 4129 17 4161 17 4148 17 4139 17 4162 17 4166 17 4133 17 4158 17 4162 17 4133 17 4157 17 4158 17 4133 17 4148 17 4157 17 4133 17 4166 17 4170 17 4133 17 4170 4747 4174 4747 4133 4747 4174 17 4178 17 4133 17 4187 17 7090 17 4133 17 4182 17 4187 17 4133 17 4178 17 4182 17 4133 17 4163 17 4156 17 4150 17 4156 17 4159 17 4137 17 4159 17 4160 17 4137 17 4161 17 4157 17 4148 17 4163 17 4159 17 4156 17 4193 4748 7090 4748 4187 4748 7093 4749 4202 4749 4195 4749 4196 17 4334 17 4190 17 7089 17 4206 17 4198 17 4200 17 7090 17 4193 17 7093 17 4210 17 4202 17 4204 17 4334 17 4196 17 7089 4750 4216 4750 4206 4750 4208 4751 7090 4751 4200 4751 7093 4752 4220 4752 4210 4752 4212 17 4334 17 4204 17 7095 17 4309 17 4214 17 7092 17 7095 17 4214 17 7089 4386 4224 4386 4216 4386 4218 17 7090 17 4208 17 7093 4753 4228 4753 4220 4753 4222 17 4334 17 4212 17 7089 4754 4235 4754 4224 4754 4226 4461 7090 4461 4218 4461 7093 4755 4239 4755 4228 4755 4230 17 7096 17 4222 17 7096 4352 4334 4352 4222 4352 4233 17 7096 17 4230 17 7089 4353 4246 4353 4235 4353 4237 17 7090 17 4226 17 7093 4756 4250 4756 4239 4756 4241 4355 7096 4355 4233 4355 4244 17 7094 17 4057 17 7089 4389 4254 4389 4246 4389 4248 17 7090 17 4237 17 7093 4757 4258 4757 4250 4757 4252 4358 7096 4358 4241 4358 7089 4391 4262 4391 4254 4391 4256 17 7090 17 4248 17 7093 4758 4266 4758 4258 4758 4260 17 7096 17 4252 17 7089 4361 4270 4361 4262 4361 4264 17 7090 17 4256 17 7093 17 4274 17 4266 17 4268 17 7096 17 4260 17 7089 4362 4278 4362 4270 4362 4272 17 7090 17 4264 17 7093 4759 7096 4759 4274 4759 7096 4760 4281 4760 4274 4760 4276 4364 7096 4364 4268 4364 7089 4365 4279 4365 4278 4365 4279 4366 7090 4366 4272 4366 7096 4367 4282 4367 4281 4367 4282 4369 7096 4369 4276 4369 7089 17 7090 17 4279 17 7097 17 7089 17 3884 17 4285 17 7097 17 3884 17 4343 17 4339 17 7089 17 4339 17 7090 17 7089 17 4364 17 4359 17 7089 17 4359 4761 4355 4761 7089 4761 4355 17 4351 17 7089 17 4351 17 4347 17 7089 17 4347 17 4343 17 7089 17 7097 17 4375 17 7089 17 4375 17 4369 17 7089 17 4369 4370 4364 4370 7089 4370 4340 17 4344 17 7090 17 4336 17 4340 17 7090 17 4339 4762 4335 4762 7090 4762 4335 4763 4336 4763 7090 4763 4344 17 4348 17 7090 17 4348 17 4352 17 7090 17 4352 17 4356 17 7090 17 4365 17 7098 17 7090 17 4360 17 4365 17 7090 17 4356 4374 4360 4374 7090 4374 7099 17 7091 17 7090 17 7098 17 7099 17 7090 17 7100 17 7092 17 7091 17 7099 17 7100 17 7091 17 7101 17 7095 17 7092 17 7100 17 7101 17 7092 17 4429 17 4309 17 7095 17 7101 17 4429 17 7095 17 4312 17 7102 17 4244 17 7103 17 7094 17 4244 17 7102 4764 7103 4764 4244 4764 7104 17 7093 17 7094 17 7103 17 7104 17 7094 17 4353 4765 4349 4765 7093 4765 4349 4766 7096 4766 7093 4766 4366 17 4361 17 7093 17 4361 17 4357 17 7093 17 4357 17 4353 17 7093 17 7104 17 4379 17 7093 17 4379 17 4372 17 7093 17 4372 4767 4366 4767 7093 4767 4342 17 4346 17 7096 17 4341 17 4337 17 7096 17 4337 4399 4338 4399 7096 4399 4338 4380 4342 4380 7096 4380 4346 17 4350 17 7096 17 4350 4381 4354 4381 7096 4381 4354 4382 4358 4382 7096 4382 4349 17 4345 17 7096 17 4345 17 4341 17 7096 17 4358 17 4362 17 7096 17 4362 17 4334 17 7096 17 4362 4768 4363 4768 4334 4768 4363 17 4367 17 4334 17 4367 17 4486 17 4334 17 4370 4769 7098 4769 4365 4769 4373 17 4486 17 4367 17 7097 17 4383 17 4375 17 4377 17 7098 17 4370 17 7104 17 4387 17 4379 17 4381 17 4486 17 4373 17 7097 4770 4391 4770 4383 4770 4385 4403 7098 4403 4377 4403 7104 4771 4395 4771 4387 4771 4389 17 4486 17 4381 17 7097 4405 4399 4405 4391 4405 4393 17 7098 17 4385 17 7104 4772 4403 4772 4395 4772 4397 17 4486 17 4389 17 7097 4773 4413 4773 4399 4773 4401 4774 7098 4774 4393 4774 7104 4775 4417 4775 4403 4775 4405 17 7105 17 4397 17 7105 4410 4486 4410 4397 4410 4408 17 7105 17 4405 17 4411 17 7102 17 4312 17 7097 4776 4421 4776 4413 4776 4415 17 7098 17 4401 17 7104 4777 4425 4777 4417 4777 4419 4413 7105 4413 4408 4413 7097 4778 4433 4778 4421 4778 4423 17 7098 17 4415 17 7104 4779 4437 4779 4425 4779 4427 4416 7105 4416 4419 4416 7101 4780 4449 4780 4429 4780 4431 4417 7102 4417 4411 4417 7097 4781 4441 4781 4433 4781 4435 17 7098 17 4423 17 7104 4782 4445 4782 4437 4782 4439 17 7105 17 4427 17 7097 4783 4453 4783 4441 4783 4443 17 7098 17 4435 17 7104 17 4457 17 4445 17 4447 17 7105 17 4439 17 7101 4784 4467 4784 4449 4784 4451 17 7102 17 4431 17 7097 4785 4461 4785 4453 4785 4455 17 7098 17 4443 17 7104 4786 4464 4786 4457 4786 4459 4787 7105 4787 4447 4787 7097 4788 4462 4788 4461 4788 4462 4789 7098 4789 4455 4789 7104 4790 4465 4790 4464 4790 4465 4791 7105 4791 4459 4791 7097 17 7098 17 4462 17 7104 17 7105 17 4465 17 7101 4792 4479 4792 4467 4792 4469 17 7102 17 4451 17 7106 17 7097 17 4285 17 4472 17 7106 17 4285 17 7107 17 7098 17 7097 17 7106 17 7107 17 7097 17 7108 17 7099 17 7098 17 7107 17 7108 17 7098 17 7109 17 7100 17 7099 17 7108 17 7109 17 7099 17 7110 17 7101 17 7100 17 7109 17 7110 17 7100 17 7110 17 4479 17 7101 17 7111 4793 4487 4793 4479 4793 7110 4794 7111 4794 4479 4794 7111 17 7102 17 4469 17 4481 17 7111 17 4469 17 7112 17 7103 17 7102 17 7111 17 7112 17 7102 17 7113 17 7104 17 7103 17 7112 17 7113 17 7103 17 7114 17 7105 17 7104 17 7113 17 7114 17 7104 17 4559 17 4486 17 7105 17 7114 17 4559 17 7105 17 7111 17 4481 17 4487 17 7115 17 7106 17 4472 17 4490 17 7115 17 4472 17 4594 17 4590 17 7106 17 4590 17 7107 17 7106 17 4615 17 4610 17 7106 17 4610 4795 4606 4795 7106 4795 4606 17 4602 17 7106 17 4602 17 4598 17 7106 17 4598 17 4594 17 7106 17 7115 17 4625 17 7106 17 4625 17 4619 17 7106 17 4619 4796 4615 4796 7106 4796 4590 4797 4586 4797 7107 4797 4586 4798 4587 4798 7107 4798 4587 17 4591 17 7107 17 4591 17 4595 17 7107 17 4595 17 4599 17 7107 17 4599 17 4603 17 7107 17 4603 17 4607 17 7107 17 4607 4799 4611 4799 7107 4799 4611 17 4616 17 7107 17 4616 4800 4620 4800 7107 4800 4620 17 7116 17 7107 17 7117 17 7108 17 7107 17 7116 17 7117 17 7107 17 7118 17 7109 17 7108 17 7117 17 7118 17 7108 17 7119 17 7110 17 7109 17 7118 17 7119 17 7109 17 4574 17 4572 17 7110 17 4572 17 4570 17 7110 17 4570 17 4568 17 7110 17 4583 17 4580 17 7110 17 7119 17 4583 17 7110 17 4580 17 4578 17 7110 17 4578 17 4576 17 7110 17 4576 17 4574 17 7110 17 4568 17 4566 17 7110 17 4566 17 4564 17 7110 17 4564 17 4560 17 7110 17 4560 17 7111 17 7110 17 4561 17 7112 17 7111 17 4560 17 4561 17 7111 17 4561 4801 4562 4801 7112 4801 4581 17 7120 17 7112 17 4579 17 4581 17 7112 17 4562 17 4563 17 7112 17 4563 17 4565 17 7112 17 4565 17 4567 17 7112 17 4567 4802 4569 4802 7112 4802 4569 17 4571 17 7112 17 4571 4803 4573 4803 7112 4803 4573 17 4575 17 7112 17 4575 17 4577 17 7112 17 4577 17 4579 17 7112 17 7121 17 7113 17 7112 17 7120 17 7121 17 7112 17 4617 17 4612 17 7113 17 4612 17 4608 17 7113 17 4608 17 4604 17 7113 17 7121 17 4629 17 7113 17 4629 17 4622 17 7113 17 4622 4804 4617 4804 7113 4804 4600 4805 7114 4805 7113 4805 4604 4806 4600 4806 7113 4806 4588 4807 4589 4807 7114 4807 4589 4808 4593 4808 7114 4808 4593 17 4597 17 7114 17 4600 17 4596 17 7114 17 4596 17 4592 17 7114 17 4592 17 4588 17 7114 17 4597 17 4601 17 7114 17 4601 4809 4605 4809 7114 4809 4605 4810 4609 4810 7114 4810 4613 17 4559 17 7114 17 4609 17 4613 17 7114 17 4613 4811 4614 4811 4559 4811 4614 17 4618 17 4559 17 4618 17 4795 17 4559 17 7119 17 4751 17 4583 17 4585 17 7120 17 4581 17 4623 17 4795 17 4618 17 7115 17 4633 17 4625 17 4627 17 7116 17 4620 17 7121 17 4637 17 4629 17 4631 17 4795 17 4623 17 7115 4812 4641 4812 4633 4812 4635 4813 7116 4813 4627 4813 7121 4814 4645 4814 4637 4814 4639 17 4795 17 4631 17 7115 4815 4649 4815 4641 4815 4643 17 7116 17 4635 17 7121 4816 4653 4816 4645 4816 4647 17 4795 17 4639 17 7115 4817 4660 4817 4649 4817 4651 4818 7116 4818 4643 4818 7121 4819 4664 4819 4653 4819 4655 17 7122 17 4647 17 7122 4820 4795 4820 4647 4820 4658 17 7122 17 4655 17 7115 4821 4668 4821 4660 4821 4662 17 7116 17 4651 17 7121 4822 4672 4822 4664 4822 4666 4823 7122 4823 4658 4823 7115 4824 4676 4824 4668 4824 4670 17 7116 17 4662 17 7121 4825 4680 4825 4672 4825 4674 4826 7122 4826 4666 4826 7115 4827 4684 4827 4676 4827 4678 17 7116 17 4670 17 7121 4828 4688 4828 4680 4828 4682 17 7122 17 4674 17 7115 4829 4692 4829 4684 4829 4686 17 7116 17 4678 17 7121 17 4696 17 4688 17 4690 17 7122 17 4682 17 7115 4830 4700 4830 4692 4830 4694 17 7116 17 4686 17 7122 4831 4703 4831 4696 4831 7121 4832 7122 4832 4696 4832 4698 4833 7122 4833 4690 4833 7115 4834 4701 4834 4700 4834 4701 4835 7116 4835 4694 4835 7122 4836 4704 4836 4703 4836 4704 4837 7122 4837 4698 4837 7115 17 7116 17 4701 17 7123 17 7115 17 4490 17 4707 17 7123 17 4490 17 4859 17 4854 17 7115 17 4854 4838 4846 4838 7115 4838 4846 17 4842 17 7115 17 4830 17 7116 17 7115 17 7123 17 4869 17 7115 17 4869 17 4863 17 7115 17 4863 4839 4859 4839 7115 4839 4842 17 4838 17 7115 17 4838 17 4834 17 7115 17 4834 17 4830 17 7115 17 7124 17 7117 17 7116 17 7125 17 7124 17 7116 17 4826 4840 4827 4840 7116 4840 4830 4841 4826 4841 7116 4841 4827 17 4831 17 7116 17 4831 17 4835 17 7116 17 4835 17 4839 17 7116 17 4839 17 4843 17 7116 17 4843 17 4847 17 7116 17 4847 4842 4855 4842 7116 4842 4855 17 4860 17 7116 17 4860 4843 4864 4843 7116 4843 4864 17 7125 17 7116 17 7126 17 7118 17 7117 17 7124 17 7126 17 7117 17 4850 17 4822 17 7118 17 4822 17 4818 17 7118 17 4818 17 4814 17 7118 17 4814 17 4810 17 7118 17 4810 17 4806 17 7118 17 4806 17 4802 17 7118 17 7126 17 4910 17 7118 17 4910 17 4877 17 7118 17 4877 17 4850 17 7118 17 4796 17 7119 17 7118 17 4802 17 4796 17 7118 17 4797 4844 4798 4844 7119 4844 4796 4845 4797 4845 7119 4845 4798 17 4803 17 7119 17 4803 4846 4807 4846 7119 4846 4807 17 4811 17 7119 17 4811 17 4815 17 7119 17 4815 17 4819 17 7119 17 4819 17 4823 17 7119 17 4823 17 4851 17 7119 17 4851 4847 4878 4847 7119 4847 4878 17 7127 17 7119 17 7127 17 4999 17 7119 17 4999 17 4751 17 7119 17 4754 17 7128 17 4585 17 7128 17 7120 17 4585 17 4804 4848 4799 4848 7120 4848 4852 17 4824 17 7120 17 4824 17 4820 17 7120 17 4820 17 4816 17 7120 17 4816 17 4812 17 7120 17 4812 17 4808 17 7120 17 4808 17 4804 17 7120 17 7128 17 4914 17 7120 17 4914 17 4880 17 7120 17 4880 17 4852 17 7120 17 4800 17 7121 17 7120 17 4799 17 4800 17 7120 17 4800 17 4801 17 7121 17 4801 17 4805 17 7121 17 4805 17 4809 17 7121 17 4809 17 4813 17 7121 17 4813 17 4817 17 7121 17 4817 17 4821 17 7121 17 4821 17 4825 17 7121 17 4825 17 4853 17 7121 17 4853 17 7129 17 7121 17 4840 4849 7122 4849 7121 4849 4844 4850 4840 4850 7121 4850 4861 17 4856 17 7121 17 4856 17 4848 17 7121 17 4848 17 4844 17 7121 17 7129 17 4873 17 7121 17 4873 17 4866 17 7121 17 4866 4851 4861 4851 7121 4851 4832 17 4828 17 7122 17 4836 17 4832 17 7122 17 4828 4852 4829 4852 7122 4852 4829 4853 4833 4853 7122 4853 4833 17 4837 17 7122 17 4837 17 4841 17 7122 17 4841 4854 4845 4854 7122 4854 4845 4855 4849 4855 7122 4855 4840 17 4836 17 7122 17 4849 17 4857 17 7122 17 4857 17 4795 17 7122 17 4857 4856 4858 4856 4795 4856 4858 17 4862 17 4795 17 4862 17 5010 17 4795 17 4867 17 5010 17 4862 17 7123 17 4883 17 4869 17 4871 17 7125 17 4864 17 7129 17 4887 17 4873 17 4875 17 5010 17 4867 17 4881 17 7129 17 4853 17 7123 4857 4891 4857 4883 4857 4885 4858 7125 4858 4871 4858 7129 4859 4895 4859 4887 4859 4889 17 5010 17 4875 17 7123 4860 4899 4860 4891 4860 4893 17 7125 17 4885 17 7129 4861 4903 4861 4895 4861 4897 17 5010 17 4889 17 7123 4862 4918 4862 4899 4862 4901 4863 7125 4863 4893 4863 7129 4864 4922 4864 4903 4864 4905 17 7130 17 4897 17 7130 4865 5010 4865 4897 4865 4908 17 7130 17 4905 17 7126 17 4964 17 4910 17 4912 17 7127 17 4878 17 7128 17 4968 17 4914 17 4916 17 7129 17 4881 17 7123 4866 4926 4866 4918 4866 4920 17 7125 17 4901 17 7129 4867 4930 4867 4922 4867 4924 4868 7130 4868 4908 4868 7123 4869 4934 4869 4926 4869 4928 17 7125 17 4920 17 7129 4870 4938 4870 4930 4870 4932 4871 7130 4871 4924 4871 7123 4872 4942 4872 4934 4872 4936 17 7125 17 4928 17 7129 4873 4946 4873 4938 4873 4940 17 7130 17 4932 17 7123 4874 4950 4874 4942 4874 4944 17 7125 17 4936 17 7129 17 4954 17 4946 17 4948 17 7130 17 4940 17 7123 4875 4958 4875 4950 4875 4952 17 7125 17 4944 17 7130 4876 4961 4876 4954 4876 7129 4877 7130 4877 4954 4877 4956 4878 7130 4878 4948 4878 7123 4879 4959 4879 4958 4879 4959 4880 7125 4880 4952 4880 7130 4881 4962 4881 4961 4881 4962 4882 7130 4882 4956 4882 7123 17 7125 17 4959 17 7126 4883 4972 4883 4964 4883 4966 4884 7127 4884 4912 4884 7128 4885 4976 4885 4968 4885 4970 17 7129 17 4916 17 7126 4886 4980 4886 4972 4886 4974 17 7127 17 4966 17 7128 17 4984 17 4976 17 4978 17 7129 17 4970 17 7126 4887 4994 4887 4980 4887 4982 17 7127 17 4974 17 7128 4888 5004 4888 4984 4888 4986 17 7129 17 4978 17 7131 17 7123 17 4707 17 4989 17 7131 17 4707 17 7132 17 7125 17 7123 17 7131 17 7132 17 7123 17 7133 17 7124 17 7125 17 7132 17 7133 17 7125 17 7134 17 7126 17 7124 17 7133 17 7134 17 7124 17 5012 17 4994 17 7126 17 7134 17 5012 17 7126 17 7135 17 7127 17 4982 17 4996 17 7135 17 4982 17 7135 17 5091 17 7127 17 5091 17 4999 17 7127 17 5002 17 7136 17 4754 17 7136 17 7128 17 4754 17 7136 17 5016 17 7128 17 5016 17 5004 17 7128 17 7137 17 7129 17 4986 17 5006 17 7137 17 4986 17 7138 17 7130 17 7129 17 7137 17 7138 17 7129 17 5120 17 5010 17 7130 17 7138 17 5120 17 7130 17 7134 4889 5020 4889 5012 4889 5014 17 7135 17 4996 17 7136 4890 5024 4890 5016 4890 5018 17 7137 17 5006 17 7134 4891 5028 4891 5020 4891 5022 17 7135 17 5014 17 7136 4892 5032 4892 5024 4892 5026 17 7137 17 5018 17 7134 4893 5036 4893 5028 4893 5030 17 7135 17 5022 17 7136 4894 5040 4894 5032 4894 5034 17 7137 17 5026 17 7134 17 5044 17 5036 17 5038 4895 7135 4895 5030 4895 7136 4896 5048 4896 5040 4896 5042 17 7137 17 5034 17 7134 4897 5052 4897 5044 4897 5046 17 7135 17 5038 17 7136 4898 5056 4898 5048 4898 5050 17 7137 17 5042 17 7134 4899 5059 4899 5052 4899 5054 4900 7135 4900 5046 4900 7136 4901 5060 4901 5056 4901 5058 17 7137 17 5050 17 7135 4902 5054 4902 5059 4902 7134 17 7135 17 5059 17 7136 17 5058 17 5060 17 7136 17 7137 17 5058 17 7139 17 7131 17 4989 17 5063 17 7139 17 4989 17 7139 17 5169 17 7131 17 5169 17 5163 17 7131 17 5163 17 5158 17 7131 17 5158 17 5154 17 7131 17 5154 4903 5150 4903 7131 4903 5150 17 5145 17 7131 17 5145 4904 5141 4904 7131 4904 5141 17 5137 17 7131 17 5137 17 5133 17 7131 17 5133 17 5129 17 7131 17 5129 17 5125 17 7131 17 5125 17 7132 17 7131 17 5125 4905 5121 4905 7132 4905 5121 4906 5122 4906 7132 4906 5122 17 5126 17 7132 17 5126 17 5130 17 7132 17 5130 17 5134 17 7132 17 5134 17 5138 17 7132 17 5138 17 5142 17 7132 17 5142 4907 5146 4907 7132 4907 5146 17 5151 17 7132 17 5151 4908 5155 4908 7132 4908 5155 17 5159 17 7132 17 7140 17 7133 17 7132 17 7141 17 7140 17 7132 17 5159 17 7141 17 7132 17 7142 17 7134 17 7133 17 7140 17 7142 17 7133 17 7143 17 7135 17 7134 17 7142 17 7143 17 7134 17 7143 17 5234 17 7135 17 5234 17 5091 17 7135 17 5093 17 7136 17 5002 17 5093 17 7144 17 7136 17 7144 17 7145 17 7136 17 7145 17 7137 17 7136 17 5139 4909 5135 4909 7137 4909 5166 17 5160 17 7137 17 5160 17 5156 17 7137 17 5156 4910 5152 4910 7137 4910 5152 17 5147 17 7137 17 5147 17 5143 17 7137 17 5143 17 5139 17 7137 17 5131 4911 7138 4911 7137 4911 5135 17 5131 17 7137 17 7145 17 5173 17 7137 17 5173 17 5166 17 7137 17 5140 4912 5144 4912 7138 4912 5128 17 5132 17 7138 17 5132 17 5136 17 7138 17 5136 4913 5140 4913 7138 4913 5131 17 5127 17 7138 17 5127 17 5123 17 7138 17 5123 4914 5124 4914 7138 4914 5124 4915 5128 4915 7138 4915 5148 17 5120 17 7138 17 5144 17 5148 17 7138 17 5149 17 5153 17 5120 17 5148 4916 5149 4916 5120 4916 5161 17 5460 17 5120 17 5157 17 5161 17 5120 17 5153 17 5157 17 5120 17 5164 4917 7141 4917 5159 4917 5167 17 5460 17 5161 17 7139 4918 5177 4918 5169 4918 5171 17 7141 17 5164 17 7145 4919 5181 4919 5173 4919 5175 17 5460 17 5167 17 7139 4920 5188 4920 5177 4920 5179 4921 7141 4921 5171 4921 7145 4922 5192 4922 5181 4922 5183 17 7146 17 5175 17 7146 4923 5460 4923 5175 4923 5186 17 7146 17 5183 17 7139 4924 5196 4924 5188 4924 5190 17 7141 17 5179 17 7145 4925 5200 4925 5192 4925 5194 4926 7146 4926 5186 4926 7139 4927 5204 4927 5196 4927 5198 17 7141 17 5190 17 7145 4928 5208 4928 5200 4928 5202 4929 7146 4929 5194 4929 7139 4930 5212 4930 5204 4930 5206 17 7141 17 5198 17 7145 4931 5216 4931 5208 4931 5210 17 7146 17 5202 17 7139 4932 5220 4932 5212 4932 5214 17 7141 17 5206 17 7145 17 5224 17 5216 17 5218 17 7146 17 5210 17 7139 4933 5228 4933 5220 4933 5222 17 7141 17 5214 17 7146 4934 5231 4934 5224 4934 7145 4935 7146 4935 5224 4935 5226 4936 7146 4936 5218 4936 7139 4937 5229 4937 5228 4937 5229 4938 7141 4938 5222 4938 7146 4939 5232 4939 5231 4939 5232 4940 7146 4940 5226 4940 7139 17 7141 17 5229 17 7143 4941 5238 4941 5234 4941 5236 17 7144 17 5093 17 7143 4942 5242 4942 5238 4942 5240 17 7144 17 5236 17 7143 4943 5246 4943 5242 4943 5244 17 7144 17 5240 17 7143 4944 5250 4944 5246 4944 5248 17 7144 17 5244 17 7143 4945 5254 4945 5250 4945 5252 4946 7144 4946 5248 4946 7143 17 5258 17 5254 17 5256 17 7144 17 5252 17 7143 4947 5262 4947 5258 4947 5260 4948 7144 4948 5256 4948 7143 4949 5266 4949 5262 4949 5264 17 7144 17 5260 17 7143 4950 5270 4950 5266 4950 5268 17 7144 17 5264 17 7143 4951 5275 4951 5270 4951 5272 17 7144 17 5268 17 7147 17 5276 17 5275 17 7143 17 7147 17 5275 17 7147 17 5272 17 5276 17 7147 4952 7144 4952 5272 4952 5278 17 7139 17 5063 17 5278 17 6104 17 7139 17 6104 17 7148 17 7139 17 7148 17 5765 17 7139 17 5765 17 5730 17 7139 17 5730 17 5701 17 7139 17 5609 17 5583 17 7139 17 5701 4953 5669 4953 7139 4953 5669 17 5642 17 7139 17 5642 4954 5609 4954 7139 4954 5583 17 5557 17 7139 17 5557 17 5522 17 7139 17 5522 17 5484 17 7139 17 5461 17 7141 17 7139 17 5484 17 5461 17 7139 17 5585 17 5559 17 7141 17 5703 17 5671 17 7141 17 7149 17 5769 17 7141 17 5769 17 5733 17 7141 17 5733 4955 5703 4955 7141 4955 5671 4956 5644 4956 7141 4956 5644 17 5611 17 7141 17 5611 17 5585 17 7141 17 5559 17 5524 17 7141 17 5524 4957 5486 4957 7141 4957 5486 4958 7140 4958 7141 4958 5461 4959 5462 4959 7141 4959 5462 17 5485 17 7141 17 5485 17 5523 17 7141 17 5523 17 5558 17 7141 17 5558 17 5584 17 7141 17 5584 17 5610 17 7141 17 5610 4960 5643 4960 7141 4960 5643 17 5670 17 7141 17 5670 4961 5702 4961 7141 4961 5702 17 7149 17 7141 17 5464 17 5487 17 7140 17 5612 17 5645 17 7140 17 5586 17 5612 17 7140 17 5645 17 5672 17 7140 17 5672 17 5704 17 7140 17 5704 17 5734 17 7140 17 5487 17 5525 17 7140 17 5525 4962 5560 4962 7140 4962 5560 17 5586 17 7140 17 7150 17 7142 17 7140 17 7151 17 7150 17 7140 17 5734 17 7151 17 7140 17 5486 17 5463 17 7140 17 5463 4963 5464 4963 7140 4963 5587 17 5561 17 7142 17 5773 17 5736 17 7142 17 5736 17 5705 17 7142 17 5705 17 5673 17 7142 17 5673 17 5646 17 7142 17 5646 4964 5613 4964 7142 4964 5613 17 5587 17 7142 17 5561 17 5526 17 7142 17 5526 17 5488 17 7142 17 5488 4965 5465 4965 7142 4965 5466 17 7143 17 7142 17 5465 17 5466 17 7142 17 7150 17 5773 17 7142 17 5711 4966 5678 4966 7143 4966 5592 17 5566 17 7143 17 5678 17 5651 17 7143 17 5651 17 5621 17 7143 17 5621 4967 5592 4967 7143 4967 5566 17 5531 17 7143 17 5531 17 5493 17 7143 17 5493 17 5470 17 7143 17 5470 17 5537 17 7143 17 5537 17 5496 17 7143 17 5496 17 7147 17 7143 17 7152 17 5781 17 7143 17 5781 17 5743 17 7143 17 5743 4968 5711 4968 7143 4968 5466 17 5489 17 7143 17 5489 17 5527 17 7143 17 5527 17 5562 17 7143 17 5562 17 5588 17 7143 17 5468 17 5492 17 7143 17 5492 17 5530 17 7143 17 5530 17 5565 17 7143 17 5565 17 5591 17 7143 17 5591 4969 5620 4969 7143 4969 5620 4970 5650 4970 7143 4970 5650 4971 5677 4971 7143 4971 5677 17 5710 17 7143 17 5710 17 7152 17 7143 17 5588 17 5491 17 7143 17 5491 17 5467 17 7143 17 5467 4972 5468 4972 7143 4972 5717 17 5684 17 7147 17 5597 4973 5571 4973 7147 4973 5571 4974 5539 4974 7147 4974 5539 17 5498 17 7147 17 5684 4975 5656 4975 7147 4975 5656 4976 5628 4976 7147 4976 5628 17 5597 17 7147 17 5474 4977 7144 4977 7147 4977 5498 4978 5474 4978 7147 4978 7153 17 5789 17 7147 17 5789 17 5750 17 7147 17 5750 17 5717 17 7147 17 5473 17 5497 17 7147 17 5496 4979 5472 4979 7147 4979 5472 17 5473 17 7147 17 5497 4980 5538 4980 7147 4980 5538 4981 5570 4981 7147 4981 5570 17 5596 17 7147 17 5596 17 5627 17 7147 17 5627 17 5655 17 7147 17 5655 17 5683 17 7147 17 5683 17 5716 17 7147 17 5716 17 5748 17 7147 17 5748 17 7153 17 7147 17 5599 17 5573 17 7144 17 5573 17 5541 17 7144 17 5541 17 5500 17 7144 17 5719 17 5686 17 7144 17 5686 17 5658 17 7144 17 5658 17 5630 17 7144 17 5630 17 5599 17 7144 17 5500 17 5476 17 7144 17 5476 17 5477 17 7144 17 5477 17 7145 17 7144 17 7154 17 5793 17 7144 17 5793 17 5753 17 7144 17 5753 4982 5719 4982 7144 4982 5474 17 5475 17 7144 17 5475 17 5499 17 7144 17 5499 17 5540 17 7144 17 5540 17 5572 17 7144 17 5572 17 5598 17 7144 17 5598 17 5629 17 7144 17 5629 17 5657 17 7144 17 5657 17 5685 17 7144 17 5685 17 5718 17 7144 17 5718 17 7154 17 7144 17 5724 17 5691 17 7145 17 5604 17 5578 17 7145 17 7155 17 5800 17 7145 17 5800 17 5759 17 7145 17 5759 4983 5724 4983 7145 4983 5691 17 5663 17 7145 17 5663 4984 5636 4984 7145 4984 5636 17 5604 17 7145 17 5578 17 5549 17 7145 17 5549 4985 5511 4985 7145 4985 5511 17 5480 17 7145 17 5480 17 5481 17 7145 17 5481 4986 5555 4986 7145 4986 5555 4987 7146 4987 7145 4987 5478 4988 5479 4988 7145 4988 5479 4989 5510 4989 7145 4989 5510 17 5548 17 7145 17 5548 17 5577 17 7145 17 5577 4990 5603 4990 7145 4990 5603 17 5635 17 7145 17 5635 17 5662 17 7145 17 5662 4991 5690 4991 7145 4991 5690 4992 5723 4992 7145 4992 5723 17 7155 17 7145 17 5477 4993 5501 4993 7145 4993 5501 4994 5478 4994 7145 4994 5556 17 5582 17 7146 17 5582 4995 5608 4995 7146 4995 5608 4996 5641 4996 7146 4996 5482 4997 5483 4997 7146 4997 5483 4998 5521 4998 7146 4998 5521 17 5556 17 7146 17 5555 17 5520 17 7146 17 5520 17 5482 17 7146 17 5641 17 5667 17 7146 17 5667 17 5460 17 7146 17 5667 4999 5668 4999 5460 4999 5668 17 5695 17 5460 17 5695 17 5699 17 5460 17 5471 17 5537 17 5470 17 5501 5000 5509 5000 5478 5000 5588 5001 5529 5001 5491 5001 5495 17 5537 17 5471 17 5501 5002 5547 5002 5509 5002 5512 17 5555 17 5481 17 5588 5003 5564 5003 5529 5003 5569 17 5537 17 5495 17 5595 17 5569 17 5495 17 5626 5004 5595 5004 5495 5004 5536 17 5626 17 5495 17 5602 17 5576 17 5501 17 5576 17 5547 17 5501 17 5634 17 5602 17 5501 17 5542 17 5634 17 5501 17 5550 5005 5555 5005 5512 5005 5550 5006 5579 5006 5555 5006 5579 5007 5605 5007 5555 5007 5605 17 5581 17 5555 17 5588 5008 5590 5008 5564 5008 5568 17 5626 17 5536 17 5574 17 5634 17 5542 17 5605 5009 5607 5009 5581 5009 5588 4595 5619 4595 5590 4595 5594 17 5626 17 5568 17 5600 17 5634 17 5574 17 5605 4596 5640 4596 5607 4596 5649 5010 5619 5010 5588 5010 5618 17 5709 17 5588 17 5709 5011 5676 5011 5588 5011 5676 17 5649 17 5588 17 5623 17 5626 17 5594 17 5623 5012 5652 5012 5626 5012 5652 5013 5654 5013 5626 5013 5631 17 5634 17 5600 17 5631 5014 5659 5014 5634 5014 5659 17 5687 17 5634 17 5687 5015 5661 5015 5634 5015 5694 17 5666 17 5605 17 5666 17 5640 17 5605 17 5637 17 5762 17 5605 17 5762 17 5727 17 5605 17 5727 17 5694 17 5605 17 5648 5016 5709 5016 5618 5016 5652 5017 5682 5017 5654 5017 5687 5018 5689 5018 5661 5018 5664 17 5762 17 5637 17 5675 5019 5709 5019 5648 5019 5715 17 5682 17 5652 17 5681 5020 5715 5020 5652 5020 5687 5021 5722 5021 5689 5021 5692 17 5762 17 5664 17 5695 17 5728 17 5699 17 5728 17 5763 17 5699 17 5763 5022 5700 5022 5699 5022 5707 17 5709 17 5675 17 5707 5023 5740 5023 5709 5023 5713 17 5715 17 5681 17 5713 5024 5747 5024 5715 5024 5756 17 5722 17 5687 17 5720 17 5756 17 5687 17 5725 17 5762 17 5692 17 5731 17 7149 17 5702 17 5738 17 5777 17 5707 17 5777 17 5740 17 5707 17 5741 17 7152 17 5710 17 5785 17 5747 17 5713 17 5745 17 5785 17 5713 17 5751 17 7154 17 5718 17 5796 17 5756 17 5720 17 5754 17 5796 17 5720 17 5757 17 7155 17 5723 17 5803 17 5762 17 5725 17 5760 17 5803 17 5725 17 7148 5025 5806 5025 5765 5025 5767 4611 7149 4611 5731 4611 7149 5026 5810 5026 5769 5026 5771 17 7151 17 5734 17 7150 5027 5814 5027 5773 5027 5776 17 5820 17 5738 17 5820 17 5777 17 5738 17 5779 17 7152 17 5741 17 7152 5028 5824 5028 5781 5028 5783 17 5785 17 5745 17 5783 5029 5833 5029 5785 5029 5787 17 7153 17 5748 17 7153 5030 5837 5030 5789 5030 5791 17 7154 17 5751 17 7154 5031 5841 5031 5793 5031 5794 17 5796 17 5754 17 5794 5032 5844 5032 5796 5032 5798 5033 7155 5033 5757 5033 7155 5034 5848 5034 5800 5034 5801 17 5803 17 5760 17 5889 5035 5851 5035 5803 5035 5849 17 5889 17 5803 17 5801 17 5849 17 5803 17 5804 17 5700 17 5763 17 7148 5036 5855 5036 5806 5036 5808 17 7149 17 5767 17 7149 5037 5859 5037 5810 5037 5812 17 7151 17 5771 17 7150 5038 5863 5038 5814 5038 5816 5039 5820 5039 5776 5039 5909 5040 5866 5040 5820 5040 5864 17 5909 17 5820 17 5816 5041 5864 5041 5820 5041 5822 5042 7152 5042 5779 5042 7152 5043 5870 5043 5824 5043 5832 17 6083 17 5783 17 6083 17 6041 17 5783 17 6041 17 6001 17 5783 17 6001 5044 5961 5044 5783 5044 5961 17 5918 17 5783 17 5918 5045 5873 5045 5783 5045 5873 17 5833 17 5783 17 5835 17 7153 17 5787 17 7153 5046 5877 5046 5837 5046 5839 17 7154 17 5791 17 7154 5047 5881 5047 5841 5047 6094 17 6052 17 5794 17 5842 17 6094 17 5794 17 6052 17 6012 17 5794 17 6012 17 5972 17 5794 17 5972 17 5929 17 5794 17 5929 5048 5884 5048 5794 5048 5884 5049 5844 5049 5794 5049 5846 5050 7155 5050 5798 5050 7155 5051 5888 5051 5848 5051 5934 5052 5891 5052 5851 5052 5889 17 5934 17 5851 17 6105 17 5700 17 5804 17 5853 17 6105 17 5804 17 7148 5053 5900 5053 5855 5053 5857 4629 7149 4629 5808 4629 7149 5054 5904 5054 5859 5054 5861 17 7151 17 5812 17 7150 5055 5908 5055 5863 5055 5909 5056 5911 5056 5866 5056 5868 5057 7152 5057 5822 5057 7152 5058 5915 5058 5870 5058 5872 17 6083 17 5832 17 5875 17 7153 17 5835 17 7153 5059 5922 5059 5877 5059 5879 17 7154 17 5839 17 7154 5060 5926 5060 5881 5060 5882 17 6094 17 5842 17 5886 17 7155 17 5846 17 7155 5061 5933 5061 5888 5061 5934 5062 5936 5062 5891 5062 5894 5063 6105 5063 5853 5063 5898 17 7156 17 5894 17 6178 17 6105 17 5894 17 7156 17 6178 17 5894 17 7148 5064 5940 5064 5900 5064 5902 17 7149 17 5857 17 7149 5065 5944 5065 5904 5065 5906 17 7151 17 5861 17 7150 5066 5948 5066 5908 5066 5909 5067 5954 5067 5911 5067 5913 5068 7152 5068 5868 5068 7152 5069 5958 5069 5915 5069 5917 17 6083 17 5872 17 5920 17 7153 17 5875 17 7153 5070 5965 5070 5922 5070 5924 17 7154 17 5879 17 7154 5071 5969 5071 5926 5071 5927 5072 6094 5072 5882 5072 5931 17 7155 17 5886 17 7155 5073 5976 5073 5933 5073 5934 5074 5979 5074 5936 5074 5938 4648 7156 4648 5898 4648 7148 4649 5983 4649 5940 4649 5942 17 7149 17 5902 17 7149 4650 5987 4650 5944 4650 5946 17 7151 17 5906 17 7150 4651 5991 4651 5948 4651 5953 17 7152 17 5909 17 7152 17 6075 17 5909 17 6075 17 6034 17 5909 17 6034 17 5994 17 5909 17 5994 17 5954 17 5909 17 5956 17 7152 17 5913 17 7152 4652 5998 4652 5958 4652 5960 5075 6083 5075 5917 5075 5963 17 7153 17 5920 17 7153 4654 6005 4654 5965 4654 5967 17 7154 17 5924 17 7154 4655 6009 4655 5969 4655 5970 17 6094 17 5927 17 5974 4657 7155 4657 5931 4657 7155 4658 6016 4658 5976 4658 5977 17 7156 17 5934 17 7156 5076 6101 5076 5934 5076 6101 17 6059 17 5934 17 6059 5077 6019 5077 5934 5077 6019 17 5979 17 5934 17 5981 4661 7156 4661 5938 4661 7148 5078 6023 5078 5983 5078 5985 17 7149 17 5942 17 7149 5079 6027 5079 5987 5079 5989 4264 7151 4264 5946 4264 7150 5080 6031 5080 5991 5080 5993 17 7152 17 5953 17 5996 17 7152 17 5956 17 7152 5081 6038 5081 5998 5081 6000 5082 6083 5082 5960 5082 6003 5083 7153 5083 5963 5083 7153 5084 6045 5084 6005 5084 6007 17 7154 17 5967 17 7154 5085 6049 5085 6009 5085 6010 17 6094 17 5970 17 6014 17 7155 17 5974 17 7155 5086 6056 5086 6016 5086 6017 17 7156 17 5977 17 6021 17 7156 17 5981 17 7148 5087 6063 5087 6023 5087 6025 17 7149 17 5985 17 7149 5088 6067 5088 6027 5088 6029 17 7151 17 5989 17 7150 5089 6071 5089 6031 5089 6033 17 7152 17 5993 17 6036 17 7152 17 5996 17 7152 5090 6079 5090 6038 5090 6040 5091 6083 5091 6000 5091 6043 5092 7153 5092 6003 5092 7153 5093 6087 5093 6045 5093 6047 17 7154 17 6007 17 7154 5094 6091 5094 6049 5094 6050 17 6094 17 6010 17 6054 17 7155 17 6014 17 7155 5095 6098 5095 6056 5095 6057 17 7156 17 6017 17 6061 17 7156 17 6021 17 7148 5096 6107 5096 6063 5096 6065 17 7149 17 6025 17 7149 5097 6110 5097 6067 5097 6069 17 7151 17 6029 17 7150 5098 6113 5098 6071 5098 6073 17 7152 17 6033 17 7152 5099 6116 5099 6075 5099 6077 17 7152 17 6036 17 7152 5100 6119 5100 6079 5100 6081 17 6083 17 6040 17 7152 5101 6122 5101 6083 5101 6081 17 7152 17 6083 17 6085 17 7153 17 6043 17 7153 5102 6125 5102 6087 5102 6089 17 7154 17 6047 17 7154 5103 6128 5103 6091 5103 6092 5104 7155 5104 6050 5104 7155 5105 6131 5105 6050 5105 6131 17 6094 17 6050 17 6096 5106 7155 5106 6054 5106 7155 5107 6134 5107 6098 5107 6099 17 7156 17 6057 17 7156 5108 6137 5108 6101 5108 6103 5109 7156 5109 6061 5109 6140 17 7148 17 6104 17 7148 5110 6108 5110 6107 5110 6108 5111 7149 5111 6065 5111 7151 5112 6111 5112 6110 5112 7149 5113 7151 5113 6110 5113 6111 5114 7151 5114 6069 5114 7150 5115 6114 5115 6113 5115 7150 17 7152 17 6073 17 6114 17 7150 17 6073 17 7152 5116 6117 5116 6116 5116 6117 5117 7152 5117 6077 5117 7152 5118 6120 5118 6119 5118 6120 17 7152 17 6081 17 7153 5119 6123 5119 6122 5119 7152 5120 7153 5120 6122 5120 6123 17 7153 17 6085 17 7153 5121 6126 5121 6125 5121 6126 17 7154 17 6089 17 7154 5122 6129 5122 6128 5122 6129 17 7154 17 6092 17 7154 17 7155 17 6092 17 7155 5123 6132 5123 6131 5123 6132 5124 7155 5124 6096 5124 7155 5125 6135 5125 6134 5125 7155 17 7156 17 6099 17 6135 17 7155 17 6099 17 7156 5126 6138 5126 6137 5126 6138 5127 7156 5127 6103 5127 7148 17 7149 17 6108 17 7153 5128 7154 5128 6126 5128 6141 17 7148 17 6140 17 6143 17 7148 17 6141 17 6143 17 6179 17 7148 17 6179 17 7149 17 7148 17 6235 17 7151 17 7149 17 6204 17 6235 17 7149 17 6179 17 6195 17 7149 17 6195 17 6205 17 7149 17 6205 17 6204 17 7149 17 6193 17 6191 17 7151 17 6191 17 7150 17 7151 17 6212 17 6208 17 7151 17 6208 17 6206 17 7151 17 6206 17 6202 17 7151 17 6202 17 6200 17 7151 17 6200 17 6198 17 7151 17 6198 17 6196 17 7151 17 6196 17 6193 17 7151 17 6235 17 6212 17 7151 17 6191 5129 6189 5129 7150 5129 6189 17 6183 17 7150 17 6183 17 6182 17 7150 17 6182 17 6184 17 7150 17 6184 17 7152 17 7150 17 6184 17 6185 17 7152 17 6185 17 7153 17 7152 17 6185 17 6186 17 7153 17 6186 17 7154 17 7153 17 6186 17 7155 17 7154 17 6187 17 6188 17 7155 17 6188 17 6190 17 7155 17 6190 5130 6192 5130 7155 5130 6192 17 6194 17 7155 17 6194 5131 6197 5131 7155 5131 6197 17 6199 17 7155 17 6199 17 6201 17 7155 17 6201 5132 6203 5132 7155 5132 6203 17 6207 17 7155 17 6207 17 6209 17 7155 17 6209 17 6339 17 7155 17 6339 17 6210 17 7155 17 6210 17 7156 17 7155 17 6186 5133 6187 5133 7155 5133 6181 17 6178 17 7156 17 6180 17 6181 17 7156 17 6210 17 32 17 7156 17 32 17 6180 17 7156 17 6235 5134 6216 5134 6212 5134 6214 17 6339 17 6209 17 6235 5135 6220 5135 6216 5135 6218 17 6339 17 6214 17 6235 5136 6224 5136 6220 5136 6222 17 6339 17 6218 17 6235 5137 6228 5137 6224 5137 6226 17 6339 17 6222 17 6235 17 6234 17 6228 17 6467 5138 6339 5138 6226 5138 6230 5139 6467 5139 6226 5139 7157 17 6443 17 6234 17 6235 17 7157 17 6234 17 6318 5140 6322 5140 6249 5140 6276 5141 6318 5141 6249 5141 6301 17 6299 17 6249 17 6309 17 6301 17 6249 17 6295 17 6250 17 6249 17 6297 17 6295 17 6249 17 6299 5142 6297 5142 6249 5142 6322 17 6329 17 6249 17 6329 17 6331 17 6249 17 6331 5143 6309 5143 6249 5143 6295 17 6293 17 6250 17 6293 17 6294 17 6250 17 6294 17 6296 17 6250 17 6296 5144 6270 5144 6250 5144 6354 17 6347 17 6270 17 6347 17 6337 17 6270 17 6337 17 6332 17 6270 17 6332 5145 6330 5145 6270 5145 6330 17 6283 17 6270 17 7158 17 6375 17 6270 17 6375 17 6366 17 6270 17 6366 17 6354 17 6270 17 6296 5146 6298 5146 6270 5146 6298 5147 6300 5147 6270 5147 6300 17 6302 17 6270 17 6302 17 6310 17 6270 17 6310 17 6313 17 6270 17 6313 17 6328 17 6270 17 6328 17 6335 17 6270 17 6335 17 7158 17 6270 17 6287 5148 6324 5148 6276 5148 6324 17 6320 17 6276 17 6320 17 6315 17 6276 17 6314 5149 6318 5149 6276 5149 6315 17 6314 17 6276 17 6319 17 6317 17 6283 17 6317 17 6316 17 6283 17 6316 17 6282 17 6283 17 6330 5150 6323 5150 6283 5150 6323 17 6319 17 6283 17 6417 5151 6362 5151 6287 5151 6362 17 6324 17 6287 17 6305 17 6417 17 6287 17 6316 17 6321 17 6282 17 6321 5152 6325 5152 6282 5152 6325 5153 6291 5153 6282 5153 6292 17 7157 17 6235 17 6390 5154 6417 5154 6305 5154 6325 5155 6363 5155 6291 5155 6363 5156 6307 5156 6291 5156 6331 17 6336 17 6309 17 6336 5157 6312 5157 6309 5157 6336 5158 6327 5158 6312 5158 6336 5159 6334 5159 6327 5159 6336 5160 6343 5160 6334 5160 6346 17 6350 17 6343 17 6336 5161 6346 5161 6343 5161 6345 17 7158 17 6335 17 6353 5162 6359 5162 6350 5162 6346 5163 6353 5163 6350 5163 6352 17 7158 17 6345 17 6364 17 6373 17 6359 17 6373 5164 6380 5164 6359 5164 6380 5165 6370 5165 6359 5165 6353 5166 6364 5166 6359 5166 6361 17 7158 17 6352 17 6414 5167 6377 5167 6370 5167 6404 17 6414 17 6370 17 6380 17 6393 17 6370 17 6393 5168 6404 5168 6370 5168 6372 17 7158 17 6361 17 7158 5169 6382 5169 6375 5169 6414 5170 6384 5170 6377 5170 6379 17 7158 17 6372 17 7158 5171 6395 5171 6382 5171 6414 5172 6397 5172 6384 5172 6386 17 7158 17 6379 17 6450 17 6417 17 6390 17 6389 5173 6450 5173 6390 5173 6363 17 6418 17 6307 17 6418 5174 6463 5174 6307 5174 7158 5175 6406 5175 6395 5175 6414 17 6401 17 6397 17 6399 5176 7158 5176 6386 5176 6414 5177 6408 5177 6401 5177 6403 5178 7158 5178 6399 5178 7158 5179 6416 5179 6406 5179 6414 5180 6412 5180 6408 5180 6410 17 7158 17 6403 17 7158 5181 6413 5181 6412 5181 6414 5182 7158 5182 6412 5182 6413 17 7158 17 6410 17 7158 5183 6422 5183 6416 5183 6420 17 7158 17 6414 17 7158 5184 6426 5184 6422 5184 6424 17 7158 17 6420 17 7158 5185 6430 5185 6426 5185 6428 17 7158 17 6424 17 7158 5186 6433 5186 6430 5186 6437 5187 7158 5187 6428 5187 7158 5188 6434 5188 6433 5188 6436 5189 7158 5189 6437 5189 7158 5190 6455 5190 6434 5190 6440 17 7157 17 6292 17 6440 17 6443 17 7157 17 6440 5191 6483 5191 6443 5191 6480 17 6472 17 6389 17 6472 17 6470 17 6389 17 6468 17 6450 17 6389 17 6470 5192 6468 5192 6389 5192 6496 17 6480 17 6389 17 6449 17 6496 17 6389 17 7159 17 7158 17 6436 17 6452 5193 7159 5193 6436 5193 7159 17 6495 17 7158 17 6495 17 6455 17 7158 17 6457 17 6463 17 6418 17 6457 5194 6469 5194 6463 5194 6469 17 6471 17 6463 17 6471 17 6473 17 6463 17 6473 17 6479 17 6463 17 6563 17 6467 17 6230 17 6465 17 6563 17 6230 17 6511 5195 6496 5195 6449 5195 6476 17 6511 17 6449 17 6473 17 6481 17 6479 17 6481 17 6491 17 6479 17 6486 5196 6499 5196 6483 5196 6440 5197 6486 5197 6483 5197 6485 17 6563 17 6465 17 6489 17 6511 17 6476 17 6481 17 6497 17 6491 17 6497 5198 6505 5198 6491 5198 6493 5199 7159 5199 6452 5199 7159 5200 6559 5200 6495 5200 6486 5201 6514 5201 6499 5201 6501 5202 6563 5202 6485 5202 6503 17 6511 17 6489 17 6497 5203 6509 5203 6505 5203 7160 17 6521 17 6509 17 6497 17 7160 17 6509 17 6503 17 7161 17 6511 17 7161 5204 6527 5204 6511 5204 6512 17 7160 17 6497 17 6486 5205 6523 5205 6514 5205 6516 17 6563 17 6501 17 6519 5206 7161 5206 6503 5206 7160 5207 6533 5207 6521 5207 7161 17 6537 17 6523 17 6486 5208 7161 5208 6523 5208 6525 17 6563 17 6516 17 7161 5209 6543 5209 6527 5209 6529 17 7160 17 6512 17 6531 17 7161 17 6519 17 7160 5210 6541 5210 6533 5210 6535 17 7161 17 6531 17 7161 5211 6540 5211 6537 5211 7160 5212 6563 5212 6525 5212 6539 17 7160 17 6525 17 6540 5213 7161 5213 6535 5213 7160 5214 6539 5214 6541 5214 7161 5215 6547 5215 6543 5215 6545 5216 7160 5216 6529 5216 7161 5217 6554 5217 6547 5217 6549 5218 7160 5218 6545 5218 6552 17 7161 17 6486 17 7162 17 6565 17 7161 17 6565 17 6554 17 7161 17 6552 17 7162 17 7161 17 7163 17 7159 17 6493 17 6556 17 7163 17 6493 17 6571 17 6559 17 7159 17 7163 17 6571 17 7159 17 7164 17 7160 17 6549 17 6561 17 7164 17 6549 17 7164 17 6563 17 7160 17 7164 17 36 17 6563 17 7162 5219 6573 5219 6565 5219 6567 5220 7164 5220 6561 5220 6569 17 7163 17 6556 17 7163 5221 6579 5221 6571 5221 7162 5222 6581 5222 6573 5222 6575 17 7164 17 6567 17 6577 17 7163 17 6569 17 7163 5223 6587 5223 6579 5223 7162 5224 6589 5224 6581 5224 6583 17 7164 17 6575 17 6585 17 7163 17 6577 17 7163 5225 6595 5225 6587 5225 7162 5226 6597 5226 6589 5226 6591 17 7164 17 6583 17 6593 17 7163 17 6585 17 7163 5227 6601 5227 6595 5227 7162 5228 6600 5228 6597 5228 6599 5229 7164 5229 6591 5229 7162 17 7163 17 6593 17 6600 17 7162 17 6593 17 7163 5230 6599 5230 6601 5230 7163 17 7164 17 6599 17 6603 17 7162 17 6552 17 6699 17 6695 17 7162 17 6695 17 6691 17 7162 17 6691 17 6687 17 7162 17 6687 17 6688 17 7162 17 6723 17 6715 17 7162 17 6669 17 7163 17 7162 17 6672 17 6669 17 7162 17 6688 17 6672 17 7162 17 7165 17 6743 17 7162 17 6743 5231 6732 5231 7162 5231 6732 5232 6723 5232 7162 5232 6715 17 6711 17 7162 17 6711 5233 6707 5233 7162 5233 6707 17 6699 17 7162 17 6681 17 7165 17 7162 17 6650 17 6681 17 7162 17 6603 5234 6650 5234 7162 5234 6665 5235 6653 5235 7163 5235 6653 17 6651 17 7163 17 6651 17 6652 17 7163 17 6652 17 6654 17 7163 17 6654 17 6666 17 7163 17 6666 17 6670 17 7163 17 6669 17 6665 17 7163 17 6701 5236 6697 5236 7163 5236 6697 17 6693 17 7163 17 6693 17 7164 17 7163 17 6670 17 6673 17 7163 17 6673 17 6726 17 7163 17 6726 5237 6717 5237 7163 5237 6717 5238 6713 5238 7163 5238 6713 17 6709 17 7163 17 6709 5239 6701 5239 7163 5239 6693 17 6689 17 7164 17 6689 17 6690 17 7164 17 6690 17 6694 17 7164 17 6694 17 6698 17 7164 17 6698 17 6702 17 7164 17 6702 17 6710 17 7164 17 6710 17 6714 17 7164 17 6714 17 6718 17 7164 17 6718 17 7166 17 7164 17 6682 17 38 17 7164 17 38 17 36 17 7164 17 7166 17 6806 17 7164 17 6806 5240 6730 5240 7164 5240 6730 5241 6682 5241 7164 5241 6688 17 6692 17 6672 17 6692 17 6696 17 6672 17 6696 17 6700 17 6672 17 6700 17 6708 17 6672 17 6708 17 6712 17 6672 17 6712 5242 6716 5242 6672 5242 6716 5243 6678 5243 6672 5243 6676 17 6726 17 6673 17 6716 5244 6684 5244 6678 5244 6680 17 6726 17 6676 17 6716 5245 6704 5245 6684 5245 6686 17 6726 17 6680 17 6716 5246 6720 5246 6704 5246 6706 5247 6726 5247 6686 5247 6716 5248 6739 5248 6720 5248 6722 17 6726 17 6706 17 6724 17 6739 17 6716 17 6722 5249 6735 5249 6726 5249 6727 17 7166 17 6718 17 6728 17 7165 17 6681 17 6733 17 6739 17 6724 17 6722 5250 6746 5250 6735 5250 6737 17 7166 17 6727 17 6733 17 6757 17 6739 17 6753 17 6746 17 6722 17 6741 17 6753 17 6722 17 7165 17 6750 17 6743 17 6744 17 6757 17 6733 17 6748 17 7166 17 6737 17 7165 5251 6761 5251 6750 5251 6751 17 6757 17 6744 17 6741 5252 6768 5252 6753 5252 6755 17 7166 17 6748 17 6751 5253 6780 5253 6757 5253 6759 17 6768 17 6741 17 7165 5254 6772 5254 6761 5254 6762 17 6845 17 6751 17 6845 17 6834 17 6751 17 6834 17 6832 17 6751 17 6832 17 6808 17 6751 17 6808 17 6780 17 6751 17 7167 5255 6775 5255 6768 5255 6781 17 6809 17 6768 17 6809 17 7167 17 6768 17 6759 5256 6781 5256 6768 5256 6770 17 7166 17 6755 17 7165 5257 6783 5257 6772 5257 6773 17 6845 17 6762 17 7167 5258 6786 5258 6775 5258 6777 17 7166 17 6770 17 7165 5259 6790 5259 6783 5259 6784 17 6845 17 6773 17 7167 5260 6793 5260 6786 5260 6788 17 7166 17 6777 17 7165 5261 6797 5261 6790 5261 6791 5262 6845 5262 6784 5262 7167 5263 6800 5263 6793 5263 6795 17 7166 17 6788 17 7165 5264 6811 5264 6797 5264 6798 5265 6845 5265 6791 5265 7167 5266 6814 5266 6800 5266 6802 17 7166 17 6795 17 6804 5267 7165 5267 6728 5267 7166 5268 6852 5268 6806 5268 7165 5269 6818 5269 6811 5269 6812 5270 6845 5270 6798 5270 7167 5271 6821 5271 6814 5271 6816 17 7166 17 6802 17 7165 5272 6825 5272 6818 5272 6819 17 6845 17 6812 17 7167 5273 6830 5273 6821 5273 6823 17 7166 17 6816 17 7165 5274 6828 5274 6825 5274 6828 17 6845 17 6819 17 7167 5275 6831 5275 6830 5275 6831 17 7166 17 6823 17 7165 5276 6845 5276 6828 5276 7167 5277 7166 5277 6831 5277 6833 17 7167 17 6809 17 6836 17 7167 17 6833 17 6838 17 7167 17 6836 17 6840 5278 7165 5278 6804 5278 6854 5279 6845 5279 7165 5279 7168 17 6854 17 7165 17 6840 17 6865 17 7165 17 6865 17 7168 17 7165 17 7169 17 7167 17 6838 17 6847 17 7169 17 6838 17 7170 17 7166 17 7167 17 7169 17 7170 17 7167 17 6866 17 6852 17 7166 17 7170 17 6897 17 7166 17 6897 17 6872 17 7166 17 6872 17 6866 17 7166 17 7168 5280 6858 5280 6854 5280 6856 17 7169 17 6847 17 7168 5281 6862 5281 6858 5281 6860 17 7169 17 6856 17 7169 5282 6868 5282 6862 5282 7168 5283 7169 5283 6862 5283 6864 17 7169 17 6860 17 7169 5284 6869 5284 6868 5284 6869 17 7169 17 6864 17 6870 17 7168 17 6865 17 7171 17 7168 17 6870 17 6874 17 7171 17 6870 17 7171 17 6901 17 7168 17 6901 17 6902 17 7168 17 6902 17 7169 17 7168 17 7172 17 6898 17 7169 17 6899 17 7170 17 7169 17 6898 17 6899 17 7169 17 6904 17 6905 17 7169 17 6911 5285 6912 5285 7169 5285 6912 17 6913 17 7169 17 6913 17 7172 17 7169 17 6902 17 6903 17 7169 17 6903 17 6904 17 7169 17 6905 5286 6906 5286 7169 5286 6906 5287 6907 5287 7169 5287 6907 17 6908 17 7169 17 6908 17 6909 17 7169 17 6909 17 6910 17 7169 17 6910 5288 6911 5288 7169 5288 6899 5289 6900 5289 7170 5289 6900 17 6928 17 7170 17 6928 17 7173 17 7170 17 7173 17 6932 17 7170 17 6932 17 6897 17 7170 17 6915 17 7172 17 6913 17 6921 17 7172 17 6915 17 6919 17 6917 17 6901 17 7171 5290 6919 5290 6901 5290 6923 17 7172 17 6921 17 6938 5291 7172 5291 6923 5291 7172 17 6926 17 6898 17 7172 17 6952 17 6926 17 6929 17 7173 17 6928 17 7173 5292 6931 5292 6932 5292 6935 17 7171 17 6874 17 6936 5293 7171 5293 6935 5293 7173 5294 6958 5294 6931 5294 7171 5295 6938 5295 6919 5295 7171 5296 7172 5296 6938 5296 6940 17 7171 17 6936 17 6968 17 7172 17 7171 17 6940 5297 6967 5297 7171 5297 6967 17 6968 17 7171 17 6963 17 6952 17 7172 17 6980 17 6963 17 7172 17 6982 17 6980 17 7172 17 6968 17 6969 17 7172 17 6969 17 6973 17 7172 17 6973 17 6975 17 7172 17 6975 17 6977 17 7172 17 6977 5298 6979 5298 7172 5298 6979 5299 6981 5299 7172 5299 6981 5300 6982 5300 7172 5300 6955 17 6970 17 6929 17 6970 17 7173 17 6929 17 6966 17 6958 17 7173 17 6970 17 6965 17 7173 17 6965 17 6966 17 7173 17 6980 17 6978 17 6963 17 6978 17 6976 17 6963 17 6976 17 6974 17 6963 17 6974 5301 6955 5301 6963 5301 6972 17 6970 17 6955 17 6974 17 6971 17 6955 17 6971 17 6972 17 6955 17</p>
        </triangles>
      </mesh>
    </geometry>
  </library_geometries>
  <library_controllers/>
  <library_visual_scenes>
    <visual_scene id="Scene" name="Scene">
      <node id="Camera" name="Camera" type="NODE">
        <matrix sid="transform">0.6859207 -0.3240135 0.6515582 7.481132 0.7276763 0.3054208 -0.6141704 -6.50764 0 0.8953956 0.4452714 5.343665 0 0 0 1</matrix>
        <instance_camera url="#Camera-camera"/>
      </node>
      <node id="Lamp" name="Lamp" type="NODE">
        <matrix sid="transform">-0.2908646 -0.7711008 0.5663932 4.076245 0.9551712 -0.1998834 0.2183912 1.005454 -0.05518906 0.6045247 0.7946723 5.903862 0 0 0 1</matrix>
        <instance_light url="#Lamp-light"/>
      </node>
      <node id="upper_plate" name="upper_plate" type="NODE">
        <matrix sid="transform">-4.37113e-10 4.37113e-10 0.00999999 0.001277175 0.00999999 0 4.37113e-10 -0.00298026 0 0.00999999 -4.37113e-10 0.03174999 0 0 0 1</matrix>
        <instance_geometry url="#upper_plate-mesh" name="upper_plate"/>
      </node>
    </visual_scene>
  </library_visual_scenes>
  <scene>
    <instance_visual_scene url="#Scene"/>
  </scene>
</COLLADA>