<?xml version="1.0" encoding="utf-8"?>
<COLLADA xmlns="http://www.collada.org/2005/11/COLLADASchema" version="1.4.1">
  <asset>
    <contributor>
      <author>Blender User</author>
      <authoring_tool>Blender 2.79.0</authoring_tool>
    </contributor>
    <created>2021-01-11T00:19:50</created>
    <modified>2021-01-11T00:19:50</modified>
    <unit name="meter" meter="1"/>
    <up_axis>Z_UP</up_axis>
  </asset>
  <library_cameras>
    <camera id="Camera-camera" name="Camera">
      <optics>
        <technique_common>
          <perspective>
            <xfov sid="xfov">49.13434</xfov>
            <aspect_ratio>1.777778</aspect_ratio>
            <znear sid="znear">0.1</znear>
            <zfar sid="zfar">100</zfar>
          </perspective>
        </technique_common>
      </optics>
      <extra>
        <technique profile="blender">
          <shiftx sid="shiftx" type="float">0</shiftx>
          <shifty sid="shifty" type="float">0</shifty>
          <YF_dofdist sid="YF_dofdist" type="float">0</YF_dofdist>
        </technique>
      </extra>
    </camera>
  </library_cameras>
  <library_lights>
    <light id="Lamp-light" name="Lamp">
      <technique_common>
        <point>
          <color sid="color">1 1 1</color>
          <constant_attenuation>1</constant_attenuation>
          <linear_attenuation>0</linear_attenuation>
          <quadratic_attenuation>0.00111109</quadratic_attenuation>
        </point>
      </technique_common>
      <extra>
        <technique profile="blender">
          <type sid="type" type="int">0</type>
          <flag sid="flag" type="int">0</flag>
          <mode sid="mode" type="int">8192</mode>
          <gamma sid="blender_gamma" type="float">1</gamma>
          <red sid="red" type="float">1</red>
          <green sid="green" type="float">1</green>
          <blue sid="blue" type="float">1</blue>
          <shadow_r sid="blender_shadow_r" type="float">0</shadow_r>
          <shadow_g sid="blender_shadow_g" type="float">0</shadow_g>
          <shadow_b sid="blender_shadow_b" type="float">0</shadow_b>
          <energy sid="blender_energy" type="float">1</energy>
          <dist sid="blender_dist" type="float">29.99998</dist>
          <spotsize sid="spotsize" type="float">75</spotsize>
          <spotblend sid="spotblend" type="float">0.15</spotblend>
          <halo_intensity sid="blnder_halo_intensity" type="float">1</halo_intensity>
          <att1 sid="att1" type="float">0</att1>
          <att2 sid="att2" type="float">1</att2>
          <falloff_type sid="falloff_type" type="int">2</falloff_type>
          <clipsta sid="clipsta" type="float">1.000799</clipsta>
          <clipend sid="clipend" type="float">30.002</clipend>
          <bias sid="bias" type="float">1</bias>
          <soft sid="soft" type="float">3</soft>
          <compressthresh sid="compressthresh" type="float">0.04999995</compressthresh>
          <bufsize sid="bufsize" type="int">2880</bufsize>
          <samp sid="samp" type="int">3</samp>
          <buffers sid="buffers" type="int">1</buffers>
          <filtertype sid="filtertype" type="int">0</filtertype>
          <bufflag sid="bufflag" type="int">0</bufflag>
          <buftype sid="buftype" type="int">2</buftype>
          <ray_samp sid="ray_samp" type="int">1</ray_samp>
          <ray_sampy sid="ray_sampy" type="int">1</ray_sampy>
          <ray_sampz sid="ray_sampz" type="int">1</ray_sampz>
          <ray_samp_type sid="ray_samp_type" type="int">0</ray_samp_type>
          <area_shape sid="area_shape" type="int">1</area_shape>
          <area_size sid="area_size" type="float">0.1</area_size>
          <area_sizey sid="area_sizey" type="float">0.1</area_sizey>
          <area_sizez sid="area_sizez" type="float">1</area_sizez>
          <adapt_thresh sid="adapt_thresh" type="float">0.000999987</adapt_thresh>
          <ray_samp_method sid="ray_samp_method" type="int">1</ray_samp_method>
          <shadhalostep sid="shadhalostep" type="int">0</shadhalostep>
          <sun_effect_type sid="sun_effect_type" type="int">0</sun_effect_type>
          <skyblendtype sid="skyblendtype" type="int">1</skyblendtype>
          <horizon_brightness sid="horizon_brightness" type="float">1</horizon_brightness>
          <spread sid="spread" type="float">1</spread>
          <sun_brightness sid="sun_brightness" type="float">1</sun_brightness>
          <sun_size sid="sun_size" type="float">1</sun_size>
          <backscattered_light sid="backscattered_light" type="float">1</backscattered_light>
          <sun_intensity sid="sun_intensity" type="float">1</sun_intensity>
          <atm_turbidity sid="atm_turbidity" type="float">2</atm_turbidity>
          <atm_extinction_factor sid="atm_extinction_factor" type="float">1</atm_extinction_factor>
          <atm_distance_factor sid="atm_distance_factor" type="float">1</atm_distance_factor>
          <skyblendfac sid="skyblendfac" type="float">1</skyblendfac>
          <sky_exposure sid="sky_exposure" type="float">1</sky_exposure>
          <sky_colorspace sid="sky_colorspace" type="int">0</sky_colorspace>
        </technique>
      </extra>
    </light>
  </library_lights>
  <library_images/>
  <library_geometries>
    <geometry id="hinge-mesh" name="hinge">
      <mesh>
        <source id="hinge-mesh-positions">
          <float_array id="hinge-mesh-positions-array" count="3534">0.001212298 -0.009921133 3.17913e-4 0.001161694 -0.009921133 4.70334e-4 0 -0.00999999 0 0.00178641 0.009685814 -0.001730084 9.0033e-4 0.009921133 -8.71921e-4 0.001004397 0.009921133 -7.49631e-4 0 0.00999999 0 7.8144e-4 0.009921133 -9.79895e-4 -0.001050353 0.009921133 6.83736e-4 -0.002084195 0.009685814 0.001356661 -0.001893639 0.009685814 0.001612067 0.001550555 0.009685814 -0.001944303 0.002295196 0.009297728 -0.002878069 6.49718e-4 0.009921133 -0.001071751 0.001289188 0.009685814 -0.002126634 0.001908302 0.009297728 -0.003147959 0.002497375 0.008763015 -0.004119634 5.07328e-4 0.009921133 -0.001146018 0.001006603 0.009685814 -0.002274036 0.001490056 0.009297728 -0.003366172 0.001950025 0.008763015 -0.0044052 0.002379238 0.008090138 -0.005374729 3.56608e-4 0.009921133 -0.00120151 7.07591e-4 0.009685814 -0.002384066 0.001047372 0.009297728 -0.003529071 0.001370668 0.008763015 -0.004618406 0.001672387 0.008090138 -0.005634903 0.0019477 0.007289648 -0.00656253 2.00032e-4 0.009921133 -0.001237213 3.96909e-4 0.009685814 -0.002454996 5.87526e-4 0.009297728 -0.003634035 7.68878e-4 0.008763015 -0.004755735 9.38105e-4 0.008090138 -0.005802452 0.001092493 0.007289648 -0.006757676 0.001229703 0.006374239 -0.007606327 4.01713e-5 0.009921133 -0.001252651 7.9709e-5 0.009685814 -0.002485573 1.1799e-4 0.009297728 -0.003679335 1.5441e-4 0.008763015 -0.004815042 1.88394e-4 0.008090138 -0.005874812 2.19408e-4 0.007289648 -0.006841897 2.46962e-4 0.006374239 -0.007701158 2.7062e-4 0.005358219 -0.008438885 -1.20349e-4 0.009921133 -0.001247525 -0.005867004 0.006374239 0.00499463 -0.006429076 0.005358219 0.005473136 -0.005676388 0.005358219 0.006250321 -2.388e-4 0.009685814 -0.00247538 -3.53484e-4 0.009297728 -0.003664195 -4.62594e-4 0.008763015 -0.004795253 -5.64409e-4 0.008090138 -0.005850672 -6.57323e-4 0.007289648 -0.006813824 -7.3987e-4 0.006374239 -0.007669508 -8.10749e-4 0.005358219 -0.008404254 -8.68842e-4 0.004257738 -0.00900644 -2.78893e-4 0.009921133 -0.001221895 -0.00608313 0.004257738 0.006698191 -0.005176663 0.004257738 0.007421135 -5.53387e-4 0.009685814 -0.002424538 -8.19154e-4 0.009297728 -0.003588914 -0.001071989 0.008763015 -0.004696726 -0.001307904 0.008090138 -0.00573045 -0.001523256 0.007289648 -0.006673812 -0.001714527 0.006374239 -0.007511913 -0.001878798 0.005358219 -0.00823158 -0.002013385 0.004257738 -0.008821368 -0.002116262 0.003090143 -0.009272098 -4.32857e-4 0.009921133 -0.001176178 -0.005441129 0.003090143 0.007800281 -0.004398941 0.003090143 0.00843203 -8.58888e-4 0.009685814 -0.002333819 -0.001271367 0.009297728 -0.003454685 -0.001663804 0.008763015 -0.004521071 -0.002029955 0.008090138 -0.005516171 -0.002364158 0.007289648 -0.006424248 -0.002661049 0.006374239 -0.007230997 -0.002915978 0.005358219 -0.007923722 -0.003124952 0.004257738 -0.008491516 -0.003284573 0.003090143 -0.008925318 -0.003392457 0.001873791 -0.009218454 -5.79714e-4 0.009921133 -0.001111149 -0.004543423 0.001873791 0.008708894 -0.003392457 0.001873791 0.009218454 -0.00115025 0.009685814 -0.002204835 -0.001702666 0.009297728 -0.003263771 -0.00222826 0.008763015 -0.004271209 -0.002718687 0.008090138 -0.005211293 -0.003166258 0.007289648 -0.006069183 -0.00356388 0.006374239 -0.006831347 -0.003905296 0.005358219 -0.007485747 -0.00418514 0.004257738 -0.008022189 -0.004398941 0.003090143 -0.00843203 -0.004543423 0.001873791 -0.008708894 -0.0046162 6.27905e-4 -0.008848488 -7.17052e-4 0.009921133 -0.001027941 -0.003446817 6.27905e-4 0.009366154 -0.002220809 6.27905e-4 0.009730041 -0.001422762 0.009685814 -0.00203967 -0.00210607 0.009297728 -0.003019213 -0.002756178 0.008763015 -0.003951191 -0.003362774 0.008090138 -0.004820823 -0.003916382 0.007289648 -0.005614459 -0.00440818 0.006374239 -0.006319522 -0.004830539 0.005358219 -0.006924927 -0.005176663 0.004257738 -0.007421135 -0.005441129 0.003090143 -0.007800281 -0.005619823 0.001873791 -0.008056402 -0.005709826 6.27905e-4 -0.008185505 -0.005709826 -6.27905e-4 -0.008185505 -8.42616e-4 0.009921133 -9.27814e-4 -0.002220809 -6.27905e-4 0.009730041 -9.58335e-4 -6.27905e-4 0.009934127 -0.00167191 0.009685814 -0.001840949 -0.002474904 0.009297728 -0.002725124 -0.003238797 0.008763015 -0.003566265 -0.003951668 0.008090138 -0.004351198 -0.004602193 0.007289648 -0.005067527 -0.00518012 0.006374239 -0.005703926 -0.005676388 0.005358219 -0.006250321 -0.00608313 0.004257738 -0.006698191 -0.006393909 0.003090143 -0.007040441 -0.006603896 0.001873791 -0.007271647 -0.006709694 6.27905e-4 -0.007388114 -0.006709694 -6.27905e-4 -0.007388114 -0.006603896 -0.001873791 -0.007271647 -9.54345e-4 0.009921133 -8.12446e-4 -9.43222e-4 -0.001873791 0.009777426 3.14839e-4 -0.001873791 0.009817779 -0.001893639 0.009685814 -0.001612067 -0.002803027 0.009297728 -0.002386271 -0.003668248 0.008763015 -0.003122806 -0.004475653 0.008090138 -0.003810167 -0.005212426 0.007289648 -0.004437386 -0.005867004 0.006374239 -0.00499463 -0.006429076 0.005358219 -0.005473136 -0.00688976 0.004257738 -0.005865335 -0.007241725 0.003090143 -0.006164968 -0.007479548 0.001873791 -0.006367444 -0.007599413 6.27905e-4 -0.006469488 -0.007599413 -6.27905e-4 -0.006469488 -0.007479548 -0.001873791 -0.006367444 -0.007241725 -0.003090143 -0.006164968 -0.001050353 0.009921133 -6.83736e-4 3.04829e-4 -0.003090143 0.009505629 0.001517832 -0.003090143 0.009388625 -0.002084195 0.009685814 -0.001356661 -0.003085196 0.009297728 -0.002008199 -0.004037499 0.008763015 -0.002628087 -0.004926145 0.008090138 -0.003206551 -0.005737066 0.007289648 -0.003734409 -0.006457567 0.006374239 -0.004203379 -0.007076203 0.005358219 -0.004606068 -0.0075832 0.004257738 -0.004936099 -0.00797069 0.003090143 -0.005188345 -0.008232414 0.001873791 -0.005358695 -0.008364319 6.27905e-4 -0.005444526 -0.008364319 -6.27905e-4 -0.005444526 -0.008232414 -0.001873791 -0.005358695 -0.00797069 -0.003090143 -0.005188345 -0.0075832 -0.004257738 -0.004936099 -0.001129209 0.009921133 -5.43801e-4 0.001444101 -0.004257738 0.008932232 0.002574443 -0.004257738 0.008674263 -0.002240598 0.009685814 -0.001079022 -0.00331664 0.009297728 -0.001597225 -0.00434041 0.008763015 -0.002090215 -0.005295753 0.008090138 -0.002550303 -0.006167531 0.007289648 -0.002970099 -0.006942033 0.006374239 -0.003343105 -0.007607102 0.005358219 -0.003663361 -0.008152186 0.004257738 -0.003925859 -0.008568704 0.003090143 -0.004126429 -0.008850097 0.001873791 -0.00426197 -0.008991897 6.27905e-4 -0.004330217 -0.008991897 -6.27905e-4 -0.004330217 -0.008850097 -0.001873791 -0.00426197 -0.008568704 -0.003090143 -0.004126429 -0.008152186 -0.004257738 -0.003925859 -0.007607102 -0.005358219 -0.003663361 -0.00118947 0.009921133 -3.94935e-4 0.002402305 -0.005358219 0.008094251 0.00341767 -0.005358219 0.007720589 -0.002360165 0.009685814 -7.83642e-4 -0.003493666 0.009297728 -0.001159965 -0.004572093 0.008763015 -0.001518011 -0.005578398 0.008090138 -0.001852154 -0.006496727 0.007289648 -0.002157032 -0.007312595 0.006374239 -0.002427935 -0.008013129 0.005358219 -0.002660512 -0.0085873 0.004257738 -0.002851128 -0.00902605 0.003090143 -0.002996802 -0.009322404 0.001873791 -0.003095209 -0.009471774 6.27905e-4 -0.00314486 -0.009471774 -6.27905e-4 -0.00314486 -0.009322404 -0.001873791 -0.003095209 -0.00902605 -0.003090143 -0.002996802 -0.0085873 -0.004257738 -0.002851128 -0.008013129 -0.005358219 -0.002660512 -0.007312595 -0.006374239 -0.002427935 -0.00123018 0.009921133 -2.39585e-4 0.003118872 -0.006374239 0.007045626 0.003994226 -0.006374239 0.006588935 -0.002440989 0.009685814 -4.75392e-4 -0.003613352 0.009297728 -7.03702e-4 -0.004728674 0.008763015 -9.20914e-4 -0.005769431 0.008090138 -0.001123547 -0.006719231 0.007289648 -0.00130856 -0.007562994 0.006374239 -0.00147289 -0.008287549 0.005358219 -0.001613974 -0.00888139 0.004257738 -0.001729607 -0.00933516 0.003090143 -0.001818001 -0.009641706 0.001873791 -0.001877725 -0.009796202 6.27905e-4 -0.001907765 -0.009796202 -6.27905e-4 -0.001907765 -0.009641706 -0.001873791 -0.001877725 -0.00933516 -0.003090143 -0.001818001 -0.00888139 -0.004257738 -0.001729607 -0.008287549 -0.005358219 -0.001613974 -0.007562994 -0.006374239 -0.00147289 -0.006719231 -0.007289648 -0.00130856 -0.001250743 0.009921133 -8.03013e-5 0.003548622 -0.007289648 0.005853831 0.00426805 -0.007289648 0.00535196 -0.002481758 0.009685814 -1.59336e-4 -0.003673672 0.009297728 -2.35858e-4 -0.004807591 0.008763015 -3.08661e-4 -0.005865752 0.008090138 -3.76595e-4 -0.006831347 0.007289648 -4.38591e-4 -0.007689297 0.006374239 -4.93669e-4 -0.008425891 0.005358219 -5.40963e-4 -0.009029626 0.004257738 -5.79725e-4 -0.009490966 0.003090143 -6.09344e-4 -0.009802639 0.001873791 -6.29354e-4 -0.009959757 6.27905e-4 -6.39438e-4 -0.009959757 -6.27905e-4 -6.39438e-4 -0.009802639 -0.001873791 -6.29354e-4 -0.009490966 -0.003090143 -6.09344e-4 -0.009029626 -0.004257738 -5.79725e-4 -0.008425891 -0.005358219 -5.40963e-4 -0.007689297 -0.006374239 -4.93669e-4 -0.006831347 -0.007289648 -4.38591e-4 -0.005865752 -0.008090138 -3.76595e-4 -0.001250743 0.009921133 8.03013e-5 0.003664731 -0.008090138 0.004595458 0.004222333 -0.008090138 0.004089117 -0.002481758 0.009685814 1.59336e-4 -0.003673672 0.009297728 2.35858e-4 -0.004807591 0.008763015 3.08661e-4 -0.005865752 0.008090138 3.76595e-4 -0.006831347 0.007289648 4.38591e-4 -0.007689297 0.006374239 4.93669e-4 -0.008425891 0.005358219 5.40963e-4 -0.009029626 0.004257738 5.79725e-4 -0.009490966 0.003090143 6.09344e-4 -0.009802639 0.001873791 6.29354e-4 -0.009959757 6.27905e-4 6.39438e-4 -0.009959757 -6.27905e-4 6.39438e-4 -0.009802639 -0.001873791 6.29354e-4 -0.009490966 -0.003090143 6.09344e-4 -0.009029626 -0.004257738 5.79725e-4 -0.008425891 -0.005358219 5.40963e-4 -0.007689297 -0.006374239 4.93669e-4 -0.006831347 -0.007289648 4.38591e-4 -0.005865752 -0.008090138 3.76595e-4 -0.004807591 -0.008763015 3.08661e-4 -0.00123018 0.009921133 2.39585e-4 0.003460645 -0.008763015 0.003351449 0.003860831 -0.008763015 0.002881407 -0.002440989 0.009685814 4.75392e-4 -0.003613352 0.009297728 7.03702e-4 -0.004728674 0.008763015 9.20914e-4 -0.005769431 0.008090138 0.001123547 -0.006719231 0.007289648 0.00130856 -0.007562994 0.006374239 0.00147289 -0.008287549 0.005358219 0.001613974 -0.00888139 0.004257738 0.001729607 -0.00933516 0.003090143 0.001818001 -0.009641706 0.001873791 0.001877725 -0.009796202 6.27905e-4 0.001907765 -0.009796202 -6.27905e-4 0.001907765 -0.009641706 -0.001873791 0.001877725 -0.00933516 -0.003090143 0.001818001 -0.00888139 -0.004257738 0.001729607 -0.008287549 -0.005358219 0.001613974 -0.007562994 -0.006374239 0.00147289 -0.006719231 -0.007289648 0.00130856 -0.005769431 -0.008090138 0.001123547 -0.004728674 -0.008763015 9.20914e-4 -0.003613352 -0.009297728 7.03702e-4 -0.00118947 0.009921133 3.94935e-4 0.002950191 -0.009297728 0.002201735 0.003207504 -0.009297728 0.001806437 -0.002360165 0.009685814 7.83642e-4 -0.003493666 0.009297728 0.001159965 -0.004572093 0.008763015 0.001518011 -0.005578398 0.008090138 0.001852154 -0.006496727 0.007289648 0.002157032 -0.007312595 0.006374239 0.002427935 -0.008013129 0.005358219 0.002660512 -0.0085873 0.004257738 0.002851128 -0.00902605 0.003090143 0.002996802 -0.009322404 0.001873791 0.003095209 -0.009471774 6.27905e-4 0.00314486 -0.009471774 -6.27905e-4 0.00314486 -0.009322404 -0.001873791 0.003095209 -0.00902605 -0.003090143 0.002996802 -0.0085873 -0.004257738 0.002851128 -0.008013129 -0.005358219 0.002660512 -0.007312595 -0.006374239 0.002427935 -0.006496727 -0.007289648 0.002157032 -0.005578398 -0.008090138 0.001852154 -0.004572093 -0.008763015 0.001518011 -0.003493666 -0.009297728 0.001159965 -0.002360165 -0.009685814 7.83642e-4 -0.001129209 0.009921133 5.43801e-4 0.002166867 -0.009685814 0.001220345 0.00230509 -0.009685814 9.33251e-4 -0.004475653 0.008090138 0.003810167 -0.005212426 0.007289648 0.004437386 -0.004602193 0.007289648 0.005067527 -0.00518012 0.006374239 0.005703926 -0.00440818 0.006374239 0.006319522 -0.004830539 0.005358219 0.006924927 -0.003905296 0.005358219 0.007485747 -0.00418514 0.004257738 0.008022189 -0.003124952 0.004257738 0.008491516 -0.003284573 0.003090143 0.008925318 -0.002116262 0.003090143 0.009272098 -0.002185761 0.001873791 0.009576559 -9.43222e-4 0.001873791 0.009777426 -9.58335e-4 6.27905e-4 0.009934127 3.19883e-4 6.27905e-4 0.009975135 3.19883e-4 -6.27905e-4 0.009975135 0.001592814 -6.27905e-4 0.00985229 0.001567721 -0.001873791 0.00969696 0.002794861 -0.001873791 0.009416818 0.002705991 -0.003090143 0.009117424 0.003849685 -0.003090143 0.008696556 0.003662586 -0.004257738 0.008273839 0.004690527 -0.004257738 0.007737517 0.004376888 -0.005358219 0.007220208 0.005264282 -0.005358219 0.006601214 0.004804015 -0.006374239 0.006024062 0.005534946 -0.006374239 0.005360305 0.004917383 -0.007289648 0.004762232 0.005486011 -0.007289648 0.004094302 0.004710555 -0.008090138 0.003515601 0.005121469 -0.008090138 0.002884328 0.004197597 -0.008763015 0.002364039 0.004465401 -0.008763015 0.001807808 0.003412187 -0.009297728 0.001381397 0.003560841 -0.009297728 9.33765e-4 0.002405524 -0.009685814 6.30813e-4 0.00246644 -0.009685814 3.18018e-4 0.001242995 -0.009921133 1.60273e-4 0.001253306 -0.009921133 0 0.001092016 -0.009921133 6.15032e-4 0.001993 -0.009685814 0.001487433 0.001004397 -0.009921133 7.49631e-4 0.002644419 -0.009297728 0.002560973 0.00178641 -0.009685814 0.001730084 9.0033e-4 -0.009921133 8.71921e-4 0.003003656 -0.008763015 0.003766477 0.002295196 -0.009297728 0.002878069 0.001550555 -0.009685814 0.001944303 7.8144e-4 -0.009921133 9.79895e-4 0.003046989 -0.008090138 0.0050264 0.002497375 -0.008763015 0.004119634 0.001908302 -0.009297728 0.003147959 0.001289188 -0.009685814 0.002126634 6.49718e-4 -0.009921133 0.001071751 0.0027709 -0.007289648 0.00625956 0.002379238 -0.008090138 0.005374729 0.001950025 -0.008763015 0.0044052 0.001490056 -0.009297728 0.003366172 0.001006603 -0.009685814 0.002274036 5.07328e-4 -0.009921133 0.001146018 0.002192318 -0.006374239 0.007386624 0.0019477 -0.007289648 0.00656253 0.001672387 -0.008090138 0.005634903 0.001370668 -0.008763015 0.004618406 0.001047372 -0.009297728 0.003529071 7.07591e-4 -0.009685814 0.002384066 3.56608e-4 -0.009921133 0.00120151 0.001347541 -0.005358219 0.008334994 0.001229703 -0.006374239 0.007606327 0.001092493 -0.007289648 0.006757676 9.38105e-4 -0.008090138 0.005802452 7.68878e-4 -0.008763015 0.004755735 5.87526e-4 -0.009297728 0.003634035 3.96909e-4 -0.009685814 0.002454996 2.00032e-4 -0.009921133 0.001237213 2.90011e-4 -0.004257738 0.009043574 2.7062e-4 -0.005358219 0.008438885 2.46962e-4 -0.006374239 0.007701158 2.19408e-4 -0.007289648 0.006841897 1.88394e-4 -0.008090138 0.005874812 1.5441e-4 -0.008763015 0.004815042 1.1799e-4 -0.009297728 0.003679335 7.9709e-5 -0.009685814 0.002485573 4.01713e-5 -0.009921133 0.001252651 -9.13233e-4 -0.003090143 0.009466588 -8.68842e-4 -0.004257738 0.00900644 -8.10749e-4 -0.005358219 0.008404254 -7.3987e-4 -0.006374239 0.007669508 -6.57323e-4 -0.007289648 0.006813824 -5.64409e-4 -0.008090138 0.005850672 -4.62594e-4 -0.008763015 0.004795253 -3.53484e-4 -0.009297728 0.003664195 -2.388e-4 -0.009685814 0.00247538 -1.20349e-4 -0.009921133 0.001247525 -0.002185761 -0.001873791 0.009576559 -0.002116262 -0.003090143 0.009272098 -0.002013385 -0.004257738 0.008821368 -0.001878798 -0.005358219 0.00823158 -0.001714527 -0.006374239 0.007511913 -0.001523256 -0.007289648 0.006673812 -0.001307904 -0.008090138 0.00573045 -0.001071989 -0.008763015 0.004696726 -8.19154e-4 -0.009297728 0.003588914 -5.53387e-4 -0.009685814 0.002424538 -2.78893e-4 -0.009921133 0.001221895 -0.003446817 -6.27905e-4 0.009366154 -0.003392457 -0.001873791 0.009218454 -0.003284573 -0.003090143 0.008925318 -0.003124952 -0.004257738 0.008491516 -0.002915978 -0.005358219 0.007923722 -0.002661049 -0.006374239 0.007230997 -0.002364158 -0.007289648 0.006424248 -0.002029955 -0.008090138 0.005516171 -0.001663804 -0.008763015 0.004521071 -0.001271367 -0.009297728 0.003454685 -8.58888e-4 -0.009685814 0.002333819 -4.32857e-4 -0.009921133 0.001176178 -0.0046162 6.27905e-4 0.008848488 -0.0046162 -6.27905e-4 0.008848488 -0.004543423 -0.001873791 0.008708894 -0.004398941 -0.003090143 0.00843203 -0.00418514 -0.004257738 0.008022189 -0.003905296 -0.005358219 0.007485747 -0.00356388 -0.006374239 0.006831347 -0.003166258 -0.007289648 0.006069183 -0.002718687 -0.008090138 0.005211293 -0.00222826 -0.008763015 0.004271209 -0.001702666 -0.009297728 0.003263771 -0.00115025 -0.009685814 0.002204835 -5.79714e-4 -0.009921133 0.001111149 -0.005619823 0.001873791 0.008056402 -0.005709826 6.27905e-4 0.008185505 -0.005709826 -6.27905e-4 0.008185505 -0.005619823 -0.001873791 0.008056402 -0.005441129 -0.003090143 0.007800281 -0.005176663 -0.004257738 0.007421135 -0.004830539 -0.005358219 0.006924927 -0.00440818 -0.006374239 0.006319522 -0.003916382 -0.007289648 0.005614459 -0.003362774 -0.008090138 0.004820823 -0.002756178 -0.008763015 0.003951191 -0.00210607 -0.009297728 0.003019213 -0.001422762 -0.009685814 0.00203967 -7.17052e-4 -0.009921133 0.001027941 -0.006393909 0.003090143 0.007040441 -0.006603896 0.001873791 0.007271647 -0.006709694 6.27905e-4 0.007388114 -0.006709694 -6.27905e-4 0.007388114 -0.006603896 -0.001873791 0.007271647 -0.006393909 -0.003090143 0.007040441 -0.00608313 -0.004257738 0.006698191 -0.005676388 -0.005358219 0.006250321 -0.00518012 -0.006374239 0.005703926 -0.004602193 -0.007289648 0.005067527 -0.003951668 -0.008090138 0.004351198 -0.003238797 -0.008763015 0.003566265 -0.002474904 -0.009297728 0.002725124 -0.00167191 -0.009685814 0.001840949 -8.42616e-4 -0.009921133 9.27814e-4 -0.00688976 0.004257738 0.005865335 -0.007241725 0.003090143 0.006164968 -0.007479548 0.001873791 0.006367444 -0.007599413 6.27905e-4 0.006469488 -0.007599413 -6.27905e-4 0.006469488 -0.007479548 -0.001873791 0.006367444 -0.007241725 -0.003090143 0.006164968 -0.00688976 -0.004257738 0.005865335 -0.006429076 -0.005358219 0.005473136 -0.005867004 -0.006374239 0.00499463 -0.005212426 -0.007289648 0.004437386 -0.004475653 -0.008090138 0.003810167 -0.003668248 -0.008763015 0.003122806 -0.002803027 -0.009297728 0.002386271 -0.001893639 -0.009685814 0.001612067 -9.54345e-4 -0.009921133 8.12446e-4 -0.002240598 0.009685814 0.001079022 -0.003085196 0.009297728 0.002008199 -0.00331664 0.009297728 0.001597225 -0.004037499 0.008763015 0.002628087 -0.00434041 0.008763015 0.002090215 -0.004926145 0.008090138 0.003206551 -0.005295753 0.008090138 0.002550303 -0.005737066 0.007289648 0.003734409 -0.006167531 0.007289648 0.002970099 -0.006457567 0.006374239 0.004203379 -0.006942033 0.006374239 0.003343105 -0.007076203 0.005358219 0.004606068 -0.007607102 0.005358219 0.003663361 -0.0075832 0.004257738 0.004936099 -0.008152186 0.004257738 0.003925859 -0.00797069 0.003090143 0.005188345 -0.008568704 0.003090143 0.004126429 -0.008232414 0.001873791 0.005358695 -0.008850097 0.001873791 0.00426197 -0.008364319 6.27905e-4 0.005444526 -0.008991897 6.27905e-4 0.004330217 -0.008364319 -6.27905e-4 0.005444526 -0.008991897 -6.27905e-4 0.004330217 -0.008232414 -0.001873791 0.005358695 -0.008850097 -0.001873791 0.00426197 -0.00797069 -0.003090143 0.005188345 -0.008568704 -0.003090143 0.004126429 -0.0075832 -0.004257738 0.004936099 -0.008152186 -0.004257738 0.003925859 -0.007076203 -0.005358219 0.004606068 -0.007607102 -0.005358219 0.003663361 -0.006457567 -0.006374239 0.004203379 -0.006942033 -0.006374239 0.003343105 -0.005737066 -0.007289648 0.003734409 -0.006167531 -0.007289648 0.002970099 -0.004926145 -0.008090138 0.003206551 -0.005295753 -0.008090138 0.002550303 -0.004037499 -0.008763015 0.002628087 -0.00434041 -0.008763015 0.002090215 -0.003085196 -0.009297728 0.002008199 -0.00331664 -0.009297728 0.001597225 -0.002084195 -0.009685814 0.001356661 -0.002240598 -0.009685814 0.001079022 -0.001050353 -0.009921133 6.83736e-4 -0.001129209 -0.009921133 5.43801e-4 -0.00118947 -0.009921133 3.94935e-4 -0.00123018 -0.009921133 2.39585e-4 -0.002440989 -0.009685814 4.75392e-4 -0.002481758 -0.009685814 1.59336e-4 -0.003673672 -0.009297728 2.35858e-4 -0.003673672 -0.009297728 -2.35858e-4 -0.004807591 -0.008763015 -3.08661e-4 -0.004728674 -0.008763015 -9.20914e-4 -0.005769431 -0.008090138 -0.001123547 -0.005578398 -0.008090138 -0.001852154 -0.006496727 -0.007289648 -0.002157032 -0.006167531 -0.007289648 -0.002970099 -0.006942033 -0.006374239 -0.003343105 -0.006457567 -0.006374239 -0.004203379 -0.007076203 -0.005358219 -0.004606068 -0.006429076 -0.005358219 -0.005473136 -0.00688976 -0.004257738 -0.005865335 -0.00608313 -0.004257738 -0.006698191 -0.006393909 -0.003090143 -0.007040441 -0.005441129 -0.003090143 -0.007800281 -0.005619823 -0.001873791 -0.008056402 -0.004543423 -0.001873791 -0.008708894 -0.0046162 -6.27905e-4 -0.008848488 -0.003446817 -6.27905e-4 -0.009366154 -0.003446817 6.27905e-4 -0.009366154 -0.002220809 6.27905e-4 -0.009730041 -0.002185761 0.001873791 -0.009576559 -9.43222e-4 0.001873791 -0.009777426 -9.13233e-4 0.003090143 -0.009466588 3.04829e-4 0.003090143 -0.009505629 2.90011e-4 0.004257738 -0.009043574 0.001444101 0.004257738 -0.008932232 0.001347541 0.005358219 -0.008334994 0.002402305 0.005358219 -0.008094251 0.002192318 0.006374239 -0.007386624 0.003118872 0.006374239 -0.007045626 0.0027709 0.007289648 -0.00625956 0.003548622 0.007289648 -0.005853831 0.003046989 0.008090138 -0.0050264 0.003664731 0.008090138 -0.004595458 0.003003656 0.008763015 -0.003766477 0.003460645 0.008763015 -0.003351449 0.002644419 0.009297728 -0.002560973 0.002950191 0.009297728 -0.002201735 0.001993 0.009685814 -0.001487433 0.002166867 0.009685814 -0.001220345 0.001092016 0.009921133 -6.15032e-4 0.001161694 0.009921133 -4.70334e-4 -0.001250743 -0.009921133 8.03013e-5 -0.001250743 -0.009921133 -8.03013e-5 -0.002481758 -0.009685814 -1.59336e-4 -0.002440989 -0.009685814 -4.75392e-4 -0.003613352 -0.009297728 -7.03702e-4 -0.003493666 -0.009297728 -0.001159965 -0.004572093 -0.008763015 -0.001518011 -0.00434041 -0.008763015 -0.002090215 -0.005295753 -0.008090138 -0.002550303 -0.004926145 -0.008090138 -0.003206551 -0.005737066 -0.007289648 -0.003734409 -0.005212426 -0.007289648 -0.004437386 -0.005867004 -0.006374239 -0.00499463 -0.00518012 -0.006374239 -0.005703926 -0.005676388 -0.005358219 -0.006250321 -0.004830539 -0.005358219 -0.006924927 -0.005176663 -0.004257738 -0.007421135 -0.00418514 -0.004257738 -0.008022189 -0.004398941 -0.003090143 -0.00843203 -0.003284573 -0.003090143 -0.008925318 -0.003392457 -0.001873791 -0.009218454 -0.002185761 -0.001873791 -0.009576559 -0.002220809 -6.27905e-4 -0.009730041 -9.58335e-4 -6.27905e-4 -0.009934127 -9.58335e-4 6.27905e-4 -0.009934127 3.19883e-4 6.27905e-4 -0.009975135 3.14839e-4 0.001873791 -0.009817779 0.001567721 0.001873791 -0.00969696 0.001517832 0.003090143 -0.009388625 0.002705991 0.003090143 -0.009117424 0.002574443 0.004257738 -0.008674263 0.003662586 0.004257738 -0.008273839 0.00341767 0.005358219 -0.007720589 0.004376888 0.005358219 -0.007220208 0.003994226 0.006374239 -0.006588935 0.004804015 0.006374239 -0.006024062 0.00426805 0.007289648 -0.00535196 0.004917383 0.007289648 -0.004762232 0.004222333 0.008090138 -0.004089117 0.004710555 0.008090138 -0.003515601 0.003860831 0.008763015 -0.002881407 0.004197597 0.008763015 -0.002364039 0.003207504 0.009297728 -0.001806437 0.003412187 0.009297728 -0.001381397 0.00230509 0.009685814 -9.33251e-4 0.002405524 0.009685814 -6.30813e-4 0.001212298 0.009921133 -3.17913e-4 0.001242995 0.009921133 -1.60273e-4 0.001253306 0.009921133 0 0.00246644 0.009685814 -3.18018e-4 0.003560841 0.009297728 -9.33765e-4 0.004465401 0.008763015 -0.001807808 0.005121469 0.008090138 -0.002884328 0.005486011 0.007289648 -0.004094302 0.005534946 0.006374239 -0.005360305 0.005264282 0.005358219 -0.006601214 0.004690527 0.004257738 -0.007737517 0.003849685 0.003090143 -0.008696556 0.002794861 0.001873791 -0.009416818 0.001592814 6.27905e-4 -0.00985229 3.19883e-4 -6.27905e-4 -0.009975135 -9.43222e-4 -0.001873791 -0.009777426 -0.002116262 -0.003090143 -0.009272098 -0.003124952 -0.004257738 -0.008491516 -0.003905296 -0.005358219 -0.007485747 -0.00440818 -0.006374239 -0.006319522 -0.004602193 -0.007289648 -0.005067527 -0.004475653 -0.008090138 -0.003810167 -0.004037499 -0.008763015 -0.002628087 -0.00331664 -0.009297728 -0.001597225 -0.002360165 -0.009685814 -7.83642e-4 -0.00123018 -0.009921133 -2.39585e-4 0.001242995 0.009921133 1.60273e-4 0.002486884 0.009685814 0 0.003651022 0.009297728 -4.70747e-4 0.00465995 0.008763015 -0.001221954 0.005448222 0.008090138 -0.002205729 0.005964577 0.007289648 -0.003359138 0.006174981 0.006374239 -0.004608511 0.006065189 0.005358219 -0.005873799 0.00564146 0.004257738 -0.007074177 0.004930198 0.003090143 -0.008132874 0.003976106 0.001873791 -0.008982121 0.002839624 6.27905e-4 -0.009567737 0.001592814 -6.27905e-4 -0.00985229 3.14839e-4 -0.001873791 -0.009817779 -9.13233e-4 -0.003090143 -0.009466588 -0.002013385 -0.004257738 -0.008821368 -0.002915978 -0.005358219 -0.007923722 -0.00356388 -0.006374239 -0.006831347 -0.003916382 -0.007289648 -0.005614459 -0.003951668 -0.008090138 -0.004351198 -0.003668248 -0.008763015 -0.003122806 -0.003085196 -0.009297728 -0.002008199 -0.002240598 -0.009685814 -0.001079022 -0.00118947 -0.009921133 -3.94935e-4 0.001212298 0.009921133 3.17913e-4 0.00246644 0.009685814 3.18018e-4 0.003681242 0.009297728 0 0.004777967 0.008763015 -6.16053e-4 0.005685567 0.008090138 -0.00149089 0.006345152 0.007289648 -0.00256884 0.006713569 0.006374239 -0.00378102 0.006766557 0.005358219 -0.005050003 0.006499767 0.004257738 -0.006294667 0.005929708 0.003090143 -0.007435619 0.005092084 0.001873791 -0.008399903 0.004039824 6.27905e-4 -0.009126067 0.002839624 -6.27905e-4 -0.009567737 0.001567721 -0.001873791 -0.00969696 3.04829e-4 -0.003090143 -0.009505629 -8.68842e-4 -0.004257738 -0.00900644 -0.001878798 -0.005358219 -0.00823158 -0.002661049 -0.006374239 -0.007230997 -0.003166258 -0.007289648 -0.006069183 -0.003362774 -0.008090138 -0.004820823 -0.003238797 -0.008763015 -0.003566265 -0.002803027 -0.009297728 -0.002386271 -0.002084195 -0.009685814 -0.001356661 -0.001129209 -0.009921133 -5.43801e-4 0.001161694 0.009921133 4.70334e-4 0.002405524 0.009685814 6.30813e-4 0.003651022 0.009297728 4.70747e-4 0.004817485 0.008763015 0 0.005829572 0.008090138 -7.51643e-4 0.006621539 0.007289648 -0.001736342 0.007142007 0.006374239 -0.00289148 0.007356762 0.005358219 -0.004143238 0.007251381 0.004257738 -0.005411863 0.006831884 0.003090143 -0.006616294 0.006124436 0.001873791 -0.00767982 0.005173683 6.27905e-4 -0.00853455 0.004039824 -6.27905e-4 -0.009126067 0.002794861 -0.001873791 -0.009416818 0.001517832 -0.003090143 -0.009388625 2.90011e-4 -0.004257738 -0.009043574 -8.10749e-4 -0.005358219 -0.008404254 -0.001714527 -0.006374239 -0.007511913 -0.002364158 -0.007289648 -0.006424248 -0.002718687 -0.008090138 -0.005211293 -0.002756178 -0.008763015 -0.003951191 -0.002474904 -0.009297728 -0.002725124 -0.001893639 -0.009685814 -0.001612067 -0.001050353 -0.009921133 -6.83736e-4 0.001092016 0.009921133 6.15032e-4 0.00230509 0.009685814 9.33251e-4 0.003560841 0.009297728 9.33765e-4 0.004777967 0.008763015 6.16053e-4 0.005877852 0.008090138 0 0.006789267 0.007289648 -8.75379e-4 0.007453083 0.006374239 -0.001954436 0.007826209 0.005358219 -0.003168463 0.007883906 0.004257738 -0.004440128 0.007621884 0.003090143 -0.005688369 0.007056236 0.001873791 -0.006833553 0.006222546 6.27905e-4 -0.007802844 0.005173683 -6.27905e-4 -0.00853455 0.003976106 -0.001873791 -0.008982121 0.002705991 -0.003090143 -0.009117424 0.001444101 -0.004257738 -0.008932232 2.7062e-4 -0.005358219 -0.008438885 -7.3987e-4 -0.006374239 -0.007669508 -0.001523256 -0.007289648 -0.006673812 -0.002029955 -0.008090138 -0.005516171 -0.00222826 -0.008763015 -0.004271209 -0.00210607 -0.009297728 -0.003019213 -0.00167191 -0.009685814 -0.001840949 -9.54345e-4 -0.009921133 -8.12446e-4 0.001004397 0.009921133 7.49631e-4 0.002166867 0.009685814 0.001220345 0.003412187 0.009297728 0.001381397 0.00465995 0.008763015 0.001221954 0.005829572 0.008090138 7.51643e-4 0.006845414 0.007289648 0 0.007641851 0.006374239 -9.8531e-4 0.008167088 0.005358219 -0.002141654 0.008386969 0.004257738 -0.003395497 0.008286714 0.003090143 -0.004666984 0.007872164 0.001873791 -0.00587511 0.007169306 6.27905e-4 -0.006943047 0.006222546 -6.27905e-4 -0.007802844 0.005092084 -0.001873791 -0.008399903 0.003849685 -0.003090143 -0.008696556 0.002574443 -0.004257738 -0.008674263 0.001347541 -0.005358219 -0.008334994 2.46962e-4 -0.006374239 -0.007701158 -6.57323e-4 -0.007289648 -0.006813824 -0.001307904 -0.008090138 -0.00573045 -0.001663804 -0.008763015 -0.004521071 -0.001702666 -0.009297728 -0.003263771 -0.001422762 -0.009685814 -0.00203967 -8.42616e-4 -0.009921133 -9.27814e-4 9.0033e-4 0.009921133 8.71921e-4 0.001993 0.009685814 0.001487433 0.003207504 0.009297728 0.001806437 0.004465401 0.008763015 0.001807808 0.005685567 0.008090138 0.00149089 0.006789267 0.007289648 8.75379e-4 0.007705092 0.006374239 0 0.008373916 0.005358219 -0.001079678 0.008752346 0.004257738 -0.002295076 0.008815467 0.003090143 -0.003568947 0.008558809 0.001873791 -0.004820227 0.007998287 6.27905e-4 -0.005969285 0.007169306 -6.27905e-4 -0.006943047 0.006124436 -0.001873791 -0.00767982 0.004930198 -0.003090143 -0.008132874 0.003662586 -0.004257738 -0.008273839 0.002402305 -0.005358219 -0.008094251 0.001229703 -0.006374239 -0.007606327 2.19408e-4 -0.007289648 -0.006841897 -5.64409e-4 -0.008090138 -0.005850672 -0.001071989 -0.008763015 -0.004696726 -0.001271367 -0.009297728 -0.003454685 -0.00115025 -0.009685814 -0.002204835 -7.17052e-4 -0.009921133 -0.001027941 7.8144e-4 0.009921133 9.79895e-4 0.00178641 0.009685814 0.001730084 0.002950191 0.009297728 0.002201735 0.004197597 0.008763015 0.002364039 0.005448222 0.008090138 0.002205729 0.006621539 0.007289648 0.001736342 0.007641851 0.006374239 9.8531e-4 0.008443236 0.005358219 0 0.008973956 0.004257738 -0.001157045 0.0091995 0.003090143 -0.002412378 0.009104967 0.001873791 -0.003686189 0.00869596 6.27905e-4 -0.004897475 0.007998287 -6.27905e-4 -0.005969285 0.007056236 -0.001873791 -0.006833553 0.005929708 -0.003090143 -0.007435619 0.004690527 -0.004257738 -0.007737517 0.00341767 -0.005358219 -0.007720589 0.002192318 -0.006374239 -0.007386624 0.001092493 -0.007289648 -0.006757676 1.88394e-4 -0.008090138 -0.005874812 -4.62594e-4 -0.008763015 -0.004795253 -8.19154e-4 -0.009297728 -0.003588914 -8.58888e-4 -0.009685814 -0.002333819 -5.79714e-4 -0.009921133 -0.001111149 6.49718e-4 0.009921133 0.001071751 0.001550555 0.009685814 0.001944303 0.002644419 0.009297728 0.002560973 0.003860831 0.008763015 0.002881407 0.005121469 0.008090138 0.002884328 0.006345152 0.007289648 0.00256884 0.007453083 0.006374239 0.001954436 0.008373916 0.005358219 0.001079678 0.009048223 0.004257738 0 0.009432435 0.003090143 -0.001216173 0.009501576 0.001873791 -0.002491593 0.009250819 6.27905e-4 -0.003745257 0.00869596 -6.27905e-4 -0.004897475 0.007872164 -0.001873791 -0.00587511 0.006831884 -0.003090143 -0.006616294 0.00564146 -0.004257738 -0.007074177 0.004376888 -0.005358219 -0.007220208 0.003118872 -0.006374239 -0.007045626 0.0019477 -0.007289648 -0.00656253 9.38105e-4 -0.008090138 -0.005802452 1.5441e-4 -0.008763015 -0.004815042 -3.53484e-4 -0.009297728 -0.003664195 -5.53387e-4 -0.009685814 -0.002424538 -4.32857e-4 -0.009921133 -0.001176178 5.07328e-4 0.009921133 0.001146018 0.001289188 0.009685814 0.002126634 0.002295196 0.009297728 0.002878069 0.003460645 0.008763015 0.003351449 0.004710555 0.008090138 0.003515601 0.005964577 0.007289648 0.003359138 0.007142007 0.006374239 0.00289148 0.008167088 0.005358219 0.002141654 0.008973956 0.004257738 0.001157045 0.009510517 0.003090143 0 0.0097422 0.001873791 -0.001256108 0.009653806 6.27905e-4 -0.002531528 0.009250819 -6.27905e-4 -0.003745257 0.008558809 -0.001873791 -0.004820227 0.007621884 -0.003090143 -0.005688369 0.006499767 -0.004257738 -0.006294667 0.005264282 -0.005358219 -0.006601214 0.003994226 -0.006374239 -0.006588935 0.0027709 -0.007289648 -0.00625956 0.001672387 -0.008090138 -0.005634903 7.68878e-4 -0.008763015 -0.004755735 1.1799e-4 -0.009297728 -0.003679335 -2.388e-4 -0.009685814 -0.00247538 -2.78893e-4 -0.009921133 -0.001221895 3.56608e-4 0.009921133 0.00120151 0.001006603 0.009685814 0.002274036 0.001908302 0.009297728 0.003147959 0.003003656 0.008763015 0.003766477 0.004222333 0.008090138 0.004089117 0.005486011 0.007289648 0.004094302 0.006713569 0.006374239 0.00378102 0.007826209 0.005358219 0.003168463 0.008752346 0.004257738 0.002295076 0.009432435 0.003090143 0.001216173 0.009822845 0.001873791 0 0.009898304 6.27905e-4 -0.001276195 0.009653806 -6.27905e-4 -0.002531528 0.009104967 -0.001873791 -0.003686189 0.008286714 -0.003090143 -0.004666984 0.007251381 -0.004257738 -0.005411863 0.006065189 -0.005358219 -0.005873799 0.004804015 -0.006374239 -0.006024062 0.003548622 -0.007289648 -0.005853831 0.002379238 -0.008090138 -0.005374729 0.001370668 -0.008763015 -0.004618406 5.87526e-4 -0.009297728 -0.003634035 7.9709e-5 -0.009685814 -0.002485573 -1.20349e-4 -0.009921133 -0.001247525 2.00032e-4 0.009921133 0.001237213 7.07591e-4 0.009685814 0.002384066 0.001490056 0.009297728 0.003366172 0.002497375 0.008763015 0.004119634 0.003664731 0.008090138 0.004595458 0.004917383 0.007289648 0.004762232 0.006174981 0.006374239 0.004608511 0.007356762 0.005358219 0.004143238 0.008386969 0.004257738 0.003395497 0.0091995 0.003090143 0.002412378 0.0097422 0.001873791 0.001256108 0.009980261 6.27905e-4 0 0.009898304 -6.27905e-4 -0.001276195 0.009501576 -0.001873791 -0.002491593 0.008815467 -0.003090143 -0.003568947 0.007883906 -0.004257738 -0.004440128 0.006766557 -0.005358219 -0.005050003 0.005534946 -0.006374239 -0.005360305 0.00426805 -0.007289648 -0.00535196 0.003046989 -0.008090138 -0.0050264 0.001950025 -0.008763015 -0.0044052 0.001047372 -0.009297728 -0.003529071 3.96909e-4 -0.009685814 -0.002454996 4.01713e-5 -0.009921133 -0.001252651 4.01713e-5 0.009921133 0.001252651 3.96909e-4 0.009685814 0.002454996 0.001047372 0.009297728 0.003529071 0.001950025 0.008763015 0.0044052 0.003046989 0.008090138 0.0050264 0.00426805 0.007289648 0.00535196 0.005534946 0.006374239 0.005360305 0.006766557 0.005358219 0.005050003 0.007883906 0.004257738 0.004440128 0.008815467 0.003090143 0.003568947 0.009501576 0.001873791 0.002491593 0.009898304 6.27905e-4 0.001276195 0.009980261 -6.27905e-4 0 0.0097422 -0.001873791 -0.001256108 0.0091995 -0.003090143 -0.002412378 0.008386969 -0.004257738 -0.003395497 0.007356762 -0.005358219 -0.004143238 0.006174981 -0.006374239 -0.004608511 0.004917383 -0.007289648 -0.004762232 0.003664731 -0.008090138 -0.004595458 0.002497375 -0.008763015 -0.004119634 0.001490056 -0.009297728 -0.003366172 7.07591e-4 -0.009685814 -0.002384066 2.00032e-4 -0.009921133 -0.001237213 -1.20349e-4 0.009921133 0.001247525 7.9709e-5 0.009685814 0.002485573 5.87526e-4 0.009297728 0.003634035 0.001370668 0.008763015 0.004618406 0.002379238 0.008090138 0.005374729 0.003548622 0.007289648 0.005853831 0.004804015 0.006374239 0.006024062 0.006065189 0.005358219 0.005873799 0.007251381 0.004257738 0.005411863 0.008286714 0.003090143 0.004666984 0.009104967 0.001873791 0.003686189 0.009653806 6.27905e-4 0.002531528 0.009898304 -6.27905e-4 0.001276195 0.009822845 -0.001873791 0 0.009432435 -0.003090143 -0.001216173 0.008752346 -0.004257738 -0.002295076 0.007826209 -0.005358219 -0.003168463 0.006713569 -0.006374239 -0.00378102 0.005486011 -0.007289648 -0.004094302 0.004222333 -0.008090138 -0.004089117 0.003003656 -0.008763015 -0.003766477 0.001908302 -0.009297728 -0.003147959 0.001006603 -0.009685814 -0.002274036 3.56608e-4 -0.009921133 -0.00120151 -2.78893e-4 0.009921133 0.001221895 -2.388e-4 0.009685814 0.00247538 1.1799e-4 0.009297728 0.003679335 7.68878e-4 0.008763015 0.004755735 0.001672387 0.008090138 0.005634903 0.0027709 0.007289648 0.00625956 0.003994226 0.006374239 0.006588935 0.005264282 0.005358219 0.006601214 0.006499767 0.004257738 0.006294667 0.007621884 0.003090143 0.005688369 0.008558809 0.001873791 0.004820227 0.009250819 6.27905e-4 0.003745257 0.009653806 -6.27905e-4 0.002531528 0.0097422 -0.001873791 0.001256108 0.009510517 -0.003090143 0 0.008973956 -0.004257738 -0.001157045 0.008167088 -0.005358219 -0.002141654 0.007142007 -0.006374239 -0.00289148 0.005964577 -0.007289648 -0.003359138 0.004710555 -0.008090138 -0.003515601 0.003460645 -0.008763015 -0.003351449 0.002295196 -0.009297728 -0.002878069 0.001289188 -0.009685814 -0.002126634 5.07328e-4 -0.009921133 -0.001146018 -4.32857e-4 0.009921133 0.001176178 -5.53387e-4 0.009685814 0.002424538 -3.53484e-4 0.009297728 0.003664195 1.5441e-4 0.008763015 0.004815042 9.38105e-4 0.008090138 0.005802452 0.0019477 0.007289648 0.00656253 0.003118872 0.006374239 0.007045626 0.004376888 0.005358219 0.007220208 0.00564146 0.004257738 0.007074177 0.006831884 0.003090143 0.006616294 0.007872164 0.001873791 0.00587511 0.00869596 6.27905e-4 0.004897475 0.009250819 -6.27905e-4 0.003745257 0.009501576 -0.001873791 0.002491593 0.009432435 -0.003090143 0.001216173 0.009048223 -0.004257738 0 0.008373916 -0.005358219 -0.001079678 0.007453083 -0.006374239 -0.001954436 0.006345152 -0.007289648 -0.00256884 0.005121469 -0.008090138 -0.002884328 0.003860831 -0.008763015 -0.002881407 0.002644419 -0.009297728 -0.002560973 0.001550555 -0.009685814 -0.001944303 6.49718e-4 -0.009921133 -0.001071751 -5.79714e-4 0.009921133 0.001111149 -8.58888e-4 0.009685814 0.002333819 -8.19154e-4 0.009297728 0.003588914 -4.62594e-4 0.008763015 0.004795253 1.88394e-4 0.008090138 0.005874812 0.001092493 0.007289648 0.006757676 0.002192318 0.006374239 0.007386624 0.00341767 0.005358219 0.007720589 0.004690527 0.004257738 0.007737517 0.005929708 0.003090143 0.007435619 0.007056236 0.001873791 0.006833553 0.007998287 6.27905e-4 0.005969285 0.00869596 -6.27905e-4 0.004897475 0.009104967 -0.001873791 0.003686189 0.0091995 -0.003090143 0.002412378 0.008973956 -0.004257738 0.001157045 0.008443236 -0.005358219 0 0.007641851 -0.006374239 -9.8531e-4 0.006621539 -0.007289648 -0.001736342 0.005448222 -0.008090138 -0.002205729 0.004197597 -0.008763015 -0.002364039 0.002950191 -0.009297728 -0.002201735 0.00178641 -0.009685814 -0.001730084 7.8144e-4 -0.009921133 -9.79895e-4 -7.17052e-4 0.009921133 0.001027941 -0.00115025 0.009685814 0.002204835 -0.001271367 0.009297728 0.003454685 -0.001071989 0.008763015 0.004696726 -5.64409e-4 0.008090138 0.005850672 2.19408e-4 0.007289648 0.006841897 0.001229703 0.006374239 0.007606327 0.002402305 0.005358219 0.008094251 0.003662586 0.004257738 0.008273839 0.004930198 0.003090143 0.008132874 0.006124436 0.001873791 0.00767982 0.007169306 6.27905e-4 0.006943047 0.007998287 -6.27905e-4 0.005969285 0.008558809 -0.001873791 0.004820227 0.008815467 -0.003090143 0.003568947 0.008752346 -0.004257738 0.002295076 0.008373916 -0.005358219 0.001079678 0.007705092 -0.006374239 0 0.006789267 -0.007289648 -8.75379e-4 0.005685567 -0.008090138 -0.00149089 0.004465401 -0.008763015 -0.001807808 0.003207504 -0.009297728 -0.001806437 0.001993 -0.009685814 -0.001487433 9.0033e-4 -0.009921133 -8.71921e-4 -8.42616e-4 0.009921133 9.27814e-4 -0.001422762 0.009685814 0.00203967 -0.001702666 0.009297728 0.003263771 -0.001663804 0.008763015 0.004521071 -0.001307904 0.008090138 0.00573045 -6.57323e-4 0.007289648 0.006813824 2.46962e-4 0.006374239 0.007701158 0.001347541 0.005358219 0.008334994 0.002574443 0.004257738 0.008674263 0.003849685 0.003090143 0.008696556 0.005092084 0.001873791 0.008399903 0.006222546 6.27905e-4 0.007802844 0.007169306 -6.27905e-4 0.006943047 0.007872164 -0.001873791 0.00587511 0.008286714 -0.003090143 0.004666984 0.008386969 -0.004257738 0.003395497 0.008167088 -0.005358219 0.002141654 0.007641851 -0.006374239 9.8531e-4 0.006845414 -0.007289648 0 0.005829572 -0.008090138 -7.51643e-4 0.00465995 -0.008763015 -0.001221954 0.003412187 -0.009297728 -0.001381397 0.002166867 -0.009685814 -0.001220345 0.001004397 -0.009921133 -7.49631e-4 -9.54345e-4 0.009921133 8.12446e-4 -0.00167191 0.009685814 0.001840949 -0.00210607 0.009297728 0.003019213 -0.00222826 0.008763015 0.004271209 -0.002029955 0.008090138 0.005516171 -0.001523256 0.007289648 0.006673812 -7.3987e-4 0.006374239 0.007669508 2.7062e-4 0.005358219 0.008438885 0.001444101 0.004257738 0.008932232 0.002705991 0.003090143 0.009117424 0.003976106 0.001873791 0.008982121 0.005173683 6.27905e-4 0.00853455 0.006222546 -6.27905e-4 0.007802844 0.007056236 -0.001873791 0.006833553 0.007621884 -0.003090143 0.005688369 0.007883906 -0.004257738 0.004440128 0.007826209 -0.005358219 0.003168463 0.007453083 -0.006374239 0.001954436 0.006789267 -0.007289648 8.75379e-4 0.005877852 -0.008090138 0 0.004777967 -0.008763015 -6.16053e-4 0.003560841 -0.009297728 -9.33765e-4 0.00230509 -0.009685814 -9.33251e-4 0.001092016 -0.009921133 -6.15032e-4 0.004817485 -0.008763015 0 0.003651022 -0.009297728 -4.70747e-4 0.002405524 -0.009685814 -6.30813e-4 0.001161694 -0.009921133 -4.70334e-4 -0.002803027 0.009297728 0.002386271 -0.002474904 0.009297728 0.002725124 -0.003238797 0.008763015 0.003566265 -0.002756178 0.008763015 0.003951191 -0.003362774 0.008090138 0.004820823 -0.002718687 0.008090138 0.005211293 -0.003166258 0.007289648 0.006069183 -0.002364158 0.007289648 0.006424248 -0.002661049 0.006374239 0.007230997 -0.001714527 0.006374239 0.007511913 -0.001878798 0.005358219 0.00823158 -8.10749e-4 0.005358219 0.008404254 -8.68842e-4 0.004257738 0.00900644 2.90011e-4 0.004257738 0.009043574 3.04829e-4 0.003090143 0.009505629 0.001517832 0.003090143 0.009388625 0.001567721 0.001873791 0.00969696 0.002794861 0.001873791 0.009416818 0.002839624 6.27905e-4 0.009567737 0.004039824 6.27905e-4 0.009126067 0.004039824 -6.27905e-4 0.009126067 0.005173683 -6.27905e-4 0.00853455 0.005092084 -0.001873791 0.008399903 0.006124436 -0.001873791 0.00767982 0.005929708 -0.003090143 0.007435619 0.006831884 -0.003090143 0.006616294 0.006499767 -0.004257738 0.006294667 0.007251381 -0.004257738 0.005411863 0.006766557 -0.005358219 0.005050003 0.007356762 -0.005358219 0.004143238 0.006713569 -0.006374239 0.00378102 0.007142007 -0.006374239 0.00289148 0.006345152 -0.007289648 0.00256884 0.006621539 -0.007289648 0.001736342 0.005685567 -0.008090138 0.00149089 0.005829572 -0.008090138 7.51643e-4 0.004777967 -0.008763015 6.16053e-4 0.003681242 -0.009297728 0 0.00246644 -0.009685814 -3.18018e-4 0.001212298 -0.009921133 -3.17913e-4 -0.003668248 0.008763015 0.003122806 -0.003951668 0.008090138 0.004351198 -0.003916382 0.007289648 0.005614459 -0.00356388 0.006374239 0.006831347 -0.002915978 0.005358219 0.007923722 -0.002013385 0.004257738 0.008821368 -9.13233e-4 0.003090143 0.009466588 3.14839e-4 0.001873791 0.009817779 0.001592814 6.27905e-4 0.00985229 0.002839624 -6.27905e-4 0.009567737 0.003976106 -0.001873791 0.008982121 0.004930198 -0.003090143 0.008132874 0.00564146 -0.004257738 0.007074177 0.006065189 -0.005358219 0.005873799 0.006174981 -0.006374239 0.004608511 0.005964577 -0.007289648 0.003359138 0.005448222 -0.008090138 0.002205729 0.00465995 -0.008763015 0.001221954 0.003651022 -0.009297728 4.70747e-4 0.002486884 -0.009685814 0 0.001242995 -0.009921133 -1.60273e-4</float_array>
          <technique_common>
            <accessor source="#hinge-mesh-positions-array" count="1178" stride="3">
              <param name="X" type="float"/>
              <param name="Y" type="float"/>
              <param name="Z" type="float"/>
            </accessor>
          </technique_common>
        </source>
        <source id="hinge-mesh-normals">
          <float_array id="hinge-mesh-normals-array" count="7011">0.05971401 -0.9980186 0.01982802 0.1429635 0.9822159 -0.1217112 0.04790973 0.9980187 -0.04078572 0.04230076 0.9980182 -0.0465877 -0.1504675 0.9822165 0.1122964 0.1262261 0.9822162 -0.1389906 0.1262265 0.9822171 -0.1389843 0.2081395 0.9508691 -0.2291855 0.03599727 0.9980192 -0.05159449 0.1074162 0.9822161 -0.1539916 0.1074169 0.9822165 -0.1539885 0.1771228 0.9508693 -0.2539196 0.1771232 0.9508692 -0.2539201 0.2440065 0.9044893 -0.3498001 0.02910262 0.9980187 -0.05578333 0.08684277 0.9822165 -0.1664606 0.08684283 0.9822166 -0.1664605 0.1431984 0.9508693 -0.2744849 0.1431986 0.9508695 -0.274484 0.1972716 0.904489 -0.3781319 0.1972706 0.9044893 -0.3781313 0.2482029 0.8438289 -0.4757607 0.02173018 0.9980186 -0.05905032 0.06484371 0.9822164 -0.1762 0.06484311 0.9822164 -0.1761998 0.1069222 0.9508693 -0.2905431 0.1069223 0.9508691 -0.2905436 0.1472971 0.9044892 -0.4002536 0.1472971 0.904489 -0.4002538 0.185326 0.843829 -0.503594 0.1853277 0.8438292 -0.503593 0.2204114 0.769869 -0.5989328 0.01400083 0.9980189 -0.06133908 0.04177856 0.9822164 -0.1830452 0.04177886 0.9822163 -0.1830461 0.0688914 0.9508695 -0.3018301 0.06889051 0.9508695 -0.3018302 0.09490412 0.9044887 -0.4158048 0.09490454 0.9044894 -0.415803 0.119408 0.8438284 -0.5231591 0.1194074 0.8438293 -0.5231579 0.1420131 0.7698691 -0.6222009 0.1420142 0.7698685 -0.6222013 0.1623665 0.6837988 -0.7113764 0.006041705 0.9980186 -0.06262916 0.01802873 0.9822164 -0.1868848 0.01802867 0.9822162 -0.1868859 0.02972805 0.9508697 -0.3081606 0.02972805 0.9508693 -0.308162 0.04095405 0.9044885 -0.4245274 0.04095363 0.9044892 -0.4245259 0.05152702 0.8438286 -0.5341333 0.05152696 0.8438292 -0.5341324 0.06128305 0.7698691 -0.6352527 0.06128209 0.7698685 -0.6352535 0.07006531 0.6837987 -0.7262991 0.07006543 0.6837989 -0.7262989 0.07773882 0.5869935 -0.8058508 -0.002016603 0.9980187 -0.06288725 -0.581569 0.5869942 0.5632187 -0.006017386 0.982216 -0.1876585 -0.006017923 0.9822167 -0.1876549 -0.009923756 0.9508684 -0.3094363 -0.009922683 0.9508696 -0.3094326 -0.01366955 0.9044891 -0.4262777 -0.01367056 0.9044894 -0.4262769 -0.01719993 0.8438284 -0.5363374 -0.01719844 0.843829 -0.5363366 -0.02045685 0.7698691 -0.637874 -0.02045518 0.7698685 -0.6378748 -0.02338707 0.6837992 -0.7292954 -0.02338719 0.6837983 -0.7292962 -0.02594816 0.5869942 -0.8091753 -0.02594786 0.5869944 -0.8091751 -0.0281009 0.4809924 -0.8762744 -0.01004189 0.9980186 -0.06211286 -0.5466288 0.480993 0.6854507 -0.02996522 0.9822165 -0.1853451 -0.02996528 0.9822164 -0.185346 -0.04941046 0.950869 -0.3056251 -0.04941082 0.9508695 -0.3056237 -0.0680679 0.9044895 -0.4210292 -0.06806915 0.9044889 -0.4210302 -0.08564317 0.8438287 -0.5297344 -0.08564358 0.8438291 -0.5297337 -0.101857 0.7698687 -0.6300218 -0.1018569 0.7698687 -0.6300217 -0.1164551 0.6837985 -0.7203179 -0.1164551 0.6837986 -0.7203179 -0.129211 0.5869941 -0.7992137 -0.1292114 0.5869942 -0.7992134 -0.1399249 0.4809929 -0.8654865 -0.1399244 0.4809929 -0.8654867 -0.1484338 0.3674705 -0.9181138 -0.01790231 0.9980189 -0.06031554 -0.4821228 0.3674702 0.7953133 -0.05342113 0.9822159 -0.1799954 -0.05342102 0.9822166 -0.1799913 -0.08808827 0.950869 -0.2967975 -0.08808761 0.9508695 -0.2967959 -0.1213498 0.904489 -0.408869 -0.1213508 0.9044892 -0.4088683 -0.1526817 0.8438279 -0.5144345 -0.1526806 0.8438296 -0.514432 -0.1815868 0.7698689 -0.6118237 -0.1815856 0.7698694 -0.6118234 -0.207611 0.6837992 -0.6995115 -0.2076117 0.6837986 -0.6995119 -0.230351 0.5869938 -0.7761294 -0.2303504 0.5869943 -0.7761291 -0.2494517 0.4809929 -0.8404877 -0.2494532 0.4809925 -0.8404877 -0.2646203 0.3674705 -0.891595 -0.2646211 0.3674708 -0.8915946 -0.2756239 0.24821 -0.9286674 -0.0254687 0.9980186 -0.05753654 -0.3921154 0.2482107 0.8857973 -0.07599931 0.982216 -0.1716859 -0.07599896 0.9822163 -0.1716842 -0.1253176 0.9508686 -0.2830979 -0.1253178 0.95087 -0.2830932 -0.1726393 0.9044889 -0.3899943 -0.1726387 0.9044889 -0.3899946 -0.2172114 0.8438288 -0.4906854 -0.2172114 0.8438295 -0.4906842 -0.2583338 0.7698684 -0.5835806 -0.2583333 0.7698692 -0.5835797 -0.2953587 0.683799 -0.6672198 -0.2953585 0.6837982 -0.6672206 -0.3277094 0.5869938 -0.7403006 -0.3277092 0.5869944 -0.7403001 -0.3548827 0.4809931 -0.8016882 -0.3548839 0.480993 -0.8016877 -0.3764628 0.3674704 -0.8504359 -0.3764628 0.3674707 -0.8504358 -0.3921166 0.2482104 -0.8857969 -0.3921164 0.2482099 -0.8857972 -0.4016043 0.1250793 -0.9072316 -0.03261691 0.9980187 -0.05380409 -0.2822923 0.1250801 0.9511394 -0.09732961 0.9822161 -0.1605571 -0.09732961 0.9822164 -0.1605556 -0.1604915 0.9508702 -0.2647418 -0.1604905 0.950869 -0.2647472 -0.2210932 0.9044895 -0.3647144 -0.2210923 0.9044892 -0.3647159 -0.2781748 0.8438287 -0.458881 -0.2781765 0.8438293 -0.4588793 -0.3308391 0.7698682 -0.5457551 -0.3308396 0.769869 -0.5457536 -0.3782559 0.6837987 -0.6239727 -0.378256 0.6837983 -0.6239731 -0.4196856 0.5869941 -0.6923164 -0.4196857 0.5869942 -0.6923163 -0.4544879 0.4809924 -0.7497247 -0.454488 0.4809929 -0.7497243 -0.4821239 0.36747 -0.7953128 -0.4821227 0.3674706 -0.7953133 -0.5021693 0.248211 -0.8283824 -0.50217 0.2482108 -0.8283821 -0.5143209 0.1250798 -0.8484274 -0.5143216 0.1250792 -0.8484271 -0.5183917 0 -0.8551434 -0.03922963 0.9980186 -0.04919505 -0.1595996 0 0.9871819 -0.117062 0.982216 -0.146794 -0.117062 0.9822167 -0.1467882 -0.1930282 0.9508689 -0.2420502 -0.1930273 0.9508689 -0.2420516 -0.2659162 0.904489 -0.333449 -0.2659161 0.9044889 -0.3334494 -0.3345718 0.8438291 -0.4195407 -0.3345729 0.8438295 -0.4195391 -0.3979122 0.7698686 -0.4989672 -0.3979125 0.7698688 -0.4989667 -0.4549424 0.6837987 -0.5704795 -0.4549422 0.6837984 -0.5704799 -0.5047723 0.5869941 -0.6329637 -0.5047723 0.5869941 -0.6329636 -0.5466285 0.4809928 -0.6854511 -0.5466286 0.4809932 -0.6854508 -0.5798681 0.3674705 -0.7271303 -0.579867 0.3674708 -0.7271311 -0.6039783 0.2482104 -0.7573651 -0.6039791 0.2482104 -0.7573646 -0.6185934 0.1250797 -0.7756915 -0.6185942 0.1250798 -0.775691 -0.62349 0 -0.7818313 -0.6185935 -0.1250796 -0.7756915 -0.04519808 0.9980185 -0.0437771 -0.03179967 -0.1250801 0.9916369 -0.1348723 0.9822173 -0.1306092 -0.134872 0.9822161 -0.1306179 -0.222396 0.950869 -0.2153789 -0.2223954 0.9508696 -0.2153768 -0.3063735 0.9044886 -0.2967086 -0.3063738 0.9044892 -0.2967061 -0.3854746 0.8438289 -0.3733126 -0.3854756 0.8438293 -0.3733105 -0.4584521 0.7698689 -0.4439862 -0.4584526 0.7698682 -0.4439868 -0.5241581 0.6837987 -0.5076196 -0.5241588 0.6837987 -0.507619 -0.5815691 0.5869946 -0.5632182 -0.5815696 0.5869941 -0.5632183 -0.6297945 0.4809933 -0.6099216 -0.6297948 0.4809928 -0.6099218 -0.6680902 0.3674703 -0.6470093 -0.66809 0.3674707 -0.6470094 -0.6958695 0.2482104 -0.6739119 -0.6958695 0.24821 -0.6739121 -0.7127075 0.1250804 -0.6902195 -0.7127078 0.1250797 -0.6902194 -0.718349 0 -0.695683 -0.7127077 -0.1250802 -0.6902193 -0.7127076 -0.1250798 -0.6902195 -0.6958696 -0.2482104 -0.6739118 -0.05042457 0.9980188 -0.03763169 0.09301853 -0.2482102 0.9642299 -0.1504676 0.9822169 -0.1122915 -0.1504676 0.982216 -0.1123004 -0.2481122 0.9508695 -0.1851693 -0.2481115 0.9508695 -0.1851704 -0.3418 0.904489 -0.2550933 -0.3418005 0.9044894 -0.2550913 -0.4300484 0.8438285 -0.3209547 -0.4300487 0.8438292 -0.3209525 -0.5114646 0.7698692 -0.381714 -0.5114639 0.7698687 -0.3817158 -0.584769 0.6837985 -0.4364228 -0.5847675 0.6837988 -0.4364244 -0.6488179 0.5869939 -0.4842247 -0.648818 0.5869936 -0.4842249 -0.7026188 0.4809935 -0.5243778 -0.7026187 0.480993 -0.5243784 -0.7453424 0.3674709 -0.5562642 -0.7453429 0.3674702 -0.5562641 -0.7763345 0.2482097 -0.5793935 -0.7763342 0.2482115 -0.579393 -0.79512 0.1250792 -0.5934134 -0.7951202 0.1250798 -0.5934129 -0.8014138 0 -0.5981104 -0.8014139 0 -0.5981101 -0.7951201 -0.1250796 -0.5934133 -0.7951202 -0.1250792 -0.5934131 -0.7763347 -0.2482105 -0.5793929 -0.7763339 -0.2482113 -0.5793935 -0.7453427 -0.3674703 -0.5562642 -0.05482286 0.9980188 -0.03087174 0.2069532 -0.3674702 0.9067172 -0.1635924 0.9822158 -0.09213936 -0.1635925 0.9822163 -0.09213387 -0.2697538 0.9508694 -0.1519223 -0.2697538 0.9508691 -0.1519246 -0.3716148 0.9044893 -0.2092887 -0.3716146 0.9044889 -0.2092907 -0.4675604 0.8438287 -0.2633259 -0.4675601 0.8438294 -0.2633239 -0.5560775 0.7698686 -0.3131777 -0.5560773 0.7698687 -0.3131775 -0.6357757 0.6837986 -0.3580628 -0.6357756 0.683799 -0.3580621 -0.7054123 0.5869937 -0.3972807 -0.7054118 0.5869944 -0.3972807 -0.7639058 0.4809937 -0.4302245 -0.7639064 0.4809933 -0.4302237 -0.8103576 0.3674692 -0.4563848 -0.8103578 0.3674694 -0.4563843 -0.8440517 0.248212 -0.4753606 -0.8440518 0.2482099 -0.4753612 -0.864476 0.1250791 -0.4868639 -0.8644757 0.1250807 -0.4868639 -0.8713189 0 -0.4907174 -0.8713185 0 -0.4907178 -0.8644758 -0.1250797 -0.4868642 -0.8644761 -0.1250801 -0.4868636 -0.844052 -0.2482094 -0.4753612 -0.8440516 -0.248212 -0.4753606 -0.8103579 -0.3674691 -0.4563843 -0.8103572 -0.36747 -0.4563847 -0.763906 -0.4809942 -0.4302237 -0.05832105 0.9980186 -0.0236147 0.3027886 -0.4809932 0.8227785 -0.1740311 0.9822162 -0.07045996 -0.1740313 0.9822165 -0.07045537 -0.2869664 0.9508689 -0.1161844 -0.2869668 0.9508696 -0.1161776 -0.3953273 0.9044892 -0.1600486 -0.3953268 0.904489 -0.1600516 -0.4973953 0.8438292 -0.2013711 -0.4973949 0.8438292 -0.201372 -0.5915613 0.7698679 -0.2394966 -0.5915605 0.7698688 -0.2394958 -0.6763442 0.683799 -0.2738202 -0.676344 0.6837989 -0.2738212 -0.7504242 0.5869934 -0.3038129 -0.7504236 0.5869948 -0.3038116 -0.8126508 0.4809927 -0.3290057 -0.8126508 0.4809928 -0.3290054 -0.8620649 0.3674718 -0.349011 -0.8620654 0.3674697 -0.3490118 -0.8979099 0.2482104 -0.3635236 -0.8979101 0.2482101 -0.3635233 -0.9196375 0.1250792 -0.3723199 -0.9196374 0.1250804 -0.3723198 -0.9269168 0 -0.375267 -0.9196376 -0.1250786 -0.3723201 -0.9196373 -0.1250811 -0.3723196 -0.8979102 -0.2482095 -0.3635233 -0.8979098 -0.2482111 -0.3635234 -0.862065 -0.3674712 -0.3490114 -0.8620654 -0.3674702 -0.3490114 -0.8126511 -0.4809923 -0.3290054 -0.8126505 -0.4809933 -0.3290055 -0.7504239 -0.5869941 -0.3038125 -0.06086164 0.9980187 -0.01596003 0.3744661 -0.5869942 0.7177833 -0.1816123 0.9822168 -0.04761499 -0.1816123 0.9822164 -0.04762452 -0.2994673 0.9508693 -0.07852947 -0.2994673 0.9508694 -0.07852947 -0.4125481 0.9044893 -0.1081815 -0.4125484 0.904489 -0.1081826 -0.519062 0.8438292 -0.1361145 -0.5190625 0.8438289 -0.1361142 -0.6173294 0.7698693 -0.1618816 -0.61733 0.7698687 -0.1618826 -0.7058064 0.6837991 -0.1850841 -0.7058071 0.6837982 -0.1850852 -0.7831131 0.5869944 -0.205357 -0.7831136 0.5869939 -0.2053564 -0.8480511 0.4809927 -0.2223854 -0.8480514 0.4809926 -0.2223851 -0.8996182 0.3674709 -0.2359076 -0.8996183 0.3674705 -0.235908 -0.9370241 0.2482113 -0.2457172 -0.9370247 0.2482099 -0.2457168 -0.9596984 0.1250803 -0.2516627 -0.9596984 0.1250802 -0.2516624 -0.9672949 0 -0.2536545 -0.9596983 -0.1250808 -0.2516625 -0.9596985 -0.1250797 -0.2516625 -0.9370246 -0.2482104 -0.2457166 -0.9370242 -0.2482108 -0.2457174 -0.8996183 -0.3674702 -0.235908 -0.899618 -0.3674713 -0.2359076 -0.848052 -0.4809914 -0.2223852 -0.8480505 -0.4809939 -0.2223853 -0.7831136 -0.5869941 -0.2053566 -0.7831134 -0.5869943 -0.2053565 -0.7058071 -0.6837984 -0.1850845 -0.06240284 0.9980186 -0.008043229 0.4174561 -0.6837986 0.5984563 -0.1862113 0.9822164 -0.02401077 -0.1862114 0.9822163 -0.02401036 -0.3070508 0.9508694 -0.03959029 -0.3070508 0.9508695 -0.03958922 -0.4229955 0.9044891 -0.05453675 -0.4229952 0.9044892 -0.05453902 -0.5322068 0.8438288 -0.06862127 -0.5322065 0.8438292 -0.06862038 -0.6329626 0.7698689 -0.08161187 -0.6329628 0.7698686 -0.08161085 -0.7236803 0.6837986 -0.09330779 -0.7236801 0.6837987 -0.09330868 -0.8029443 0.5869945 -0.1035278 -0.8029454 0.5869929 -0.1035283 -0.8695262 0.4809938 -0.1121128 -0.8695269 0.4809922 -0.1121134 -0.9223995 0.3674708 -0.1189305 -0.9223995 0.3674712 -0.1189298 -0.9607526 0.2482126 -0.1238751 -0.9607537 0.2482078 -0.1238759 -0.9840011 0.1250803 -0.1268733 -0.9840011 0.125081 -0.1268731 -0.9917901 0 -0.1278774 -0.99179 0 -0.1278774 -0.984001 -0.1250818 -0.126873 -0.9840013 -0.1250793 -0.1268733 -0.9607534 -0.2482094 -0.1238759 -0.9607531 -0.2482109 -0.1238751 -0.9223995 -0.3674712 -0.1189299 -0.9223995 -0.3674708 -0.1189305 -0.8695269 -0.4809924 -0.1121131 -0.8695263 -0.4809935 -0.1121131 -0.8029457 -0.5869925 -0.1035284 -0.8029443 -0.5869945 -0.1035278 -0.7236796 -0.6837995 -0.09330785 -0.7236807 -0.6837981 -0.09330862 -0.6329627 -0.7698689 -0.08161163 -0.06291943 0.9980186 0 0.4290643 -0.7698687 0.4724469 -0.1877528 0.9822164 0 -0.1877528 0.9822163 0 -0.3095929 0.9508693 0 -0.3095927 0.9508694 0 -0.4264967 0.9044892 0 -0.4264968 0.9044892 0 -0.5366119 0.8438293 0 -0.5366125 0.8438288 0 -0.6382023 0.7698689 0 -0.6382027 0.7698685 0 -0.7296705 0.683799 0 -0.7296709 0.6837985 0 -0.8095909 0.5869945 0 -0.8095915 0.5869938 0 -0.8767241 0.4809938 0 -0.8767248 0.4809924 0 -0.9300351 0.3674708 0 -0.9300357 0.3674693 0 -0.9687059 0.2482115 0 -0.9687062 0.2482106 0 -0.9921468 0.1250792 0 -0.9921467 0.1250806 0 -1 0 0 -0.9921466 -0.1250808 0 -0.9921468 -0.125079 0 -0.9687062 -0.2482105 0 -0.9687059 -0.2482116 0 -0.9300358 -0.3674692 0 -0.9300351 -0.3674709 0 -0.8767247 -0.4809924 0 -0.8767241 -0.4809936 0 -0.8095912 -0.5869941 0 -0.8095909 -0.5869945 0 -0.7296708 -0.6837987 0 -0.7296707 -0.6837989 0 -0.6382027 -0.7698684 0 -0.6382022 -0.7698688 0 -0.5366124 -0.8438289 0 -0.0624029 0.9980187 0.008043229 0.4086017 -0.8438287 0.3478475 -0.1862112 0.9822161 0.02401983 -0.1862114 0.9822165 0.02400583 -0.3070508 0.9508694 0.03959029 -0.307051 0.9508694 0.03958928 -0.4229955 0.9044891 0.05453675 -0.4229952 0.9044892 0.05453902 -0.5322065 0.8438293 0.06861889 -0.5322065 0.8438289 0.06862229 -0.6329631 0.7698684 0.08161193 -0.6329627 0.7698687 0.08161169 -0.7236808 0.683798 0.09330862 -0.7236797 0.6837992 0.09330791 -0.8029443 0.5869945 0.1035278 -0.8029454 0.5869929 0.1035283 -0.8695262 0.4809938 0.1121131 -0.8695268 0.4809926 0.1121131 -0.9223995 0.3674708 0.1189307 -0.9223995 0.3674711 0.1189299 -0.9607532 0.2482104 0.1238752 -0.9607533 0.2482092 0.1238758 -0.9840013 0.1250792 0.1268733 -0.9840009 0.125082 0.126873 -0.99179 0 0.1278774 -0.9917901 0 0.1278774 -0.9840011 -0.1250807 0.1268731 -0.9840011 -0.1250804 0.1268733 -0.9607539 -0.2482073 0.1238759 -0.9607527 -0.2482125 0.123875 -0.9223994 -0.3674712 0.1189297 -0.9223996 -0.3674707 0.1189307 -0.8695269 -0.4809925 0.1121134 -0.8695261 -0.4809939 0.1121128 -0.8029454 -0.5869929 0.1035283 -0.8029443 -0.5869945 0.1035278 -0.7236802 -0.6837986 0.09330868 -0.7236802 -0.6837987 0.09330779 -0.6329631 -0.7698684 0.08161091 -0.6329625 -0.7698687 0.08161282 -0.5322065 -0.843829 0.06862038 -0.5322067 -0.8438289 0.06862127 -0.4229951 -0.9044892 0.05453896 -0.06086164 0.9980187 0.01596003 0.3574411 -0.9044889 0.2326707 -0.1816123 0.9822168 0.04761499 -0.1816123 0.9822164 0.04762452 -0.2994678 0.9508696 0.078525 -0.2994672 0.9508692 0.07853245 -0.4125483 0.9044893 0.1081816 -0.4125483 0.9044891 0.1081826 -0.5190616 0.8438295 0.1361144 -0.5190626 0.8438287 0.1361143 -0.6173292 0.7698693 0.1618826 -0.61733 0.7698687 0.1618826 -0.7058069 0.6837984 0.185085 -0.7058068 0.6837987 0.1850844 -0.7831135 0.5869938 0.2053569 -0.7831135 0.586994 0.2053569 -0.8480506 0.4809939 0.2223855 -0.8480518 0.4809917 0.2223852 -0.8996182 0.3674709 0.2359076 -0.8996183 0.3674702 0.235908 -0.9370243 0.2482104 0.2457174 -0.9370247 0.24821 0.2457167 -0.9596984 0.1250802 0.2516625 -0.9596983 0.1250805 0.2516626 -0.9672949 0 0.2536545 -0.9596983 -0.1250807 0.2516624 -0.9596984 -0.1250801 0.2516627 -0.9370247 -0.2482095 0.2457169 -0.9370243 -0.2482109 0.2457172 -0.8996183 -0.3674702 0.235908 -0.8996182 -0.367471 0.2359076 -0.8480514 -0.4809924 0.2223851 -0.848051 -0.4809929 0.2223857 -0.7831136 -0.5869939 0.2053564 -0.7831131 -0.5869944 0.205357 -0.7058071 -0.6837982 0.1850852 -0.7058066 -0.683799 0.1850842 -0.6173299 -0.7698689 0.1618826 -0.6173294 -0.7698693 0.1618826 -0.5190626 -0.8438289 0.1361143 -0.519062 -0.8438292 0.1361145 -0.4125484 -0.904489 0.1081826 -0.4125481 -0.9044893 0.1081815 -0.2994674 -0.9508693 0.07852947 -0.05832105 0.9980186 0.0236147 0.2789333 -0.9508695 0.134326 -0.4584521 0.7698686 0.4439868 -0.5241582 0.6837992 0.507619 -0.4549421 0.6837983 0.5704802 -0.5047727 0.5869936 0.6329637 -0.4196853 0.5869945 0.6923164 -0.454488 0.4809931 0.7497242 -0.3548827 0.4809932 0.8016881 -0.3764618 0.3674708 0.8504363 -0.264621 0.3674704 0.8915948 -0.2756228 0.2482107 0.9286676 -0.1546046 0.2482105 0.9562892 -0.1583472 0.1250801 0.979429 -0.03179883 0.1250802 0.991637 -0.03205263 0 0.9994863 0.0960232 0 0.9953792 0.09526747 -0.1250798 0.9875622 0.220774 -0.1250796 0.9672715 0.2155584 -0.2482103 0.9444186 0.3345558 -0.2482104 0.9091007 0.3212017 -0.3674704 0.8728086 0.4301763 -0.3674705 0.8245688 0.4055183 -0.480993 0.7773035 0.5015887 -0.4809931 0.719065 0.4631814 -0.5869939 0.6640039 0.5442884 -0.5869943 0.5993228 0.4905588 -0.6837983 0.5401594 0.5556042 -0.6837995 0.4729929 0.4859561 -0.769869 0.4137008 0.5348695 -0.769869 0.3481616 0.4497287 -0.8438292 0.2927398 0.483471 -0.8438287 0.2328284 0.3842604 -0.9044889 0.1850506 0.404769 -0.9044891 0.1343933 0.2938208 -0.9508695 0.09755355 0.3038835 -0.9508692 0.05918312 0.1842905 -0.9822165 0.03588801 0.1873672 -0.9822164 0.01202607 0.1781877 -0.9822162 0.05916392 0.1691594 -0.9822163 0.08146315 0.1691596 -0.9822167 0.08145797 0.05668842 -0.9980186 0.02730196 0.2594662 -0.9508692 0.1688938 0.2594659 -0.9508693 0.1688941 0.1573535 -0.9822162 0.1024267 0.1573532 -0.9822167 0.1024232 0.05273205 -0.9980187 0.03432399 0.3247542 -0.9044892 0.2764672 0.3247544 -0.9044891 0.2764669 0.235738 -0.9508699 0.2006844 0.2357383 -0.9508689 0.2006884 0.1429635 -0.9822166 0.1217051 0.1429635 -0.9822162 0.1217079 0.04790973 -0.9980187 0.04078572 0.3607651 -0.843829 0.397242 0.3607645 -0.8438286 0.3972434 0.2867339 -0.904489 0.3157265 0.2867345 -0.9044889 0.3157264 0.2081391 -0.9508697 0.2291834 0.2081395 -0.9508691 0.2291855 0.1262265 -0.9822171 0.1389843 0.1262261 -0.9822162 0.1389906 0.04230076 -0.9980182 0.0465877 0.3651253 -0.769869 0.5234359 0.3651259 -0.7698689 0.523436 0.3070052 -0.8438295 0.440113 0.3070047 -0.843829 0.4401146 0.2440057 -0.9044889 0.3498013 0.2440065 -0.9044893 0.3498001 0.1771232 -0.9508693 0.2539194 0.1771228 -0.9508693 0.2539196 0.1074169 -0.9822165 0.1539885 0.1074162 -0.9822161 0.1539916 0.03599727 -0.9980189 0.05159896 0.3375009 -0.6837986 0.6469256 0.3375013 -0.6837983 0.6469256 0.2951937 -0.7698686 0.5658296 0.295193 -0.769869 0.5658295 0.2482042 -0.8438289 0.47576 0.2482028 -0.8438288 0.4757609 0.1972706 -0.9044893 0.3781317 0.1972715 -0.9044888 0.3781322 0.1431986 -0.9508694 0.2744845 0.1431984 -0.9508694 0.2744843 0.08684277 -0.9822163 0.1664615 0.08684277 -0.9822168 0.1664584 0.02910262 -0.9980187 0.05578333 0.2796054 -0.5869941 0.7597755 0.2796036 -0.5869941 0.7597762 0.2520021 -0.6837986 0.6847733 0.2520026 -0.6837991 0.6847726 0.2204127 -0.7698687 0.5989328 0.2204114 -0.769869 0.5989328 0.1853277 -0.8438292 0.503593 0.185326 -0.843829 0.503594 0.1472971 -0.9044889 0.4002543 0.1472971 -0.9044892 0.4002536 0.1069223 -0.9508693 0.290543 0.1069222 -0.9508693 0.2905433 0.06484311 -0.9822164 0.1761998 0.06484371 -0.9822164 0.1762 0.02173018 -0.9980186 0.05905032 0.1950893 -0.4809933 0.854743 0.19509 -0.4809929 0.8547431 0.1801506 -0.5869944 0.7892931 0.1801503 -0.5869939 0.7892934 0.1623675 -0.6837983 0.7113766 0.1623666 -0.6837988 0.7113764 0.1420142 -0.7698684 0.6222016 0.1420131 -0.7698689 0.622201 0.1194074 -0.8438293 0.5231579 0.1194081 -0.8438287 0.5231588 0.09490454 -0.9044894 0.415803 0.09490412 -0.9044889 0.4158043 0.06889057 -0.9508696 0.3018299 0.0688914 -0.9508695 0.3018301 0.04177886 -0.9822163 0.1830455 0.04177856 -0.9822164 0.1830452 0.01400083 -0.9980187 0.06134128 0.08930552 -0.3674701 0.9257377 0.08930474 -0.3674705 0.9257376 0.08418548 -0.480993 0.8726733 0.08418637 -0.4809935 0.8726729 0.07774049 -0.5869942 0.80585 0.07773882 -0.5869934 0.8058509 0.07006543 -0.6837989 0.7262988 0.07006531 -0.6837987 0.7262989 0.06128209 -0.7698684 0.6352537 0.06128305 -0.769869 0.6352528 0.05152696 -0.8438293 0.5341322 0.05152702 -0.8438287 0.5341331 0.04095363 -0.9044893 0.4245256 0.04095405 -0.9044888 0.4245269 0.02972805 -0.9508694 0.308162 0.02972805 -0.9508697 0.3081607 0.01802867 -0.9822162 0.1868859 0.01802873 -0.9822163 0.1868852 0.006041705 -0.9980186 0.06262969 -0.03105002 -0.2482103 0.9682085 -0.0310474 -0.2482098 0.9682087 -0.02980852 -0.3674705 0.9295574 -0.02980947 -0.3674708 0.9295573 -0.02810055 -0.4809932 0.876274 -0.0281009 -0.4809924 0.8762744 -0.02594786 -0.5869943 0.8091751 -0.02594816 -0.5869943 0.8091751 -0.02338719 -0.6837984 0.7292961 -0.02338707 -0.6837989 0.7292957 -0.02045518 -0.7698684 0.6378749 -0.02045685 -0.7698689 0.6378741 -0.01719844 -0.8438292 0.5363364 -0.01719993 -0.8438286 0.5363371 -0.01367056 -0.9044896 0.4262766 -0.01366955 -0.9044891 0.4262777 -0.009922683 -0.9508696 0.3094327 -0.009923756 -0.9508686 0.3094358 -0.006017923 -0.9822166 0.1876551 -0.006017386 -0.9822161 0.1876574 -0.002016603 -0.9980187 0.06288671 -0.1583464 -0.1250802 0.9794291 -0.1583473 -0.1250796 0.9794291 -0.1546058 -0.2482098 0.9562892 -0.1546057 -0.2482104 0.9562891 -0.1484339 -0.3674708 0.9181136 -0.1484338 -0.3674703 0.9181139 -0.1399244 -0.4809928 0.8654867 -0.1399249 -0.480993 0.8654865 -0.1292115 -0.5869944 0.7992134 -0.129211 -0.5869939 0.7992139 -0.1164551 -0.6837989 0.7203176 -0.1164551 -0.6837987 0.7203177 -0.1018568 -0.7698687 0.6300218 -0.101857 -0.7698691 0.6300213 -0.08564364 -0.8438293 0.5297334 -0.08564323 -0.8438289 0.5297341 -0.06806915 -0.9044889 0.4210302 -0.0680679 -0.9044893 0.4210298 -0.04941082 -0.9508695 0.3056241 -0.04941046 -0.950869 0.3056251 -0.02996528 -0.9822165 0.1853449 -0.02996522 -0.9822169 0.1853429 -0.01004189 -0.9980186 0.062114 -0.284528 0 0.9586678 -0.2845269 0 0.9586681 -0.2822923 -0.1250796 0.9511395 -0.282294 -0.1250801 0.9511389 -0.2756227 -0.2482107 0.9286677 -0.275624 -0.24821 0.9286676 -0.264621 -0.3674706 0.8915948 -0.2646203 -0.3674705 0.891595 -0.2494532 -0.4809926 0.8404875 -0.2494516 -0.4809928 0.8404878 -0.2303505 -0.5869944 0.7761291 -0.2303509 -0.5869937 0.7761294 -0.2076117 -0.6837987 0.6995117 -0.207611 -0.683799 0.6995118 -0.1815856 -0.7698696 0.6118231 -0.1815867 -0.7698684 0.6118243 -0.1526806 -0.8438294 0.5144324 -0.1526817 -0.8438281 0.514434 -0.1213508 -0.904489 0.4088687 -0.1213498 -0.904489 0.408869 -0.08808761 -0.9508693 0.2967966 -0.08808827 -0.950869 0.2967975 -0.05342102 -0.9822165 0.1799913 -0.05342113 -0.9822159 0.1799954 -0.01790231 -0.9980188 0.06031554 -0.4016043 0.1250802 0.9072315 -0.4016045 0.1250792 0.9072316 -0.4047842 0 0.9144123 -0.4047833 0 0.9144127 -0.4016045 -0.1250802 0.9072314 -0.4016043 -0.1250793 0.9072316 -0.3921164 -0.2482099 0.8857972 -0.3921166 -0.2482104 0.885797 -0.3764629 -0.3674707 0.8504359 -0.3764628 -0.3674703 0.8504359 -0.3548838 -0.4809929 0.8016878 -0.3548827 -0.4809932 0.8016882 -0.3277091 -0.5869944 0.7403002 -0.3277093 -0.5869935 0.7403008 -0.2953587 -0.6837984 0.6672204 -0.2953587 -0.6837989 0.6672199 -0.2583333 -0.7698692 0.5835797 -0.2583339 -0.7698684 0.5835807 -0.2172114 -0.8438298 0.4906838 -0.2172113 -0.8438283 0.4906863 -0.1726387 -0.9044889 0.3899945 -0.1726393 -0.9044889 0.3899943 -0.1253178 -0.95087 0.2830932 -0.1253176 -0.9508686 0.2830979 -0.07599896 -0.9822163 0.1716842 -0.07599931 -0.982216 0.1716859 -0.02546876 -0.9980188 0.05753207 -0.5021693 0.248211 0.8283824 -0.50217 0.2482106 0.8283821 -0.514321 0.1250792 0.8484275 -0.5143215 0.1250799 0.8484271 -0.5183933 0 0.8551424 -0.5183917 0 0.8551434 -0.5143216 -0.1250793 0.8484271 -0.5143209 -0.1250798 0.8484275 -0.50217 -0.2482106 0.8283821 -0.5021693 -0.248211 0.8283824 -0.4821227 -0.3674704 0.7953134 -0.4821239 -0.36747 0.7953127 -0.4544879 -0.4809929 0.7497243 -0.454488 -0.4809927 0.7497245 -0.4196856 -0.5869941 0.6923165 -0.4196857 -0.5869945 0.6923159 -0.378256 -0.6837983 0.623973 -0.378256 -0.6837988 0.6239724 -0.3308394 -0.7698687 0.5457542 -0.3308392 -0.7698687 0.5457543 -0.2781764 -0.8438293 0.4588792 -0.2781749 -0.8438287 0.4588811 -0.2210924 -0.9044896 0.3647149 -0.2210932 -0.9044895 0.3647144 -0.1604905 -0.9508695 0.2647457 -0.1604915 -0.9508702 0.2647418 -0.09732967 -0.9822167 0.1605535 -0.09732961 -0.9822161 0.1605571 -0.03261691 -0.9980187 0.05380415 -0.5798675 0.3674709 0.7271305 -0.5798676 0.3674707 0.7271307 -0.6039782 0.248211 0.7573651 -0.6039792 0.2482099 0.7573646 -0.6185941 0.1250802 0.7756909 -0.6185935 0.1250796 0.7756915 -0.62349 0 0.7818313 -0.6185941 -0.1250801 0.7756909 -0.6185935 -0.1250796 0.7756916 -0.6039791 -0.2482104 0.7573646 -0.6039783 -0.2482104 0.7573651 -0.579867 -0.3674707 0.7271311 -0.5798681 -0.3674706 0.7271302 -0.5466287 -0.4809934 0.6854506 -0.5466283 -0.4809928 0.6854512 -0.5047724 -0.5869941 0.6329636 -0.5047722 -0.5869938 0.632964 -0.4549423 -0.6837986 0.5704796 -0.4549424 -0.6837987 0.5704795 -0.3979124 -0.7698689 0.4989667 -0.3979122 -0.7698686 0.4989672 -0.334573 -0.8438297 0.4195383 -0.3345718 -0.8438291 0.4195407 -0.2659163 -0.9044892 0.3334484 -0.2659163 -0.9044895 0.3334475 -0.1930273 -0.9508689 0.2420516 -0.1930282 -0.9508689 0.2420502 -0.1170619 -0.9822164 0.1467904 -0.117062 -0.982216 0.146794 -0.03922963 -0.9980183 0.04919952 -0.6297948 0.480993 0.6099215 -0.6297944 0.480993 0.6099219 -0.66809 0.3674709 0.6470093 -0.6680904 0.3674703 0.6470092 -0.6958693 0.2482106 0.6739122 -0.6958698 0.24821 0.6739118 -0.7127075 0.1250798 0.6902195 -0.7127077 0.1250801 0.6902193 -0.718349 0 0.695683 -0.7127078 -0.1250796 0.6902194 -0.7127075 -0.1250802 0.6902195 -0.6958695 -0.24821 0.6739121 -0.6958694 -0.2482106 0.673912 -0.6680899 -0.3674706 0.6470094 -0.6680903 -0.3674704 0.6470092 -0.6297947 -0.4809927 0.6099219 -0.6297944 -0.4809933 0.6099218 -0.5815697 -0.5869941 0.5632181 -0.581569 -0.5869942 0.5632188 -0.5241589 -0.683799 0.5076184 -0.524158 -0.6837989 0.5076195 -0.4584525 -0.7698683 0.4439868 -0.458452 -0.769869 0.4439861 -0.3854756 -0.8438293 0.3733105 -0.3854746 -0.8438289 0.3733126 -0.3063738 -0.9044892 0.2967061 -0.3063735 -0.9044885 0.2967087 -0.2223954 -0.9508696 0.2153768 -0.2223958 -0.9508691 0.2153788 -0.134872 -0.9822161 0.1306179 -0.1348722 -0.9822173 0.1306091 -0.04519808 -0.9980185 0.0437771 -0.1635929 0.9822158 0.09213942 -0.1635923 0.9822164 0.09213382 -0.2697533 0.9508696 0.1519222 -0.2697539 0.950869 0.1519245 -0.3716148 0.9044892 0.2092887 -0.3716145 0.904489 0.2092907 -0.4675602 0.8438288 0.2633258 -0.4675602 0.843829 0.2633249 -0.5560771 0.7698689 0.3131775 -0.5560775 0.7698686 0.3131776 -0.6357762 0.6837983 0.3580624 -0.6357754 0.683799 0.3580625 -0.7054116 0.5869946 0.3972805 -0.7054122 0.5869938 0.3972807 -0.7639065 0.4809928 0.4302243 -0.763906 0.4809939 0.4302238 -0.8103573 0.3674697 0.4563848 -0.8103581 0.3674686 0.4563844 -0.8440517 0.2482115 0.4753606 -0.8440519 0.2482098 0.4753612 -0.864476 0.1250802 0.4868636 -0.8644757 0.12508 0.4868642 -0.8713185 0 0.4907178 -0.8713189 0 0.4907174 -0.8644757 -0.1250807 0.4868639 -0.864476 -0.1250794 0.4868639 -0.8440517 -0.2482105 0.4753612 -0.8440517 -0.2482119 0.4753606 -0.8103579 -0.3674691 0.4563842 -0.8103575 -0.3674692 0.4563849 -0.7639063 -0.4809932 0.430224 -0.7639061 -0.4809935 0.4302242 -0.7054119 -0.5869942 0.3972808 -0.7054123 -0.5869937 0.3972807 -0.6357755 -0.6837987 0.3580627 -0.6357757 -0.6837986 0.3580628 -0.5560773 -0.7698689 0.3131774 -0.5560774 -0.7698687 0.3131775 -0.46756 -0.8438293 0.2633247 -0.4675604 -0.8438286 0.2633259 -0.3716145 -0.9044889 0.2092907 -0.3716148 -0.9044892 0.2092887 -0.2697536 -0.950869 0.1519244 -0.2697538 -0.9508694 0.1519223 -0.1635926 -0.9822163 0.09213387 -0.1635924 -0.9822158 0.09213936 -0.05482286 -0.9980188 0.03087174 -0.06086164 -0.9980187 0.01595747 -0.1816123 -0.9822168 0.04761499 -0.1862114 -0.9822163 0.02401137 -0.3070508 -0.9508694 0.03959029 -0.3095927 -0.9508694 0 -0.4264967 -0.9044892 0 -0.422995 -0.9044892 -0.05453866 -0.5322065 -0.8438293 -0.06861889 -0.5190625 -0.8438288 -0.1361145 -0.6173292 -0.7698693 -0.1618826 -0.5915607 -0.7698686 -0.2394964 -0.6763439 -0.683799 -0.2738209 -0.6357752 -0.6837992 -0.3580624 -0.7054116 -0.5869946 -0.3972805 -0.648818 -0.5869936 -0.4842249 -0.7026189 -0.4809929 -0.5243783 -0.6297945 -0.480993 -0.6099218 -0.66809 -0.3674709 -0.6470093 -0.5798675 -0.3674706 -0.7271307 -0.6039782 -0.248211 -0.7573651 -0.50217 -0.2482106 -0.8283821 -0.514321 -0.1250792 -0.8484275 -0.4016045 -0.125079 -0.9072316 -0.4047842 0 -0.9144123 -0.2845269 0 -0.9586681 -0.2822923 0.1250796 -0.9511395 -0.1583473 0.1250796 -0.9794291 -0.1546058 0.2482098 -0.9562892 -0.0310474 0.2482098 -0.9682087 -0.02980852 0.3674705 -0.9295574 0.08930474 0.3674705 -0.9257377 0.08418548 0.480993 -0.8726733 0.19509 0.4809929 -0.8547432 0.1801506 0.5869944 -0.7892931 0.2796036 0.5869941 -0.7597763 0.2520021 0.6837986 -0.6847733 0.3375014 0.6837982 -0.6469257 0.2951937 0.7698686 -0.5658296 0.365126 0.7698687 -0.523436 0.3070052 0.8438295 -0.440113 0.3607646 0.8438285 -0.3972435 0.2867339 0.904489 -0.3157265 0.3247544 0.9044891 -0.2764669 0.235738 0.9508699 -0.2006844 0.2594656 0.950869 -0.1688956 0.1573535 0.9822162 -0.1024267 0.1691595 0.9822165 -0.08146131 0.05668842 0.9980186 -0.02730196 -0.06291943 -0.9980186 0 -0.1877528 -0.9822164 0 -0.1862114 -0.9822164 -0.02400678 -0.3070508 -0.9508694 -0.03959029 -0.2994672 -0.9508693 -0.07853132 -0.4125483 -0.9044893 -0.1081816 -0.3953271 -0.904489 -0.1600505 -0.4973954 -0.8438288 -0.2013723 -0.4675602 -0.843829 -0.2633253 -0.5560771 -0.7698689 -0.3131775 -0.5114638 -0.7698692 -0.3817148 -0.5847685 -0.6837985 -0.4364234 -0.5241586 -0.6837984 -0.5076195 -0.5815695 -0.586994 -0.5632185 -0.5047718 -0.5869944 -0.6329638 -0.5466282 -0.4809934 -0.685451 -0.4544879 -0.4809921 -0.7497249 -0.482124 -0.3674702 -0.7953127 -0.3764638 -0.3674703 -0.8504356 -0.3921176 -0.2482095 -0.8857968 -0.2756238 -0.24821 -0.9286675 -0.282294 -0.1250795 -0.9511389 -0.1583464 -0.1250796 -0.9794293 -0.1595996 0 -0.9871819 -0.0320515 0 -0.9994863 -0.03179997 0.1250801 -0.9916369 0.09527027 0.1250801 -0.987562 0.09302014 0.2482104 -0.9642297 0.2155559 0.2482104 -0.9444191 0.2069515 0.3674702 -0.9067177 0.3212015 0.3674702 -0.8728089 0.3027897 0.480993 -0.8227784 0.4055202 0.4809929 -0.7773025 0.374468 0.5869944 -0.7177823 0.4631797 0.5869942 -0.6640049 0.4174568 0.6837989 -0.5984554 0.4905583 0.683799 -0.5401589 0.4290642 0.7698689 -0.472447 0.4859569 0.7698686 -0.4137007 0.4086008 0.8438292 -0.3478472 0.449728 0.8438292 -0.2927407 0.3574423 0.9044888 -0.2326695 0.3842602 0.9044893 -0.1850488 0.2789334 0.9508696 -0.1343249 0.2938205 0.9508691 -0.09755778 0.178188 0.9822164 -0.05916064 0.1842903 0.9822163 -0.03589165 0.06175917 0.9980186 -0.01202875 0.06279015 0.9980186 -0.004032552 0.1873672 0.9822164 -0.01202797 0.1842905 0.9822163 -0.03589004 0.3038836 0.950869 -0.05918508 0.2938207 0.9508695 -0.09755349 0.404769 0.9044891 -0.1343933 0.3842604 0.9044891 -0.1850501 0.4834707 0.843829 -0.2328277 0.4497285 0.8438292 -0.2927396 0.5348693 0.7698692 -0.3481615 0.4859563 0.7698693 -0.4137005 0.5556041 0.6837994 -0.4729932 0.4905586 0.6837985 -0.5401591 0.5442885 0.5869941 -0.5993229 0.4631814 0.5869942 -0.6640036 0.5015887 0.4809931 -0.719065 0.4055184 0.4809927 -0.7773037 0.4301764 0.3674703 -0.8245689 0.3212018 0.3674705 -0.8728086 0.3345558 0.2482105 -0.9091007 0.2155584 0.2482103 -0.9444186 0.2207741 0.1250795 -0.9672714 0.09526747 0.1250798 -0.9875622 0.0960232 0 -0.9953792 -0.03205263 0 -0.9994863 -0.03179883 -0.1250802 -0.991637 -0.1583473 -0.1250801 -0.979429 -0.1546046 -0.2482106 -0.9562892 -0.2756227 -0.2482106 -0.9286677 -0.2646211 -0.3674706 -0.8915947 -0.3764618 -0.3674705 -0.8504365 -0.3548827 -0.4809933 -0.801688 -0.454488 -0.4809933 -0.749724 -0.4196851 -0.5869947 -0.6923162 -0.5047726 -0.5869935 -0.632964 -0.454942 -0.6837986 -0.5704799 -0.5241582 -0.6837992 -0.5076189 -0.458452 -0.7698687 -0.4439864 -0.5114647 -0.7698684 -0.3817155 -0.430049 -0.8438287 -0.3209533 -0.4675602 -0.843829 -0.2633252 -0.3716143 -0.9044889 -0.2092906 -0.395327 -0.9044892 -0.16005 -0.2869669 -0.9508692 -0.1161807 -0.2994677 -0.9508695 -0.07852613 -0.1816124 -0.9822163 -0.04762452 -0.1862112 -0.9822162 -0.02401614 -0.06240284 -0.9980186 -0.008043229 0.06279015 0.9980186 0.004032552 0.187367 0.9822164 0.01202797 0.187367 0.9822164 -0.01202923 0.3089566 0.9508693 -0.01983612 0.3038836 0.9508694 -0.05918031 0.4186317 0.904489 -0.08152979 0.4047693 0.9044892 -0.1343922 0.5092746 0.843829 -0.1690917 0.4834713 0.8438289 -0.2328272 0.5750009 0.7698686 -0.2769052 0.5348701 0.7698687 -0.3481614 0.6115284 0.6837987 -0.3980609 0.5556055 0.6837979 -0.4729937 0.6164601 0.5869936 -0.5248005 0.5442889 0.5869938 -0.5993229 0.5894218 0.480994 -0.6490198 0.5015891 0.4809929 -0.7190648 0.5320885 0.3674702 -0.7627894 0.430177 0.3674704 -0.8245685 0.4480637 0.2482101 -0.8588544 0.3345578 0.2482098 -0.9091001 0.342654 0.1250805 -0.9310979 0.2207729 0.1250804 -0.9672715 0.2225213 0 -0.9749279 0.09602433 0 -0.9953791 0.09527081 -0.1250801 -0.9875619 -0.03180086 -0.1250801 -0.9916369 -0.03104776 -0.2482098 -0.9682086 -0.1546069 -0.2482097 -0.9562891 -0.148434 -0.3674707 -0.9181137 -0.2646203 -0.3674708 -0.8915948 -0.2494508 -0.4809932 -0.8404879 -0.3548839 -0.4809928 -0.8016879 -0.3277099 -0.5869938 -0.7403004 -0.4196861 -0.586994 -0.6923161 -0.3782561 -0.6837984 -0.6239728 -0.4549424 -0.6837987 -0.5704795 -0.3979122 -0.7698688 -0.4989668 -0.4584525 -0.7698686 -0.4439862 -0.3854749 -0.8438293 -0.3733112 -0.4300481 -0.843829 -0.3209539 -0.3418002 -0.9044895 -0.2550913 -0.3716148 -0.9044891 -0.2092894 -0.2697539 -0.950869 -0.1519245 -0.2869664 -0.9508695 -0.1161788 -0.1740311 -0.9822162 -0.07045984 -0.1816123 -0.9822167 -0.04761755 -0.06086164 -0.9980187 -0.01596003 0.06175917 0.9980186 0.01203131 0.1842904 0.9822162 0.03589421 0.187367 0.9822163 0.01202923 0.3089565 0.9508692 0.01984065 0.3089566 0.9508693 -0.01983857 0.4256207 0.904489 -0.02732527 0.418632 0.9044892 -0.0815277 0.5267171 0.8438287 -0.1025783 0.5092753 0.8438289 -0.1690903 0.6056886 0.7698696 -0.2011027 0.5750003 0.7698687 -0.2769061 0.6574108 0.6837987 -0.316592 0.6115282 0.6837985 -0.3980614 0.6785094 0.5869933 -0.4416604 0.6164599 0.5869945 -0.5247997 0.6675779 0.4809939 -0.5683174 0.5894232 0.4809923 -0.6490197 0.6252637 0.3674703 -0.6884846 0.5320883 0.3674705 -0.7627894 0.5542115 0.248211 -0.7945068 0.4480639 0.2482111 -0.8588539 0.4589056 0.1250795 -0.8796368 0.3426519 0.1250797 -0.9310987 0.3453658 0 -0.9384683 0.2225192 0 -0.9749283 0.2207741 -0.1250796 -0.9672715 0.09526687 -0.1250798 -0.9875623 0.09302008 -0.2482103 -0.9642298 -0.03104972 -0.2482103 -0.9682084 -0.02980732 -0.367471 -0.9295572 -0.1484337 -0.3674705 -0.9181138 -0.139923 -0.4809929 -0.8654868 -0.2494543 -0.4809923 -0.8404874 -0.2303518 -0.5869939 -0.776129 -0.3277086 -0.5869942 -0.7403006 -0.2953587 -0.6837986 -0.6672202 -0.3782559 -0.6837987 -0.6239726 -0.3308396 -0.769869 -0.5457536 -0.3979125 -0.7698683 -0.4989675 -0.3345723 -0.8438292 -0.4195397 -0.3854757 -0.8438287 -0.3733119 -0.3063732 -0.9044891 -0.296707 -0.3418006 -0.9044891 -0.2550919 -0.248112 -0.9508693 -0.1851705 -0.2697533 -0.9508695 -0.1519222 -0.1635923 -0.9822164 -0.09213382 -0.1740314 -0.9822165 -0.07045447 -0.05832105 -0.9980186 -0.0236147 0.05971401 0.9980186 0.01982802 0.1781879 0.9822162 0.05916404 0.1842905 0.9822164 0.03589004 0.3038834 0.9508694 0.05918055 0.3089566 0.9508694 0.01983547 0.4256206 0.9044891 0.02732527 0.4256206 0.904489 -0.02732706 0.5355097 0.843829 -0.03437989 0.5267166 0.843829 -0.1025784 0.6264334 0.7698689 -0.1219971 0.6056898 0.7698684 -0.2011034 0.6924978 0.6837993 -0.2299249 0.657411 0.6837983 -0.3165923 0.7294163 0.5869945 -0.3512683 0.678508 0.5869952 -0.4416601 0.7347724 0.4809929 -0.4782839 0.6675785 0.4809925 -0.568318 0.7081716 0.3674707 -0.6028751 0.6252635 0.3674705 -0.6884847 0.6512622 0.2482099 -0.7171118 0.5542143 0.2482092 -0.7945054 0.5676239 0.1250797 -0.813731 0.4589059 0.1250796 -0.8796366 0.4625372 0 -0.8865998 0.3426539 -0.1250804 -0.9310979 0.2207729 -0.1250804 -0.9672716 0.2155562 -0.2482105 -0.944419 0.09301853 -0.2482104 -0.9642299 0.08930557 -0.3674706 -0.9257376 -0.02981072 -0.3674703 -0.9295575 -0.02810055 -0.4809926 -0.8762742 -0.1399263 -0.4809929 -0.8654863 -0.1292115 -0.5869941 -0.7992136 -0.2303494 -0.5869939 -0.7761297 -0.2076104 -0.6837995 -0.6995115 -0.2953585 -0.6837985 -0.6672204 -0.258334 -0.7698689 -0.5835799 -0.3308393 -0.7698685 -0.5457545 -0.2781759 -0.843829 -0.45888 -0.3345726 -0.8438292 -0.4195397 -0.2659166 -0.9044889 -0.333449 -0.306374 -0.904489 -0.2967064 -0.2223957 -0.9508694 -0.2153782 -0.2481115 -0.9508698 -0.1851686 -0.1504675 -0.9822165 -0.1122958 -0.1635929 -0.9822161 -0.09213662 -0.05482286 -0.9980188 -0.03087174 0.05668848 0.9980187 0.02729856 0.1691595 0.9822168 0.08145797 0.1781879 0.9822164 0.05916231 0.2938205 0.9508695 0.09755498 0.3038836 0.9508692 0.05918335 0.4186317 0.9044891 0.08152979 0.4256206 0.904489 0.02732706 0.5355096 0.8438289 0.03438228 0.5355097 0.843829 -0.03438162 0.636891 0.7698689 -0.04088968 0.6264333 0.7698687 -0.1219982 0.7162147 0.6837989 -0.1394835 0.6924984 0.6837986 -0.2299252 0.768347 0.5869944 -0.2551089 0.7294166 0.5869936 -0.351269 0.7899013 0.4809928 -0.380397 0.7347729 0.4809919 -0.4782841 0.7794512 0.36747 -0.5073674 0.7081723 0.3674696 -0.6028749 0.7376176 0.2482103 -0.6279427 0.6512619 0.24821 -0.7171121 0.6670209 0.1250808 -0.7344644 0.5676234 0.1250796 -0.8137315 0.5721163 0 -0.8201726 0.4625381 0 -0.8865994 0.4589059 -0.1250799 -0.8796365 0.3426519 -0.1250798 -0.9310986 0.3345557 -0.2482105 -0.9091008 0.2155582 -0.2482101 -0.9444186 0.2069515 -0.3674705 -0.9067175 0.08930474 -0.3674701 -0.9257378 0.08418554 -0.4809932 -0.8726731 -0.0281009 -0.480993 -0.8762741 -0.02594786 -0.5869944 -0.8091751 -0.129211 -0.5869943 -0.7992136 -0.1164551 -0.6837989 -0.7203176 -0.2076125 -0.6837986 -0.6995117 -0.1815864 -0.7698691 -0.6118237 -0.258333 -0.7698691 -0.5835801 -0.2172113 -0.8438293 -0.4906846 -0.2781756 -0.843829 -0.4588802 -0.2210925 -0.904489 -0.3647159 -0.2659159 -0.9044891 -0.333449 -0.1930282 -0.950869 -0.2420502 -0.2223955 -0.9508697 -0.2153767 -0.1348722 -0.9822167 -0.1306135 -0.1504679 -0.9822162 -0.1122977 -0.05042457 -0.9980188 -0.03763169 0.05273205 0.9980187 0.03432285 0.1573535 0.9822165 0.1024233 0.1691594 0.9822163 0.08146369 0.2789332 0.9508695 0.1343266 0.2938207 0.9508692 0.09755653 0.404769 0.9044891 0.1343933 0.418632 0.9044892 0.0815277 0.5267168 0.8438289 0.1025783 0.5355097 0.843829 0.03437972 0.636891 0.7698689 0.04089063 0.636891 0.7698689 -0.04088997 0.7281713 0.6837989 -0.04675096 0.7162154 0.6837984 -0.1394824 0.7946622 0.5869936 -0.1547604 0.7683479 0.5869934 -0.2551081 0.8320603 0.4809939 -0.2762622 0.7899019 0.4809924 -0.3803964 0.8379327 0.3674708 -0.4035271 0.7794518 0.3674702 -0.5073664 0.8118609 0.2482105 -0.5284634 0.7376173 0.24821 -0.6279432 0.7554659 0.1250803 -0.6431377 0.6670215 0.1250796 -0.734464 0.6723009 0 -0.740278 0.5721171 0 -0.8201721 0.5676236 -0.1250791 -0.8137315 0.4589056 -0.1250792 -0.8796368 0.448063 -0.2482103 -0.8588546 0.334558 -0.2482098 -0.9091001 0.3212008 -0.3674704 -0.872809 0.2069532 -0.36747 -0.9067173 0.1950905 -0.4809929 -0.8547431 0.08418637 -0.4809934 -0.8726729 0.07774043 -0.5869939 -0.8058502 -0.02594816 -0.5869941 -0.8091753 -0.02338719 -0.6837984 -0.7292961 -0.1164551 -0.6837984 -0.720318 -0.1018569 -0.7698691 -0.6300212 -0.1815857 -0.7698687 -0.6118243 -0.1526815 -0.8438294 -0.5144321 -0.2172114 -0.8438288 -0.4906854 -0.1726387 -0.9044889 -0.3899945 -0.2210928 -0.9044894 -0.364715 -0.160491 -0.9508694 -0.2647452 -0.1930269 -0.950869 -0.2420512 -0.117062 -0.9822167 -0.1467882 -0.134872 -0.9822158 -0.1306213 -0.04519808 -0.9980185 -0.0437771 0.04790979 0.9980188 0.04078239 0.1429637 0.9822174 0.1216989 0.1573534 0.9822162 0.1024272 0.2594659 0.9508692 0.1688941 0.2789335 0.9508694 0.1343261 0.3842601 0.9044889 0.1850514 0.4047693 0.9044892 0.1343922 0.5092749 0.8438293 0.1690894 0.5267167 0.843829 0.1025784 0.6264328 0.7698695 0.1219961 0.636891 0.7698689 0.04088914 0.7281717 0.6837985 0.04675012 0.728172 0.6837983 -0.04675018 0.8079276 0.5869945 -0.0518707 0.7946617 0.5869942 -0.1547606 0.8605564 0.4809938 -0.1675936 0.8320602 0.4809934 -0.2762631 0.8826559 0.3674687 -0.2930622 0.837933 0.3674703 -0.4035269 0.872774 0.2482115 -0.4203056 0.8118609 0.2482125 -0.5284623 0.8315066 0.125079 -0.5412504 0.7554661 0.1250796 -0.6431377 0.7614458 0 -0.6482287 0.6723015 0 -0.7402774 0.6670213 -0.1250807 -0.7344639 0.5676238 -0.1250802 -0.813731 0.5542133 -0.2482107 -0.7945057 0.4480646 -0.2482105 -0.8588537 0.4301761 -0.3674707 -0.824569 0.3212025 -0.3674705 -0.8728083 0.3027886 -0.4809932 -0.8227787 0.1950888 -0.4809934 -0.8547431 0.1801508 -0.5869942 -0.7892931 0.07773888 -0.5869938 -0.8058505 0.07006549 -0.6837993 -0.7262985 -0.02338707 -0.6837991 -0.7292954 -0.02045518 -0.7698689 -0.6378743 -0.101857 -0.7698687 -0.6300218 -0.08564358 -0.8438288 -0.529734 -0.1526807 -0.8438283 -0.514434 -0.1213502 -0.9044892 -0.4088687 -0.1726392 -0.904489 -0.3899942 -0.1253178 -0.9508694 -0.2830954 -0.1604906 -0.9508696 -0.2647447 -0.09732967 -0.9822167 -0.1605535 -0.117062 -0.9822166 -0.1467895 -0.03922963 -0.9980186 -0.04919505 0.04230076 0.9980184 0.04658323 0.1262266 0.982218 0.1389776 0.1429635 0.982216 0.1217096 0.235738 0.95087 0.200684 0.2594659 0.950869 0.1688951 0.3574415 0.9044889 0.2326708 0.3842604 0.9044893 0.1850489 0.4834711 0.8438287 0.2328279 0.509275 0.8438289 0.1690911 0.6056892 0.7698689 0.2011029 0.6264338 0.7698683 0.1219983 0.7162152 0.6837986 0.1394827 0.7281716 0.6837987 0.0467509 0.8079282 0.5869936 0.05187147 0.8079285 0.5869932 -0.051871 0.8749222 0.4809947 -0.05617201 0.8605579 0.4809917 -0.1675929 0.9128851 0.3674697 -0.1777837 0.882655 0.3674712 -0.2930617 0.9193564 0.2482093 -0.3052476 0.8727747 0.2482084 -0.4203057 0.8938931 0.1250815 -0.4304763 0.8315063 0.1250786 -0.541251 0.8380882 0 -0.5455349 0.761446 0 -0.6482284 0.7554661 -0.1250802 -0.6431377 0.667021 -0.1250797 -0.7344645 0.6512619 -0.2482095 -0.7171123 0.5542124 -0.24821 -0.7945063 0.5320884 -0.3674704 -0.7627893 0.4301776 -0.3674702 -0.8245685 0.4055193 -0.4809927 -0.777303 0.3027899 -0.4809932 -0.8227782 0.2796041 -0.5869944 -0.7597758 0.1801502 -0.586994 -0.7892935 0.1623668 -0.6837989 -0.7113763 0.07006525 -0.6837982 -0.7262995 0.06128293 -0.7698689 -0.6352531 -0.02045685 -0.7698686 -0.6378747 -0.01719987 -0.8438291 -0.5363363 -0.08564323 -0.8438292 -0.5297336 -0.06806856 -0.9044892 -0.4210299 -0.1213505 -0.904489 -0.4088689 -0.08808791 -0.950869 -0.2967972 -0.1253176 -0.9508697 -0.2830945 -0.07599908 -0.9822163 -0.1716842 -0.09732955 -0.9822164 -0.1605559 -0.03261691 -0.9980187 -0.05380409 0.03599727 0.998019 0.05159896 0.1074168 0.9822167 0.1539876 0.1262263 0.9822162 0.1389898 0.2081388 0.9508692 0.2291857 0.2357383 0.9508692 0.2006874 0.3247544 0.9044891 0.2764669 0.3574417 0.9044887 0.2326706 0.4497284 0.8438296 0.2927386 0.4834713 0.8438289 0.2328272 0.5750002 0.7698688 0.2769058 0.6056895 0.7698689 0.2011025 0.6924981 0.6837992 0.2299244 0.716215 0.6837987 0.139483 0.7946618 0.5869942 0.15476 0.8079279 0.5869941 0.05187028 0.8749234 0.4809927 0.05617213 0.8749235 0.4809925 -0.05617189 0.9281243 0.3674709 -0.05958741 0.9128847 0.3674702 -0.1777843 0.9508423 0.2482104 -0.1851767 0.9193559 0.2482116 -0.305247 0.9416027 0.1250792 -0.3126335 0.8938934 0.1250796 -0.4304764 0.9009689 0 -0.4338839 0.8380879 0 -0.5455354 0.8315063 -0.1250797 -0.541251 0.7554661 -0.1250797 -0.6431378 0.7376173 -0.2482104 -0.6279429 0.6512621 -0.2482104 -0.7171117 0.6252638 -0.3674706 -0.6884843 0.5320885 -0.3674702 -0.7627894 0.5015881 -0.4809936 -0.7190652 0.4055194 -0.4809932 -0.7773029 0.3744662 -0.5869945 -0.7177831 0.2796049 -0.5869938 -0.759776 0.2520021 -0.6837989 -0.6847729 0.1623674 -0.6837986 -0.7113764 0.1420134 -0.7698688 -0.6222012 0.06128209 -0.7698686 -0.6352534 0.05152648 -0.8438293 -0.5341323 -0.01719814 -0.8438286 -0.5363374 -0.01366943 -0.9044896 -0.4262766 -0.06806862 -0.9044889 -0.4210303 -0.04941082 -0.9508695 -0.3056241 -0.08808779 -0.9508693 -0.2967966 -0.05342102 -0.9822166 -0.1799914 -0.07599908 -0.9822163 -0.1716837 -0.0254687 -0.9980186 -0.05753654 0.02910262 0.9980186 0.05578559 0.08684247 0.982217 0.1664584 0.1074166 0.9822162 0.1539906 0.1771231 0.9508699 0.2539175 0.2081397 0.9508694 0.2291843 0.2867338 0.9044891 0.3157265 0.3247544 0.9044892 0.2764667 0.4086014 0.8438286 0.3478479 0.4497283 0.8438292 0.2927404 0.5348696 0.7698684 0.3481626 0.5750004 0.7698688 0.2769054 0.6574112 0.6837987 0.3165912 0.6924982 0.6837987 0.2299255 0.7683473 0.5869942 0.2551088 0.7946616 0.5869941 0.1547609 0.8605577 0.4809917 0.1675933 0.8749225 0.4809944 0.05617177 0.9281243 0.3674708 0.05958741 0.9281241 0.3674712 -0.05958783 0.9667159 0.2482104 -0.06206566 0.9508424 0.2482104 -0.1851764 0.9738505 0.1250814 -0.1896573 0.9416025 0.1250796 -0.3126335 0.9490558 0 -0.3151082 0.9009688 0 -0.4338841 0.8938931 -0.1250807 -0.4304764 0.8315068 -0.1250779 -0.5412505 0.8118612 -0.2482109 -0.5284625 0.7376174 -0.2482104 -0.6279429 0.7081722 -0.36747 -0.6028749 0.6252633 -0.3674705 -0.6884849 0.589422 -0.4809932 -0.6490203 0.50159 -0.4809927 -0.7190643 0.4631801 -0.5869945 -0.6640043 0.3744681 -0.5869944 -0.7177823 0.3375017 -0.6837984 -0.6469253 0.2520027 -0.6837991 -0.6847726 0.2204121 -0.7698692 -0.5989325 0.1420141 -0.769869 -0.6222009 0.1194078 -0.8438295 -0.5231574 0.05152755 -0.8438286 -0.5341332 0.04095417 -0.9044888 -0.4245265 -0.0136711 -0.904489 -0.4262777 -0.009923458 -0.9508694 -0.3094334 -0.04941046 -0.9508694 -0.3056241 -0.02996516 -0.9822165 -0.1853451 -0.05342108 -0.9822161 -0.179994 -0.01790231 -0.9980189 -0.06031554 0.02173018 0.9980186 0.05905032 0.06484341 0.9822172 0.1761954 0.08684289 0.9822163 0.1664615 0.1431984 0.9508687 0.2744866 0.177123 0.950869 0.2539208 0.244006 0.9044894 0.3498 0.2867344 0.9044888 0.315727 0.3607647 0.8438283 0.3972436 0.4086011 0.8438289 0.3478475 0.4859568 0.7698686 0.4137011 0.5348699 0.7698689 0.3481613 0.6115285 0.6837982 0.3980616 0.6574108 0.6837984 0.3165923 0.7294165 0.5869939 0.351269 0.768348 0.5869932 0.2551083 0.8320607 0.4809932 0.2762621 0.8605567 0.4809936 0.167593 0.9128847 0.3674708 0.1777835 0.928124 0.3674713 0.05958789 0.9667162 0.2482092 0.06206566 0.9667162 0.2482094 -0.06206548 0.990108 0.1250814 -0.06356728 0.9738512 0.1250774 -0.189657 0.9815593 0 -0.1911582 0.9490558 0 -0.3151081 0.9416027 -0.1250796 -0.3126335 0.8938933 -0.1250803 -0.4304761 0.8727744 -0.2482095 -0.4203059 0.8118603 -0.2482127 -0.528463 0.7794517 -0.3674693 -0.507367 0.7081717 -0.3674701 -0.6028754 0.6675782 -0.4809935 -0.5683175 0.5894229 -0.4809932 -0.6490195 0.544289 -0.5869937 -0.599323 0.4631811 -0.5869938 -0.6640042 0.4174557 -0.6837988 -0.5984564 0.3375006 -0.6837985 -0.6469258 0.295193 -0.7698687 -0.5658299 0.2204124 -0.769869 -0.5989326 0.1853269 -0.8438293 -0.5035933 0.1194074 -0.8438282 -0.5231596 0.09490454 -0.9044892 -0.4158036 0.04095327 -0.904489 -0.4245262 0.02972811 -0.9508697 -0.3081607 -0.009922623 -0.9508691 -0.3094343 -0.006017804 -0.9822165 -0.1876551 -0.02996546 -0.9822163 -0.1853462 -0.01004189 -0.9980186 -0.06211286 0.01400083 0.9980188 0.06134015 0.04177856 0.9822156 0.1830495 0.06484329 0.9822162 0.176201 0.106922 0.9508694 0.290543 0.1431985 0.9508695 0.2744839 0.1972709 0.9044895 0.378131 0.244006 0.904489 0.3498008 0.3070044 0.8438287 0.4401153 0.3607648 0.8438289 0.3972426 0.4290646 0.7698688 0.4724463 0.4859561 0.769869 0.4137011 0.5556051 0.6837981 0.4729938 0.6115283 0.6837986 0.3980612 0.6785083 0.5869941 0.4416611 0.729416 0.5869945 0.3512687 0.7899012 0.4809932 0.380397 0.83206 0.4809935 0.2762634 0.8826556 0.3674697 0.2930619 0.9128851 0.3674691 0.1777845 0.9508424 0.2482104 0.1851767 0.9667158 0.2482105 0.06206542 0.9901083 0.1250792 0.06356728 0.9901084 0.1250785 -0.06356698 0.9979454 0 -0.0640701 0.9815593 0 -0.1911581 0.9738508 -0.1250796 -0.1896569 0.9416026 -0.1250792 -0.3126336 0.9193556 -0.2482127 -0.305247 0.8727744 -0.2482102 -0.4203056 0.8379332 -0.3674698 -0.403527 0.7794511 -0.3674709 -0.5073669 0.734772 -0.4809929 -0.4782845 0.667578 -0.4809932 -0.5683178 0.6164602 -0.5869939 -0.5248 0.5442883 -0.5869946 -0.5993227 0.4905586 -0.6837985 -0.5401591 0.4174572 -0.6837986 -0.5984556 0.3651258 -0.7698685 -0.5234365 0.2951937 -0.7698688 -0.5658293 0.2482035 -0.8438294 -0.4757593 0.1853272 -0.8438296 -0.5035924 0.1472977 -0.904489 -0.4002538 0.09490412 -0.9044888 -0.4158046 0.06889092 -0.9508697 -0.3018295 0.02972799 -0.9508691 -0.3081626 0.01802855 -0.9822165 -0.1868842 -0.006017625 -0.9822161 -0.1876574 -0.002016603 -0.9980187 -0.06288725 0.006041705 0.9980186 0.06262916 0.01802897 0.9822158 0.186888 0.04177892 0.9822168 0.1830428 0.06889081 0.950869 0.3018316 0.1069225 0.9508695 0.2905425 0.1472964 0.9044898 0.4002524 0.1972711 0.9044888 0.3781324 0.2482036 0.843828 0.4757619 0.3070052 0.8438293 0.4401136 0.3651255 0.7698698 0.5234348 0.4290641 0.7698687 0.472447 0.4905581 0.6837987 0.5401595 0.5556047 0.6837986 0.4729936 0.6164597 0.5869947 0.5247998 0.6785088 0.5869947 0.4416596 0.7347727 0.4809926 0.4782837 0.7899018 0.4809926 0.3803963 0.8379327 0.3674708 0.4035271 0.8826555 0.3674702 0.2930618 0.9193564 0.2482092 0.3052474 0.9508424 0.2482105 0.1851765 0.9738507 0.1250792 0.1896575 0.9901081 0.1250807 0.06356698 0.9979454 0 0.0640701 0.9901081 -0.1250807 -0.06356698 0.9738507 -0.1250792 -0.1896575 0.9508424 -0.2482105 -0.1851764 0.9193564 -0.2482092 -0.3052474 0.8826555 -0.3674702 -0.2930618 0.8379327 -0.3674708 -0.4035271 0.7899016 -0.480993 -0.3803961 0.734773 -0.4809922 -0.4782835 0.6785089 -0.5869944 -0.4416596 0.6164596 -0.5869945 -0.5248 0.5556046 -0.6837987 -0.4729936 0.4905581 -0.6837987 -0.5401595 0.429064 -0.7698685 -0.4724477 0.3651253 -0.7698695 -0.5234355 0.3070054 -0.8438296 -0.4401128 0.2482037 -0.8438284 -0.4757609 0.1972711 -0.9044888 -0.3781324 0.1472963 -0.9044893 -0.4002537 0.1069225 -0.9508695 -0.2905425 0.06889081 -0.9508693 -0.3018305 0.04177892 -0.9822168 -0.1830428 0.01802897 -0.9822158 -0.186888 0.006041705 -0.9980186 -0.06262916 -0.002016603 0.9980186 0.06288784 -0.006017625 0.9822164 0.1876562 0.01802855 0.9822165 0.1868842 0.02972799 0.9508695 0.3081617 0.06889092 0.9508697 0.3018296 0.09490406 0.9044888 0.4158046 0.1472976 0.9044886 0.4002549 0.1853272 0.8438292 0.5035933 0.2482034 0.843829 0.4757601 0.2951938 0.7698692 0.5658286 0.3651258 0.7698685 0.5234365 0.4174572 0.6837986 0.5984556 0.4905589 0.6837987 0.5401586 0.5442883 0.5869944 0.5993227 0.6164604 0.5869937 0.5248001 0.6675781 0.480993 0.568318 0.7347721 0.480993 0.4782842 0.7794511 0.3674709 0.5073669 0.837933 0.3674703 0.4035269 0.8727741 0.2482113 0.4203056 0.9193556 0.2482127 0.305247 0.9416026 0.1250792 0.3126336 0.9738508 0.1250796 0.1896568 0.9815593 0 0.1911581 0.9901084 -0.1250785 0.06356698 0.9901083 -0.1250792 -0.06356734 0.9667158 -0.2482105 -0.06206542 0.9508424 -0.2482104 -0.1851767 0.9128851 -0.3674691 -0.1777845 0.8826556 -0.3674697 -0.293062 0.83206 -0.4809935 -0.2762634 0.7899012 -0.4809932 -0.380397 0.729416 -0.5869945 -0.3512687 0.6785083 -0.5869945 -0.4416607 0.6115282 -0.6837989 -0.3980608 0.5556054 -0.6837983 -0.4729933 0.4859563 -0.7698693 -0.4137005 0.4290645 -0.7698686 -0.4724472 0.3607646 -0.8438286 -0.3972434 0.3070045 -0.8438292 -0.4401144 0.244006 -0.9044887 -0.3498018 0.1972709 -0.9044895 -0.3781309 0.1431986 -0.9508699 -0.2744825 0.106922 -0.9508693 -0.290543 0.06484329 -0.9822164 -0.1761999 0.04177856 -0.9822154 -0.1830506 0.01400083 -0.9980189 -0.06133908 -0.01004189 0.9980187 0.06211286 -0.02996551 0.9822164 0.1853459 -0.006017804 0.9822165 0.1876551 -0.009922623 0.9508691 0.3094343 0.02972811 0.9508697 0.3081607 0.04095327 0.904489 0.4245262 0.09490454 0.9044892 0.4158036 0.1194074 0.8438282 0.5231595 0.1853268 0.8438289 0.5035939 0.2204123 0.769869 0.5989326 0.295193 0.7698687 0.5658299 0.3375006 0.6837985 0.6469258 0.4174557 0.6837988 0.5984564 0.4631809 0.5869935 0.6640046 0.544289 0.5869935 0.599323 0.589423 0.4809929 0.6490196 0.6675782 0.4809935 0.5683175 0.7081715 0.36747 0.6028755 0.7794517 0.3674693 0.507367 0.8118605 0.2482122 0.5284631 0.8727744 0.2482095 0.4203059 0.8938933 0.1250803 0.4304761 0.9416025 0.1250796 0.3126335 0.9490558 0 0.3151081 0.9815593 0 0.1911582 0.9738512 -0.1250774 0.1896569 0.990108 -0.1250814 0.06356728 0.9667162 -0.2482094 0.06206548 0.9667162 -0.2482092 -0.06206572 0.928124 -0.3674713 -0.05958789 0.9128845 -0.3674708 -0.1777836 0.8605567 -0.4809936 -0.1675931 0.8320604 -0.4809937 -0.2762619 0.7683479 -0.5869937 -0.2551079 0.7294163 -0.5869944 -0.3512685 0.6574106 -0.6837986 -0.3165926 0.6115287 -0.6837981 -0.3980613 0.53487 -0.7698689 -0.3481609 0.485957 -0.7698688 -0.4137003 0.4086011 -0.8438289 -0.3478475 0.3607648 -0.8438288 -0.3972426 0.2867344 -0.9044888 -0.315727 0.2440059 -0.9044892 -0.3498007 0.177123 -0.9508691 -0.2539201 0.1431985 -0.950869 -0.2744855 0.08684295 -0.9822165 -0.1664605 0.06484335 -0.9822168 -0.1761975 0.02173018 -0.9980186 -0.05905032 -0.01790231 0.9980188 0.06031668 -0.05342108 0.9822161 0.1799941 -0.02996516 0.9822165 0.1853449 -0.04941046 0.9508694 0.3056241 -0.009923458 0.9508692 0.3094341 -0.0136711 0.9044891 0.4262778 0.04095417 0.9044888 0.4245265 0.05152755 0.8438286 0.5341332 0.1194078 0.8438295 0.5231574 0.142014 0.7698686 0.6222015 0.220412 0.7698689 0.598933 0.2520025 0.6837988 0.684773 0.3375016 0.6837981 0.6469258 0.3744683 0.5869945 0.7177819 0.4631801 0.5869946 0.6640043 0.50159 0.4809927 0.7190644 0.5894221 0.4809936 0.6490198 0.6252633 0.3674702 0.6884849 0.7081722 0.36747 0.6028749 0.7376174 0.2482104 0.6279429 0.8118614 0.2482104 0.5284627 0.8315068 0.1250779 0.5412504 0.8938931 0.1250807 0.4304764 0.9009688 0 0.4338841 0.9490558 0 0.3151082 0.9416025 -0.1250796 0.3126335 0.9738505 -0.1250814 0.1896573 0.9508424 -0.2482104 0.1851764 0.9667159 -0.2482104 0.0620656 0.9281241 -0.3674712 0.05958789 0.9281243 -0.3674708 -0.05958735 0.8749225 -0.4809944 -0.05617177 0.8605577 -0.4809917 -0.1675935 0.7946613 -0.5869945 -0.1547607 0.7683473 -0.5869942 -0.2551088 0.6924985 -0.6837983 -0.2299256 0.657411 -0.6837984 -0.3165919 0.5750004 -0.7698686 -0.2769062 0.5348697 -0.7698687 -0.3481617 0.4497284 -0.8438294 -0.2927396 0.4086015 -0.8438289 -0.3478474 0.3247544 -0.9044891 -0.2764672 0.2867338 -0.9044893 -0.3157258 0.2081397 -0.9508695 -0.2291835 0.1771231 -0.9508699 -0.2539175 0.1074166 -0.9822162 -0.1539906 0.08684247 -0.9822165 -0.1664605 0.02910262 -0.9980187 -0.05578333 -0.02546876 0.9980186 0.05753427 -0.07599908 0.9822163 0.1716837 -0.05342108 0.9822166 0.1799914 -0.08808779 0.9508693 0.2967967 -0.04941082 0.9508695 0.3056241 -0.06806862 0.9044889 0.4210304 -0.01366943 0.9044896 0.4262766 -0.01719814 0.8438286 0.5363374 0.05152648 0.8438292 0.5341323 0.06128209 0.7698687 0.6352534 0.1420134 0.7698689 0.6222012 0.1623674 0.6837986 0.7113764 0.2520021 0.6837989 0.6847729 0.2796049 0.5869938 0.759776 0.3744662 0.5869944 0.7177831 0.4055191 0.4809928 0.7773031 0.5015881 0.4809935 0.7190652 0.5320885 0.3674704 0.7627894 0.6252637 0.3674709 0.6884843 0.6512621 0.2482104 0.7171117 0.7376174 0.2482104 0.6279428 0.7554661 0.1250797 0.6431378 0.8315061 0.1250797 0.5412509 0.8380879 0 0.5455354 0.9009689 0 0.4338839 0.8938934 -0.1250796 0.4304764 0.9416027 -0.1250792 0.3126335 0.9193559 -0.2482116 0.305247 0.9508423 -0.2482104 0.1851767 0.9128847 -0.3674702 0.1777843 0.9281243 -0.3674709 0.05958735 0.8749235 -0.4809925 0.05617183 0.8749234 -0.4809927 -0.05617207 0.8079279 -0.5869941 -0.05187022 0.7946621 -0.5869937 -0.1547603 0.716215 -0.6837987 -0.1394832 0.6924981 -0.6837992 -0.2299244 0.6056896 -0.769869 -0.2011017 0.5750003 -0.7698687 -0.2769058 0.4834713 -0.8438291 -0.2328262 0.4497284 -0.8438293 -0.2927398 0.3574416 -0.9044885 -0.2326716 0.3247544 -0.9044891 -0.2764669 0.2357383 -0.9508692 -0.2006874 0.2081389 -0.9508695 -0.2291846 0.1262263 -0.9822165 -0.1389886 0.1074169 -0.9822167 -0.1539876 0.03599727 -0.9980192 -0.05159449 -0.03261691 0.9980186 0.05380523 -0.09732949 0.9822162 0.1605569 -0.07599908 0.9822163 0.1716842 -0.1253176 0.9508697 0.2830945 -0.08808791 0.9508689 0.2967978 -0.1213505 0.9044892 0.4088685 -0.06806862 0.9044894 0.4210294 -0.08564323 0.8438291 0.5297336 -0.01719987 0.8438291 0.5363363 -0.02045685 0.7698686 0.6378746 0.06128293 0.7698689 0.6352531 0.07006525 0.6837982 0.7262995 0.1623668 0.6837989 0.7113763 0.1801502 0.586994 0.7892935 0.2796041 0.5869944 0.7597758 0.3027899 0.4809931 0.8227782 0.4055193 0.4809928 0.777303 0.4301776 0.3674703 0.8245683 0.5320883 0.3674705 0.7627892 0.5542124 0.24821 0.7945063 0.651262 0.2482095 0.7171122 0.667021 0.1250797 0.7344645 0.7554661 0.1250802 0.6431377 0.761446 0 0.6482284 0.8380882 0 0.5455349 0.8315063 -0.1250786 0.541251 0.8938931 -0.1250815 0.4304763 0.8727747 -0.2482084 0.4203058 0.9193561 -0.2482104 0.3052474 0.882655 -0.3674712 0.2930616 0.9128851 -0.3674697 0.1777837 0.8605573 -0.4809926 0.1675928 0.8749228 -0.4809937 0.05617201 0.8079285 -0.5869932 0.05187094 0.8079282 -0.5869936 -0.05187147 0.7281716 -0.6837987 -0.0467509 0.7162152 -0.6837986 -0.1394826 0.6264338 -0.7698683 -0.1219989 0.6056895 -0.7698687 -0.2011035 0.5092751 -0.8438288 -0.1690917 0.483471 -0.8438287 -0.2328284 0.3842602 -0.9044892 -0.1850495 0.3574416 -0.9044892 -0.2326692 0.2594659 -0.9508693 -0.1688936 0.235738 -0.95087 -0.200684 0.1429635 -0.982216 -0.1217096 0.1262265 -0.9822174 -0.1389819 0.04230076 -0.9980182 -0.0465877 -0.03922963 0.9980186 0.04919505 -0.1170621 0.9822165 0.1467896 -0.09732967 0.9822165 0.1605546 -0.1604906 0.9508696 0.2647448 -0.1253178 0.9508696 0.2830947 -0.1726392 0.904489 0.3899943 -0.1213502 0.904489 0.4088689 -0.1526807 0.8438283 0.514434 -0.08564358 0.8438288 0.5297341 -0.101857 0.7698687 0.6300218 -0.02045518 0.7698688 0.6378743 -0.02338707 0.6837991 0.7292954 0.07006549 0.6837993 0.7262985 0.07773888 0.5869938 0.8058505 0.1801508 0.5869942 0.7892931 0.1950888 0.4809935 0.8547431 0.3027886 0.4809932 0.8227787 0.3212025 0.3674704 0.8728084 0.4301761 0.3674706 0.824569 0.4480646 0.2482107 0.8588537 0.5542134 0.2482105 0.7945057 0.5676239 0.1250802 0.8137309 0.6670215 0.1250807 0.7344639 0.6723015 0 0.7402774 0.7614458 0 0.6482287 0.7554661 -0.1250796 0.6431377 0.8315066 -0.125079 0.5412504 0.8118609 -0.2482125 0.5284623 0.8727741 -0.2482115 0.4203055 0.837933 -0.3674703 0.4035269 0.8826559 -0.3674687 0.2930622 0.8320602 -0.4809934 0.2762631 0.8605564 -0.4809938 0.1675936 0.7946616 -0.5869942 0.1547604 0.8079276 -0.5869945 0.0518707 0.728172 -0.6837983 0.04675018 0.7281717 -0.6837985 -0.04674988 0.636891 -0.7698689 -0.0408889 0.6264328 -0.7698695 -0.1219968 0.5267167 -0.843829 -0.1025782 0.5092747 -0.8438292 -0.1690906 0.4047692 -0.904489 -0.1343933 0.3842602 -0.9044892 -0.1850503 0.2789335 -0.9508696 -0.1343249 0.2594659 -0.9508693 -0.1688935 0.1573534 -0.9822163 -0.1024267 0.1429636 -0.9822168 -0.1217023 0.04790979 -0.9980187 -0.04078578 -0.04519808 0.9980186 0.04377371 -0.134872 0.9822156 0.1306224 -0.1170619 0.9822166 0.1467893 -0.1930269 0.9508687 0.2420523 -0.160491 0.9508695 0.2647452 -0.2210928 0.9044893 0.3647151 -0.1726387 0.9044889 0.3899946 -0.2172114 0.8438286 0.4906857 -0.1526815 0.8438294 0.5144321 -0.1815857 0.7698687 0.6118243 -0.1018569 0.7698692 0.6300212 -0.1164551 0.6837984 0.720318 -0.02338713 0.6837981 0.7292965 -0.02594816 0.5869941 0.8091753 0.07774043 0.586994 0.8058503 0.08418637 0.4809934 0.872673 0.1950905 0.4809929 0.8547431 0.2069532 0.36747 0.9067173 0.3212007 0.3674703 0.8728091 0.334558 0.2482097 0.9091001 0.448063 0.2482101 0.8588546 0.4589056 0.1250792 0.8796368 0.5676236 0.1250791 0.8137315 0.5721171 0 0.8201721 0.6723009 0 0.740278 0.6670215 -0.1250796 0.734464 0.7554659 -0.1250803 0.6431378 0.7376171 -0.2482106 0.627943 0.8118609 -0.2482105 0.5284634 0.7794521 -0.3674692 0.5073667 0.8379327 -0.3674708 0.4035271 0.7899019 -0.4809924 0.3803963 0.8320603 -0.4809939 0.2762622 0.7683479 -0.5869934 0.2551081 0.7946621 -0.5869935 0.1547605 0.7162154 -0.6837983 0.1394826 0.7281713 -0.6837989 0.04675066 0.636891 -0.7698689 0.04088973 0.636891 -0.7698689 -0.04089045 0.5355097 -0.843829 -0.03437954 0.5267168 -0.8438289 -0.1025783 0.418632 -0.9044892 -0.0815277 0.404769 -0.9044891 -0.1343933 0.2938207 -0.9508692 -0.09755653 0.2789332 -0.9508695 -0.134326 0.1691594 -0.9822163 -0.08146315 0.1573535 -0.9822164 -0.1024244 0.05273205 -0.9980187 -0.03432399 0.5355096 -0.8438289 -0.03438228 0.4256206 -0.904489 -0.02732706 0.4186317 -0.9044892 -0.08152884 0.3038836 -0.9508693 -0.0591824 0.2938205 -0.9508696 -0.09755331 0.1781879 -0.9822165 -0.05916059 0.1691595 -0.9822165 -0.08146131 0.05668842 -0.9980186 -0.02730196 -0.2223957 0.9508692 0.215379 -0.306374 0.9044893 0.2967056 -0.2659164 0.9044888 0.3334494 -0.3345724 0.8438292 0.4195398 -0.2781758 0.8438292 0.4588799 -0.3308393 0.7698685 0.5457545 -0.2583339 0.7698687 0.5835801 -0.2953585 0.6837983 0.6672206 -0.2076105 0.6837993 0.6995115 -0.2303496 0.5869942 0.7761296 -0.1292114 0.5869938 0.7992138 -0.1399263 0.4809929 0.8654863 -0.02810055 0.4809926 0.8762742 -0.02981072 0.3674703 0.9295575 0.08930552 0.3674705 0.9257376 0.09301853 0.2482104 0.9642299 0.2155562 0.2482105 0.944419 0.2207729 0.1250803 0.9672716 0.3426539 0.1250804 0.9310979 0.3453658 0 0.9384683 0.4625372 0 0.8865998 0.4589059 -0.1250796 0.8796366 0.5676239 -0.1250797 0.813731 0.5542143 -0.2482092 0.7945054 0.6512622 -0.2482099 0.7171118 0.6252635 -0.3674705 0.6884847 0.7081717 -0.3674707 0.602875 0.6675785 -0.4809925 0.568318 0.7347721 -0.4809934 0.4782838 0.6785081 -0.5869953 0.4416601 0.7294159 -0.5869949 0.3512683 0.657411 -0.6837983 0.3165923 0.6924978 -0.6837993 0.2299249 0.6056898 -0.7698684 0.2011034 0.6264334 -0.7698689 0.1219969 0.5267166 -0.843829 0.1025782 0.5355097 -0.843829 0.03437989 0.4256206 -0.904489 0.02732706 0.4256206 -0.9044891 -0.02732592 0.3089566 -0.9508694 -0.01983612 0.3038834 -0.9508695 -0.05917853 0.1842905 -0.9822164 -0.03588801 0.1781879 -0.9822163 -0.05916398 0.05971401 -0.9980186 -0.01982802 -0.3063734 0.9044889 0.2967072 -0.3854759 0.8438286 0.3733121 -0.3345722 0.8438293 0.4195399 -0.3979126 0.7698683 0.4989674 -0.3308395 0.7698692 0.5457535 -0.378256 0.6837987 0.6239727 -0.2953586 0.6837985 0.6672203 -0.3277086 0.5869939 0.7403008 -0.2303518 0.586994 0.776129 -0.2494543 0.4809923 0.8404874 -0.139923 0.4809928 0.8654868 -0.1484337 0.3674705 0.9181138 -0.02980732 0.367471 0.9295572 -0.03104972 0.2482102 0.9682084 0.09302008 0.2482103 0.9642298 0.09526681 0.1250797 0.9875624 0.2207741 0.1250796 0.9672714 0.2225192 0 0.9749283 0.342652 -0.1250797 0.9310987 0.4589056 -0.1250795 0.8796368 0.4480639 -0.2482109 0.858854 0.5542114 -0.2482113 0.7945067 0.5320883 -0.3674702 0.7627894 0.6252637 -0.3674703 0.6884846 0.5894231 -0.4809922 0.6490199 0.6675777 -0.4809944 0.5683172 0.6164601 -0.5869941 0.5247999 0.6785095 -0.5869934 0.4416603 0.6115282 -0.6837985 0.3980614 0.6574108 -0.6837987 0.316592 0.5749999 -0.7698689 0.276906 0.6056891 -0.7698693 0.2011024 0.5092751 -0.843829 0.1690907 0.5267171 -0.8438287 0.1025783 0.418632 -0.9044892 0.0815277 0.4256206 -0.9044891 0.02732592 0.3089566 -0.9508693 0.01983922 0.3089565 -0.9508692 -0.0198394 0.187367 -0.9822164 -0.01202791 0.1842905 -0.9822164 -0.03589165 0.06175917 -0.9980186 -0.01202875 -0.3854748 0.8438295 0.3733111 -0.4584525 0.7698684 0.4439864 -0.3979122 0.7698691 0.4989664 -0.4549426 0.6837986 0.5704795 -0.3782562 0.6837986 0.6239726 -0.4196861 0.5869944 0.6923158 -0.3277098 0.586994 0.7403002 -0.3548839 0.480993 0.8016877 -0.2494508 0.4809932 0.8404878 -0.2646202 0.3674707 0.8915949 -0.1484341 0.3674708 0.9181136 -0.1546069 0.2482097 0.9562891 -0.03104776 0.2482098 0.9682086 -0.03180086 0.1250801 0.9916369 0.09527081 0.1250801 0.9875619 0.09602433 0 0.9953791 0.2225213 0 0.9749279 0.2207729 -0.1250804 0.9672715 0.342654 -0.1250805 0.9310979 0.3345578 -0.24821 0.9091001 0.4480637 -0.2482101 0.8588544 0.4301771 -0.3674708 0.8245684 0.5320885 -0.3674702 0.7627894 0.501589 -0.4809932 0.7190647 0.589422 -0.4809935 0.6490201 0.5442891 -0.5869936 0.5993229 0.6164601 -0.5869936 0.5248005 0.5556056 -0.683798 0.4729934 0.6115284 -0.6837987 0.3980609 0.5348703 -0.7698684 0.3481615 0.5750009 -0.7698686 0.2769052 0.4834713 -0.8438289 0.2328272 0.5092746 -0.843829 0.1690917 0.4047692 -0.904489 0.1343933 0.4186318 -0.9044891 0.08152884 0.3038836 -0.9508694 0.05917936 0.3089564 -0.9508694 0.01983481 0.187367 -0.9822164 0.01202791 0.187367 -0.9822164 -0.01202607 0.06279015 -0.9980186 -0.004030644 -0.0624029 -0.9980186 0.008046925 -0.1862113 -0.9822164 0.02401077 -0.1877528 -0.9822164 0 -0.3095929 -0.9508693 0 -0.307051 -0.9508695 -0.03958791 -0.4229955 -0.9044891 -0.05453675 -0.4125483 -0.904489 -0.1081832 -0.5190616 -0.8438295 -0.1361144 -0.4973945 -0.8438294 -0.2013723 -0.5915611 -0.7698679 -0.2394974 -0.5560774 -0.7698688 -0.3131771 -0.6357762 -0.6837983 -0.3580624 -0.5847681 -0.6837986 -0.4364238 -0.6488178 -0.5869935 -0.4842252 -0.581569 -0.5869942 -0.5632187 -0.6297948 -0.480993 -0.6099215 -0.5466288 -0.480993 -0.6854507 -0.5798675 -0.3674709 -0.7271305 -0.4821228 -0.3674702 -0.7953133 -0.5021693 -0.248211 -0.8283824 -0.3921154 -0.2482107 -0.8857973 -0.4016043 -0.1250802 -0.9072315 -0.2822923 -0.1250801 -0.9511394 -0.284528 0 -0.9586678 -0.1583464 0.1250802 -0.9794291 -0.03179967 0.1250801 -0.9916369 -0.03105002 0.2482103 -0.9682085 0.09301853 0.2482102 -0.9642299 0.08930552 0.3674701 -0.9257377 0.2069532 0.3674702 -0.9067172 0.1950893 0.4809933 -0.854743 0.3027886 0.4809932 -0.8227785 0.2796054 0.5869941 -0.7597755 0.3744661 0.5869942 -0.7177833 0.3375009 0.6837986 -0.6469256 0.4174561 0.6837986 -0.5984563 0.3651253 0.769869 -0.5234359 0.4290643 0.7698687 -0.4724469 0.3607651 0.843829 -0.397242 0.4086017 0.8438287 -0.3478475 0.3247542 0.9044892 -0.2764672 0.3574411 0.9044889 -0.2326707 0.2594662 0.9508692 -0.1688938 0.2789333 0.9508695 -0.134326 0.1691594 0.9822163 -0.08146315 0.1781877 0.9822163 -0.05916392 0.05971401 0.9980186 -0.01982802 -0.1816123 -0.9822164 0.04762339 -0.2994673 -0.9508693 0.07852947 -0.3070508 -0.9508695 0.03958791 -0.4229955 -0.9044891 0.05453675 -0.4264969 -0.904489 0 -0.5366119 -0.8438293 0 -0.5322066 -0.843829 -0.06862151 -0.6329631 -0.7698684 -0.08161193 -0.6173302 -0.7698686 -0.1618828 -0.7058069 -0.6837984 -0.185085 -0.6763443 -0.6837985 -0.2738213 -0.7504242 -0.5869936 -0.3038128 -0.7054122 -0.5869938 -0.3972807 -0.7639065 -0.4809928 -0.4302243 -0.7026185 -0.4809935 -0.5243782 -0.7453427 -0.3674708 -0.5562639 -0.6680905 -0.3674703 -0.6470091 -0.6958693 -0.2482106 -0.6739122 -0.6039791 -0.2482098 -0.7573646 -0.6185941 -0.1250802 -0.7756909 -0.5143215 -0.1250799 -0.8484271 -0.5183933 0 -0.8551424 -0.4047833 0 -0.9144127 -0.4016045 0.1250802 -0.9072314 -0.282294 0.1250801 -0.9511389 -0.2756227 0.2482107 -0.9286677 -0.1546057 0.2482104 -0.9562891 -0.1484339 0.3674708 -0.9181136 -0.02980947 0.3674708 -0.9295573 -0.02810055 0.4809932 -0.876274 0.08418637 0.4809936 -0.8726728 0.07774049 0.5869942 -0.80585 0.1801503 0.5869939 -0.7892934 0.1623675 0.6837983 -0.7113766 0.2520027 0.6837992 -0.6847724 0.2204127 0.7698687 -0.5989328 0.295193 0.7698688 -0.5658298 0.2482042 0.8438289 -0.47576 0.3070046 0.8438291 -0.4401145 0.2440057 0.9044889 -0.3498013 0.2867344 0.904489 -0.3157263 0.2081391 0.9508697 -0.2291834 0.2357383 0.9508689 -0.2006884 0.1429635 0.9822166 -0.1217051 0.1573532 0.9822165 -0.1024244 0.05273205 0.9980187 -0.03432399 -0.1740314 0.9822168 0.07045108 -0.1740311 0.9822162 0.07045984 -0.2869665 0.9508694 0.1161799 -0.2869666 0.9508689 0.1161836 -0.3953268 0.9044892 0.16005 -0.395327 0.9044889 0.1600517 -0.4973954 0.8438288 0.2013723 -0.4973946 0.8438295 0.2013719 -0.5915611 0.7698679 0.2394974 -0.5915606 0.7698685 0.2394967 -0.6763439 0.683799 0.2738209 -0.6763443 0.6837985 0.2738213 -0.7504242 0.5869936 0.3038128 -0.7504236 0.5869945 0.3038122 -0.8126506 0.480993 0.3290056 -0.8126513 0.4809923 0.3290054 -0.8620653 0.3674708 0.3490113 -0.8620651 0.3674708 0.3490114 -0.8979097 0.2482115 0.3635234 -0.8979104 0.2482091 0.3635234 -0.9196373 0.1250814 0.3723196 -0.9196375 0.125079 0.37232 -0.9269168 0 0.375267 -0.9196374 -0.1250807 0.3723198 -0.9196374 -0.1250797 0.3723199 -0.8979101 -0.2482106 0.3635232 -0.8979101 -0.24821 0.3635236 -0.8620653 -0.3674703 0.3490118 -0.862065 -0.3674713 0.349011 -0.8126509 -0.4809926 0.3290058 -0.8126509 -0.4809926 0.3290054 -0.7504235 -0.5869947 0.3038123 -0.7504242 -0.5869934 0.3038129 -0.6763437 -0.683799 0.2738211 -0.676344 -0.6837989 0.273821 -0.5915605 -0.7698688 0.2394958 -0.591561 -0.7698678 0.2394974 -0.4973948 -0.8438293 0.2013719 -0.4973953 -0.8438292 0.2013711 -0.395327 -0.9044893 0.1600493 -0.3953272 -0.9044888 0.1600516 -0.2869668 -0.9508696 0.1161776 -0.2869664 -0.9508689 0.1161844 -0.1740313 -0.9822165 0.07045537 -0.1740311 -0.9822162 0.07045996 -0.05832105 -0.9980186 0.0236147 0.06279015 -0.9980186 0.004030644 -0.5241586 0.6837984 0.5076195 -0.5815695 0.586994 0.5632185 -0.5047718 0.5869944 0.6329638 -0.5466282 0.4809934 0.685451 -0.4544879 0.4809921 0.7497249 -0.482124 0.3674702 0.7953127 -0.3764638 0.3674703 0.8504356 -0.3921176 0.2482095 0.8857968 -0.2756238 0.24821 0.9286675 -0.282294 0.1250795 0.9511389 -0.1583464 0.1250796 0.9794293 -0.0320515 0 0.9994863 -0.03179997 -0.1250801 0.9916369 0.09527027 -0.1250801 0.987562 0.09302014 -0.2482104 0.9642297 0.2155559 -0.2482104 0.9444191 0.2069515 -0.3674702 0.9067177 0.3212015 -0.3674702 0.8728089 0.3027897 -0.480993 0.8227784 0.4055202 -0.4809929 0.7773025 0.374468 -0.5869944 0.7177823 0.4631797 -0.5869942 0.6640049 0.4174568 -0.6837989 0.5984554 0.4905583 -0.683799 0.5401589 0.4290642 -0.7698689 0.472447 0.4859569 -0.7698686 0.4137007 0.4086008 -0.8438292 0.3478472 0.449728 -0.8438292 0.2927407 0.3574423 -0.9044888 0.2326695 0.3842602 -0.9044893 0.1850488 0.2789334 -0.9508696 0.1343249 0.2938205 -0.9508691 0.09755778 0.178188 -0.9822164 0.05916064 0.1842903 -0.9822163 0.03589165 0.06175917 -0.9980186 0.01202875 -0.05482286 0.9980188 0.03087174 -0.2481116 0.9508696 0.1851693 -0.2481119 0.9508693 0.1851704 -0.3418005 0.9044892 0.2550918 -0.3418002 0.9044895 0.2550913 -0.4300478 0.8438292 0.3209537 -0.4300489 0.8438286 0.3209537 -0.5114645 0.7698685 0.3817154 -0.5114636 0.7698689 0.3817155 -0.5847685 0.6837985 0.4364234 -0.5847681 0.6837989 0.4364234 -0.6488178 0.5869935 0.4842252 -0.6488181 0.5869933 0.484225 -0.7026189 0.4809929 0.5243783 -0.7026185 0.4809935 0.5243782 -0.7453427 0.3674708 0.5562639 -0.7453428 0.3674701 0.5562642 -0.7763338 0.2482115 0.5793935 -0.7763348 0.2482099 0.579393 -0.7951202 0.1250791 0.5934131 -0.79512 0.1250797 0.5934132 -0.8014139 0 0.5981101 -0.8014138 0 0.5981104 -0.7951202 -0.1250796 0.593413 -0.79512 -0.1250792 0.5934134 -0.7763342 -0.2482116 0.579393 -0.7763345 -0.2482097 0.5793934 -0.745343 -0.3674702 0.5562639 -0.7453426 -0.3674707 0.5562642 -0.7026186 -0.4809929 0.5243787 -0.7026187 -0.4809933 0.5243781 -0.648818 -0.5869936 0.4842249 -0.6488178 -0.5869939 0.484225 -0.5847677 -0.683799 0.4364238 -0.584769 -0.6837985 0.4364228 -0.5114639 -0.7698687 0.3817158 -0.5114644 -0.7698689 0.3817148 -0.4300487 -0.8438292 0.3209525 -0.4300484 -0.8438286 0.3209547 -0.3418008 -0.9044898 0.2550891 -0.3418 -0.9044889 0.2550932 -0.2481115 -0.9508695 0.1851704 -0.2481122 -0.9508695 0.1851693 -0.1504675 -0.982216 0.1123003 -0.1504676 -0.9822169 0.1122915 -0.05042451 -0.9980187 0.03763169 0.5355097 -0.843829 0.03438162 0.636891 -0.7698689 0.04088968 0.6264333 -0.7698687 0.1219982 0.7162147 -0.6837989 0.1394835 0.6924984 -0.6837986 0.2299252 0.768347 -0.5869944 0.2551089 0.7294166 -0.5869936 0.351269 0.7899013 -0.4809928 0.380397 0.7347729 -0.4809919 0.4782841 0.7794512 -0.36747 0.5073674 0.7081723 -0.3674696 0.6028749 0.7376176 -0.2482103 0.6279427 0.6512619 -0.24821 0.7171121 0.6670209 -0.1250808 0.7344644 0.5676234 -0.1250796 0.8137315 0.5721163 0 0.8201726 0.4625381 0 0.8865994 0.4589059 0.1250799 0.8796365 0.3426519 0.1250798 0.9310986 0.3345557 0.2482105 0.9091008 0.2155582 0.2482101 0.9444186 0.2069515 0.3674705 0.9067175 0.08930474 0.3674701 0.9257378 0.08418554 0.4809932 0.8726731 -0.0281009 0.480993 0.8762741 -0.02594786 0.5869944 0.8091751 -0.129211 0.5869943 0.7992136 -0.1164551 0.6837989 0.7203176 -0.2076125 0.6837986 0.6995117 -0.1815864 0.7698691 0.6118237 -0.258333 0.7698691 0.5835801 -0.2172113 0.8438293 0.4906846 -0.2781756 0.843829 0.4588802 -0.2210925 0.904489 0.3647159 -0.2659159 0.9044891 0.333449 -0.1930282 0.950869 0.2420502 -0.2223955 0.9508697 0.2153767 -0.1348722 0.9822167 0.1306135 -0.1504679 0.9822162 0.1122977 -0.05042457 0.9980188 0.03763169</float_array>
          <technique_common>
            <accessor source="#hinge-mesh-normals-array" count="2337" stride="3">
              <param name="X" type="float"/>
              <param name="Y" type="float"/>
              <param name="Z" type="float"/>
            </accessor>
          </technique_common>
        </source>
        <vertices id="hinge-mesh-vertices">
          <input semantic="POSITION" source="#hinge-mesh-positions"/>
        </vertices>
        <triangles count="2352">
          <input semantic="VERTEX" source="#hinge-mesh-vertices" offset="0"/>
          <input semantic="NORMAL" source="#hinge-mesh-normals" offset="1"/>
          <p>0 0 1 0 2 0 3 1 4 1 5 1 5 2 4 2 6 2 7 3 6 3 4 3 8 4 9 4 10 4 7 5 4 5 11 5 11 6 4 6 3 6 11 7 3 7 12 7 13 8 6 8 7 8 13 9 7 9 14 9 14 10 7 10 11 10 14 11 11 11 15 11 15 12 11 12 12 12 15 13 12 13 16 13 17 14 6 14 13 14 17 15 13 15 18 15 18 16 13 16 14 16 18 17 14 17 19 17 19 18 14 18 15 18 19 19 15 19 20 19 20 20 15 20 16 20 20 21 16 21 21 21 22 22 6 22 17 22 22 23 17 23 23 23 23 24 17 24 18 24 23 25 18 25 24 25 24 26 18 26 19 26 24 27 19 27 25 27 25 28 19 28 20 28 25 29 20 29 26 29 26 30 20 30 21 30 26 31 21 31 27 31 28 32 6 32 22 32 28 33 22 33 29 33 29 34 22 34 23 34 29 35 23 35 30 35 30 36 23 36 24 36 30 37 24 37 31 37 31 38 24 38 25 38 31 39 25 39 32 39 32 40 25 40 26 40 32 41 26 41 33 41 33 42 26 42 27 42 33 43 27 43 34 43 35 44 6 44 28 44 35 45 28 45 36 45 36 46 28 46 29 46 36 47 29 47 37 47 37 48 29 48 30 48 37 49 30 49 38 49 38 50 30 50 31 50 38 51 31 51 39 51 39 52 31 52 32 52 39 53 32 53 40 53 40 54 32 54 33 54 40 55 33 55 41 55 41 56 33 56 34 56 41 57 34 57 42 57 43 58 6 58 35 58 44 59 45 59 46 59 43 60 35 60 47 60 47 61 35 61 36 61 47 62 36 62 48 62 48 63 36 63 37 63 48 64 37 64 49 64 49 65 37 65 38 65 49 66 38 66 50 66 50 67 38 67 39 67 50 68 39 68 51 68 51 69 39 69 40 69 51 70 40 70 52 70 52 71 40 71 41 71 52 72 41 72 53 72 53 73 41 73 42 73 53 74 42 74 54 74 55 75 6 75 43 75 46 76 56 76 57 76 55 77 43 77 58 77 58 78 43 78 47 78 58 79 47 79 59 79 59 80 47 80 48 80 59 81 48 81 60 81 60 82 48 82 49 82 60 83 49 83 61 83 61 84 49 84 50 84 61 85 50 85 62 85 62 86 50 86 51 86 62 87 51 87 63 87 63 88 51 88 52 88 63 89 52 89 64 89 64 90 52 90 53 90 64 91 53 91 65 91 65 92 53 92 54 92 65 93 54 93 66 93 67 94 6 94 55 94 57 95 68 95 69 95 67 96 55 96 70 96 70 97 55 97 58 97 70 98 58 98 71 98 71 99 58 99 59 99 71 100 59 100 72 100 72 101 59 101 60 101 72 102 60 102 73 102 73 103 60 103 61 103 73 104 61 104 74 104 74 105 61 105 62 105 74 106 62 106 75 106 75 107 62 107 63 107 75 108 63 108 76 108 76 109 63 109 64 109 76 110 64 110 77 110 77 111 64 111 65 111 77 112 65 112 78 112 78 113 65 113 66 113 78 114 66 114 79 114 80 115 6 115 67 115 69 116 81 116 82 116 80 117 67 117 83 117 83 118 67 118 70 118 83 119 70 119 84 119 84 120 70 120 71 120 84 121 71 121 85 121 85 122 71 122 72 122 85 123 72 123 86 123 86 124 72 124 73 124 86 125 73 125 87 125 87 126 73 126 74 126 87 127 74 127 88 127 88 128 74 128 75 128 88 129 75 129 89 129 89 130 75 130 76 130 89 131 76 131 90 131 90 132 76 132 77 132 90 133 77 133 91 133 91 134 77 134 78 134 91 135 78 135 92 135 92 136 78 136 79 136 92 137 79 137 93 137 94 138 6 138 80 138 82 139 95 139 96 139 94 140 80 140 97 140 97 141 80 141 83 141 97 142 83 142 98 142 98 143 83 143 84 143 98 144 84 144 99 144 99 145 84 145 85 145 99 146 85 146 100 146 100 147 85 147 86 147 100 148 86 148 101 148 101 149 86 149 87 149 101 150 87 150 102 150 102 151 87 151 88 151 102 152 88 152 103 152 103 153 88 153 89 153 103 154 89 154 104 154 104 155 89 155 90 155 104 156 90 156 105 156 105 157 90 157 91 157 105 158 91 158 106 158 106 159 91 159 92 159 106 160 92 160 107 160 107 161 92 161 93 161 107 162 93 162 108 162 109 163 6 163 94 163 96 164 110 164 111 164 109 165 94 165 112 165 112 166 94 166 97 166 112 167 97 167 113 167 113 168 97 168 98 168 113 169 98 169 114 169 114 170 98 170 99 170 114 171 99 171 115 171 115 172 99 172 100 172 115 173 100 173 116 173 116 174 100 174 101 174 116 175 101 175 117 175 117 176 101 176 102 176 117 177 102 177 118 177 118 178 102 178 103 178 118 179 103 179 119 179 119 180 103 180 104 180 119 181 104 181 120 181 120 182 104 182 105 182 120 183 105 183 121 183 121 184 105 184 106 184 121 185 106 185 122 185 122 186 106 186 107 186 122 187 107 187 123 187 123 187 107 187 108 187 123 188 108 188 124 188 125 189 6 189 109 189 111 190 126 190 127 190 125 191 109 191 128 191 128 192 109 192 112 192 128 193 112 193 129 193 129 194 112 194 113 194 129 195 113 195 130 195 130 196 113 196 114 196 130 197 114 197 131 197 131 198 114 198 115 198 131 199 115 199 132 199 132 200 115 200 116 200 132 201 116 201 133 201 133 202 116 202 117 202 133 203 117 203 134 203 134 204 117 204 118 204 134 205 118 205 135 205 135 206 118 206 119 206 135 207 119 207 136 207 136 208 119 208 120 208 136 209 120 209 137 209 137 210 120 210 121 210 137 211 121 211 138 211 138 212 121 212 122 212 138 213 122 213 139 213 139 213 122 213 123 213 139 214 123 214 140 214 140 215 123 215 124 215 140 216 124 216 141 216 142 217 6 217 125 217 127 218 143 218 144 218 142 219 125 219 145 219 145 220 125 220 128 220 145 221 128 221 146 221 146 222 128 222 129 222 146 223 129 223 147 223 147 224 129 224 130 224 147 225 130 225 148 225 148 226 130 226 131 226 148 227 131 227 149 227 149 228 131 228 132 228 149 229 132 229 150 229 150 230 132 230 133 230 150 231 133 231 151 231 151 232 133 232 134 232 151 233 134 233 152 233 152 234 134 234 135 234 152 235 135 235 153 235 153 236 135 236 136 236 153 237 136 237 154 237 154 238 136 238 137 238 154 239 137 239 155 239 155 240 137 240 138 240 155 241 138 241 156 241 156 242 138 242 139 242 156 243 139 243 157 243 157 244 139 244 140 244 157 245 140 245 158 245 158 246 140 246 141 246 158 247 141 247 159 247 160 248 6 248 142 248 144 249 161 249 162 249 160 250 142 250 163 250 163 251 142 251 145 251 163 252 145 252 164 252 164 253 145 253 146 253 164 254 146 254 165 254 165 255 146 255 147 255 165 256 147 256 166 256 166 257 147 257 148 257 166 258 148 258 167 258 167 259 148 259 149 259 167 260 149 260 168 260 168 261 149 261 150 261 168 262 150 262 169 262 169 263 150 263 151 263 169 264 151 264 170 264 170 265 151 265 152 265 170 266 152 266 171 266 171 267 152 267 153 267 171 268 153 268 172 268 172 269 153 269 154 269 172 270 154 270 173 270 173 271 154 271 155 271 173 272 155 272 174 272 174 273 155 273 156 273 174 274 156 274 175 274 175 275 156 275 157 275 175 276 157 276 176 276 176 277 157 277 158 277 176 278 158 278 177 278 177 279 158 279 159 279 177 280 159 280 178 280 179 281 6 281 160 281 162 282 180 282 181 282 179 283 160 283 182 283 182 284 160 284 163 284 182 285 163 285 183 285 183 286 163 286 164 286 183 287 164 287 184 287 184 288 164 288 165 288 184 289 165 289 185 289 185 290 165 290 166 290 185 291 166 291 186 291 186 292 166 292 167 292 186 293 167 293 187 293 187 294 167 294 168 294 187 295 168 295 188 295 188 296 168 296 169 296 188 297 169 297 189 297 189 298 169 298 170 298 189 299 170 299 190 299 190 300 170 300 171 300 190 301 171 301 191 301 191 302 171 302 172 302 191 303 172 303 192 303 192 304 172 304 173 304 192 305 173 305 193 305 193 305 173 305 174 305 193 306 174 306 194 306 194 307 174 307 175 307 194 308 175 308 195 308 195 309 175 309 176 309 195 310 176 310 196 310 196 311 176 311 177 311 196 312 177 312 197 312 197 313 177 313 178 313 197 314 178 314 198 314 199 315 6 315 179 315 181 316 200 316 201 316 199 317 179 317 202 317 202 318 179 318 182 318 202 319 182 319 203 319 203 320 182 320 183 320 203 321 183 321 204 321 204 322 183 322 184 322 204 323 184 323 205 323 205 324 184 324 185 324 205 325 185 325 206 325 206 326 185 326 186 326 206 327 186 327 207 327 207 328 186 328 187 328 207 329 187 329 208 329 208 330 187 330 188 330 208 331 188 331 209 331 209 332 188 332 189 332 209 333 189 333 210 333 210 334 189 334 190 334 210 335 190 335 211 335 211 336 190 336 191 336 211 337 191 337 212 337 212 338 191 338 192 338 212 339 192 339 213 339 213 339 192 339 193 339 213 340 193 340 214 340 214 341 193 341 194 341 214 342 194 342 215 342 215 343 194 343 195 343 215 344 195 344 216 344 216 345 195 345 196 345 216 346 196 346 217 346 217 347 196 347 197 347 217 348 197 348 218 348 218 349 197 349 198 349 218 350 198 350 219 350 220 351 6 351 199 351 201 352 221 352 222 352 220 353 199 353 223 353 223 354 199 354 202 354 223 355 202 355 224 355 224 356 202 356 203 356 224 357 203 357 225 357 225 358 203 358 204 358 225 359 204 359 226 359 226 360 204 360 205 360 226 361 205 361 227 361 227 362 205 362 206 362 227 363 206 363 228 363 228 364 206 364 207 364 228 365 207 365 229 365 229 366 207 366 208 366 229 367 208 367 230 367 230 368 208 368 209 368 230 369 209 369 231 369 231 370 209 370 210 370 231 371 210 371 232 371 232 372 210 372 211 372 232 373 211 373 233 373 233 374 211 374 212 374 233 375 212 375 234 375 234 376 212 376 213 376 234 377 213 377 235 377 235 378 213 378 214 378 235 379 214 379 236 379 236 380 214 380 215 380 236 381 215 381 237 381 237 382 215 382 216 382 237 383 216 383 238 383 238 384 216 384 217 384 238 385 217 385 239 385 239 386 217 386 218 386 239 387 218 387 240 387 240 388 218 388 219 388 240 389 219 389 241 389 242 390 6 390 220 390 222 391 243 391 244 391 242 392 220 392 245 392 245 393 220 393 223 393 245 394 223 394 246 394 246 395 223 395 224 395 246 396 224 396 247 396 247 397 224 397 225 397 247 398 225 398 248 398 248 399 225 399 226 399 248 400 226 400 249 400 249 401 226 401 227 401 249 402 227 402 250 402 250 403 227 403 228 403 250 404 228 404 251 404 251 405 228 405 229 405 251 406 229 406 252 406 252 407 229 407 230 407 252 408 230 408 253 408 253 409 230 409 231 409 253 410 231 410 254 410 254 411 231 411 232 411 254 412 232 412 255 412 255 413 232 413 233 413 255 414 233 414 256 414 256 414 233 414 234 414 256 415 234 415 257 415 257 416 234 416 235 416 257 417 235 417 258 417 258 418 235 418 236 418 258 419 236 419 259 419 259 420 236 420 237 420 259 421 237 421 260 421 260 422 237 422 238 422 260 423 238 423 261 423 261 424 238 424 239 424 261 425 239 425 262 425 262 426 239 426 240 426 262 427 240 427 263 427 263 428 240 428 241 428 263 429 241 429 264 429 265 430 6 430 242 430 244 431 266 431 267 431 265 432 242 432 268 432 268 433 242 433 245 433 268 434 245 434 269 434 269 435 245 435 246 435 269 436 246 436 270 436 270 437 246 437 247 437 270 438 247 438 271 438 271 439 247 439 248 439 271 440 248 440 272 440 272 441 248 441 249 441 272 442 249 442 273 442 273 443 249 443 250 443 273 444 250 444 274 444 274 445 250 445 251 445 274 446 251 446 275 446 275 447 251 447 252 447 275 448 252 448 276 448 276 449 252 449 253 449 276 450 253 450 277 450 277 451 253 451 254 451 277 452 254 452 278 452 278 453 254 453 255 453 278 454 255 454 279 454 279 455 255 455 256 455 279 456 256 456 280 456 280 457 256 457 257 457 280 458 257 458 281 458 281 459 257 459 258 459 281 460 258 460 282 460 282 461 258 461 259 461 282 462 259 462 283 462 283 463 259 463 260 463 283 464 260 464 284 464 284 465 260 465 261 465 284 466 261 466 285 466 285 467 261 467 262 467 285 468 262 468 286 468 286 469 262 469 263 469 286 470 263 470 287 470 287 471 263 471 264 471 287 472 264 472 288 472 289 473 6 473 265 473 267 474 290 474 291 474 289 475 265 475 292 475 292 476 265 476 268 476 292 477 268 477 293 477 293 478 268 478 269 478 293 479 269 479 294 479 294 480 269 480 270 480 294 481 270 481 295 481 295 482 270 482 271 482 295 483 271 483 296 483 296 484 271 484 272 484 296 485 272 485 297 485 297 486 272 486 273 486 297 487 273 487 298 487 298 488 273 488 274 488 298 489 274 489 299 489 299 490 274 490 275 490 299 491 275 491 300 491 300 492 275 492 276 492 300 493 276 493 301 493 301 494 276 494 277 494 301 495 277 495 302 495 302 496 277 496 278 496 302 497 278 497 303 497 303 497 278 497 279 497 303 498 279 498 304 498 304 499 279 499 280 499 304 500 280 500 305 500 305 501 280 501 281 501 305 502 281 502 306 502 306 503 281 503 282 503 306 504 282 504 307 504 307 505 282 505 283 505 307 506 283 506 308 506 308 507 283 507 284 507 308 508 284 508 309 508 309 509 284 509 285 509 309 510 285 510 310 510 310 511 285 511 286 511 310 512 286 512 311 512 311 513 286 513 287 513 311 514 287 514 312 514 312 515 287 515 288 515 312 516 288 516 313 516 314 517 6 517 289 517 291 518 315 518 316 518 317 519 318 519 319 519 319 520 318 520 320 520 319 521 320 521 321 521 321 522 320 522 322 522 321 523 322 523 323 523 323 524 322 524 324 524 323 525 324 525 325 525 325 526 324 526 326 526 325 527 326 527 327 527 327 528 326 528 328 528 327 529 328 529 329 529 329 530 328 530 330 530 329 531 330 531 331 531 331 532 330 532 332 532 331 533 332 533 333 533 333 534 332 534 334 534 333 535 334 535 335 535 335 536 334 536 336 536 335 537 336 537 337 537 337 538 336 538 338 538 337 539 338 539 339 539 339 540 338 540 340 540 339 541 340 541 341 541 341 542 340 542 342 542 341 543 342 543 343 543 343 544 342 544 344 544 343 545 344 545 345 545 345 546 344 546 346 546 345 547 346 547 347 547 347 548 346 548 348 548 347 549 348 549 349 549 349 550 348 550 350 550 349 551 350 551 351 551 351 552 350 552 352 552 351 553 352 553 353 553 353 554 352 554 354 554 353 555 354 555 355 555 1 556 0 556 316 556 316 557 315 557 1 557 1 558 315 558 356 558 1 559 356 559 2 559 291 560 290 560 315 560 315 561 290 561 357 561 315 562 357 562 356 562 356 563 357 563 358 563 356 564 358 564 2 564 267 565 266 565 290 565 290 566 266 566 359 566 290 567 359 567 357 567 357 568 359 568 360 568 357 569 360 569 358 569 358 570 360 570 361 570 358 571 361 571 2 571 244 572 243 572 266 572 266 573 243 573 362 573 266 574 362 574 359 574 359 575 362 575 363 575 359 576 363 576 360 576 360 577 363 577 364 577 360 578 364 578 361 578 361 579 364 579 365 579 361 580 365 580 2 580 222 581 221 581 243 581 243 582 221 582 366 582 243 583 366 583 362 583 362 584 366 584 367 584 362 585 367 585 363 585 363 586 367 586 368 586 363 587 368 587 364 587 364 588 368 588 369 588 364 589 369 589 365 589 365 590 369 590 370 590 365 591 370 591 2 591 201 592 200 592 221 592 221 593 200 593 371 593 221 594 371 594 366 594 366 595 371 595 372 595 366 596 372 596 367 596 367 597 372 597 373 597 367 598 373 598 368 598 368 599 373 599 374 599 368 600 374 600 369 600 369 601 374 601 375 601 369 602 375 602 370 602 370 603 375 603 376 603 370 604 376 604 2 604 181 605 180 605 200 605 200 606 180 606 377 606 200 607 377 607 371 607 371 608 377 608 378 608 371 609 378 609 372 609 372 610 378 610 379 610 372 611 379 611 373 611 373 612 379 612 380 612 373 613 380 613 374 613 374 614 380 614 381 614 374 615 381 615 375 615 375 616 381 616 382 616 375 617 382 617 376 617 376 618 382 618 383 618 376 619 383 619 2 619 162 620 161 620 180 620 180 621 161 621 384 621 180 622 384 622 377 622 377 623 384 623 385 623 377 624 385 624 378 624 378 625 385 625 386 625 378 626 386 626 379 626 379 627 386 627 387 627 379 628 387 628 380 628 380 629 387 629 388 629 380 630 388 630 381 630 381 631 388 631 389 631 381 632 389 632 382 632 382 633 389 633 390 633 382 634 390 634 383 634 383 635 390 635 391 635 383 636 391 636 2 636 144 637 143 637 161 637 161 638 143 638 392 638 161 639 392 639 384 639 384 640 392 640 393 640 384 641 393 641 385 641 385 642 393 642 394 642 385 643 394 643 386 643 386 644 394 644 395 644 386 645 395 645 387 645 387 646 395 646 396 646 387 647 396 647 388 647 388 648 396 648 397 648 388 649 397 649 389 649 389 650 397 650 398 650 389 651 398 651 390 651 390 652 398 652 399 652 390 653 399 653 391 653 391 654 399 654 400 654 391 655 400 655 2 655 127 656 126 656 143 656 143 657 126 657 401 657 143 658 401 658 392 658 392 659 401 659 402 659 392 660 402 660 393 660 393 661 402 661 403 661 393 662 403 662 394 662 394 663 403 663 404 663 394 664 404 664 395 664 395 665 404 665 405 665 395 666 405 666 396 666 396 667 405 667 406 667 396 668 406 668 397 668 397 669 406 669 407 669 397 670 407 670 398 670 398 671 407 671 408 671 398 672 408 672 399 672 399 673 408 673 409 673 399 674 409 674 400 674 400 675 409 675 410 675 400 676 410 676 2 676 111 677 110 677 126 677 126 678 110 678 411 678 126 679 411 679 401 679 401 680 411 680 412 680 401 681 412 681 402 681 402 682 412 682 413 682 402 683 413 683 403 683 403 684 413 684 414 684 403 685 414 685 404 685 404 686 414 686 415 686 404 687 415 687 405 687 405 688 415 688 416 688 405 689 416 689 406 689 406 690 416 690 417 690 406 691 417 691 407 691 407 692 417 692 418 692 407 693 418 693 408 693 408 694 418 694 419 694 408 695 419 695 409 695 409 696 419 696 420 696 409 697 420 697 410 697 410 698 420 698 421 698 410 699 421 699 2 699 96 700 95 700 110 700 110 701 95 701 422 701 110 702 422 702 411 702 411 703 422 703 423 703 411 704 423 704 412 704 412 705 423 705 424 705 412 706 424 706 413 706 413 707 424 707 425 707 413 708 425 708 414 708 414 709 425 709 426 709 414 710 426 710 415 710 415 711 426 711 427 711 415 712 427 712 416 712 416 713 427 713 428 713 416 714 428 714 417 714 417 715 428 715 429 715 417 716 429 716 418 716 418 717 429 717 430 717 418 718 430 718 419 718 419 719 430 719 431 719 419 720 431 720 420 720 420 721 431 721 432 721 420 722 432 722 421 722 421 723 432 723 433 723 421 724 433 724 2 724 82 725 81 725 95 725 95 726 81 726 434 726 95 727 434 727 422 727 422 728 434 728 435 728 422 729 435 729 423 729 423 730 435 730 436 730 423 731 436 731 424 731 424 732 436 732 437 732 424 733 437 733 425 733 425 734 437 734 438 734 425 735 438 735 426 735 426 736 438 736 439 736 426 737 439 737 427 737 427 738 439 738 440 738 427 739 440 739 428 739 428 740 440 740 441 740 428 741 441 741 429 741 429 742 441 742 442 742 429 743 442 743 430 743 430 744 442 744 443 744 430 745 443 745 431 745 431 746 443 746 444 746 431 747 444 747 432 747 432 748 444 748 445 748 432 749 445 749 433 749 433 750 445 750 446 750 433 751 446 751 2 751 69 752 68 752 81 752 81 753 68 753 447 753 81 754 447 754 434 754 434 755 447 755 448 755 434 756 448 756 435 756 435 757 448 757 449 757 435 758 449 758 436 758 436 759 449 759 450 759 436 760 450 760 437 760 437 761 450 761 451 761 437 762 451 762 438 762 438 763 451 763 452 763 438 764 452 764 439 764 439 765 452 765 453 765 439 766 453 766 440 766 440 767 453 767 454 767 440 768 454 768 441 768 441 769 454 769 455 769 441 770 455 770 442 770 442 771 455 771 456 771 442 772 456 772 443 772 443 773 456 773 457 773 443 774 457 774 444 774 444 775 457 775 458 775 444 776 458 776 445 776 445 777 458 777 459 777 445 778 459 778 446 778 446 779 459 779 460 779 446 780 460 780 2 780 57 781 56 781 68 781 68 782 56 782 461 782 68 783 461 783 447 783 447 784 461 784 462 784 447 785 462 785 448 785 448 786 462 786 463 786 448 787 463 787 449 787 449 787 463 787 464 787 449 788 464 788 450 788 450 789 464 789 465 789 450 790 465 790 451 790 451 791 465 791 466 791 451 792 466 792 452 792 452 793 466 793 467 793 452 794 467 794 453 794 453 795 467 795 468 795 453 796 468 796 454 796 454 797 468 797 469 797 454 798 469 798 455 798 455 799 469 799 470 799 455 800 470 800 456 800 456 801 470 801 471 801 456 802 471 802 457 802 457 803 471 803 472 803 457 804 472 804 458 804 458 805 472 805 473 805 458 806 473 806 459 806 459 807 473 807 474 807 459 808 474 808 460 808 460 809 474 809 475 809 460 810 475 810 2 810 46 811 45 811 56 811 56 812 45 812 476 812 56 813 476 813 461 813 461 814 476 814 477 814 461 815 477 815 462 815 462 816 477 816 478 816 462 817 478 817 463 817 463 818 478 818 479 818 463 819 479 819 464 819 464 819 479 819 480 819 464 820 480 820 465 820 465 821 480 821 481 821 465 822 481 822 466 822 466 823 481 823 482 823 466 824 482 824 467 824 467 825 482 825 483 825 467 826 483 826 468 826 468 827 483 827 484 827 468 828 484 828 469 828 469 829 484 829 485 829 469 830 485 830 470 830 470 831 485 831 486 831 470 832 486 832 471 832 471 833 486 833 487 833 471 834 487 834 472 834 472 835 487 835 488 835 472 836 488 836 473 836 473 837 488 837 489 837 473 838 489 838 474 838 474 839 489 839 490 839 474 840 490 840 475 840 475 841 490 841 491 841 475 842 491 842 2 842 8 843 314 843 9 843 9 844 314 844 492 844 9 845 492 845 493 845 493 846 492 846 494 846 493 847 494 847 495 847 495 848 494 848 496 848 495 849 496 849 497 849 497 850 496 850 498 850 497 851 498 851 499 851 499 852 498 852 500 852 499 853 500 853 501 853 501 854 500 854 502 854 501 855 502 855 503 855 503 856 502 856 504 856 503 857 504 857 505 857 505 858 504 858 506 858 505 859 506 859 507 859 507 860 506 860 508 860 507 861 508 861 509 861 509 862 508 862 510 862 509 863 510 863 511 863 511 864 510 864 512 864 511 865 512 865 513 865 513 866 512 866 514 866 513 867 514 867 515 867 515 868 514 868 516 868 515 869 516 869 517 869 517 870 516 870 518 870 517 871 518 871 519 871 519 872 518 872 520 872 519 873 520 873 521 873 521 874 520 874 522 874 521 875 522 875 523 875 523 876 522 876 524 876 523 877 524 877 525 877 525 878 524 878 526 878 525 879 526 879 527 879 527 880 526 880 528 880 527 881 528 881 529 881 529 882 528 882 530 882 529 883 530 883 531 883 531 884 530 884 532 884 531 885 532 885 533 885 533 886 532 886 534 886 533 887 534 887 535 887 535 888 534 888 536 888 535 889 536 889 2 889 2 890 537 890 538 890 538 891 537 891 539 891 538 892 539 892 540 892 540 893 539 893 541 893 540 894 541 894 542 894 542 895 541 895 543 895 542 896 543 896 544 896 544 897 543 897 545 897 544 898 545 898 546 898 546 899 545 899 547 899 546 900 547 900 548 900 548 901 547 901 549 901 548 902 549 902 550 902 550 903 549 903 551 903 550 904 551 904 552 904 552 905 551 905 553 905 552 906 553 906 554 906 554 907 553 907 555 907 554 908 555 908 556 908 556 909 555 909 557 909 556 910 557 910 558 910 558 911 557 911 559 911 558 912 559 912 560 912 560 913 559 913 561 913 560 914 561 914 562 914 562 915 561 915 563 915 562 916 563 916 564 916 564 917 563 917 565 917 564 918 565 918 566 918 566 919 565 919 567 919 566 920 567 920 568 920 568 921 567 921 569 921 568 922 569 922 570 922 570 923 569 923 571 923 570 924 571 924 572 924 572 925 571 925 573 925 572 926 573 926 574 926 574 927 573 927 575 927 574 928 575 928 576 928 576 929 575 929 577 929 576 930 577 930 578 930 578 931 577 931 579 931 578 932 579 932 580 932 580 933 579 933 581 933 580 934 581 934 582 934 582 935 581 935 583 935 582 936 583 936 584 936 584 937 583 937 6 937 2 938 585 938 586 938 586 939 585 939 587 939 586 940 587 940 588 940 588 941 587 941 589 941 588 942 589 942 590 942 590 943 589 943 591 943 590 944 591 944 592 944 592 945 591 945 593 945 592 946 593 946 594 946 594 947 593 947 595 947 594 948 595 948 596 948 596 949 595 949 597 949 596 950 597 950 598 950 598 951 597 951 599 951 598 952 599 952 600 952 600 953 599 953 601 953 600 954 601 954 602 954 602 955 601 955 603 955 602 956 603 956 604 956 604 957 603 957 605 957 604 958 605 958 606 958 606 959 605 959 607 959 606 960 607 960 608 960 608 961 607 961 609 961 608 962 609 962 610 962 610 963 609 963 611 963 610 964 611 964 612 964 612 965 611 965 613 965 612 966 613 966 614 966 614 967 613 967 615 967 614 968 615 968 616 968 616 969 615 969 617 969 616 970 617 970 618 970 618 971 617 971 619 971 618 972 619 972 620 972 620 973 619 973 621 973 620 974 621 974 622 974 622 975 621 975 623 975 622 976 623 976 624 976 624 977 623 977 625 977 624 978 625 978 626 978 626 979 625 979 627 979 626 980 627 980 628 980 628 981 627 981 629 981 628 982 629 982 630 982 630 983 629 983 631 983 630 984 631 984 632 984 632 985 631 985 6 985 6 986 633 986 632 986 632 987 633 987 634 987 632 988 634 988 630 988 630 989 634 989 635 989 630 990 635 990 628 990 628 991 635 991 636 991 628 992 636 992 626 992 626 993 636 993 637 993 626 994 637 994 624 994 624 995 637 995 638 995 624 996 638 996 622 996 622 997 638 997 639 997 622 998 639 998 620 998 620 999 639 999 640 999 620 1000 640 1000 618 1000 618 1001 640 1001 641 1001 618 1002 641 1002 616 1002 616 1003 641 1003 642 1003 616 1004 642 1004 614 1004 614 1005 642 1005 643 1005 614 1006 643 1006 612 1006 612 1007 643 1007 644 1007 612 1008 644 1008 610 1008 610 1009 644 1009 645 1009 610 1010 645 1010 608 1010 608 1011 645 1011 646 1011 608 1012 646 1012 606 1012 606 1013 646 1013 647 1013 606 1014 647 1014 604 1014 604 1015 647 1015 648 1015 604 1016 648 1016 602 1016 602 1017 648 1017 649 1017 602 1018 649 1018 600 1018 600 1019 649 1019 650 1019 600 1020 650 1020 598 1020 598 1021 650 1021 651 1021 598 1022 651 1022 596 1022 596 1023 651 1023 652 1023 596 1024 652 1024 594 1024 594 1025 652 1025 653 1025 594 1026 653 1026 592 1026 592 1027 653 1027 654 1027 592 1028 654 1028 590 1028 590 1029 654 1029 655 1029 590 1030 655 1030 588 1030 588 1031 655 1031 656 1031 588 1032 656 1032 586 1032 586 1033 656 1033 2 1033 6 1034 657 1034 633 1034 633 1035 657 1035 658 1035 633 1036 658 1036 634 1036 634 1037 658 1037 659 1037 634 1038 659 1038 635 1038 635 1039 659 1039 660 1039 635 1040 660 1040 636 1040 636 1041 660 1041 661 1041 636 1042 661 1042 637 1042 637 1043 661 1043 662 1043 637 1044 662 1044 638 1044 638 1045 662 1045 663 1045 638 1046 663 1046 639 1046 639 1047 663 1047 664 1047 639 1048 664 1048 640 1048 640 1049 664 1049 665 1049 640 1050 665 1050 641 1050 641 1051 665 1051 666 1051 641 1052 666 1052 642 1052 642 1053 666 1053 667 1053 642 1054 667 1054 643 1054 643 1055 667 1055 668 1055 643 1056 668 1056 644 1056 644 1057 668 1057 669 1057 644 1058 669 1058 645 1058 645 1059 669 1059 670 1059 645 1060 670 1060 646 1060 646 1061 670 1061 671 1061 646 1062 671 1062 647 1062 647 1063 671 1063 672 1063 647 1064 672 1064 648 1064 648 1065 672 1065 673 1065 648 1066 673 1066 649 1066 649 1067 673 1067 674 1067 649 1068 674 1068 650 1068 650 1069 674 1069 675 1069 650 1070 675 1070 651 1070 651 1071 675 1071 676 1071 651 1072 676 1072 652 1072 652 1073 676 1073 677 1073 652 1074 677 1074 653 1074 653 1075 677 1075 678 1075 653 1076 678 1076 654 1076 654 1077 678 1077 679 1077 654 1078 679 1078 655 1078 655 1079 679 1079 680 1079 655 1080 680 1080 656 1080 656 1081 680 1081 2 1081 6 1082 681 1082 657 1082 657 1083 681 1083 682 1083 657 1084 682 1084 658 1084 658 1085 682 1085 683 1085 658 1086 683 1086 659 1086 659 1087 683 1087 684 1087 659 1088 684 1088 660 1088 660 1089 684 1089 685 1089 660 1090 685 1090 661 1090 661 1091 685 1091 686 1091 661 1092 686 1092 662 1092 662 1093 686 1093 687 1093 662 1094 687 1094 663 1094 663 1095 687 1095 688 1095 663 1096 688 1096 664 1096 664 1097 688 1097 689 1097 664 1098 689 1098 665 1098 665 1099 689 1099 690 1099 665 1100 690 1100 666 1100 666 1101 690 1101 691 1101 666 1102 691 1102 667 1102 667 1103 691 1103 692 1103 667 1104 692 1104 668 1104 668 1105 692 1105 693 1105 668 1106 693 1106 669 1106 669 1107 693 1107 694 1107 669 1108 694 1108 670 1108 670 1109 694 1109 695 1109 670 1110 695 1110 671 1110 671 1111 695 1111 696 1111 671 1112 696 1112 672 1112 672 1113 696 1113 697 1113 672 1114 697 1114 673 1114 673 1115 697 1115 698 1115 673 1116 698 1116 674 1116 674 1117 698 1117 699 1117 674 1118 699 1118 675 1118 675 1119 699 1119 700 1119 675 1120 700 1120 676 1120 676 1121 700 1121 701 1121 676 1122 701 1122 677 1122 677 1123 701 1123 702 1123 677 1124 702 1124 678 1124 678 1125 702 1125 703 1125 678 1126 703 1126 679 1126 679 1127 703 1127 704 1127 679 1128 704 1128 680 1128 680 1129 704 1129 2 1129 6 1130 705 1130 681 1130 681 1131 705 1131 706 1131 681 1132 706 1132 682 1132 682 1133 706 1133 707 1133 682 1134 707 1134 683 1134 683 1135 707 1135 708 1135 683 1136 708 1136 684 1136 684 1137 708 1137 709 1137 684 1138 709 1138 685 1138 685 1139 709 1139 710 1139 685 1140 710 1140 686 1140 686 1141 710 1141 711 1141 686 1142 711 1142 687 1142 687 1143 711 1143 712 1143 687 1144 712 1144 688 1144 688 1145 712 1145 713 1145 688 1146 713 1146 689 1146 689 1147 713 1147 714 1147 689 1148 714 1148 690 1148 690 1149 714 1149 715 1149 690 1150 715 1150 691 1150 691 1151 715 1151 716 1151 691 1152 716 1152 692 1152 692 1153 716 1153 717 1153 692 1105 717 1105 693 1105 693 1154 717 1154 718 1154 693 1155 718 1155 694 1155 694 1156 718 1156 719 1156 694 1157 719 1157 695 1157 695 1158 719 1158 720 1158 695 1159 720 1159 696 1159 696 1160 720 1160 721 1160 696 1161 721 1161 697 1161 697 1162 721 1162 722 1162 697 1163 722 1163 698 1163 698 1164 722 1164 723 1164 698 1165 723 1165 699 1165 699 1166 723 1166 724 1166 699 1167 724 1167 700 1167 700 1168 724 1168 725 1168 700 1169 725 1169 701 1169 701 1170 725 1170 726 1170 701 1171 726 1171 702 1171 702 1172 726 1172 727 1172 702 1173 727 1173 703 1173 703 1174 727 1174 728 1174 703 1175 728 1175 704 1175 704 1176 728 1176 2 1176 6 1177 729 1177 705 1177 705 1178 729 1178 730 1178 705 1179 730 1179 706 1179 706 1180 730 1180 731 1180 706 1181 731 1181 707 1181 707 1182 731 1182 732 1182 707 1183 732 1183 708 1183 708 1184 732 1184 733 1184 708 1185 733 1185 709 1185 709 1186 733 1186 734 1186 709 1187 734 1187 710 1187 710 1188 734 1188 735 1188 710 1189 735 1189 711 1189 711 1190 735 1190 736 1190 711 1191 736 1191 712 1191 712 1192 736 1192 737 1192 712 1193 737 1193 713 1193 713 1194 737 1194 738 1194 713 1195 738 1195 714 1195 714 1196 738 1196 739 1196 714 1197 739 1197 715 1197 715 1198 739 1198 740 1198 715 1199 740 1199 716 1199 716 1200 740 1200 741 1200 716 1201 741 1201 717 1201 717 1202 741 1202 742 1202 717 1203 742 1203 718 1203 718 1204 742 1204 743 1204 718 1205 743 1205 719 1205 719 1206 743 1206 744 1206 719 1207 744 1207 720 1207 720 1208 744 1208 745 1208 720 1209 745 1209 721 1209 721 1210 745 1210 746 1210 721 1211 746 1211 722 1211 722 1212 746 1212 747 1212 722 1213 747 1213 723 1213 723 1214 747 1214 748 1214 723 1215 748 1215 724 1215 724 1216 748 1216 749 1216 724 1217 749 1217 725 1217 725 1218 749 1218 750 1218 725 1219 750 1219 726 1219 726 1220 750 1220 751 1220 726 1221 751 1221 727 1221 727 1222 751 1222 752 1222 727 1223 752 1223 728 1223 728 1224 752 1224 2 1224 6 1225 753 1225 729 1225 729 1226 753 1226 754 1226 729 1227 754 1227 730 1227 730 1228 754 1228 755 1228 730 1229 755 1229 731 1229 731 1230 755 1230 756 1230 731 1231 756 1231 732 1231 732 1232 756 1232 757 1232 732 1233 757 1233 733 1233 733 1234 757 1234 758 1234 733 1235 758 1235 734 1235 734 1236 758 1236 759 1236 734 1237 759 1237 735 1237 735 1238 759 1238 760 1238 735 1239 760 1239 736 1239 736 1240 760 1240 761 1240 736 1241 761 1241 737 1241 737 1242 761 1242 762 1242 737 1243 762 1243 738 1243 738 1244 762 1244 763 1244 738 1245 763 1245 739 1245 739 1246 763 1246 764 1246 739 1247 764 1247 740 1247 740 1248 764 1248 765 1248 740 1249 765 1249 741 1249 741 1250 765 1250 766 1250 741 1251 766 1251 742 1251 742 1252 766 1252 767 1252 742 1253 767 1253 743 1253 743 1254 767 1254 768 1254 743 1255 768 1255 744 1255 744 1256 768 1256 769 1256 744 1257 769 1257 745 1257 745 1258 769 1258 770 1258 745 1259 770 1259 746 1259 746 1260 770 1260 771 1260 746 1261 771 1261 747 1261 747 1262 771 1262 772 1262 747 1263 772 1263 748 1263 748 1264 772 1264 773 1264 748 1265 773 1265 749 1265 749 1266 773 1266 774 1266 749 1267 774 1267 750 1267 750 1268 774 1268 775 1268 750 1269 775 1269 751 1269 751 1270 775 1270 776 1270 751 1271 776 1271 752 1271 752 1272 776 1272 2 1272 6 1273 777 1273 753 1273 753 1274 777 1274 778 1274 753 1275 778 1275 754 1275 754 1276 778 1276 779 1276 754 1277 779 1277 755 1277 755 1278 779 1278 780 1278 755 1279 780 1279 756 1279 756 1280 780 1280 781 1280 756 1281 781 1281 757 1281 757 1282 781 1282 782 1282 757 1283 782 1283 758 1283 758 1284 782 1284 783 1284 758 1285 783 1285 759 1285 759 1286 783 1286 784 1286 759 1287 784 1287 760 1287 760 1288 784 1288 785 1288 760 1289 785 1289 761 1289 761 1290 785 1290 786 1290 761 1291 786 1291 762 1291 762 1292 786 1292 787 1292 762 1293 787 1293 763 1293 763 1294 787 1294 788 1294 763 1295 788 1295 764 1295 764 1296 788 1296 789 1296 764 1297 789 1297 765 1297 765 1298 789 1298 790 1298 765 1299 790 1299 766 1299 766 1300 790 1300 791 1300 766 1301 791 1301 767 1301 767 1302 791 1302 792 1302 767 1303 792 1303 768 1303 768 1304 792 1304 793 1304 768 1305 793 1305 769 1305 769 1306 793 1306 794 1306 769 1307 794 1307 770 1307 770 1308 794 1308 795 1308 770 1309 795 1309 771 1309 771 1310 795 1310 796 1310 771 1311 796 1311 772 1311 772 1312 796 1312 797 1312 772 1313 797 1313 773 1313 773 1314 797 1314 798 1314 773 1315 798 1315 774 1315 774 1316 798 1316 799 1316 774 1317 799 1317 775 1317 775 1318 799 1318 800 1318 775 1319 800 1319 776 1319 776 1320 800 1320 2 1320 6 1321 801 1321 777 1321 777 1322 801 1322 802 1322 777 1323 802 1323 778 1323 778 1324 802 1324 803 1324 778 1325 803 1325 779 1325 779 1326 803 1326 804 1326 779 1327 804 1327 780 1327 780 1328 804 1328 805 1328 780 1329 805 1329 781 1329 781 1330 805 1330 806 1330 781 1331 806 1331 782 1331 782 1332 806 1332 807 1332 782 1333 807 1333 783 1333 783 1334 807 1334 808 1334 783 1335 808 1335 784 1335 784 1336 808 1336 809 1336 784 1337 809 1337 785 1337 785 1338 809 1338 810 1338 785 1339 810 1339 786 1339 786 1340 810 1340 811 1340 786 1341 811 1341 787 1341 787 1342 811 1342 812 1342 787 1343 812 1343 788 1343 788 1344 812 1344 813 1344 788 1345 813 1345 789 1345 789 1346 813 1346 814 1346 789 1347 814 1347 790 1347 790 1348 814 1348 815 1348 790 1349 815 1349 791 1349 791 1350 815 1350 816 1350 791 1351 816 1351 792 1351 792 1352 816 1352 817 1352 792 1353 817 1353 793 1353 793 1354 817 1354 818 1354 793 1355 818 1355 794 1355 794 1356 818 1356 819 1356 794 1357 819 1357 795 1357 795 1358 819 1358 820 1358 795 1359 820 1359 796 1359 796 1360 820 1360 821 1360 796 1361 821 1361 797 1361 797 1362 821 1362 822 1362 797 1363 822 1363 798 1363 798 1364 822 1364 823 1364 798 1365 823 1365 799 1365 799 1366 823 1366 824 1366 799 1367 824 1367 800 1367 800 1368 824 1368 2 1368 6 1369 825 1369 801 1369 801 1370 825 1370 826 1370 801 1371 826 1371 802 1371 802 1372 826 1372 827 1372 802 1373 827 1373 803 1373 803 1374 827 1374 828 1374 803 1375 828 1375 804 1375 804 1376 828 1376 829 1376 804 1377 829 1377 805 1377 805 1378 829 1378 830 1378 805 1379 830 1379 806 1379 806 1380 830 1380 831 1380 806 1381 831 1381 807 1381 807 1382 831 1382 832 1382 807 1383 832 1383 808 1383 808 1384 832 1384 833 1384 808 1385 833 1385 809 1385 809 1386 833 1386 834 1386 809 1387 834 1387 810 1387 810 1388 834 1388 835 1388 810 1389 835 1389 811 1389 811 1390 835 1390 836 1390 811 1391 836 1391 812 1391 812 1392 836 1392 837 1392 812 1393 837 1393 813 1393 813 1394 837 1394 838 1394 813 1395 838 1395 814 1395 814 1396 838 1396 839 1396 814 1397 839 1397 815 1397 815 1398 839 1398 840 1398 815 1399 840 1399 816 1399 816 1400 840 1400 841 1400 816 1401 841 1401 817 1401 817 1402 841 1402 842 1402 817 1403 842 1403 818 1403 818 1404 842 1404 843 1404 818 1405 843 1405 819 1405 819 1406 843 1406 844 1406 819 1407 844 1407 820 1407 820 1408 844 1408 845 1408 820 1409 845 1409 821 1409 821 1410 845 1410 846 1410 821 1411 846 1411 822 1411 822 1412 846 1412 847 1412 822 1413 847 1413 823 1413 823 1414 847 1414 848 1414 823 1415 848 1415 824 1415 824 1416 848 1416 2 1416 6 1417 849 1417 825 1417 825 1418 849 1418 850 1418 825 1419 850 1419 826 1419 826 1420 850 1420 851 1420 826 1421 851 1421 827 1421 827 1422 851 1422 852 1422 827 1423 852 1423 828 1423 828 1424 852 1424 853 1424 828 1425 853 1425 829 1425 829 1426 853 1426 854 1426 829 1427 854 1427 830 1427 830 1428 854 1428 855 1428 830 1429 855 1429 831 1429 831 1430 855 1430 856 1430 831 1431 856 1431 832 1431 832 1432 856 1432 857 1432 832 1433 857 1433 833 1433 833 1434 857 1434 858 1434 833 1435 858 1435 834 1435 834 1436 858 1436 859 1436 834 1437 859 1437 835 1437 835 1438 859 1438 860 1438 835 1439 860 1439 836 1439 836 1440 860 1440 861 1440 836 1441 861 1441 837 1441 837 1442 861 1442 862 1442 837 1443 862 1443 838 1443 838 1444 862 1444 863 1444 838 1445 863 1445 839 1445 839 1446 863 1446 864 1446 839 1447 864 1447 840 1447 840 1448 864 1448 865 1448 840 1449 865 1449 841 1449 841 1450 865 1450 866 1450 841 1451 866 1451 842 1451 842 1452 866 1452 867 1452 842 1453 867 1453 843 1453 843 1454 867 1454 868 1454 843 1455 868 1455 844 1455 844 1456 868 1456 869 1456 844 1457 869 1457 845 1457 845 1458 869 1458 870 1458 845 1459 870 1459 846 1459 846 1460 870 1460 871 1460 846 1461 871 1461 847 1461 847 1462 871 1462 872 1462 847 1463 872 1463 848 1463 848 1464 872 1464 2 1464 6 1465 873 1465 849 1465 849 1466 873 1466 874 1466 849 1467 874 1467 850 1467 850 1468 874 1468 875 1468 850 1469 875 1469 851 1469 851 1470 875 1470 876 1470 851 1471 876 1471 852 1471 852 1472 876 1472 877 1472 852 1473 877 1473 853 1473 853 1474 877 1474 878 1474 853 1475 878 1475 854 1475 854 1476 878 1476 879 1476 854 1477 879 1477 855 1477 855 1478 879 1478 880 1478 855 1479 880 1479 856 1479 856 1480 880 1480 881 1480 856 1481 881 1481 857 1481 857 1482 881 1482 882 1482 857 1483 882 1483 858 1483 858 1484 882 1484 883 1484 858 1485 883 1485 859 1485 859 1486 883 1486 884 1486 859 1487 884 1487 860 1487 860 1488 884 1488 885 1488 860 1489 885 1489 861 1489 861 1490 885 1490 886 1490 861 1491 886 1491 862 1491 862 1492 886 1492 887 1492 862 1493 887 1493 863 1493 863 1494 887 1494 888 1494 863 1495 888 1495 864 1495 864 1496 888 1496 889 1496 864 1497 889 1497 865 1497 865 1498 889 1498 890 1498 865 1499 890 1499 866 1499 866 1500 890 1500 891 1500 866 1501 891 1501 867 1501 867 1502 891 1502 892 1502 867 1503 892 1503 868 1503 868 1504 892 1504 893 1504 868 1505 893 1505 869 1505 869 1506 893 1506 894 1506 869 1507 894 1507 870 1507 870 1508 894 1508 895 1508 870 1509 895 1509 871 1509 871 1510 895 1510 896 1510 871 1511 896 1511 872 1511 872 1512 896 1512 2 1512 6 1513 897 1513 873 1513 873 1514 897 1514 898 1514 873 1515 898 1515 874 1515 874 1516 898 1516 899 1516 874 1517 899 1517 875 1517 875 1518 899 1518 900 1518 875 1519 900 1519 876 1519 876 1520 900 1520 901 1520 876 1521 901 1521 877 1521 877 1522 901 1522 902 1522 877 1523 902 1523 878 1523 878 1524 902 1524 903 1524 878 1525 903 1525 879 1525 879 1526 903 1526 904 1526 879 1527 904 1527 880 1527 880 1528 904 1528 905 1528 880 1529 905 1529 881 1529 881 1530 905 1530 906 1530 881 1531 906 1531 882 1531 882 1532 906 1532 907 1532 882 1533 907 1533 883 1533 883 1534 907 1534 908 1534 883 1535 908 1535 884 1535 884 1536 908 1536 909 1536 884 1537 909 1537 885 1537 885 1538 909 1538 910 1538 885 1539 910 1539 886 1539 886 1540 910 1540 911 1540 886 1541 911 1541 887 1541 887 1542 911 1542 912 1542 887 1543 912 1543 888 1543 888 1544 912 1544 913 1544 888 1545 913 1545 889 1545 889 1546 913 1546 914 1546 889 1547 914 1547 890 1547 890 1548 914 1548 915 1548 890 1549 915 1549 891 1549 891 1550 915 1550 916 1550 891 1551 916 1551 892 1551 892 1552 916 1552 917 1552 892 1553 917 1553 893 1553 893 1554 917 1554 918 1554 893 1555 918 1555 894 1555 894 1556 918 1556 919 1556 894 1557 919 1557 895 1557 895 1558 919 1558 920 1558 895 1559 920 1559 896 1559 896 1560 920 1560 2 1560 6 1561 921 1561 897 1561 897 1562 921 1562 922 1562 897 1563 922 1563 898 1563 898 1564 922 1564 923 1564 898 1565 923 1565 899 1565 899 1566 923 1566 924 1566 899 1567 924 1567 900 1567 900 1568 924 1568 925 1568 900 1569 925 1569 901 1569 901 1570 925 1570 926 1570 901 1571 926 1571 902 1571 902 1572 926 1572 927 1572 902 1573 927 1573 903 1573 903 1574 927 1574 928 1574 903 1575 928 1575 904 1575 904 1576 928 1576 929 1576 904 1577 929 1577 905 1577 905 1578 929 1578 930 1578 905 1579 930 1579 906 1579 906 1580 930 1580 931 1580 906 1581 931 1581 907 1581 907 1582 931 1582 932 1582 907 1583 932 1583 908 1583 908 1584 932 1584 933 1584 908 1536 933 1536 909 1536 909 1585 933 1585 934 1585 909 1586 934 1586 910 1586 910 1587 934 1587 935 1587 910 1588 935 1588 911 1588 911 1589 935 1589 936 1589 911 1590 936 1590 912 1590 912 1591 936 1591 937 1591 912 1592 937 1592 913 1592 913 1593 937 1593 938 1593 913 1594 938 1594 914 1594 914 1595 938 1595 939 1595 914 1596 939 1596 915 1596 915 1597 939 1597 940 1597 915 1598 940 1598 916 1598 916 1599 940 1599 941 1599 916 1600 941 1600 917 1600 917 1601 941 1601 942 1601 917 1602 942 1602 918 1602 918 1603 942 1603 943 1603 918 1604 943 1604 919 1604 919 1605 943 1605 944 1605 919 1606 944 1606 920 1606 920 1607 944 1607 2 1607 6 1608 945 1608 921 1608 921 1609 945 1609 946 1609 921 1610 946 1610 922 1610 922 1611 946 1611 947 1611 922 1612 947 1612 923 1612 923 1613 947 1613 948 1613 923 1614 948 1614 924 1614 924 1615 948 1615 949 1615 924 1616 949 1616 925 1616 925 1617 949 1617 950 1617 925 1618 950 1618 926 1618 926 1619 950 1619 951 1619 926 1620 951 1620 927 1620 927 1621 951 1621 952 1621 927 1622 952 1622 928 1622 928 1623 952 1623 953 1623 928 1624 953 1624 929 1624 929 1625 953 1625 954 1625 929 1626 954 1626 930 1626 930 1627 954 1627 955 1627 930 1628 955 1628 931 1628 931 1629 955 1629 956 1629 931 1630 956 1630 932 1630 932 1631 956 1631 957 1631 932 1584 957 1584 933 1584 933 1632 957 1632 958 1632 933 1633 958 1633 934 1633 934 1634 958 1634 959 1634 934 1635 959 1635 935 1635 935 1636 959 1636 960 1636 935 1637 960 1637 936 1637 936 1638 960 1638 961 1638 936 1639 961 1639 937 1639 937 1640 961 1640 962 1640 937 1641 962 1641 938 1641 938 1642 962 1642 963 1642 938 1643 963 1643 939 1643 939 1644 963 1644 964 1644 939 1645 964 1645 940 1645 940 1646 964 1646 965 1646 940 1647 965 1647 941 1647 941 1648 965 1648 966 1648 941 1649 966 1649 942 1649 942 1650 966 1650 967 1650 942 1651 967 1651 943 1651 943 1652 967 1652 968 1652 943 1653 968 1653 944 1653 944 1654 968 1654 2 1654 6 1655 969 1655 945 1655 945 1656 969 1656 970 1656 945 1657 970 1657 946 1657 946 1658 970 1658 971 1658 946 1659 971 1659 947 1659 947 1660 971 1660 972 1660 947 1661 972 1661 948 1661 948 1662 972 1662 973 1662 948 1663 973 1663 949 1663 949 1664 973 1664 974 1664 949 1665 974 1665 950 1665 950 1666 974 1666 975 1666 950 1667 975 1667 951 1667 951 1668 975 1668 976 1668 951 1669 976 1669 952 1669 952 1670 976 1670 977 1670 952 1671 977 1671 953 1671 953 1672 977 1672 978 1672 953 1673 978 1673 954 1673 954 1674 978 1674 979 1674 954 1675 979 1675 955 1675 955 1676 979 1676 980 1676 955 1677 980 1677 956 1677 956 1678 980 1678 981 1678 956 1679 981 1679 957 1679 957 1680 981 1680 982 1680 957 1681 982 1681 958 1681 958 1682 982 1682 983 1682 958 1683 983 1683 959 1683 959 1684 983 1684 984 1684 959 1685 984 1685 960 1685 960 1686 984 1686 985 1686 960 1687 985 1687 961 1687 961 1688 985 1688 986 1688 961 1689 986 1689 962 1689 962 1690 986 1690 987 1690 962 1691 987 1691 963 1691 963 1692 987 1692 988 1692 963 1693 988 1693 964 1693 964 1694 988 1694 989 1694 964 1695 989 1695 965 1695 965 1696 989 1696 990 1696 965 1697 990 1697 966 1697 966 1698 990 1698 991 1698 966 1699 991 1699 967 1699 967 1700 991 1700 992 1700 967 1701 992 1701 968 1701 968 1702 992 1702 2 1702 6 1703 993 1703 969 1703 969 1704 993 1704 994 1704 969 1705 994 1705 970 1705 970 1706 994 1706 995 1706 970 1707 995 1707 971 1707 971 1708 995 1708 996 1708 971 1709 996 1709 972 1709 972 1710 996 1710 997 1710 972 1711 997 1711 973 1711 973 1712 997 1712 998 1712 973 1713 998 1713 974 1713 974 1714 998 1714 999 1714 974 1715 999 1715 975 1715 975 1716 999 1716 1000 1716 975 1717 1000 1717 976 1717 976 1718 1000 1718 1001 1718 976 1719 1001 1719 977 1719 977 1720 1001 1720 1002 1720 977 1721 1002 1721 978 1721 978 1722 1002 1722 1003 1722 978 1723 1003 1723 979 1723 979 1724 1003 1724 1004 1724 979 1725 1004 1725 980 1725 980 1726 1004 1726 1005 1726 980 1727 1005 1727 981 1727 981 1728 1005 1728 1006 1728 981 1729 1006 1729 982 1729 982 1730 1006 1730 1007 1730 982 1731 1007 1731 983 1731 983 1732 1007 1732 1008 1732 983 1733 1008 1733 984 1733 984 1734 1008 1734 1009 1734 984 1735 1009 1735 985 1735 985 1736 1009 1736 1010 1736 985 1737 1010 1737 986 1737 986 1738 1010 1738 1011 1738 986 1739 1011 1739 987 1739 987 1740 1011 1740 1012 1740 987 1741 1012 1741 988 1741 988 1742 1012 1742 1013 1742 988 1743 1013 1743 989 1743 989 1744 1013 1744 1014 1744 989 1745 1014 1745 990 1745 990 1746 1014 1746 1015 1746 990 1747 1015 1747 991 1747 991 1748 1015 1748 1016 1748 991 1749 1016 1749 992 1749 992 1750 1016 1750 2 1750 6 1751 1017 1751 993 1751 993 1752 1017 1752 1018 1752 993 1753 1018 1753 994 1753 994 1754 1018 1754 1019 1754 994 1755 1019 1755 995 1755 995 1756 1019 1756 1020 1756 995 1757 1020 1757 996 1757 996 1758 1020 1758 1021 1758 996 1759 1021 1759 997 1759 997 1760 1021 1760 1022 1760 997 1761 1022 1761 998 1761 998 1762 1022 1762 1023 1762 998 1763 1023 1763 999 1763 999 1764 1023 1764 1024 1764 999 1765 1024 1765 1000 1765 1000 1766 1024 1766 1025 1766 1000 1767 1025 1767 1001 1767 1001 1768 1025 1768 1026 1768 1001 1769 1026 1769 1002 1769 1002 1770 1026 1770 1027 1770 1002 1771 1027 1771 1003 1771 1003 1772 1027 1772 1028 1772 1003 1773 1028 1773 1004 1773 1004 1774 1028 1774 1029 1774 1004 1775 1029 1775 1005 1775 1005 1776 1029 1776 1030 1776 1005 1777 1030 1777 1006 1777 1006 1778 1030 1778 1031 1778 1006 1779 1031 1779 1007 1779 1007 1780 1031 1780 1032 1780 1007 1781 1032 1781 1008 1781 1008 1782 1032 1782 1033 1782 1008 1783 1033 1783 1009 1783 1009 1784 1033 1784 1034 1784 1009 1785 1034 1785 1010 1785 1010 1786 1034 1786 1035 1786 1010 1787 1035 1787 1011 1787 1011 1788 1035 1788 1036 1788 1011 1789 1036 1789 1012 1789 1012 1790 1036 1790 1037 1790 1012 1791 1037 1791 1013 1791 1013 1792 1037 1792 1038 1792 1013 1793 1038 1793 1014 1793 1014 1794 1038 1794 1039 1794 1014 1795 1039 1795 1015 1795 1015 1796 1039 1796 1040 1796 1015 1797 1040 1797 1016 1797 1016 1798 1040 1798 2 1798 6 1799 1041 1799 1017 1799 1017 1800 1041 1800 1042 1800 1017 1801 1042 1801 1018 1801 1018 1802 1042 1802 1043 1802 1018 1803 1043 1803 1019 1803 1019 1804 1043 1804 1044 1804 1019 1805 1044 1805 1020 1805 1020 1806 1044 1806 1045 1806 1020 1807 1045 1807 1021 1807 1021 1808 1045 1808 1046 1808 1021 1809 1046 1809 1022 1809 1022 1810 1046 1810 1047 1810 1022 1811 1047 1811 1023 1811 1023 1812 1047 1812 1048 1812 1023 1813 1048 1813 1024 1813 1024 1814 1048 1814 1049 1814 1024 1815 1049 1815 1025 1815 1025 1816 1049 1816 1050 1816 1025 1817 1050 1817 1026 1817 1026 1818 1050 1818 1051 1818 1026 1819 1051 1819 1027 1819 1027 1820 1051 1820 1052 1820 1027 1821 1052 1821 1028 1821 1028 1822 1052 1822 1053 1822 1028 1823 1053 1823 1029 1823 1029 1824 1053 1824 1054 1824 1029 1825 1054 1825 1030 1825 1030 1826 1054 1826 1055 1826 1030 1827 1055 1827 1031 1827 1031 1828 1055 1828 1056 1828 1031 1829 1056 1829 1032 1829 1032 1830 1056 1830 1057 1830 1032 1831 1057 1831 1033 1831 1033 1832 1057 1832 1058 1832 1033 1833 1058 1833 1034 1833 1034 1834 1058 1834 1059 1834 1034 1835 1059 1835 1035 1835 1035 1836 1059 1836 1060 1836 1035 1837 1060 1837 1036 1837 1036 1838 1060 1838 1061 1838 1036 1839 1061 1839 1037 1839 1037 1840 1061 1840 1062 1840 1037 1841 1062 1841 1038 1841 1038 1842 1062 1842 1063 1842 1038 1843 1063 1843 1039 1843 1039 1844 1063 1844 1064 1844 1039 1845 1064 1845 1040 1845 1040 1846 1064 1846 2 1846 6 1847 1065 1847 1041 1847 1041 1848 1065 1848 1066 1848 1041 1849 1066 1849 1042 1849 1042 1850 1066 1850 1067 1850 1042 1851 1067 1851 1043 1851 1043 1852 1067 1852 1068 1852 1043 1853 1068 1853 1044 1853 1044 1854 1068 1854 1069 1854 1044 1855 1069 1855 1045 1855 1045 1856 1069 1856 1070 1856 1045 1857 1070 1857 1046 1857 1046 1858 1070 1858 1071 1858 1046 1859 1071 1859 1047 1859 1047 1860 1071 1860 1072 1860 1047 1861 1072 1861 1048 1861 1048 1862 1072 1862 1073 1862 1048 1863 1073 1863 1049 1863 1049 1864 1073 1864 1074 1864 1049 1865 1074 1865 1050 1865 1050 1866 1074 1866 1075 1866 1050 1867 1075 1867 1051 1867 1051 1868 1075 1868 1076 1868 1051 1869 1076 1869 1052 1869 1052 1870 1076 1870 1077 1870 1052 1871 1077 1871 1053 1871 1053 1872 1077 1872 1078 1872 1053 1873 1078 1873 1054 1873 1054 1874 1078 1874 1079 1874 1054 1875 1079 1875 1055 1875 1055 1876 1079 1876 1080 1876 1055 1877 1080 1877 1056 1877 1056 1878 1080 1878 1081 1878 1056 1879 1081 1879 1057 1879 1057 1880 1081 1880 1082 1880 1057 1881 1082 1881 1058 1881 1058 1882 1082 1882 1083 1882 1058 1883 1083 1883 1059 1883 1059 1884 1083 1884 1084 1884 1059 1885 1084 1885 1060 1885 1060 1886 1084 1886 1085 1886 1060 1887 1085 1887 1061 1887 1061 1888 1085 1888 1086 1888 1061 1889 1086 1889 1062 1889 1062 1890 1086 1890 1087 1890 1062 1891 1087 1891 1063 1891 1063 1892 1087 1892 1088 1892 1063 1893 1088 1893 1064 1893 1064 1894 1088 1894 2 1894 6 1895 1089 1895 1065 1895 1065 1896 1089 1896 1090 1896 1065 1897 1090 1897 1066 1897 1066 1898 1090 1898 1091 1898 1066 1899 1091 1899 1067 1899 1067 1900 1091 1900 1092 1900 1067 1901 1092 1901 1068 1901 1068 1902 1092 1902 1093 1902 1068 1903 1093 1903 1069 1903 1069 1904 1093 1904 1094 1904 1069 1905 1094 1905 1070 1905 1070 1906 1094 1906 1095 1906 1070 1907 1095 1907 1071 1907 1071 1908 1095 1908 1096 1908 1071 1909 1096 1909 1072 1909 1072 1910 1096 1910 1097 1910 1072 1911 1097 1911 1073 1911 1073 1912 1097 1912 1098 1912 1073 1913 1098 1913 1074 1913 1074 1914 1098 1914 1099 1914 1074 1915 1099 1915 1075 1915 1075 1916 1099 1916 1100 1916 1075 1917 1100 1917 1076 1917 1076 1918 1100 1918 1101 1918 1076 1919 1101 1919 1077 1919 1077 1920 1101 1920 1102 1920 1077 1921 1102 1921 1078 1921 1078 1922 1102 1922 1103 1922 1078 1923 1103 1923 1079 1923 1079 1924 1103 1924 1104 1924 1079 1925 1104 1925 1080 1925 1080 1926 1104 1926 1105 1926 1080 1927 1105 1927 1081 1927 1081 1928 1105 1928 1106 1928 1081 1929 1106 1929 1082 1929 1082 1930 1106 1930 1107 1930 1082 1931 1107 1931 1083 1931 1083 1932 1107 1932 1108 1932 1083 1933 1108 1933 1084 1933 1084 1934 1108 1934 1109 1934 1084 1935 1109 1935 1085 1935 1085 1936 1109 1936 1110 1936 1085 1937 1110 1937 1086 1937 1086 1938 1110 1938 1111 1938 1086 1939 1111 1939 1087 1939 1087 1940 1111 1940 1112 1940 1087 1941 1112 1941 1088 1941 1088 1942 1112 1942 2 1942 1108 1943 1113 1943 1109 1943 1109 1944 1113 1944 1114 1944 1109 1945 1114 1945 1110 1945 1110 1946 1114 1946 1115 1946 1110 1947 1115 1947 1111 1947 1111 1948 1115 1948 1116 1948 1111 1949 1116 1949 1112 1949 1112 1950 1116 1950 2 1950 10 1951 1117 1951 1118 1951 1118 1952 1117 1952 1119 1952 1118 1953 1119 1953 1120 1953 1120 1954 1119 1954 1121 1954 1120 1955 1121 1955 1122 1955 1122 1956 1121 1956 1123 1956 1122 1957 1123 1957 1124 1957 1124 1958 1123 1958 1125 1958 1124 1959 1125 1959 1126 1959 1126 1960 1125 1960 1127 1960 1126 1961 1127 1961 1128 1961 1128 1962 1127 1962 1129 1962 1128 1963 1129 1963 1130 1963 1130 1964 1129 1964 1131 1964 1130 1965 1131 1965 1132 1965 1132 1966 1131 1966 1133 1966 1132 1967 1133 1967 1134 1967 1134 1968 1133 1968 1135 1968 1134 1969 1135 1969 1136 1969 1136 1970 1135 1970 1137 1970 1136 1971 1137 1971 1138 1971 1138 1972 1137 1972 1139 1972 1138 1973 1139 1973 1140 1973 1140 1974 1139 1974 1141 1974 1140 1975 1141 1975 1142 1975 1142 1976 1141 1976 1143 1976 1142 1977 1143 1977 1144 1977 1144 1978 1143 1978 1145 1978 1144 1979 1145 1979 1146 1979 1146 1980 1145 1980 1147 1980 1146 1981 1147 1981 1148 1981 1148 1982 1147 1982 1149 1982 1148 1983 1149 1983 1150 1983 1150 1984 1149 1984 1151 1984 1150 1985 1151 1985 1152 1985 1152 1986 1151 1986 1153 1986 1152 1987 1153 1987 1113 1987 1113 1988 1153 1988 1154 1988 1113 1989 1154 1989 1114 1989 1114 1990 1154 1990 1155 1990 1114 1991 1155 1991 1115 1991 1115 1992 1155 1992 1156 1992 1115 1993 1156 1993 1116 1993 1116 1994 1156 1994 2 1994 1117 1995 1157 1995 1119 1995 1119 1996 1157 1996 1158 1996 1119 1997 1158 1997 1121 1997 1121 1998 1158 1998 1159 1998 1121 1999 1159 1999 1123 1999 1123 2000 1159 2000 1160 2000 1123 2001 1160 2001 1125 2001 1125 2002 1160 2002 1161 2002 1125 2003 1161 2003 1127 2003 1127 2004 1161 2004 1162 2004 1127 2005 1162 2005 1129 2005 1129 2006 1162 2006 1163 2006 1129 2007 1163 2007 1131 2007 1131 2008 1163 2008 1164 2008 1131 2009 1164 2009 1133 2009 1133 2010 1164 2010 1165 2010 1133 2011 1165 2011 1135 2011 1135 2012 1165 2012 1166 2012 1135 1970 1166 1970 1137 1970 1137 2013 1166 2013 1167 2013 1137 2014 1167 2014 1139 2014 1139 2015 1167 2015 1168 2015 1139 2016 1168 2016 1141 2016 1141 2017 1168 2017 1169 2017 1141 2018 1169 2018 1143 2018 1143 2019 1169 2019 1170 2019 1143 2020 1170 2020 1145 2020 1145 2021 1170 2021 1171 2021 1145 2022 1171 2022 1147 2022 1147 2023 1171 2023 1172 2023 1147 2024 1172 2024 1149 2024 1149 2025 1172 2025 1173 2025 1149 2026 1173 2026 1151 2026 1151 2027 1173 2027 1174 2027 1151 2028 1174 2028 1153 2028 1153 2029 1174 2029 1175 2029 1153 2030 1175 2030 1154 2030 1154 2031 1175 2031 1176 2031 1154 2032 1176 2032 1155 2032 1155 2033 1176 2033 1177 2033 1155 2034 1177 2034 1156 2034 1156 2035 1177 2035 2 2035 1157 2036 317 2036 1158 2036 1158 2037 317 2037 319 2037 1158 2038 319 2038 1159 2038 1159 2039 319 2039 321 2039 1159 2040 321 2040 1160 2040 1160 2041 321 2041 323 2041 1160 2042 323 2042 1161 2042 1161 2043 323 2043 325 2043 1161 2044 325 2044 1162 2044 1162 2045 325 2045 327 2045 1162 2046 327 2046 1163 2046 1163 2047 327 2047 329 2047 1163 2048 329 2048 1164 2048 1164 2049 329 2049 331 2049 1164 2050 331 2050 1165 2050 1165 2051 331 2051 333 2051 1165 2052 333 2052 1166 2052 1166 2053 333 2053 335 2053 1166 2054 335 2054 1167 2054 1167 2055 335 2055 337 2055 1167 2056 337 2056 1168 2056 1168 2057 337 2057 339 2057 1168 2058 339 2058 1169 2058 1169 2059 339 2059 341 2059 1169 2060 341 2060 1170 2060 1170 2061 341 2061 343 2061 1170 2062 343 2062 1171 2062 1171 2063 343 2063 345 2063 1171 2064 345 2064 1172 2064 1172 2065 345 2065 347 2065 1172 2066 347 2066 1173 2066 1173 2067 347 2067 349 2067 1173 2068 349 2068 1174 2068 1174 2069 349 2069 351 2069 1174 2070 351 2070 1175 2070 1175 2071 351 2071 353 2071 1175 2072 353 2072 1176 2072 1176 2073 353 2073 355 2073 1176 2074 355 2074 1177 2074 1177 2075 355 2075 2 2075 2 2076 538 2076 585 2076 585 2077 538 2077 540 2077 585 2078 540 2078 587 2078 587 2079 540 2079 542 2079 587 2080 542 2080 589 2080 589 2081 542 2081 544 2081 589 2082 544 2082 591 2082 591 2083 544 2083 546 2083 591 2084 546 2084 593 2084 593 2085 546 2085 548 2085 593 2086 548 2086 595 2086 595 2087 548 2087 550 2087 595 2088 550 2088 597 2088 597 2089 550 2089 552 2089 597 2090 552 2090 599 2090 599 2091 552 2091 554 2091 599 2092 554 2092 601 2092 601 2093 554 2093 556 2093 601 2094 556 2094 603 2094 603 2095 556 2095 558 2095 603 2096 558 2096 605 2096 605 2097 558 2097 560 2097 605 2098 560 2098 607 2098 607 2099 560 2099 562 2099 607 961 562 961 609 961 609 2100 562 2100 564 2100 609 2101 564 2101 611 2101 611 2102 564 2102 566 2102 611 2103 566 2103 613 2103 613 2104 566 2104 568 2104 613 2105 568 2105 615 2105 615 2106 568 2106 570 2106 615 2107 570 2107 617 2107 617 2108 570 2108 572 2108 617 2109 572 2109 619 2109 619 2110 572 2110 574 2110 619 2111 574 2111 621 2111 621 2112 574 2112 576 2112 621 2113 576 2113 623 2113 623 2114 576 2114 578 2114 623 2115 578 2115 625 2115 625 2116 578 2116 580 2116 625 2117 580 2117 627 2117 627 2118 580 2118 582 2118 627 2119 582 2119 629 2119 629 2120 582 2120 584 2120 629 2121 584 2121 631 2121 631 2122 584 2122 6 2122 537 2123 313 2123 539 2123 539 2124 313 2124 288 2124 539 2125 288 2125 541 2125 541 2126 288 2126 264 2126 541 2127 264 2127 543 2127 543 2128 264 2128 241 2128 543 2129 241 2129 545 2129 545 2130 241 2130 219 2130 545 2131 219 2131 547 2131 547 2132 219 2132 198 2132 547 2133 198 2133 549 2133 549 2134 198 2134 178 2134 549 2135 178 2135 551 2135 551 2136 178 2136 159 2136 551 2137 159 2137 553 2137 553 2138 159 2138 141 2138 553 2139 141 2139 555 2139 555 2140 141 2140 124 2140 555 2141 124 2141 557 2141 557 2142 124 2142 108 2142 557 2143 108 2143 559 2143 559 2144 108 2144 93 2144 559 2145 93 2145 561 2145 561 2146 93 2146 79 2146 561 2147 79 2147 563 2147 563 2148 79 2148 66 2148 563 2149 66 2149 565 2149 565 2150 66 2150 54 2150 565 2151 54 2151 567 2151 567 2152 54 2152 42 2152 567 2153 42 2153 569 2153 569 2154 42 2154 34 2154 569 2155 34 2155 571 2155 571 2156 34 2156 27 2156 571 2157 27 2157 573 2157 573 2158 27 2158 21 2158 573 2159 21 2159 575 2159 575 2160 21 2160 16 2160 575 2161 16 2161 577 2161 577 2162 16 2162 12 2162 577 2163 12 2163 579 2163 579 2164 12 2164 3 2164 579 2165 3 2165 581 2165 581 2166 3 2166 5 2166 581 2167 5 2167 583 2167 583 2168 5 2168 6 2168 314 2169 289 2169 492 2169 492 2170 289 2170 292 2170 492 2171 292 2171 494 2171 494 2172 292 2172 293 2172 494 2173 293 2173 496 2173 496 2174 293 2174 294 2174 496 2175 294 2175 498 2175 498 2176 294 2176 295 2176 498 2177 295 2177 500 2177 500 2178 295 2178 296 2178 500 2179 296 2179 502 2179 502 2180 296 2180 297 2180 502 2181 297 2181 504 2181 504 2182 297 2182 298 2182 504 2183 298 2183 506 2183 506 2184 298 2184 299 2184 506 2185 299 2185 508 2185 508 2186 299 2186 300 2186 508 2187 300 2187 510 2187 510 2188 300 2188 301 2188 510 2189 301 2189 512 2189 512 2190 301 2190 302 2190 512 2191 302 2191 514 2191 514 2191 302 2191 303 2191 514 2192 303 2192 516 2192 516 2193 303 2193 304 2193 516 2194 304 2194 518 2194 518 2195 304 2195 305 2195 518 2196 305 2196 520 2196 520 2197 305 2197 306 2197 520 2198 306 2198 522 2198 522 2199 306 2199 307 2199 522 2200 307 2200 524 2200 524 2201 307 2201 308 2201 524 2202 308 2202 526 2202 526 2203 308 2203 309 2203 526 2204 309 2204 528 2204 528 2205 309 2205 310 2205 528 2206 310 2206 530 2206 530 2207 310 2207 311 2207 530 2208 311 2208 532 2208 532 2209 311 2209 312 2209 532 2210 312 2210 534 2210 534 2211 312 2211 313 2211 534 2212 313 2212 536 2212 536 2213 313 2213 537 2213 536 2214 537 2214 2 2214 354 2215 2 2215 355 2215 318 2216 44 2216 320 2216 320 2217 44 2217 46 2217 320 2218 46 2218 322 2218 322 2219 46 2219 57 2219 322 2220 57 2220 324 2220 324 2221 57 2221 69 2221 324 2222 69 2222 326 2222 326 2223 69 2223 82 2223 326 2224 82 2224 328 2224 328 2225 82 2225 96 2225 328 2226 96 2226 330 2226 330 164 96 164 111 164 330 2227 111 2227 332 2227 332 2228 111 2228 127 2228 332 2229 127 2229 334 2229 334 2230 127 2230 144 2230 334 2231 144 2231 336 2231 336 2232 144 2232 162 2232 336 2233 162 2233 338 2233 338 2234 162 2234 181 2234 338 2235 181 2235 340 2235 340 2236 181 2236 201 2236 340 2237 201 2237 342 2237 342 2238 201 2238 222 2238 342 2239 222 2239 344 2239 344 2240 222 2240 244 2240 344 2241 244 2241 346 2241 346 2242 244 2242 267 2242 346 2243 267 2243 348 2243 348 2244 267 2244 291 2244 348 2245 291 2245 350 2245 350 2246 291 2246 316 2246 350 2247 316 2247 352 2247 352 2248 316 2248 0 2248 352 2249 0 2249 354 2249 354 2250 0 2250 2 2250 8 2251 6 2251 314 2251 10 2252 9 2252 1117 2252 1117 2253 9 2253 493 2253 1117 2254 493 2254 1157 2254 1157 2255 493 2255 495 2255 1157 2256 495 2256 317 2256 317 2257 495 2257 497 2257 317 2258 497 2258 318 2258 318 2259 497 2259 499 2259 318 2260 499 2260 44 2260 44 2261 499 2261 501 2261 44 2262 501 2262 45 2262 45 2263 501 2263 503 2263 45 2264 503 2264 476 2264 476 2265 503 2265 505 2265 476 2266 505 2266 477 2266 477 2267 505 2267 507 2267 477 2268 507 2268 478 2268 478 2269 507 2269 509 2269 478 2270 509 2270 479 2270 479 2271 509 2271 511 2271 479 2272 511 2272 480 2272 480 2273 511 2273 513 2273 480 2274 513 2274 481 2274 481 2275 513 2275 515 2275 481 2276 515 2276 482 2276 482 2277 515 2277 517 2277 482 2278 517 2278 483 2278 483 2279 517 2279 519 2279 483 2280 519 2280 484 2280 484 2281 519 2281 521 2281 484 2282 521 2282 485 2282 485 2283 521 2283 523 2283 485 2284 523 2284 486 2284 486 2285 523 2285 525 2285 486 2286 525 2286 487 2286 487 2287 525 2287 527 2287 487 2288 527 2288 488 2288 488 2289 527 2289 529 2289 488 2290 529 2290 489 2290 489 2291 529 2291 531 2291 489 2292 531 2292 490 2292 490 2293 531 2293 533 2293 490 2294 533 2294 491 2294 491 2295 533 2295 535 2295 491 2296 535 2296 2 2296 1113 2297 1108 2297 1152 2297 1152 2298 1108 2298 1107 2298 1152 2299 1107 2299 1150 2299 1150 2300 1107 2300 1106 2300 1150 2301 1106 2301 1148 2301 1148 2302 1106 2302 1105 2302 1148 2303 1105 2303 1146 2303 1146 2304 1105 2304 1104 2304 1146 2305 1104 2305 1144 2305 1144 2306 1104 2306 1103 2306 1144 2307 1103 2307 1142 2307 1142 2308 1103 2308 1102 2308 1142 2309 1102 2309 1140 2309 1140 2310 1102 2310 1101 2310 1140 2311 1101 2311 1138 2311 1138 2312 1101 2312 1100 2312 1138 2313 1100 2313 1136 2313 1136 2314 1100 2314 1099 2314 1136 2315 1099 2315 1134 2315 1134 2316 1099 2316 1098 2316 1134 2317 1098 2317 1132 2317 1132 2318 1098 2318 1097 2318 1132 2319 1097 2319 1130 2319 1130 2320 1097 2320 1096 2320 1130 2321 1096 2321 1128 2321 1128 2322 1096 2322 1095 2322 1128 2323 1095 2323 1126 2323 1126 2324 1095 2324 1094 2324 1126 2325 1094 2325 1124 2325 1124 2326 1094 2326 1093 2326 1124 2327 1093 2327 1122 2327 1122 2328 1093 2328 1092 2328 1122 2329 1092 2329 1120 2329 1120 2330 1092 2330 1091 2330 1120 2331 1091 2331 1118 2331 1118 2332 1091 2332 1090 2332 1118 2333 1090 2333 10 2333 10 2334 1090 2334 1089 2334 10 2335 1089 2335 8 2335 8 2336 1089 2336 6 2336</p>
        </triangles>
      </mesh>
    </geometry>
  </library_geometries>
  <library_controllers/>
  <library_visual_scenes>
    <visual_scene id="Scene" name="Scene">
      <node id="Camera" name="Camera" type="NODE">
        <matrix sid="transform">0.6859207 -0.3240135 0.6515582 7.481132 0.7276763 0.3054208 -0.6141704 -6.50764 0 0.8953956 0.4452714 5.343665 0 0 0 1</matrix>
        <instance_camera url="#Camera-camera"/>
      </node>
      <node id="Lamp" name="Lamp" type="NODE">
        <matrix sid="transform">-0.2908646 -0.7711008 0.5663932 4.076245 0.9551712 -0.1998834 0.2183912 1.005454 -0.05518906 0.6045247 0.7946723 5.903862 0 0 0 1</matrix>
        <instance_light url="#Lamp-light"/>
      </node>
      <node id="hinge" name="hinge" type="NODE">
        <matrix sid="transform">1 0 0 0 0 1 0 0 0 0 1 0 0 0 0 1</matrix>
        <instance_geometry url="#hinge-mesh" name="hinge"/>
      </node>
    </visual_scene>
  </library_visual_scenes>
  <scene>
    <instance_visual_scene url="#Scene"/>
  </scene>
</COLLADA>